packed_designation,resonant_count,classical_count,scattering_count,detached_count,other_count
15760,0,301,0,0,0
15788,301,0,0,0,0
15789,301,0,0,0,0
15807,0,301,0,0,0
15809,301,0,0,0,0
15810,301,0,0,0,0
15820,301,0,0,0,0
15836,301,0,0,0,0
15874,0,0,301,0,0
15875,301,0,0,0,0
15883,0,301,0,0,0
16684,0,301,0,0,0
19255,0,301,0,0,0
19299,301,0,0,0,0
19308,0,301,0,0,0
19521,0,301,0,0,0
20000,0,301,0,0,0
20108,301,0,0,0,0
20161,301,0,0,0,0
24835,0,301,0,0,0
24952,301,0,0,0,0
24978,0,301,0,0,0
26181,1,0,300,0,0
26308,301,0,0,0,0
26375,301,0,0,0,0
28978,301,0,0,0,0
29981,0,0,301,0,0
32929,301,0,0,0,0
33001,0,301,0,0,0
33128,0,0,301,0,0
33340,301,0,0,0,0
35671,0,301,0,0,0
38083,0,301,0,0,0
38084,301,0,0,0,0
38628,301,0,0,0,0
40314,0,0,0,301,0
42301,301,0,0,0,0
42355,0,0,301,0,0
44594,0,0,301,0,0
45802,0,301,0,0,0
47171,301,0,0,0,0
47932,301,0,0,0,0
48639,0,301,0,0,0
49673,0,301,0,0,0
50000,0,301,0,0,0
52747,0,301,0,0,0
53311,0,301,0,0,0
54520,0,0,301,0,0
55565,0,301,0,0,0
55636,0,301,0,0,0
55637,0,301,0,0,0
55638,301,0,0,0,0
58534,0,301,0,0,0
59358,1,30,270,0,0
60454,0,301,0,0,0
60458,0,0,0,301,0
60608,0,0,301,0,0
60620,301,0,0,0,0
60621,301,0,0,0,0
65489,0,0,301,0,0
66452,0,301,0,0,0
66652,301,0,0,0,0
69986,301,0,0,0,0
69987,0,301,0,0,0
69988,301,0,0,0,0
69990,301,0,0,0,0
73480,0,0,301,0,0
76803,0,301,0,0,0
78799,0,0,301,0,0
79360,0,301,0,0,0
79969,301,0,0,0,0
79978,0,0,0,301,0
79983,0,301,0,0,0
80806,0,301,0,0,0
82075,301,0,0,0,0
82155,0,0,301,0,0
82157,0,301,0,0,0
84522,301,0,0,0,0
84719,301,0,0,0,0
84922,301,0,0,0,0
85627,0,301,0,0,0
85633,0,301,0,0,0
86047,0,301,0,0,0
86177,0,301,0,0,0
87555,0,0,301,0,0
88267,0,301,0,0,0
88268,0,301,0,0,0
88611,0,301,0,0,0
90482,301,0,0,0,0
90568,0,301,0,0,0
91133,301,0,0,0,0
91205,301,0,0,0,0
91554,0,0,301,0,0
95625,288,0,13,0,0
B8228,301,0,0,0,0
B8378,301,0,0,0,0
B8379,26,275,0,0,0
B8698,301,0,0,0,0
B8702,3,0,0,298,0
B9066,232,69,0,0,0
B9067,287,14,0,0,0
B9068,301,0,0,0,0
B9069,300,0,1,0,0
B9070,301,0,0,0,0
B9473,301,0,0,0,0
B9878,301,0,0,0,0
B9951,0,301,0,0,0
B9956,301,0,0,0,0
B9979,301,0,0,0,0
C0132,0,0,0,301,0
C0178,0,301,0,0,0
C0181,0,0,301,0,0
C0216,301,0,0,0,0
C0347,0,301,0,0,0
C0348,0,301,0,0,0
C3509,0,301,0,0,0
C6154,301,0,0,0,0
C6155,301,0,0,0,0
C6619,223,0,0,78,0
C6719,0,301,0,0,0
C7546,0,0,301,0,0
C7871,301,0,0,0,0
C9746,301,0,0,0,0
C9772,0,301,0,0,0
D0391,294,0,7,0,0
D1318,301,0,0,0,0
D1695,0,301,0,0,0
D1696,301,0,0,0,0
D1697,301,0,0,0,0
D3067,301,0,0,0,0
D4210,0,0,0,301,0
D4340,1,0,0,0,0
D4568,300,1,0,0,0
D4860,0,301,0,0,0
D5024,301,0,0,0,0
D5182,0,301,0,0,0
D5571,301,0,0,0,0
D5742,301,0,0,0,0
D6108,0,301,0,0,0
D6120,75,0,226,0,0
D6199,0,0,0,301,0
D6472,0,301,0,0,0
D7294,0,301,0,0,0
D7295,301,0,0,0,0
D8537,0,301,0,0,0
D8628,2,0,5,294,0
D9775,301,0,0,0,0
E3685,301,0,0,0,0
E3707,301,0,0,0,0
E3751,301,0,0,0,0
E3991,2,299,0,0,0
E4897,0,301,0,0,0
E5451,0,0,0,301,0
E5452,0,301,0,0,0
E5453,0,301,0,0,0
E5474,0,0,301,0,0
E5480,56,0,0,245,0
E8112,0,301,0,0,0
E8780,0,301,0,0,0
E9348,0,301,0,0,0
E9349,301,0,0,0,0
E9560,0,0,301,0,0
F0642,0,301,0,0,0
G0091,0,301,0,0,0
G0147,182,119,0,0,0
G0148,294,0,6,1,0
G0256,0,301,0,0,0
G8700,301,0,0,0,0
G8703,0,301,0,0,0
G9071,301,0,0,0,0
H4567,0,301,0,0,0
H5113,0,301,0,0,0
I1708,0,301,0,0,0
I1855,0,301,0,0,0
I1867,301,0,0,0,0
I1868,0,0,0,301,0
I1871,0,301,0,0,0
I1874,120,0,0,181,0
I1902,0,0,287,14,0
I2222,276,25,0,0,0
I2223,0,0,0,301,0
I2294,76,225,0,0,0
I2397,301,0,0,0,0
I2926,0,301,0,0,0
I2933,301,0,0,0,0
I2934,0,301,0,0,0
I3595,0,301,0,0,0
I3963,0,301,0,0,0
I3964,301,0,0,0,0
I4212,0,0,301,0,0
I4314,0,301,0,0,0
K2421,0,301,0,0,0
K8996,301,0,0,0,0
M5088,0,0,0,301,0
M9762,0,0,0,301,0
N0965,0,0,0,301,0
O1097,0,0,301,0,0
R5809,0,301,0,0,0
R8361,301,0,0,0,0
U3712,0,301,0,0,0
U3775,0,0,301,0,0
U5543,0,0,0,301,0
U6792,301,0,0,0,0
U7251,0,301,0,0,0
U7261,0,301,0,0,0
U7463,301,0,0,0,0
U7616,0,301,0,0,0
U7982,0,0,0,301,0
U8193,0,301,0,0,0
U8379,301,0,0,0,0
U8460,301,0,0,0,0
U8634,0,301,0,0,0
U9239,0,0,301,0,0
V2645,301,0,0,0,0
V5530,0,301,0,0,0
V6179,0,0,301,0,0
Y1520,301,0,0,0,0
Z3222,0,0,301,0,0
a3330,0,0,301,0,0
a3401,0,0,301,0,0
a4171,0,0,301,0,0
c5185,301,0,0,0,0
c5191,0,301,0,0,0
c5194,0,301,0,0,0
c5199,0,301,0,0,0
c5201,0,301,0,0,0
c5266,0,301,0,0,0
c5362,0,301,0,0,0
c5363,0,301,0,0,0
c5437,0,301,0,0,0
c5445,301,0,0,0,0
c5446,301,0,0,0,0
c5447,0,301,0,0,0
c5458,0,301,0,0,0
c5527,301,0,0,0,0
c5528,0,0,0,301,0
c5533,0,301,0,0,0
c5571,301,0,0,0,0
c5607,301,0,0,0,0
c5695,301,0,0,0,0
c6723,0,301,0,0,0
e8832,0,301,0,0,0
f3666,0,0,301,0,0
f5720,0,301,0,0,0
f6400,0,301,0,0,0
g0356,0,301,0,0,0
g7581,301,0,0,0,0
g7614,0,301,0,0,0
h2949,301,0,0,0,0
h4194,0,301,0,0,0
h4390,0,0,0,301,0
h4709,301,0,0,0,0
h7360,0,0,0,301,0
h7871,0,301,0,0,0
h7915,300,1,0,0,0
h8028,301,0,0,0,0
h9858,0,301,0,0,0
i3843,0,301,0,0,0
i4018,0,301,0,0,0
i4025,0,301,0,0,0
i4030,0,301,0,0,0
i4745,301,0,0,0,0
j0265,301,0,0,0,0
j1657,0,0,0,301,0
j5171,0,301,0,0,0
j5206,0,301,0,0,0
j5209,0,301,0,0,0
j5502,301,0,0,0,0
j6826,301,0,0,0,0
k8422,0,301,0,0,0
k9306,301,0,0,0,0
k9333,0,0,0,301,0
k9361,0,301,0,0,0
k9362,301,0,0,0,0
k9372,301,0,0,0,0
k9420,301,0,0,0,0
k9421,301,0,0,0,0
k9438,0,301,0,0,0
k9442,0,0,301,0,0
k9505,301,0,0,0,0
k9506,301,0,0,0,0
k9509,0,301,0,0,0
k9514,0,301,0,0,0
k9584,301,0,0,0,0
k9610,0,301,0,0,0
k9615,0,301,0,0,0
k9704,301,0,0,0,0
k9705,0,301,0,0,0
k9707,301,0,0,0,0
k9708,301,0,0,0,0
k9987,301,0,0,0,0
l0027,0,301,0,0,0
l0083,301,0,0,0,0
l0308,0,301,0,0,0
l0309,301,0,0,0,0
l0316,0,0,0,301,0
l0443,0,301,0,0,0
l0523,301,0,0,0,0
l0593,0,0,301,0,0
l0596,0,301,0,0,0
l0599,0,0,0,301,0
l1137,0,0,0,301,0
l1143,301,0,0,0,0
l1150,0,301,0,0,0
l1151,301,0,0,0,0
l1152,0,0,0,301,0
l1155,0,0,301,0,0
l1165,0,152,149,0,0
l1172,301,0,0,0,0
l1196,0,301,0,0,0
l1210,0,0,0,301,0
l1272,0,0,301,0,0
l1288,0,301,0,0,0
l1318,0,301,0,0,0
l1325,0,0,0,301,0
l1921,0,301,0,0,0
l1954,0,301,0,0,0
l2231,0,301,0,0,0
l2232,0,301,0,0,0
l2235,301,0,0,0,0
l2262,0,196,0,105,0
l2271,0,301,0,0,0
m0017,0,0,0,301,0
m2824,0,0,301,0,0
m3002,0,301,0,0,0
m7581,277,24,0,0,0
m8644,0,301,0,0,0
n1767,301,0,0,0,0
n1768,0,301,0,0,0
n3480,0,301,0,0,0
n5189,301,0,0,0,0
n5190,0,0,0,301,0
n5297,301,0,0,0,0
n5603,301,0,0,0,0
n5613,0,301,0,0,0
n9514,301,0,0,0,0
o0828,301,0,0,0,0
o0829,0,301,0,0,0
o0830,0,301,0,0,0
o0831,0,301,0,0,0
o0832,0,0,301,0,0
o0833,301,0,0,0,0
o0834,301,0,0,0,0
o0835,0,301,0,0,0
o0836,0,301,0,0,0
o0837,0,301,0,0,0
o0838,0,301,0,0,0
o0839,0,301,0,0,0
o0840,0,301,0,0,0
o0856,0,301,0,0,0
o0876,0,0,0,301,0
o0877,301,0,0,0,0
o0878,0,301,0,0,0
o0879,301,0,0,0,0
o0880,301,0,0,0,0
o0881,0,301,0,0,0
o0882,301,0,0,0,0
o0883,301,0,0,0,0
o0884,301,0,0,0,0
o0885,301,0,0,0,0
o0886,0,301,0,0,0
o0887,0,301,0,0,0
o0888,0,301,0,0,0
o1105,0,301,0,0,0
o1546,297,0,0,4,0
o1581,5,232,0,64,0
o3858,301,0,0,0,0
o3883,301,0,0,0,0
o4555,301,0,0,0,0
o4847,0,301,0,0,0
o5412,0,301,0,0,0
o5446,0,301,0,0,0
o5447,0,301,0,0,0
o5448,0,301,0,0,0
o5476,0,301,0,0,0
o5477,0,301,0,0,0
o5624,0,301,0,0,0
o5679,301,0,0,0,0
o6121,79,222,0,0,0
o6439,0,301,0,0,0
o8770,0,301,0,0,0
o8788,0,301,0,0,0
o8792,300,1,0,0,0
o8823,301,0,0,0,0
o8869,0,301,0,0,0
p1551,0,301,0,0,0
p1552,0,301,0,0,0
p1553,0,301,0,0,0
p1554,0,301,0,0,0
p1555,300,1,0,0,0
p4312,0,0,301,0,0
p6977,0,301,0,0,0
p7717,0,0,301,0,0
q3588,0,301,0,0,0
q3591,0,301,0,0,0
q3601,0,301,0,0,0
q3615,0,301,0,0,0
q3617,301,0,0,0,0
q3618,301,0,0,0,0
q3624,301,0,0,0,0
q3627,0,301,0,0,0
q3629,0,301,0,0,0
q3634,0,301,0,0,0
q3635,0,301,0,0,0
q3639,301,0,0,0,0
q3640,0,301,0,0,0
q3642,0,301,0,0,0
q3644,301,0,0,0,0
q3645,0,301,0,0,0
q3646,301,0,0,0,0
q3647,0,301,0,0,0
q3652,0,0,301,0,0
q3653,0,301,0,0,0
q3655,301,0,0,0,0
q3658,0,301,0,0,0
q3659,0,301,0,0,0
q3671,0,301,0,0,0
q3672,0,0,301,0,0
q3674,0,301,0,0,0
q3675,301,0,0,0,0
q3677,301,0,0,0,0
q3678,0,301,0,0,0
q3680,1,0,0,300,0
q3681,0,301,0,0,0
q3683,0,0,0,301,0
q3684,0,301,0,0,0
q3687,0,301,0,0,0
q3688,301,0,0,0,0
q3689,0,301,0,0,0
q3690,0,301,0,0,0
q3691,301,0,0,0,0
q3692,0,301,0,0,0
q3693,301,0,0,0,0
q3695,0,0,301,0,0
q3696,0,301,0,0,0
q3697,301,0,0,0,0
q3698,0,0,301,0,0
q3699,0,0,0,301,0
q3700,301,0,0,0,0
q3701,301,0,0,0,0
q3702,0,301,0,0,0
q3703,301,0,0,0,0
q3704,301,0,0,0,0
q3705,0,0,300,1,0
q3706,0,0,0,301,0
q3710,0,0,301,0,0
q3711,0,301,0,0,0
q3712,0,301,0,0,0
q3713,301,0,0,0,0
q3715,301,0,0,0,0
q3716,0,301,0,0,0
q3717,301,0,0,0,0
q3718,0,0,301,0,0
q3720,0,0,301,0,0
q3721,0,301,0,0,0
q3722,0,0,301,0,0
q3723,0,301,0,0,0
q3724,0,301,0,0,0
q3725,0,301,0,0,0
q3726,0,0,301,0,0
q3730,0,301,0,0,0
q3731,301,0,0,0,0
q3733,0,0,301,0,0
q3734,0,0,301,0,0
q3735,0,301,0,0,0
q3736,0,301,0,0,0
q3738,0,301,0,0,0
q3739,0,0,301,0,0
q3741,0,296,5,0,0
q3742,301,0,0,0,0
q3743,301,0,0,0,0
q3744,0,301,0,0,0
q3745,0,301,0,0,0
q3746,0,0,301,0,0
q3748,0,301,0,0,0
q3749,301,0,0,0,0
q3750,0,301,0,0,0
q3751,301,0,0,0,0
q3752,0,301,0,0,0
q3753,0,0,301,0,0
q3755,0,0,301,0,0
q3756,0,301,0,0,0
q3757,0,301,0,0,0
q3758,0,301,0,0,0
q3759,0,301,0,0,0
q3760,301,0,0,0,0
q3761,0,301,0,0,0
q3762,0,301,0,0,0
q3763,0,301,0,0,0
q3764,301,0,0,0,0
q3765,0,0,0,301,0
q3766,301,0,0,0,0
q3767,0,0,301,0,0
q3768,301,0,0,0,0
q3769,301,0,0,0,0
q3770,0,0,301,0,0
q3771,0,0,301,0,0
q3772,0,301,0,0,0
q3773,0,301,0,0,0
q3774,0,0,0,301,0
q3776,0,301,0,0,0
q3777,301,0,0,0,0
q3778,0,0,112,189,0
q3780,0,301,0,0,0
q3787,0,0,301,0,0
q3789,0,301,0,0,0
q3793,0,301,0,0,0
q3794,301,0,0,0,0
q3797,0,0,301,0,0
q3798,0,0,301,0,0
q3800,0,0,301,0,0
q3899,4,297,0,0,0
q3955,301,0,0,0,0
q3965,0,0,0,301,0
q3983,0,301,0,0,0
q4049,0,0,0,301,0
q4179,301,0,0,0,0
q4216,301,0,0,0,0
q4217,0,301,0,0,0
q4365,301,0,0,0,0
q4366,0,301,0,0,0
q4435,0,301,0,0,0
q4457,301,0,0,0,0
q4460,301,0,0,0,0
q4531,0,301,0,0,0
q4612,0,301,0,0,0
q4613,0,0,301,0,0
q4747,0,0,0,301,0
q4834,0,301,0,0,0
q5257,219,82,0,0,0
q5258,301,0,0,0,0
q5460,0,301,0,0,0
q5461,0,301,0,0,0
q5462,0,301,0,0,0
q5595,0,301,0,0,0
q5596,0,301,0,0,0
q5729,0,301,0,0,0
q5815,301,0,0,0,0
q5816,301,0,0,0,0
q7604,301,0,0,0,0
q8219,0,0,0,301,0
q8381,301,0,0,0,0
q9780,11,290,0,0,0
q9823,0,0,0,301,0
q9938,301,0,0,0,0
q9940,0,0,0,301,0
r0055,292,9,0,0,0
r0231,0,301,0,0,0
r0838,301,0,0,0,0
r0839,301,0,0,0,0
r0930,301,0,0,0,0
r0941,0,301,0,0,0
r0955,0,0,0,301,0
r1015,9,0,0,292,0
r1016,0,0,0,301,0
r1017,301,0,0,0,0
r1040,0,301,0,0,0
r1074,301,0,0,0,0
r1075,0,0,301,0,0
r1076,0,301,0,0,0
r1077,301,0,0,0,0
r1141,0,301,0,0,0
r1142,0,0,0,301,0
r1224,0,0,0,301,0
r1682,0,301,0,0,0
r1683,301,0,0,0,0
r1684,0,301,0,0,0
r1917,301,0,0,0,0
r2026,0,301,0,0,0
r2027,0,0,301,0,0
r2037,0,0,0,301,0
r2038,0,301,0,0,0
r2039,301,0,0,0,0
r2092,301,0,0,0,0
r2093,0,301,0,0,0
r2095,0,301,0,0,0
r2184,0,0,301,0,0
r3028,301,0,0,0,0
r3085,295,0,0,6,0
r3205,0,301,0,0,0
r3206,0,301,0,0,0
r3207,0,301,0,0,0
r3208,0,0,0,301,0
r3209,301,0,0,0,0
r3210,301,0,0,0,0
r3211,301,0,0,0,0
r3397,0,301,0,0,0
r3398,301,0,0,0,0
r3506,0,301,0,0,0
r3507,0,301,0,0,0
r3508,301,0,0,0,0
r3560,0,0,0,301,0
r3561,0,301,0,0,0
r3562,301,0,0,0,0
r3563,0,0,57,244,0
r3676,0,301,0,0,0
r3704,0,301,0,0,0
r3868,0,301,0,0,0
r4073,0,0,0,301,0
r4074,301,0,0,0,0
r4161,301,0,0,0,0
r4314,301,0,0,0,0
r4315,301,0,0,0,0
r4405,0,301,0,0,0
r4625,0,301,0,0,0
r4626,301,0,0,0,0
r4627,301,0,0,0,0
r4631,0,0,301,0,0
r5017,0,0,301,0,0
r5018,0,301,0,0,0
r5019,301,0,0,0,0
r5020,0,301,0,0,0
r5021,0,301,0,0,0
r5022,224,77,0,0,0
r5023,0,301,0,0,0
r5024,301,0,0,0,0
r5025,301,0,0,0,0
r5026,0,301,0,0,0
r5027,0,301,0,0,0
r5028,0,301,0,0,0
r5029,301,0,0,0,0
r5030,0,0,2,299,0
r5031,0,0,301,0,0
r5032,301,0,0,0,0
r5167,301,0,0,0,0
r5168,301,0,0,0,0
r5169,4,0,297,0,0
r5228,0,0,0,301,0
r5229,301,0,0,0,0
r5230,0,0,0,301,0
r5231,301,0,0,0,0
r5466,0,301,0,0,0
r5986,0,301,0,0,0
r5987,0,301,0,0,0
r5988,301,0,0,0,0
r5989,0,301,0,0,0
r5990,0,301,0,0,0
r5991,301,0,0,0,0
r5992,0,0,301,0,0
r5993,0,301,0,0,0
r5994,0,0,0,301,0
r6287,0,301,0,0,0
r6919,0,301,0,0,0
r6920,0,301,0,0,0
r6921,0,301,0,0,0
r6922,301,0,0,0,0
r8690,0,301,0,0,0
r8691,0,301,0,0,0
s2258,301,0,0,0,0
s2889,0,0,301,0,0
s3354,0,0,0,301,0
s3375,0,301,0,0,0
s3376,0,0,0,301,0
s3377,0,0,301,0,0
s3435,301,0,0,0,0
s3454,0,301,0,0,0
s3733,0,301,0,0,0
s3734,301,0,0,0,0
s3735,0,0,301,0,0
s4430,301,0,0,0,0
s4977,0,301,0,0,0
s5293,0,0,301,0,0
s5361,0,301,0,0,0
s6974,301,0,0,0,0
s7616,301,0,0,0,0
s7617,0,301,0,0,0
s7893,0,301,0,0,0
s8504,0,301,0,0,0
t0564,301,0,0,0,0
t2033,0,0,0,301,0
t2474,232,0,69,0,0
t2555,1,0,0,300,0
t2678,0,0,301,0,0
t2679,301,0,0,0,0
t3137,0,0,0,301,0
t3138,0,301,0,0,0
t3893,0,301,0,0,0
t3898,0,301,0,0,0
t4000,0,0,0,301,0
t4099,0,0,301,0,0
t4102,301,0,0,0,0
t4780,0,301,0,0,0
t4856,301,0,0,0,0
t4982,0,301,0,0,0
t5426,0,301,0,0,0
t5591,0,301,0,0,0
t5632,0,301,0,0,0
t5678,0,301,0,0,0
t5756,301,0,0,0,0
t5757,0,301,0,0,0
t5758,301,0,0,0,0
t5820,0,301,0,0,0
t5915,301,0,0,0,0
t5916,301,0,0,0,0
t6004,0,0,1,300,0
t6067,301,0,0,0,0
t6068,301,0,0,0,0
t6130,301,0,0,0,0
t6416,0,301,0,0,0
t8093,0,0,301,0,0
t8095,301,0,0,0,0
t8168,0,0,301,0,0
t8224,0,301,0,0,0
t9178,301,0,0,0,0
t9179,301,0,0,0,0
t9180,0,301,0,0,0
t9181,0,301,0,0,0
t9182,0,301,0,0,0
t9800,0,0,0,301,0
t9801,181,0,120,0,0
u0039,301,0,0,0,0
u0414,0,0,301,0,0
u0552,0,301,0,0,0
u4160,301,0,0,0,0
u7065,0,0,301,0,0
u8573,301,0,0,0,0
v4372,0,0,0,301,0
v4441,0,0,0,301,0
v5713,301,0,0,0,0
v6212,0,301,0,0,0
v6256,301,0,0,0,0
v6257,301,0,0,0,0
v7578,301,0,0,0,0
v7627,0,301,0,0,0
v8833,0,0,0,301,0
v8834,301,0,0,0,0
v8835,0,0,0,301,0
v8847,0,301,0,0,0
v8992,301,0,0,0,0
v8993,301,0,0,0,0
v8997,0,0,301,0,0
v9062,0,301,0,0,0
v9077,0,301,0,0,0
v9246,301,0,0,0,0
w1804,301,0,0,0,0
w3751,301,0,0,0,0
w5899,0,0,175,126,0
w5912,0,0,301,0,0
w5913,0,0,301,0,0
w7670,0,301,0,0,0
w9683,0,0,0,301,0
x1370,0,0,301,0,0
x1376,0,0,301,0,0
x1392,0,301,0,0,0
x1486,301,0,0,0,0
x2044,0,301,0,0,0
x2064,0,301,0,0,0
x2147,0,301,0,0,0
x2148,0,301,0,0,0
x2149,0,0,301,0,0
x2245,0,0,0,301,0
x2487,0,301,0,0,0
x3616,0,301,0,0,0
x3617,301,0,0,0,0
x4994,301,0,0,0,0
x7614,0,0,0,301,0
x9752,0,301,0,0,0
y0181,0,301,0,0,0
y1690,0,0,301,0,0
y2572,0,0,0,301,0
y2714,0,0,301,0,0
y2715,0,0,301,0,0
y2716,0,0,0,301,0
y3108,0,301,0,0,0
y9221,0,301,0,0,0
y9222,0,301,0,0,0
z2019,0,301,0,0,0
z2026,0,301,0,0,0
z2029,301,0,0,0,0
z2045,301,0,0,0,0
z2047,0,301,0,0,0
z2048,0,301,0,0,0
z2049,0,301,0,0,0
z2051,301,0,0,0,0
z2060,301,0,0,0,0
z2081,0,301,0,0,0
z2082,0,301,0,0,0
z2083,0,301,0,0,0
z2084,0,0,0,301,0
z2085,0,301,0,0,0
z2086,301,0,0,0,0
z2087,0,301,0,0,0
z2088,301,0,0,0,0
z2092,0,301,0,0,0
z2095,0,301,0,0,0
z2100,0,301,0,0,0
z2101,133,0,0,168,0
z2102,301,0,0,0,0
z2141,0,301,0,0,0
z2144,0,301,0,0,0
z2145,229,0,72,0,0
z2146,0,301,0,0,0
z2147,0,301,0,0,0
z2148,0,301,0,0,0
z2149,0,301,0,0,0
z2150,0,301,0,0,0
z2156,0,301,0,0,0
z2157,0,301,0,0,0
z2158,301,0,0,0,0
z2161,0,301,0,0,0
z2166,0,301,0,0,0
z2167,0,301,0,0,0
z2174,0,301,0,0,0
z2175,0,301,0,0,0
z2176,301,0,0,0,0
z2203,0,301,0,0,0
z2208,301,0,0,0,0
z2213,0,301,0,0,0
z2214,0,301,0,0,0
z2217,0,301,0,0,0
z2218,301,0,0,0,0
z2236,0,301,0,0,0
z2237,0,301,0,0,0
z2238,0,301,0,0,0
z2239,0,301,0,0,0
z2240,301,0,0,0,0
z2241,301,0,0,0,0
z2242,0,301,0,0,0
z2243,301,0,0,0,0
z2244,0,301,0,0,0
z2245,0,0,0,301,0
z2332,301,0,0,0,0
z2333,0,301,0,0,0
z2349,0,301,0,0,0
z2350,301,0,0,0,0
z2351,301,0,0,0,0
z2352,301,0,0,0,0
z2388,0,301,0,0,0
z2524,301,0,0,0,0
z2533,301,0,0,0,0
z2547,301,0,0,0,0
z2548,0,301,0,0,0
z2549,0,301,0,0,0
z2573,0,301,0,0,0
z2574,301,0,0,0,0
z2575,0,0,0,301,0
z2576,0,301,0,0,0
z2577,0,301,0,0,0
z2578,0,301,0,0,0
z2579,0,301,0,0,0
z2580,0,301,0,0,0
z2581,301,0,0,0,0
z2582,0,301,0,0,0
z2583,0,301,0,0,0
z2584,0,0,0,301,0
z2619,0,301,0,0,0
z2620,0,301,0,0,0
z2621,301,0,0,0,0
z2658,301,0,0,0,0
z2687,0,301,0,0,0
z2688,301,0,0,0,0
z2719,0,301,0,0,0
z2732,0,0,301,0,0
z2733,0,301,0,0,0
z2772,301,0,0,0,0
z2793,301,0,0,0,0
z2794,0,301,0,0,0
z2795,0,301,0,0,0
z2798,0,301,0,0,0
z2883,301,0,0,0,0
z2891,301,0,0,0,0
z2892,301,0,0,0,0
z2911,0,301,0,0,0
z2931,301,0,0,0,0
z2951,0,0,301,0,0
z2952,301,0,0,0,0
z2953,301,0,0,0,0
z2985,0,301,0,0,0
z3037,301,0,0,0,0
z3087,301,0,0,0,0
z3100,301,0,0,0,0
z3411,240,0,58,3,0
z3412,0,0,0,301,0
z3468,301,0,0,0,0
z3469,301,0,0,0,0
z3490,300,1,0,0,0
z3619,0,0,301,0,0
z3620,301,0,0,0,0
z3766,0,0,301,0,0
z3857,0,301,0,0,0
z3858,0,0,0,301,0
z3908,0,0,0,301,0
z4688,0,301,0,0,0
z6560,301,0,0,0,0
z7103,0,0,0,301,0
~000v,0,301,0,0,0
~0013,0,301,0,0,0
~001C,0,0,0,301,0
~001D,301,0,0,0,0
~001O,0,0,0,301,0
~001P,301,0,0,0,0
~001Q,284,17,0,0,0
~0086,301,0,0,0,0
~00U1,301,0,0,0,0
~00f2,301,0,0,0,0
~00nW,0,0,0,301,0
~01Gm,0,0,301,0,0
J93R00P,300,0,1,0,0
J94E02S,0,301,0,0,0
J95D02B,0,301,0,0,0
J96K01V,0,301,0,0,0
J96R20Q,0,301,0,0,0
J97G45A,0,301,0,0,0
J97Q04H,0,301,0,0,0
J97R09X,0,301,0,0,0
J98FE4S,0,301,0,0,0
J98HF1L,0,301,0,0,0
J98HF1N,0,301,0,0,0
J98HF1O,0,301,0,0,0
J98K61Y,0,301,0,0,0
J98K65S,0,301,0,0,0
J98U43R,301,0,0,0,0
J98W24V,0,301,0,0,0
J98W24X,0,301,0,0,0
J98W31S,301,0,0,0,0
J98W31V,301,0,0,0,0
J98W31W,0,301,0,0,0
J98W31Y,0,301,0,0,0
J98W31Z,301,0,0,0,0
J99CB8Y,0,0,301,0,0
J99CB8Z,112,0,0,189,0
J99CB9B,0,301,0,0,0
J99CB9C,0,301,0,0,0
J99CB9H,0,301,0,0,0
J99CB9J,0,301,0,0,0
J99CB9N,0,301,0,0,0
J99CD3Q,0,301,0,0,0
J99CF3M,0,301,0,0,0
J99CF3N,0,301,0,0,0
J99CF4G,0,301,0,0,0
J99CF4H,0,301,0,0,0
J99CF8K,0,301,0,0,0
J99D00A,0,301,0,0,0
J99D08H,0,301,0,0,0
J99G46S,0,301,0,0,0
J99H11S,0,301,0,0,0
J99H12G,296,5,0,0,0
J99H12H,0,301,0,0,0
J99H12J,0,301,0,0,0
J99JD2D,0,301,0,0,0
J99K18R,301,0,0,0,0
J99O03Z,0,301,0,0,0
J99O04A,0,301,0,0,0
J99O04C,3,298,0,0,0
J99O04D,0,301,0,0,0
J99O04G,0,301,0,0,0
J99O04H,0,301,0,0,0
J99O04K,0,301,0,0,0
J99RL4T,0,301,0,0,0
J99RL4U,252,0,49,0,0
J99RL4W,0,301,0,0,0
J99RL4X,0,301,0,0,0
J99RL4Z,81,0,0,220,0
J99RL5B,301,0,0,0,0
J99RL5G,0,301,0,0,0
J99RL5V,0,301,0,0,0
J99RL5W,301,0,0,0,0
J99RL5X,0,301,0,0,0
K00AP5F,0,0,0,301,0
K00CA4L,0,301,0,0,0
K00CA4M,22,279,0,0,0
K00CA5K,301,0,0,0,0
K00CA5L,0,301,0,0,0
K00CB4N,0,301,0,0,0
K00F08B,301,0,0,0,0
K00F08C,0,301,0,0,0
K00F08H,0,301,0,0,0
K00F53R,66,235,0,0,0
K00F53S,0,301,0,0,0
K00F53T,0,301,0,0,0
K00GE6V,0,301,0,0,0
K00GE6X,0,301,0,0,0
K00GE6Y,0,301,0,0,0
K00J81F,0,301,0,0,0
K00K04L,0,301,0,0,0
K00O51B,0,301,0,0,0
K00O67H,0,301,0,0,0
K00O67P,301,0,0,0,0
K00P29U,0,301,0,0,0
K00P29W,0,301,0,0,0
K00P29X,0,301,0,0,0
K00P29Y,0,301,0,0,0
K00P30A,0,301,0,0,0
K00P30C,0,301,0,0,0
K00P30D,0,301,0,0,0
K00P30F,0,0,265,36,0
K00P30G,0,301,0,0,0
K00P30H,8,0,2,291,0
K00P30L,219,0,82,0,0
K00P30M,0,301,0,0,0
K00P30N,0,301,0,0,0
K00QM6H,301,0,0,0,0
K00QM6L,301,0,0,0,0
K00QP1N,301,0,0,0,0
K00QP2L,123,176,0,2,0
K00SX1R,301,0,0,0,0
K00Sb0Y,0,301,0,0,0
K00W12V,0,301,0,0,0
K00WI3L,1,300,0,0,0
K00WI3M,0,301,0,0,0
K00WI3O,0,301,0,0,0
K00Y01V,0,301,0,0,0
K00Y01X,0,301,0,0,0
K00Y02A,0,301,0,0,0
K00Y02E,289,12,0,0,0
K00Y02F,0,301,0,0,0
K01DA6B,0,301,0,0,0
K01DA6C,0,301,0,0,0
K01DA6D,0,301,0,0,0
K01E24S,0,301,0,0,0
K01FH2U,301,0,0,0,0
K01FI5L,0,301,0,0,0
K01FI5T,0,301,0,0,0
K01FJ4J,0,301,0,0,0
K01FJ4M,0,0,0,301,0
K01H59A,4,297,0,0,0
K01K76F,0,301,0,0,0
K01K76G,301,0,0,0,0
K01K76H,0,301,0,0,0
K01K76L,116,185,0,0,0
K01K76Q,0,301,0,0,0
K01K76W,0,301,0,0,0
K01K76Y,301,0,0,0,0
K01K77A,0,301,0,0,0
K01K77E,0,301,0,0,0
K01K77G,0,0,301,0,0
K01K77O,0,301,0,0,0
K01OA8K,0,301,0,0,0
K01OA8N,0,301,0,0,0
K01OA8Q,0,301,0,0,0
K01OA8Z,0,301,0,0,0
K01OA9G,0,301,0,0,0
K01OA9M,12,0,288,1,0
K01P47K,0,301,0,0,0
K01QT7Q,0,301,0,0,0
K01QT7X,0,301,0,0,0
K01QT7Z,0,301,0,0,0
K01QT8A,0,301,0,0,0
K01QW2W,0,301,0,0,0
K01RE3V,0,301,0,0,0
K01RE3W,0,301,0,0,0
K01RE3Y,0,301,0,0,0
K01U18N,0,301,0,0,0
K01U18P,301,0,0,0,0
K01V71N,301,0,0,0,0
K01XP4U,0,301,0,0,0
K01XP4X,0,301,0,0,0
K02CF4S,0,301,0,0,0
K02CF4T,0,301,0,0,0
K02CF4U,0,301,0,0,0
K02CF4Y,0,301,0,0,0
K02CF4Z,0,301,0,0,0
K02CM4X,0,301,0,0,0
K02CM5B,0,301,0,0,0
K02CO8Z,301,0,0,0,0
K02CP1D,0,301,0,0,0
K02CP1E,301,0,0,0,0
K02F06V,0,301,0,0,0
K02F36W,0,301,0,0,0
K02F36X,0,301,0,0,0
K02F36Y,0,0,301,0,0
K02G31W,301,0,0,0,0
K02G32A,0,0,0,301,0
K02G32E,301,0,0,0,0
K02G32L,301,0,0,0,0
K02G32R,168,0,133,0,0
K02G32S,301,0,0,0,0
K02G32W,301,0,0,0,0
K02GG6H,301,0,0,0,0
K02PE9O,0,301,0,0,0
K02PE9P,1,300,0,0,0
K02PE9R,0,301,0,0,0
K02PF0G,301,0,0,0,0
K02PF5D,0,301,0,0,0
K02PH0R,0,301,0,0,0
K02PH0S,0,301,0,0,0
K02PH0U,301,0,0,0,0
K02PH0X,0,301,0,0,0
K02PH0Y,0,301,0,0,0
K02PH0Z,0,301,0,0,0
K02PH1A,0,301,0,0,0
K02PH1C,0,301,0,0,0
K02TU1H,301,0,0,0,0
K02VD0E,0,301,0,0,0
K02VD0F,0,301,0,0,0
K02VD0V,301,0,0,0,0
K02VD0X,301,0,0,0,0
K02VD1B,0,301,0,0,0
K02VD1D,0,301,0,0,0
K02VD1F,0,301,0,0,0
K02VD8D,301,0,0,0,0
K02W21L,0,301,0,0,0
K02X91E,0,301,0,0,0
K03FC7J,93,55,0,153,0
K03FC7L,301,0,0,0,0
K03FC7M,3,298,0,0,0
K03FC8D,0,301,0,0,0
K03FC9H,0,0,301,0,0
K03FC9Z,0,0,0,301,0
K03FD0A,0,301,0,0,0
K03G55F,0,301,0,0,0
K03H56X,0,301,0,0,0
K03H56Z,0,301,0,0,0
K03H57A,301,0,0,0,0
K03H57F,301,0,0,0,0
K03H57H,0,301,0,0,0
K03H57M,0,0,301,0,0
K03H57O,0,301,0,0,0
K03K20O,0,301,0,0,0
K03L07A,301,0,0,0,0
K03L09D,0,301,0,0,0
K03Q90T,0,301,0,0,0
K03Q90X,0,301,0,0,0
K03Q90Y,0,301,0,0,0
K03Q91D,0,301,0,0,0
K03Q91E,0,301,0,0,0
K03Q91F,0,301,0,0,0
K03Q91G,0,301,0,0,0
K03Q91J,0,301,0,0,0
K03Q91L,0,301,0,0,0
K03Q91M,0,301,0,0,0
K03Q91N,0,301,0,0,0
K03Q91P,301,0,0,0,0
K03Q91S,0,301,0,0,0
K03Q91X,301,0,0,0,0
K03QB2B,0,301,0,0,0
K03QB2E,0,301,0,0,0
K03SV7O,301,0,0,0,0
K03T58J,0,301,0,0,0
K03T58K,0,301,0,0,0
K03T58L,0,301,0,0,0
K03UT1T,0,301,0,0,0
K03UT1V,0,301,0,0,0
K03UT1Y,0,301,0,0,0
K03UT1Z,0,301,0,0,0
K03UT2B,0,301,0,0,0
K03UT2N,0,301,0,0,0
K03UT2P,301,0,0,0,0
K03UT2V,301,0,0,0,0
K03UT3K,2,299,0,0,0
K03Uf4A,301,0,0,0,0
K03WJ1A,301,0,0,0,0
K03WJ3O,301,0,0,0,0
K03YH9J,92,209,0,0,0
K03YH9K,0,301,0,0,0
K03YH9M,0,301,0,0,0
K03YH9N,0,301,0,0,0
K03YH9P,0,301,0,0,0
K03YH9R,0,301,0,0,0
K03YH9S,0,301,0,0,0
K03YH9T,0,301,0,0,0
K03YH9V,0,301,0,0,0
K03YH9X,0,301,0,0,0
K04D64H,0,301,0,0,0
K04D64M,3,298,0,0,0
K04D71M,0,301,0,0,0
K04D77G,38,263,0,0,0
K04E95S,0,301,0,0,0
K04E95V,301,0,0,0,0
K04E96G,301,0,0,0,0
K04E96J,301,0,0,0,0
K04FG4W,301,0,0,0,0
K04H78X,191,110,0,0,0
K04H78Y,301,0,0,0,0
K04H78Z,301,0,0,0,0
K04H79A,301,0,0,0,0
K04H79B,301,0,0,0,0
K04H79C,0,301,0,0,0
K04H79D,0,301,0,0,0
K04H79E,0,301,0,0,0
K04H79G,0,301,0,0,0
K04H79H,0,301,0,0,0
K04H79K,0,301,0,0,0
K04H79L,0,301,0,0,0
K04H79M,301,0,0,0,0
K04H79O,301,0,0,0,0
K04H79Q,0,0,295,6,0
K04K18V,0,0,301,0,0
K04K18Z,301,0,0,0,0
K04K19B,301,0,0,0,0
K04K19C,301,0,0,0,0
K04K19D,0,301,0,0,0
K04K19E,0,301,0,0,0
K04K19F,0,301,0,0,0
K04K19G,0,301,0,0,0
K04K19H,0,301,0,0,0
K04K19J,0,301,0,0,0
K04K19K,0,301,0,0,0
K04K19L,301,0,0,0,0
K04K19M,301,0,0,0,0
K04L31W,0,301,0,0,0
K04M08S,301,0,0,0,0
K04M08T,0,301,0,0,0
K04M08U,0,301,0,0,0
K04M08V,0,301,0,0,0
K04O14J,0,0,0,301,0
K04O15P,0,301,0,0,0
K04O15Q,301,0,0,0,0
K04O15S,0,0,0,301,0
K04PA7S,0,278,13,10,0
K04PA7X,0,301,0,0,0
K04PA7Z,0,301,0,0,0
K04PA8B,0,301,0,0,0
K04PB2D,0,301,0,0,0
K04PB7T,0,301,0,0,0
K04PB7U,0,301,0,0,0
K04PB7V,0,301,0,0,0
K04PB7W,0,301,0,0,0
K04PB7X,0,301,0,0,0
K04PB7Y,0,0,301,0,0
K04Q29E,0,301,0,0,0
K04Q29G,0,301,0,0,0
K04Q29H,2,299,0,0,0
K04S60C,301,0,0,0,0
K04TS2E,0,0,301,0,0
K04TZ7X,301,0,0,0,0
K04U10D,0,301,0,0,0
K04U10S,301,0,0,0,0
K04V75U,289,12,0,0,0
K04V75Z,301,0,0,0,0
K04V78K,301,0,0,0,0
K04VD0U,301,0,0,0,0
K04VD0V,301,0,0,0,0
K04VD0X,301,0,0,0,0
K04VD0Y,301,0,0,0,0
K04VD0Z,301,0,0,0,0
K04VD1D,0,301,0,0,0
K04VD1E,301,0,0,0,0
K04VD1F,301,0,0,0,0
K04VD1G,0,0,301,0,0
K04VD1H,0,0,301,0,0
K04VD1M,0,0,301,0,0
K04VD1U,0,301,0,0,0
K04XJ0X,0,301,0,0,0
K05B49V,0,301,0,0,0
K05B49W,0,301,0,0,0
K05C81D,301,0,0,0,0
K05C81E,0,301,0,0,0
K05C81F,301,0,0,0,0
K05ET6E,0,301,0,0,0
K05EU3M,0,301,0,0,0
K05EU4F,150,0,0,151,0
K05EV8B,0,301,0,0,0
K05EV8C,0,301,0,0,0
K05EV8W,1,300,0,0,0
K05EV8X,301,0,0,0,0
K05GI6X,0,301,0,0,0
K05GI7A,301,0,0,0,0
K05GI7C,0,301,0,0,0
K05GI7D,0,301,0,0,0
K05GI7F,301,0,0,0,0
K05GK6X,301,0,0,0,0
K05GL0V,301,0,0,0,0
K05GM8H,298,0,3,0,0
K05JH4Z,0,301,0,0,0
K05JH7H,79,222,0,0,0
K05JI5Y,0,301,0,0,0
K05JI6B,0,301,0,0,0
K05JI6J,0,301,0,0,0
K05JI6K,0,0,0,301,0
K05L54A,0,301,0,0,0
K05L54B,0,301,0,0,0
K05L54C,83,0,0,218,0
K05NC5U,36,0,0,265,0
K05NC5V,301,0,0,0,0
K05P21K,0,301,0,0,0
K05P21L,0,301,0,0,0
K05P21S,8,293,0,0,0
K05P21T,0,0,301,0,0
K05T53N,0,301,0,0,0
K05TI9V,301,0,0,0,0
K05VC2Z,243,58,0,0,0
K05VC3A,301,0,0,0,0
K06A98K,0,301,0,0,0
K06A98L,18,0,4,279,0
K06A98M,0,0,301,0,0
K06A98N,0,301,0,0,0
K06A98O,0,301,0,0,0
K06BS4R,0,301,0,0,0
K06BS4S,0,0,301,0,0
K06C69H,0,301,0,0,0
K06HC2N,0,301,0,0,0
K06HC2P,0,301,0,0,0
K06HC2T,301,0,0,0,0
K06HC2W,0,301,0,0,0
K06HC2Y,0,301,0,0,0
K06HC2Z,0,301,0,0,0
K06HC3A,0,301,0,0,0
K06HC3B,0,301,0,0,0
K06HC3C,301,0,0,0,0
K06HC3E,0,301,0,0,0
K06J58U,0,301,0,0,0
K06J58V,0,301,0,0,0
K06QI0P,0,0,301,0,0
K06QI0S,0,0,0,301,0
K06QI0Z,0,301,0,0,0
K06QI1A,0,301,0,0,0
K06QI1B,0,301,0,0,0
K06QI1F,0,301,0,0,0
K06QI1G,0,0,301,0,0
K06QI1H,142,0,0,159,0
K06QI1R,0,301,0,0,0
K06Sa9F,301,0,0,0,0
K06Sf5E,0,301,0,0,0
K06Sf5F,0,301,0,0,0
K06Sf5G,12,0,289,0,0
K06Sf5H,0,0,0,301,0
K06TC1K,301,0,0,0,0
K06TD0O,301,0,0,0,0
K06TD0P,301,0,0,0,0
K06WJ5S,301,0,0,0,0
K06WK6F,0,301,0,0,0
K06WK6G,0,0,0,301,0
K07B81O,0,0,0,301,0
K07C66J,0,301,0,0,0
K07C79Q,0,301,0,0,0
K07C79R,0,301,0,0,0
K07C79S,0,301,0,0,0
K07DA1S,0,301,0,0,0
K07F51M,0,301,0,0,0
K07F51N,297,0,4,0,0
K07F51O,0,0,0,301,0
K07F51P,0,301,0,0,0
K07H90V,0,301,0,0,0
K07J45F,301,0,0,0,0
K07L38E,0,301,0,0,0
K07L38F,239,0,0,62,0
K07L38G,301,0,0,0,0
K07L38H,0,0,298,3,0
K07L38J,0,0,0,301,0
K07RV4L,0,301,0,0,0
K07RW6W,0,301,0,0,0
K07RW6X,0,301,0,0,0
K07RW6Y,0,301,0,0,0
K07RW6Z,0,0,0,301,0
K07Tf8B,13,0,222,66,0
K07Tf8D,0,301,0,0,0
K07Th1V,301,0,0,0,0
K07Th4C,301,0,0,0,0
K07VU2J,0,301,0,0,0
K07VU2K,0,301,0,0,0
K08AB8Q,0,301,0,0,0
K08AD8U,0,0,301,0,0
K08J41O,0,0,0,301,0
K08TN9A,301,0,0,0,0
K08UX2A,301,0,0,0,0
K09DE3J,301,0,0,0,0
K09DE3L,0,301,0,0,0
K09DE3N,301,0,0,0,0
K09DE3R,0,301,0,0,0
K09DE3S,0,0,0,301,0
K09J18Z,301,0,0,0,0
K09J19E,301,0,0,0,0
K09K30K,31,0,0,270,0
K09K30N,301,0,0,0,0
K09K30O,0,301,0,0,0
K09M10F,0,301,0,0,0
K09M10G,299,0,2,0,0
K09UF6F,0,301,0,0,0
K09X26M,236,0,65,0,0
K09Y19G,301,0,0,0,0
K09Y26R,0,301,0,0,0
K09Y26S,301,0,0,0,0
K09Y26T,301,0,0,0,0
K09Y32K,0,301,0,0,0
K10AF3V,301,0,0,0,0
K10DA6F,0,0,301,0,0
K10E65Q,298,0,0,3,0
K10ED9L,301,0,0,0,0
K10F86X,0,301,0,0,0
K10JC4J,0,0,301,0,0
K10JC4K,0,301,0,0,0
K10JL0J,0,0,0,301,0
K10JL5E,0,0,301,0,0
K10K39Z,0,301,0,0,0
K10LD6B,301,0,0,0,0
K10MB6R,301,0,0,0,0
K10P66T,301,0,0,0,0
K10P75U,296,0,5,0,0
K10Q07Q,0,0,301,0,0
K10R45M,0,301,0,0,0
K10R45N,0,301,0,0,0
K10R64F,0,301,0,0,0
K10R64N,0,301,0,0,0
K10RI8D,0,301,0,0,0
K10RI8F,0,0,301,0,0
K10RJ0J,0,301,0,0,0
K10RJ0K,301,0,0,0,0
K10S41B,301,0,0,0,0
K10T00J,0,0,0,301,0
K10TI2J,301,0,0,0,0
K10TI2L,0,301,0,0,0
K10TI2N,301,0,0,0,0
K10TI2P,0,301,0,0,0
K10TJ1S,301,0,0,0,0
K10TJ2A,0,301,0,0,0
K10TJ2D,0,301,0,0,0
K10TJ2E,0,301,0,0,0
K10TJ2F,0,301,0,0,0
K10TJ2G,0,301,0,0,0
K10TJ2K,0,301,0,0,0
K10TJ5S,301,0,0,0,0
K10V11R,0,301,0,0,0
K10VM4X,0,0,301,0,0
K10VP3D,0,301,0,0,0
K10VP3E,0,0,301,0,0
K10W09G,0,0,301,0,0
K10W75M,0,301,0,0,0
K10X91E,0,0,301,0,0
K11BG3R,1,0,0,300,0
K11BG3S,0,301,0,0,0
K11BG3T,0,0,0,301,0
K11BG3U,9,0,0,292,0
K11BH0N,0,0,300,1,0
K11BH0O,0,301,0,0,0
K11BH0P,301,0,0,0,0
K11CB9W,301,0,0,0,0
K11CB9X,0,301,0,0,0
K11CB9Y,301,0,0,0,0
K11E90Z,0,301,0,0,0
K11H60O,301,0,0,0,0
K11H83P,0,0,0,301,0
K11HA2M,0,301,0,0,0
K11HA2Z,0,301,0,0,0
K11HA3F,0,301,0,0,0
K11HA3J,0,301,0,0,0
K11HA3K,50,0,0,251,0
K11HA4N,301,0,0,0,0
K11J31W,0,301,0,0,0
K11J31X,0,301,0,0,0
K11J31Y,0,301,0,0,0
K11J32A,0,301,0,0,0
K11L29J,0,301,0,0,0
K11M11V,0,0,0,301,0
K11O60B,0,0,300,1,0
K11R00S,0,0,301,0,0
K11SS1W,0,301,0,0,0
K11Uf0P,301,0,0,0,0
K11Uf0Q,301,0,0,0,0
K11Uf0R,301,0,0,0,0
K11Uf0S,301,0,0,0,0
K11Uf0U,301,0,0,0,0
K11Uf0V,301,0,0,0,0
K11Uf0W,301,0,0,0,0
K11Uf0X,301,0,0,0,0
K11Uf0Z,301,0,0,0,0
K11Uf1A,301,0,0,0,0
K11Uf1B,4,297,0,0,0
K11Uf1D,301,0,0,0,0
K11Uf1F,301,0,0,0,0
K11Uf1G,301,0,0,0,0
K11Uf1H,301,0,0,0,0
K11Uf1J,301,0,0,0,0
K11Uf1M,301,0,0,0,0
K11Uf1O,301,0,0,0,0
K11Uf1P,301,0,0,0,0
K11Uf1Q,0,0,0,301,0
K11Uf1R,0,0,0,301,0
K11Uf1S,301,0,0,0,0
K11Uf1T,301,0,0,0,0
K11Uf1U,0,301,0,0,0
K11Uf1Y,0,301,0,0,0
K11Uf1Z,0,301,0,0,0
K11Uf2B,0,301,0,0,0
K11Uf2C,0,301,0,0,0
K11Uf2D,0,301,0,0,0
K11Uf2E,0,301,0,0,0
K11Uf2G,0,301,0,0,0
K11Uf2J,0,301,0,0,0
K11Uf2K,0,301,0,0,0
K11Uf2L,0,301,0,0,0
K11Uf2O,0,301,0,0,0
K11Uf2P,0,0,0,301,0
K11Uf2Q,300,0,1,0,0
K11Uf2R,0,0,0,301,0
K11Uf2S,4,297,0,0,0
K11Uf2Z,301,0,0,0,0
K11Uf3A,301,0,0,0,0
K11Uf3J,0,0,0,301,0
K11Uf3K,0,301,0,0,0
K11V24Z,0,0,0,301,0
K11WF7J,301,0,0,0,0
K11WI8W,0,0,0,301,0
K12A25Z,0,0,0,301,0
K12BF4V,0,301,0,0,0
K12BF4Y,301,0,0,0,0
K12D98Z,0,301,0,0,0
K12DA6Q,273,28,0,0,0
K12DC1V,0,0,0,301,0
K12E18E,0,0,0,301,0
K12F87N,301,0,0,0,0
K12G17X,0,0,301,0,0
K12H85E,176,125,0,0,0
K12H87W,202,0,99,0,0
K12H87X,301,0,0,0,0
K12O06L,0,0,0,301,0
K12S67B,0,301,0,0,0
K12TW4C,301,0,0,0,0
K12TW4D,301,0,0,0,0
K12TW4E,0,301,0,0,0
K12TW4F,0,301,0,0,0
K12TZ9F,0,301,0,0,0
K12UH7G,301,0,0,0,0
K12UH7K,0,0,301,0,0
K12UH7L,0,301,0,0,0
K12UH7N,0,301,0,0,0
K12UH7P,0,301,0,0,0
K12UH7Q,0,0,0,301,0
K12UH7R,230,0,0,71,0
K12UH7V,301,0,0,0,0
K12UH8D,301,0,0,0,0
K12UI5D,0,0,301,0,0
K12UI5E,0,301,0,0,0
K12VB6B,0,301,0,0,0
K12VC8R,0,301,0,0,0
K12W37D,0,301,0,0,0
K12W37E,301,0,0,0,0
K12W37F,301,0,0,0,0
K12W37G,0,0,287,14,0
K12XF7R,301,0,0,0,0
K12XF9W,301,0,0,0,0
K12Y09O,301,0,0,0,0
K12Y12F,0,301,0,0,0
K12Y12G,301,0,0,0,0
K13AI3R,301,0,0,0,0
K13AI3S,0,0,0,301,0
K13B78K,0,0,301,0,0
K13CD4A,0,0,301,0,0
K13CO2Z,0,301,0,0,0
K13EE9M,0,301,0,0,0
K13EF4J,0,301,0,0,0
K13F28A,0,301,0,0,0
K13F28D,301,0,0,0,0
K13F28G,0,0,0,301,0
K13F28H,0,301,0,0,0
K13F28K,0,301,0,0,0
K13F28M,0,0,0,301,0
K13F28N,0,0,301,0,0
K13F28O,301,0,0,0,0
K13F28Q,48,6,0,247,0
K13GD6O,0,301,0,0,0
K13GD6Q,0,301,0,0,0
K13GD6S,301,0,0,0,0
K13GD6X,301,0,0,0,0
K13GD6Y,301,0,0,0,0
K13GD7C,0,301,0,0,0
K13GD7E,301,0,0,0,0
K13GD7F,301,0,0,0,0
K13GD7G,301,0,0,0,0
K13GD7H,301,0,0,0,0
K13GD7J,301,0,0,0,0
K13GD7L,301,0,0,0,0
K13GD7M,0,301,0,0,0
K13GD7O,0,301,0,0,0
K13GD7P,0,301,0,0,0
K13GD7R,0,301,0,0,0
K13GD7S,0,301,0,0,0
K13GD7U,0,301,0,0,0
K13GD7X,0,301,0,0,0
K13GD7Y,0,301,0,0,0
K13GD7Z,0,301,0,0,0
K13GD8B,0,301,0,0,0
K13GD8C,0,301,0,0,0
K13GD8D,0,301,0,0,0
K13GD8E,0,301,0,0,0
K13GD8F,0,301,0,0,0
K13GD8G,0,301,0,0,0
K13GD8J,0,0,301,0,0
K13GF8M,0,301,0,0,0
K13GF8N,301,0,0,0,0
K13HF6R,294,7,0,0,0
K13HF6S,0,301,0,0,0
K13HF6W,301,0,0,0,0
K13J63U,0,0,0,301,0
K13J63V,0,301,0,0,0
K13J63W,0,301,0,0,0
K13J64F,301,0,0,0,0
K13J64K,301,0,0,0,0
K13J64L,0,0,0,301,0
K13J64O,0,0,301,0,0
K13J64P,0,0,295,6,0
K13J64Q,0,0,301,0,0
K13J64R,0,0,301,0,0
K13J64S,0,301,0,0,0
K13J64U,0,301,0,0,0
K13J64Z,301,0,0,0,0
K13J65A,301,0,0,0,0
K13J65B,301,0,0,0,0
K13J65C,301,0,0,0,0
K13J65D,301,0,0,0,0
K13J65E,301,0,0,0,0
K13J65F,301,0,0,0,0
K13J65G,301,0,0,0,0
K13J65H,301,0,0,0,0
K13J65M,0,301,0,0,0
K13J65Q,0,301,0,0,0
K13J65R,0,301,0,0,0
K13J65S,0,301,0,0,0
K13J65T,0,301,0,0,0
K13J65W,301,0,0,0,0
K13J67X,0,301,0,0,0
K13K18Y,301,0,0,0,0
K13L35U,0,301,0,0,0
K13L35Y,0,301,0,0,0
K13L36Z,301,0,0,0,0
K13M18R,301,0,0,0,0
K13N24M,0,301,0,0,0
K13N33U,0,0,301,0,0
K13P74U,0,0,301,0,0
K13P74W,0,301,0,0,0
K13P74X,301,0,0,0,0
K13P76S,161,140,0,0,0
K13P84D,65,0,231,5,0
K13Q95P,0,301,0,0,0
K13Q99R,0,301,0,0,0
K13QA3X,0,0,0,301,0
K13R98B,301,0,0,0,0
K13R98D,301,0,0,0,0
K13R98P,0,301,0,0,0
K13R98Q,7,0,0,294,0
K13R98R,0,0,0,301,0
K13RA8X,0,301,0,0,0
K13RA8Y,0,0,301,0,0
K13RA8Z,301,0,0,0,0
K13RA9B,0,301,0,0,0
K13RA9C,301,0,0,0,0
K13RA9D,0,0,301,0,0
K13RA9E,301,0,0,0,0
K13RA9F,0,301,0,0,0
K13RA9G,1,300,0,0,0
K13RA9H,301,0,0,0,0
K13RA9J,0,301,0,0,0
K13RA9K,0,0,301,0,0
K13RA9L,0,230,71,0,0
K13RA9M,301,0,0,0,0
K13RA9N,0,301,0,0,0
K13RA9O,0,301,0,0,0
K13RA9P,0,301,0,0,0
K13RA9Q,301,0,0,0,0
K13RA9R,0,301,0,0,0
K13RA9S,0,301,0,0,0
K13RA9T,11,290,0,0,0
K13RC4D,0,301,0,0,0
K13RC4E,2,0,0,299,0
K13RC4F,0,301,0,0,0
K13RC4G,18,0,0,283,0
K13RC4H,0,301,0,0,0
K13RC4J,0,301,0,0,0
K13RC4K,301,0,0,0,0
K13RC4L,301,0,0,0,0
K13RC4M,299,0,2,0,0
K13RC4N,0,301,0,0,0
K13RC4O,0,301,0,0,0
K13RC4P,0,301,0,0,0
K13RC4Q,0,301,0,0,0
K13RC4R,0,301,0,0,0
K13RC4S,0,301,0,0,0
K13RC4T,301,0,0,0,0
K13RC4U,0,0,0,301,0
K13RC4V,0,301,0,0,0
K13RC4W,301,0,0,0,0
K13RC4X,301,0,0,0,0
K13RC8T,0,301,0,0,0
K13RC8U,0,0,0,301,0
K13RC8V,184,0,0,117,0
K13RC8W,0,301,0,0,0
K13RF5Q,0,0,0,301,0
K13RF5R,3,0,0,298,0
K13RF5S,43,0,0,258,0
K13RF5T,74,0,191,36,0
K13RF5U,0,301,0,0,0
K13RF5V,0,301,0,0,0
K13RF5X,0,0,0,301,0
K13RF5Y,300,1,0,0,0
K13RF5Z,0,301,0,0,0
K13RF6A,0,0,301,0,0
K13RF6B,0,301,0,0,0
K13RF6D,0,301,0,0,0
K13RF6E,0,301,0,0,0
K13RF6F,301,0,0,0,0
K13RF6G,301,0,0,0,0
K13RF6H,301,0,0,0,0
K13RF6O,0,301,0,0,0
K13RF6P,0,301,0,0,0
K13RF6Q,301,0,0,0,0
K13RF6R,301,0,0,0,0
K13RF6S,0,0,0,301,0
K13RF6T,0,0,0,301,0
K13RF6U,1,0,0,300,0
K13RF6V,301,0,0,0,0
K13RF6W,0,301,0,0,0
K13RF6X,2,299,0,0,0
K13RF6Y,0,0,0,301,0
K13RF6Z,0,301,0,0,0
K13RF7A,0,0,0,301,0
K13RF7B,301,0,0,0,0
K13RF7C,301,0,0,0,0
K13RF7D,301,0,0,0,0
K13RF7E,0,301,0,0,0
K13RF7F,301,0,0,0,0
K13RF7G,0,301,0,0,0
K13RF7H,0,301,0,0,0
K13RF7L,0,0,0,301,0
K13RF7M,0,0,0,301,0
K13RF7O,98,0,203,0,0
K13RF7P,248,53,0,0,0
K13RF7Q,301,0,0,0,0
K13RF7R,0,301,0,0,0
K13RF7S,0,301,0,0,0
K13RF7T,0,301,0,0,0
K13RF7U,0,301,0,0,0
K13RF7V,0,0,301,0,0
K13RF7W,0,301,0,0,0
K13RF7X,0,301,0,0,0
K13RF7Y,301,0,0,0,0
K13RF8A,0,301,0,0,0
K13RF8B,0,301,0,0,0
K13RF8C,301,0,0,0,0
K13RF8D,0,0,33,268,0
K13RF8E,0,0,301,0,0
K13RF8F,0,301,0,0,0
K13RF8G,0,0,0,301,0
K13RF8J,0,0,301,0,0
K13RF8K,1,300,0,0,0
K13RF8L,0,301,0,0,0
K13RF8M,122,179,0,0,0
K13RF8N,14,1,278,8,0
K13RF8O,0,301,0,0,0
K13RF8P,0,301,0,0,0
K13RF8Q,0,301,0,0,0
K13RF8T,0,301,0,0,0
K13S99Z,0,301,0,0,0
K13SA0J,0,301,0,0,0
K13SA0K,0,0,0,301,0
K13SA0L,0,301,0,0,0
K13SA0M,0,301,0,0,0
K13SA0N,0,301,0,0,0
K13SA0O,0,301,0,0,0
K13SA0P,27,274,0,0,0
K13SA0Q,301,0,0,0,0
K13SA0R,0,301,0,0,0
K13SA0S,0,301,0,0,0
K13SA0T,0,301,0,0,0
K13SA0U,301,0,0,0,0
K13SA0V,0,301,0,0,0
K13SA0W,0,301,0,0,0
K13SA0X,0,301,0,0,0
K13SA0Y,0,301,0,0,0
K13SA0Z,82,219,0,0,0
K13SA1A,301,0,0,0,0
K13SA1B,301,0,0,0,0
K13SA1C,0,301,0,0,0
K13SA1D,0,301,0,0,0
K13SA1E,0,301,0,0,0
K13SA1F,0,301,0,0,0
K13SA1G,0,301,0,0,0
K13SA2G,0,301,0,0,0
K13SA2H,0,301,0,0,0
K13SA2J,301,0,0,0,0
K13SA2K,301,0,0,0,0
K13SA2M,0,0,0,301,0
K13SA2N,0,0,0,301,0
K13SA2O,301,0,0,0,0
K13SA2P,301,0,0,0,0
K13SA2Q,203,0,72,26,0
K13SA2R,301,0,0,0,0
K13SA2S,0,301,0,0,0
K13SA2T,0,301,0,0,0
K13SA6D,0,301,0,0,0
K13SA6E,0,301,0,0,0
K13SA6F,32,0,0,269,0
K13SA6G,0,0,0,301,0
K13SA6H,301,0,0,0,0
K13SA6J,0,301,0,0,0
K13SA6K,0,301,0,0,0
K13SA6L,0,301,0,0,0
K13SA6M,0,301,0,0,0
K13SA6N,0,301,0,0,0
K13SB1Y,0,0,0,301,0
K13SB2A,0,301,0,0,0
K13SB2B,0,301,0,0,0
K13SB2C,0,301,0,0,0
K13SB2D,301,0,0,0,0
K13SB2E,301,0,0,0,0
K13SB2F,0,301,0,0,0
K13SB2G,210,91,0,0,0
K13SB2H,0,301,0,0,0
K13SB2J,0,301,0,0,0
K13SB2K,0,301,0,0,0
K13SB2L,301,0,0,0,0
K13SB2M,0,301,0,0,0
K13SB2N,0,301,0,0,0
K13SB2O,0,0,0,301,0
K13SB2P,231,70,0,0,0
K13SB2Q,0,301,0,0,0
K13SB2S,0,301,0,0,0
K13SB2T,0,301,0,0,0
K13SB2U,301,0,0,0,0
K13SB2V,0,301,0,0,0
K13SB2W,0,301,0,0,0
K13SB2X,299,0,0,2,0
K13SB2Y,2,0,299,0,0
K13SB2Z,0,301,0,0,0
K13SB3A,0,301,0,0,0
K13SB3B,0,301,0,0,0
K13SB3D,0,301,0,0,0
K13SB3E,301,0,0,0,0
K13SB3F,301,0,0,0,0
K13SB3G,0,301,0,0,0
K13SB3H,0,301,0,0,0
K13TF9M,0,301,0,0,0
K13TH1X,218,0,0,83,0
K13TH1Y,301,0,0,0,0
K13TH1Z,0,301,0,0,0
K13TH2A,301,0,0,0,0
K13TH2B,293,8,0,0,0
K13TH2C,0,301,0,0,0
K13TH2D,0,301,0,0,0
K13TH2E,0,0,0,301,0
K13TH2F,0,301,0,0,0
K13TH2G,301,0,0,0,0
K13TH2H,301,0,0,0,0
K13TH2J,0,0,0,301,0
K13TH2K,0,301,0,0,0
K13TH2L,0,301,0,0,0
K13TH2M,190,0,111,0,0
K13TI7B,0,0,301,0,0
K13TI7C,171,130,0,0,0
K13TI7D,0,0,0,301,0
K13TI7E,7,294,0,0,0
K13TI7F,301,0,0,0,0
K13TI7G,301,0,0,0,0
K13TI7H,0,301,0,0,0
K13TI7J,0,301,0,0,0
K13TI7K,97,204,0,0,0
K13TI7L,301,0,0,0,0
K13TI7M,301,0,0,0,0
K13TI7N,301,0,0,0,0
K13TI7O,301,0,0,0,0
K13TI7P,10,0,0,291,0
K13TI7Q,0,301,0,0,0
K13TI7R,0,0,0,301,0
K13TI7S,301,0,0,0,0
K13TI7T,0,301,0,0,0
K13TI7U,301,0,0,0,0
K13TI7V,88,213,0,0,0
K13TI7W,0,301,0,0,0
K13TI7X,0,301,0,0,0
K13TI7Y,0,301,0,0,0
K13TI7Z,301,0,0,0,0
K13TI8B,301,0,0,0,0
K13TI8C,0,301,0,0,0
K13TI8D,0,301,0,0,0
K13TI8E,301,0,0,0,0
K13TI8F,0,301,0,0,0
K13TM7K,55,0,246,0,0
K13TM7L,0,301,0,0,0
K13TM7N,0,301,0,0,0
K13TM7P,0,301,0,0,0
K13TM7Q,0,301,0,0,0
K13TM7R,301,0,0,0,0
K13TM7S,0,0,301,0,0
K13TM7T,0,301,0,0,0
K13TM7U,0,301,0,0,0
K13TM7V,301,0,0,0,0
K13TM7X,301,0,0,0,0
K13TM7Y,2,0,299,0,0
K13TM7Z,0,301,0,0,0
K13TM8A,0,301,0,0,0
K13TM8B,298,0,3,0,0
K13TM8C,0,301,0,0,0
K13TM8D,301,0,0,0,0
K13TM8E,301,0,0,0,0
K13TM8F,0,301,0,0,0
K13TM8G,298,3,0,0,0
K13TM8H,301,0,0,0,0
K13TM8J,0,301,0,0,0
K13TM8K,301,0,0,0,0
K13TM8L,301,0,0,0,0
K13TM8M,0,301,0,0,0
K13TM8N,0,0,301,0,0
K13TM8O,0,301,0,0,0
K13TM8P,0,301,0,0,0
K13TM8Q,301,0,0,0,0
K13TM8S,0,301,0,0,0
K13TM8T,0,301,0,0,0
K13TM8U,0,301,0,0,0
K13TM8W,0,301,0,0,0
K13TM8X,0,301,0,0,0
K13TM8Y,7,294,0,0,0
K13TM8Z,0,301,0,0,0
K13TM9A,0,301,0,0,0
K13TM9B,0,301,0,0,0
K13TM9C,301,0,0,0,0
K13TM9D,3,298,0,0,0
K13TM9E,301,0,0,0,0
K13TM9G,0,301,0,0,0
K13TM9H,0,301,0,0,0
K13TM9J,0,0,0,301,0
K13TM9M,0,301,0,0,0
K13TM9N,0,301,0,0,0
K13TM9O,0,301,0,0,0
K13TM9P,0,301,0,0,0
K13TM9Q,301,0,0,0,0
K13TM9S,0,301,0,0,0
K13U15E,0,0,301,0,0
K13U15K,301,0,0,0,0
K13U15N,0,301,0,0,0
K13U15O,0,301,0,0,0
K13U15P,0,301,0,0,0
K13U15Q,0,301,0,0,0
K13U15R,0,0,301,0,0
K13U15S,301,0,0,0,0
K13U16W,0,301,0,0,0
K13U16X,301,0,0,0,0
K13U16Y,0,301,0,0,0
K13U16Z,128,0,173,0,0
K13U17A,301,0,0,0,0
K13U17B,301,0,0,0,0
K13U17E,0,301,0,0,0
K13U17F,301,0,0,0,0
K13U17G,9,292,0,0,0
K13U17H,301,0,0,0,0
K13U17J,301,0,0,0,0
K13U17K,301,0,0,0,0
K13U17L,0,301,0,0,0
K13U17M,0,301,0,0,0
K13U17N,0,301,0,0,0
K13U17O,138,0,163,0,0
K13U17P,0,301,0,0,0
K13U17Q,301,0,0,0,0
K13U17R,0,301,0,0,0
K13U17S,0,301,0,0,0
K13U17T,0,301,0,0,0
K13U17V,301,0,0,0,0
K13U17W,0,301,0,0,0
K13U17X,301,0,0,0,0
K13U17Y,0,301,0,0,0
K13U17Z,301,0,0,0,0
K13U18A,0,301,0,0,0
K13U18B,0,301,0,0,0
K13U18C,0,301,0,0,0
K13U18D,0,301,0,0,0
K13U18F,0,301,0,0,0
K13U18G,0,301,0,0,0
K13U18W,301,0,0,0,0
K13U18X,0,301,0,0,0
K13U22R,0,301,0,0,0
K13U22T,301,0,0,0,0
K13U31E,0,301,0,0,0
K13U31F,301,0,0,0,0
K13U49L,0,301,0,0,0
K13V24D,300,1,0,0,0
K13V24F,301,0,0,0,0
K13V25Q,0,0,0,301,0
K13V30X,0,301,0,0,0
K13V31Z,0,301,0,0,0
K13V46K,0,0,301,0,0
K13V46L,0,301,0,0,0
K13V46M,301,0,0,0,0
K13V46N,301,0,0,0,0
K13V46O,301,0,0,0,0
K13V46P,301,0,0,0,0
K13V46Q,301,0,0,0,0
K13V46R,301,0,0,0,0
K13V46S,47,0,0,254,0
K13V71O,0,301,0,0,0
K13V71Q,301,0,0,0,0
K13V71R,301,0,0,0,0
K13V71S,301,0,0,0,0
K13V71T,301,0,0,0,0
K13V71U,0,0,301,0,0
K13V71V,0,301,0,0,0
K13V71W,0,301,0,0,0
K13V71X,0,301,0,0,0
K13V71Y,301,0,0,0,0
K13V71Z,0,0,0,301,0
K13V72A,0,301,0,0,0
K13V72B,42,0,0,259,0
K13V72C,301,0,0,0,0
K13V72D,301,0,0,0,0
K13V72E,301,0,0,0,0
K13V72F,301,0,0,0,0
K13V72H,0,301,0,0,0
K13WB4G,0,301,0,0,0
K13WC3H,0,301,0,0,0
K13WC3J,301,0,0,0,0
K13WC3K,301,0,0,0,0
K13WD9A,0,301,0,0,0
K13WD9B,0,301,0,0,0
K13WD9C,0,301,0,0,0
K13X33U,0,301,0,0,0
K13X40L,3,0,296,2,0
K13X40M,0,301,0,0,0
K13YG9D,0,301,0,0,0
K14A55M,0,301,0,0,0
K14B70D,0,301,0,0,0
K14DB2T,0,0,301,0,0
K14F43P,0,301,0,0,0
K14F61X,0,301,0,0,0
K14F62B,301,0,0,0,0
K14F62C,0,301,0,0,0
K14F69C,47,0,0,254,0
K14F70L,301,0,0,0,0
K14F71V,0,0,0,301,0
K14F71X,301,0,0,0,0
K14F71Y,0,301,0,0,0
K14F71Z,3,0,0,298,0
K14F72A,71,0,97,133,0
K14F72C,0,0,0,301,0
K14F72G,0,301,0,0,0
K14F72H,49,0,0,252,0
K14F72J,214,0,1,86,0
K14F72K,0,0,0,301,0
K14F72L,78,0,0,223,0
K14G53T,0,301,0,0,0
K14G54E,301,0,0,0,0
K14G54J,301,0,0,0,0
K14G54K,301,0,0,0,0
K14G65K,301,0,0,0,0
K14HK8P,0,0,0,301,0
K14HK8V,0,301,0,0,0
K14HL1O,0,0,0,301,0
K14J80E,0,0,301,0,0
K14J80O,241,0,60,0,0
K14J80T,301,0,0,0,0
K14J80U,0,0,0,301,0
K14J80V,0,0,301,0,0
K14J92C,0,301,0,0,0
K14J92Q,301,0,0,0,0
K14KA1S,0,301,0,0,0
K14KA1T,301,0,0,0,0
K14KA1X,301,0,0,0,0
K14KA2A,0,0,301,0,0
K14KA2B,301,0,0,0,0
K14KA2C,301,0,0,0,0
K14KA2D,301,0,0,0,0
K14KB3E,301,0,0,0,0
K14L28O,0,301,0,0,0
K14L28Q,0,301,0,0,0
K14L28T,0,301,0,0,0
K14L28U,0,0,0,301,0
K14M69X,0,0,301,0,0
K14M70E,0,301,0,0,0
K14M70F,301,0,0,0,0
K14M70G,0,301,0,0,0
K14M70H,301,0,0,0,0
K14MA3B,0,301,0,0,0
K14MA5H,282,19,0,0,0
K14N65V,0,0,301,0,0
K14N65Y,0,301,0,0,0
K14N66A,32,268,1,0,0
K14N66B,0,301,0,0,0
K14N66C,0,301,0,0,0
K14N81D,0,301,0,0,0
K14N86T,301,0,0,0,0
K14N96B,0,301,0,0,0
K14Od3V,301,0,0,0,0
K14Od3W,0,0,301,0,0
K14Od3Y,0,0,301,0,0
K14Od4C,0,301,0,0,0
K14Od4D,0,301,0,0,0
K14Od4F,0,301,0,0,0
K14Od4J,0,301,0,0,0
K14Od4Q,0,0,0,301,0
K14P70N,0,301,0,0,0
K14P70S,0,301,0,0,0
K14P82M,301,0,0,0,0
K14P88E,0,301,0,0,0
K14PA2Z,1,300,0,0,0
K14Qh3F,0,301,0,0,0
K14Qi1M,301,0,0,0,0
K14Qi1O,301,0,0,0,0
K14Qi1P,0,301,0,0,0
K14Qi1U,0,301,0,0,0
K14Qi1W,0,301,0,0,0
K14Qi1Y,301,0,0,0,0
K14Qi2C,301,0,0,0,0
K14Qi2E,0,301,0,0,0
K14Qi2F,0,301,0,0,0
K14Qi2G,0,0,0,301,0
K14Qn5T,0,0,0,301,0
K14Qn5U,301,0,0,0,0
K14Qn5V,1,0,0,300,0
K14Qn5W,0,0,301,0,0
K14Qp0S,301,0,0,0,0
K14Qp0T,301,0,0,0,0
K14Qp0U,0,301,0,0,0
K14Qp0V,0,301,0,0,0
K14Qp0X,0,301,0,0,0
K14Qp0Y,0,301,0,0,0
K14Qp0Z,301,0,0,0,0
K14Qq7B,0,301,0,0,0
K14Qu2F,301,0,0,0,0
K14Qu2G,301,0,0,0,0
K14Qu2H,0,301,0,0,0
K14Qu2J,0,301,0,0,0
K14Qu2K,0,301,0,0,0
K14Qu2L,0,301,0,0,0
K14Qu2M,32,269,0,0,0
K14Qu2P,0,0,0,301,0
K14Qu2Q,0,0,0,301,0
K14Qu2R,301,0,0,0,0
K14Qu2S,180,0,14,107,0
K14Qu2T,0,301,0,0,0
K14Qu2U,301,0,0,0,0
K14Qu2V,0,301,0,0,0
K14Qu2W,20,0,0,281,0
K14Qu2X,0,301,0,0,0
K14Qu2Y,0,301,0,0,0
K14Qu2Z,0,301,0,0,0
K14Qu3H,141,2,158,0,0
K14R70H,0,301,0,0,0
K14R70J,0,301,0,0,0
K14R74L,0,301,0,0,0
K14R74M,0,0,0,301,0
K14R74N,301,0,0,0,0
K14R74O,0,301,0,0,0
K14R86L,130,0,157,14,0
K14R86M,0,301,0,0,0
K14R86O,0,301,0,0,0
K14R86P,64,0,0,237,0
K14R86Q,0,301,0,0,0
K14R86R,1,300,0,0,0
K14R86S,0,301,0,0,0
K14R86T,0,301,0,0,0
K14R86U,301,0,0,0,0
K14R86V,273,0,0,28,0
K14R86W,301,0,0,0,0
K14R86X,0,301,0,0,0
K14R86Y,0,301,0,0,0
K14SY8Z,0,0,0,301,0
K14SY9S,88,0,0,213,0
K14SY9V,12,0,62,227,0
K14SZ0C,0,301,0,0,0
K14SZ0D,9,0,292,0,0
K14SZ0F,301,0,0,0,0
K14SZ0N,0,301,0,0,0
K14SZ0O,301,0,0,0,0
K14SZ0Q,0,301,0,0,0
K14SZ0R,8,0,0,293,0
K14Sa3M,0,301,0,0,0
K14Sa3N,0,301,0,0,0
K14Sa3O,0,301,0,0,0
K14Sa3P,0,0,0,301,0
K14Sa5A,0,301,0,0,0
K14Sb3M,0,301,0,0,0
K14Sb3N,2,0,0,299,0
K14Sb3O,0,301,0,0,0
K14Sb3P,301,0,0,0,0
K14Sb3Q,0,301,0,0,0
K14Sb3R,301,0,0,0,0
K14Sb3S,0,0,0,301,0
K14Sb3T,4,0,0,297,0
K14Sb3U,301,0,0,0,0
K14Sb3V,301,0,0,0,0
K14Sb3W,300,0,0,1,0
K14Sb3X,0,301,0,0,0
K14Sb3Y,0,301,0,0,0
K14Sb3Z,0,0,0,301,0
K14Sb4A,0,301,0,0,0
K14Sb4B,0,301,0,0,0
K14Sb4C,301,0,0,0,0
K14Sb8F,0,301,0,0,0
K14Sb8G,0,0,0,301,0
K14Sb8J,0,0,301,0,0
K14Se3D,160,0,1,140,0
K14Se3L,301,0,0,0,0
K14Se3N,96,0,102,103,0
K14Se3Q,193,0,0,108,0
K14Se3R,264,0,37,0,0
K14Se3S,0,301,0,0,0
K14Se3T,1,300,0,0,0
K14Se3U,0,301,0,0,0
K14Se3V,0,301,0,0,0
K14Se3W,0,301,0,0,0
K14Se3Y,0,0,0,301,0
K14Se3Z,0,301,0,0,0
K14Se4A,3,0,275,23,0
K14Se4B,301,0,0,0,0
K14Se4C,301,0,0,0,0
K14Se4D,301,0,0,0,0
K14Se4E,0,0,0,301,0
K14Se4F,0,301,0,0,0
K14Se4G,18,0,0,283,0
K14Se4H,0,0,0,301,0
K14Se4J,301,0,0,0,0
K14Se4K,301,0,0,0,0
K14Se4L,0,301,0,0,0
K14Se4R,0,301,0,0,0
K14T85T,0,301,0,0,0
K14T85X,0,301,0,0,0
K14T86B,0,301,0,0,0
K14T86E,0,301,0,0,0
K14T86F,0,301,0,0,0
K14T95L,301,0,0,0,0
K14T95M,301,0,0,0,0
K14TA0S,1,0,0,300,0
K14TA0T,225,0,0,76,0
K14TB4Y,0,301,0,0,0
K14TB5A,301,0,0,0,0
K14TB5C,0,0,0,301,0
K14TB5D,0,301,0,0,0
K14TB5G,0,301,0,0,0
K14TB5H,301,0,0,0,0
K14TB5J,301,0,0,0,0
K14TB5K,301,0,0,0,0
K14TB5L,301,0,0,0,0
K14TB5O,0,0,0,301,0
K14TB5P,67,0,0,234,0
K14TB5Q,301,0,0,0,0
K14TB5R,254,47,0,0,0
K14TB5T,301,0,0,0,0
K14TB5V,0,301,0,0,0
K14TB5W,0,301,0,0,0
K14TB5X,0,301,0,0,0
K14TB5Y,0,0,0,301,0
K14TB5Z,298,3,0,0,0
K14TB6A,0,301,0,0,0
K14TB6B,0,0,0,301,0
K14TB6D,0,301,0,0,0
K14TB6F,301,0,0,0,0
K14UJ2H,301,0,0,0,0
K14UM4F,0,301,0,0,0
K14UM4O,301,0,0,0,0
K14UM4Y,0,0,301,0,0
K14UM4Z,0,0,25,276,0
K14UM5A,0,0,114,187,0
K14UM5B,0,301,0,0,0
K14UM5C,301,0,0,0,0
K14UM5H,0,301,0,0,0
K14UM5N,0,0,0,301,0
K14UM8B,301,0,0,0,0
K14UM8C,0,301,0,0,0
K14UM8D,0,0,0,301,0
K14UM8E,301,0,0,0,0
K14UM8F,301,0,0,0,0
K14UM8G,0,0,0,301,0
K14UM8H,301,0,0,0,0
K14UM8J,0,301,0,0,0
K14UM8K,5,0,0,296,0
K14UM8L,0,301,0,0,0
K14UM8M,301,0,0,0,0
K14UM8N,0,301,0,0,0
K14UM8O,301,0,0,0,0
K14UM8P,0,301,0,0,0
K14UM8Q,301,0,0,0,0
K14UM8R,0,301,0,0,0
K14UM8S,301,0,0,0,0
K14UM8T,0,301,0,0,0
K14UM8U,301,0,0,0,0
K14UM8V,301,0,0,0,0
K14UM8W,301,0,0,0,0
K14UM8X,301,0,0,0,0
K14UM8Y,0,301,0,0,0
K14UM8Z,301,0,0,0,0
K14UM9A,301,0,0,0,0
K14UM9B,301,0,0,0,0
K14UM9C,0,301,0,0,0
K14UM9D,301,0,0,0,0
K14UM9E,0,301,0,0,0
K14UM9F,301,0,0,0,0
K14UM9H,0,301,0,0,0
K14UM9J,0,301,0,0,0
K14UM9K,0,301,0,0,0
K14UM9L,0,301,0,0,0
K14UM9M,301,0,0,0,0
K14UM9N,0,301,0,0,0
K14UM9O,301,0,0,0,0
K14UM9P,0,301,0,0,0
K14UM9Q,0,0,301,0,0
K14UM9R,0,301,0,0,0
K14UM9S,301,0,0,0,0
K14UM9T,301,0,0,0,0
K14UM9U,301,0,0,0,0
K14UM9V,164,0,0,137,0
K14UM9W,301,0,0,0,0
K14UM9Y,301,0,0,0,0
K14UN0A,301,0,0,0,0
K14UN0B,0,0,0,301,0
K14UN0C,0,301,0,0,0
K14UN1K,0,301,0,0,0
K14UN1O,301,0,0,0,0
K14UN3M,0,301,0,0,0
K14UO0U,1,300,0,0,0
K14UO1D,0,301,0,0,0
K14UO1E,0,301,0,0,0
K14UO1F,224,77,0,0,0
K14UP0N,0,301,0,0,0
K14UP0O,0,301,0,0,0
K14UP0P,0,0,0,301,0
K14UP0Q,301,0,0,0,0
K14UR6W,301,0,0,0,0
K14UR6X,0,301,0,0,0
K14UR6Y,301,0,0,0,0
K14UR6Z,0,301,0,0,0
K14UR7A,0,301,0,0,0
K14UR7B,301,0,0,0,0
K14UR7F,0,301,0,0,0
K14UR7G,0,301,0,0,0
K14UR7H,301,0,0,0,0
K14UR7J,0,301,0,0,0
K14UR7K,0,0,0,301,0
K14UR7L,299,2,0,0,0
K14UR7M,153,0,6,142,0
K14UR7N,0,301,0,0,0
K14UR7O,301,0,0,0,0
K14UR7P,0,0,0,301,0
K14UR7Q,301,0,0,0,0
K14UR7R,1,300,0,0,0
K14UR7S,174,0,0,127,0
K14UR7T,0,301,0,0,0
K14UR7U,0,301,0,0,0
K14UR7V,0,0,0,301,0
K14UR7X,69,0,0,232,0
K14UR7Y,0,301,0,0,0
K14UR8E,231,70,0,0,0
K14V37T,301,0,0,0,0
K14V37W,0,301,0,0,0
K14V39V,0,301,0,0,0
K14V41B,0,0,0,301,0
K14V41C,11,0,290,0,0
K14V43K,0,301,0,0,0
K14V43L,0,301,0,0,0
K14V43M,0,0,301,0,0
K14V43N,301,0,0,0,0
K14V43O,0,301,0,0,0
K14V43P,147,0,0,154,0
K14Wo9C,301,0,0,0,0
K14Wo9M,301,0,0,0,0
K14Wo9P,0,301,0,0,0
K14Wo9S,0,301,0,0,0
K14Wo9W,0,301,0,0,0
K14Wp0B,301,0,0,0,0
K14Wp0E,301,0,0,0,0
K14Wp0K,0,0,0,301,0
K14Wp0M,301,0,0,0,0
K14Wp0N,0,0,301,0,0
K14Wp0O,301,0,0,0,0
K14Wp0R,301,0,0,0,0
K14Wp7L,0,0,0,301,0
K14Wp7M,301,0,0,0,0
K14Wr5Y,0,0,0,301,0
K14Wr6B,0,0,301,0,0
K14Wr6C,301,0,0,0,0
K14Wr6D,301,0,0,0,0
K14Wt5Y,0,0,0,301,0
K14Wt5Z,0,301,0,0,0
K14Wt6A,301,0,0,0,0
K14Wt6C,0,301,0,0,0
K14Wt6D,0,0,0,301,0
K14Wt6E,0,0,0,301,0
K14Wy1X,301,0,0,0,0
K14Wy1Y,0,0,0,301,0
K14Wy1Z,17,0,0,284,0
K14Wy2A,0,301,0,0,0
K14Wy2B,301,0,0,0,0
K14Wy2C,0,301,0,0,0
K14Wy2D,86,215,0,0,0
K14Wy2E,101,0,0,200,0
K14Wy2F,4,0,0,297,0
K14Wy2G,0,301,0,0,0
K14Wy2H,12,289,0,0,0
K14Wy2J,292,0,0,9,0
K14Wy2L,0,301,0,0,0
K14Wy2M,0,301,0,0,0
K14Wz6L,0,301,0,0,0
K14X40W,0,0,0,301,0
K14X40Y,0,301,0,0,0
K14X40Z,0,301,0,0,0
K14X47W,301,0,0,0,0
K14X47X,0,0,0,301,0
K14X47Y,0,301,0,0,0
K14X47Z,0,301,0,0,0
K14X48A,0,301,0,0,0
K14X48B,301,0,0,0,0
K14X48C,0,301,0,0,0
K14X54R,0,0,0,301,0
K14X54S,0,301,0,0,0
K14X54T,301,0,0,0,0
K14X54U,62,0,0,239,0
K14Y49Y,0,0,301,0,0
K14Y50A,0,301,0,0,0
K14Y50D,0,0,301,0,0
K14Y50L,301,0,0,0,0
K14Y72R,301,0,0,0,0
K14Y72S,0,0,171,130,0
K14Y72T,0,301,0,0,0
K14Y72U,0,301,0,0,0
K14Y91W,0,301,0,0,0
K14Y91X,0,0,0,301,0
K14Y91Z,301,0,0,0,0
K14Y92A,0,301,0,0,0
K14Y92B,300,0,1,0,0
K14Y92C,0,0,218,83,0
K14Y92D,0,0,0,301,0
K14Y92E,223,0,0,78,0
K14Y92F,0,301,0,0,0
K14Y92G,301,0,0,0,0
K14Y92H,0,301,0,0,0
K14Y92J,301,0,0,0,0
K14Y99Q,0,0,0,301,0
K15AS1H,301,0,0,0,0
K15AS1J,0,301,0,0,0
K15AS1L,0,301,0,0,0
K15AT3Q,0,301,0,0,0
K15AT3R,300,0,0,1,0
K15AT3S,218,0,0,83,0
K15AU4N,36,0,53,212,0
K15Bp8L,299,2,0,0,0
K15Bp8P,301,0,0,0,0
K15Bp8Q,0,301,0,0,0
K15Bp8S,0,301,0,0,0
K15Bp8Y,301,0,0,0,0
K15Bp9A,301,0,0,0,0
K15Bp9C,301,0,0,0,0
K15Bu8E,0,0,301,0,0
K15Bu8G,185,0,0,116,0
K15DM5A,30,0,0,271,0
K15DO8W,0,0,0,301,0
K15DO8Z,5,0,0,296,0
K15DO9A,301,0,0,0,0
K15DO9B,0,301,0,0,0
K15DO9C,0,301,0,0,0
K15DO9M,0,0,0,301,0
K15DO9S,0,0,301,0,0
K15DO9U,0,0,0,301,0
K15DO9X,163,0,0,138,0
K15DP0Z,0,301,0,0,0
K15FY5R,301,0,0,0,0
K15FY5S,0,301,0,0,0
K15Fd2W,1,300,0,0,0
K15Fe3U,0,0,0,301,0
K15Ff5G,61,0,10,230,0
K15G50Q,0,301,0,0,0
K15G50S,299,1,1,0,0
K15G51Y,301,0,0,0,0
K15G54F,301,0,0,0,0
K15G54G,301,0,0,0,0
K15G54J,301,0,0,0,0
K15G54K,301,0,0,0,0
K15G54L,301,0,0,0,0
K15G54M,301,0,0,0,0
K15G54N,301,0,0,0,0
K15G54O,301,0,0,0,0
K15G54P,301,0,0,0,0
K15G54Q,301,0,0,0,0
K15G54R,301,0,0,0,0
K15G54S,301,0,0,0,0
K15G54T,301,0,0,0,0
K15G54U,301,0,0,0,0
K15G54V,301,0,0,0,0
K15G54W,301,0,0,0,0
K15G54X,301,0,0,0,0
K15G54Y,301,0,0,0,0
K15G54Z,301,0,0,0,0
K15G55A,301,0,0,0,0
K15G55B,35,0,183,83,0
K15G55C,301,0,0,0,0
K15G55D,296,5,0,0,0
K15G55E,235,66,0,0,0
K15G55F,301,0,0,0,0
K15G55G,301,0,0,0,0
K15G55H,297,4,0,0,0
K15G55J,301,0,0,0,0
K15G55K,301,0,0,0,0
K15G55L,301,0,0,0,0
K15G55M,301,0,0,0,0
K15G55N,301,0,0,0,0
K15G55O,283,18,0,0,0
K15G55P,301,0,0,0,0
K15G55Q,0,301,0,0,0
K15G55R,129,172,0,0,0
K15G55S,0,301,0,0,0
K15G55T,279,4,1,17,0
K15G55U,0,0,301,0,0
K15G55V,0,0,301,0,0
K15G55W,45,0,256,0,0
K15G55Y,0,0,301,0,0
K15G55Z,1,0,0,300,0
K15G56A,0,0,0,301,0
K15G56B,87,0,0,214,0
K15G56C,0,0,0,301,0
K15G56D,24,0,0,277,0
K15G56F,0,301,0,0,0
K15G56G,0,301,0,0,0
K15G56H,0,301,0,0,0
K15G56J,0,301,0,0,0
K15G56K,0,301,0,0,0
K15G56L,0,301,0,0,0
K15G56M,0,301,0,0,0
K15G56N,0,301,0,0,0
K15G56O,0,301,0,0,0
K15G56P,0,301,0,0,0
K15G56Q,0,301,0,0,0
K15G56R,0,301,0,0,0
K15G56S,0,301,0,0,0
K15G56T,0,301,0,0,0
K15G56U,0,301,0,0,0
K15G56V,0,301,0,0,0
K15G56W,0,301,0,0,0
K15G56X,0,301,0,0,0
K15G56Y,0,301,0,0,0
K15G56Z,0,301,0,0,0
K15G57A,0,301,0,0,0
K15G57B,0,301,0,0,0
K15G57C,0,301,0,0,0
K15G57D,0,301,0,0,0
K15G57E,0,301,0,0,0
K15G57F,0,301,0,0,0
K15G57G,0,301,0,0,0
K15G57H,0,301,0,0,0
K15G57J,0,301,0,0,0
K15G57K,0,301,0,0,0
K15G57L,0,301,0,0,0
K15G57M,0,301,0,0,0
K15G57N,0,301,0,0,0
K15G57O,0,301,0,0,0
K15G57P,0,301,0,0,0
K15G57Q,82,219,0,0,0
K15G57R,0,301,0,0,0
K15G57S,0,301,0,0,0
K15G57T,0,301,0,0,0
K15G57U,0,301,0,0,0
K15G57V,0,301,0,0,0
K15G57W,0,301,0,0,0
K15G57X,0,301,0,0,0
K15G57Y,0,301,0,0,0
K15G57Z,0,301,0,0,0
K15G58A,0,301,0,0,0
K15G58B,0,301,0,0,0
K15G58C,0,301,0,0,0
K15G58D,0,301,0,0,0
K15G58E,0,301,0,0,0
K15G58F,0,301,0,0,0
K15G58H,0,301,0,0,0
K15G58J,0,301,0,0,0
K15G58K,0,301,0,0,0
K15G58L,0,301,0,0,0
K15G58M,0,301,0,0,0
K15G58O,0,301,0,0,0
K15G58P,0,301,0,0,0
K15G58Q,0,301,0,0,0
K15G58S,0,301,0,0,0
K15G58T,0,301,0,0,0
K15G58U,0,301,0,0,0
K15G58W,0,301,0,0,0
K15G58X,2,299,0,0,0
K15G58Y,0,301,0,0,0
K15G58Z,0,301,0,0,0
K15G59A,0,301,0,0,0
K15G59B,0,301,0,0,0
K15G59C,0,301,0,0,0
K15G59D,0,301,0,0,0
K15G59E,0,301,0,0,0
K15G59G,0,301,0,0,0
K15G59H,0,301,0,0,0
K15G59J,0,301,0,0,0
K15G65R,301,0,0,0,0
K15HJ5F,301,0,0,0,0
K15HJ6Z,0,301,0,0,0
K15KG2H,0,0,0,301,0
K15KG3C,0,301,0,0,0
K15KG7L,299,0,2,0,0
K15KG7M,301,0,0,0,0
K15KH2E,301,0,0,0,0
K15KH2G,138,0,0,163,0
K15KH3C,301,0,0,0,0
K15KH3D,301,0,0,0,0
K15KH3E,301,0,0,0,0
K15KH3F,301,0,0,0,0
K15KH3G,301,0,0,0,0
K15KH3H,301,0,0,0,0
K15KH3J,301,0,0,0,0
K15KH3K,301,0,0,0,0
K15KH3L,301,0,0,0,0
K15KH3M,301,0,0,0,0
K15KH3N,301,0,0,0,0
K15KH3O,301,0,0,0,0
K15KH3P,301,0,0,0,0
K15KH3Q,301,0,0,0,0
K15KH3R,301,0,0,0,0
K15KH3S,301,0,0,0,0
K15KH3T,301,0,0,0,0
K15KH3U,301,0,0,0,0
K15KH3V,301,0,0,0,0
K15KH3W,301,0,0,0,0
K15KH3X,301,0,0,0,0
K15KH3Y,301,0,0,0,0
K15KH3Z,301,0,0,0,0
K15KH4A,301,0,0,0,0
K15KH4B,243,58,0,0,0
K15KH4C,301,0,0,0,0
K15KH4D,301,0,0,0,0
K15KH4E,301,0,0,0,0
K15KH4F,300,0,1,0,0
K15KH4G,301,0,0,0,0
K15KH4H,301,0,0,0,0
K15KH4J,301,0,0,0,0
K15KH4K,301,0,0,0,0
K15KH4L,301,0,0,0,0
K15KH4M,301,0,0,0,0
K15KH4N,0,301,0,0,0
K15KH4O,301,0,0,0,0
K15KH4P,0,301,0,0,0
K15KH4Q,0,301,0,0,0
K15KH4R,0,0,301,0,0
K15KH4S,0,0,301,0,0
K15KH4T,0,0,0,301,0
K15KH4U,0,0,301,0,0
K15KH4V,0,0,0,301,0
K15KH4X,0,0,0,301,0
K15KH4Y,0,0,0,301,0
K15KH4Z,0,0,4,297,0
K15KH5A,0,301,0,0,0
K15KH5B,0,301,0,0,0
K15KH5C,0,301,0,0,0
K15KH5D,0,301,0,0,0
K15KH5E,0,301,0,0,0
K15KH5F,0,301,0,0,0
K15KH5G,0,301,0,0,0
K15KH5H,0,301,0,0,0
K15KH5K,0,301,0,0,0
K15KH5L,0,301,0,0,0
K15KH5M,0,301,0,0,0
K15KH5N,0,301,0,0,0
K15KH5O,0,301,0,0,0
K15KH5P,0,301,0,0,0
K15KH5Q,0,301,0,0,0
K15KH5R,0,301,0,0,0
K15KH5S,0,301,0,0,0
K15KH5T,0,301,0,0,0
K15KH5U,0,301,0,0,0
K15KH5V,0,301,0,0,0
K15KH5W,0,301,0,0,0
K15KH5X,0,301,0,0,0
K15KH5Y,0,301,0,0,0
K15KH5Z,0,301,0,0,0
K15KH6A,0,301,0,0,0
K15KH6B,0,301,0,0,0
K15KH6C,0,301,0,0,0
K15KH6D,0,301,0,0,0
K15KH8G,301,0,0,0,0
K15KH8K,0,301,0,0,0
K15KJ9K,97,0,2,202,0
K15KJ9L,0,301,0,0,0
K15KJ9M,301,0,0,0,0
K15MF0L,0,301,0,0,0
K15MK4Q,0,0,0,301,0
K15PV2D,301,0,0,0,0
K15PV2F,0,301,0,0,0
K15PV2L,0,301,0,0,0
K15Q11T,0,301,0,0,0
K15Q14L,131,170,0,0,0
K15Q23W,0,301,0,0,0
K15Q33V,301,0,0,0,0
K15Q33W,0,301,0,0,0
K15Q33X,0,301,0,0,0
K15Q33Y,0,301,0,0,0
K15Q33Z,11,0,0,290,0
K15Q34A,195,0,0,106,0
K15Q34B,301,0,0,0,0
K15Q34C,279,0,0,22,0
K15Q34L,301,0,0,0,0
K15RO5S,0,301,0,0,0
K15RO5T,0,301,0,0,0
K15RO5U,0,0,301,0,0
K15RO5W,0,0,301,0,0
K15RR7C,0,301,0,0,0
K15RR7J,0,301,0,0,0
K15RR7R,301,0,0,0,0
K15RR7S,301,0,0,0,0
K15RR7T,301,0,0,0,0
K15RR7U,301,0,0,0,0
K15RR7V,301,0,0,0,0
K15RR7X,301,0,0,0,0
K15RR7Y,301,0,0,0,0
K15RR7Z,160,0,141,0,0
K15RR8A,300,0,1,0,0
K15RR8B,263,0,0,38,0
K15RR8C,10,291,0,0,0
K15RR8D,301,0,0,0,0
K15RR8E,282,19,0,0,0
K15RR8F,56,245,0,0,0
K15RR8G,301,0,0,0,0
K15RR8H,293,0,8,0,0
K15RR8J,301,0,0,0,0
K15RR8K,301,0,0,0,0
K15RR8L,295,0,0,6,0
K15RR8M,47,254,0,0,0
K15RR8O,301,0,0,0,0
K15RR8P,0,301,0,0,0
K15RR8Q,0,301,0,0,0
K15RR8R,301,0,0,0,0
K15RR8S,301,0,0,0,0
K15RR8T,301,0,0,0,0
K15RR8U,0,10,0,291,0
K15RR8V,257,0,0,44,0
K15RR8X,0,301,0,0,0
K15RR8Y,0,301,0,0,0
K15RR8Z,0,0,301,0,0
K15RR9A,0,0,301,0,0
K15RR9B,0,0,301,0,0
K15RR9C,0,0,301,0,0
K15RR9D,87,0,161,53,0
K15RR9E,123,0,0,178,0
K15RR9F,0,15,286,0,0
K15RR9G,5,0,0,296,0
K15RR9H,83,0,0,218,0
K15RR9J,0,0,0,301,0
K15RR9L,0,301,0,0,0
K15RR9M,0,301,0,0,0
K15RR9N,0,301,0,0,0
K15RR9P,0,301,0,0,0
K15RR9Q,0,301,0,0,0
K15RR9R,0,301,0,0,0
K15RR9S,0,301,0,0,0
K15RR9T,0,301,0,0,0
K15RR9U,0,301,0,0,0
K15RR9V,0,301,0,0,0
K15RR9W,0,301,0,0,0
K15RR9Y,0,301,0,0,0
K15RR9Z,0,301,0,0,0
K15RS0A,0,301,0,0,0
K15RS0B,0,301,0,0,0
K15RS0C,0,301,0,0,0
K15RS0D,0,301,0,0,0
K15RS0E,0,301,0,0,0
K15RS0F,0,301,0,0,0
K15RS0G,0,301,0,0,0
K15RS0H,0,301,0,0,0
K15RS0L,0,301,0,0,0
K15RS0M,0,301,0,0,0
K15RS0N,0,301,0,0,0
K15RS0O,0,301,0,0,0
K15RS0P,0,301,0,0,0
K15RS0Q,0,301,0,0,0
K15RS0R,0,301,0,0,0
K15RS0S,0,301,0,0,0
K15RS0T,0,301,0,0,0
K15RS0W,0,301,0,0,0
K15RS0X,0,301,0,0,0
K15RS0Y,0,301,0,0,0
K15RS1A,0,301,0,0,0
K15RS1B,0,301,0,0,0
K15RS1C,0,301,0,0,0
K15RS1D,0,301,0,0,0
K15RS1E,0,301,0,0,0
K15RS1F,0,301,0,0,0
K15RS1G,0,301,0,0,0
K15RS1H,0,301,0,0,0
K15RS1J,0,301,0,0,0
K15RS1K,0,301,0,0,0
K15RS1L,0,301,0,0,0
K15RS1M,0,301,0,0,0
K15RS1N,0,301,0,0,0
K15RS1O,0,301,0,0,0
K15RS1P,0,301,0,0,0
K15RS1Q,25,0,276,0,0
K15RX4V,301,0,0,0,0
K15RY5X,0,301,0,0,0
K15RY5Y,0,301,0,0,0
K15S20P,0,301,0,0,0
K15S20V,301,0,0,0,0
K15S49Z,0,301,0,0,0
K15Ta0Y,301,0,0,0,0
K15Ta1A,0,301,0,0,0
K15Ta1C,301,0,0,0,0
K15Ta1J,0,301,0,0,0
K15Ta1L,301,0,0,0,0
K15Ta1P,301,0,0,0,0
K15Ta1R,301,0,0,0,0
K15Ta1V,111,0,11,179,0
K15Ta1W,301,0,0,0,0
K15Ta2F,14,0,0,287,0
K15Ta2G,0,301,0,0,0
K15Ta2P,0,0,0,301,0
K15Ta2R,297,4,0,0,0
K15Ta3J,0,301,0,0,0
K15Ta3K,0,301,0,0,0
K15Ta3S,301,0,0,0,0
K15Ta3X,0,301,0,0,0
K15Ta7G,14,79,0,208,0
K15Te8Q,301,0,0,0,0
K15Tj4P,0,0,301,0,0
K15Tj4Q,10,0,0,291,0
K15U84K,3,215,0,83,0
K15U87H,187,0,114,0,0
K15UA5O,0,0,0,301,0
K15VF7D,301,0,0,0,0
K15VG4A,0,301,0,0,0
K15VG4B,0,301,0,0,0
K15VG4C,0,301,0,0,0
K15VG4D,0,301,0,0,0
K15VG4J,301,0,0,0,0
K15VG4K,301,0,0,0,0
K15VG4L,301,0,0,0,0
K15VG4M,301,0,0,0,0
K15VG4N,301,0,0,0,0
K15VG4O,301,0,0,0,0
K15VG4P,301,0,0,0,0
K15VG4R,301,0,0,0,0
K15VG4S,301,0,0,0,0
K15VG4U,301,0,0,0,0
K15VG4V,301,0,0,0,0
K15VG4W,301,0,0,0,0
K15VG4X,301,0,0,0,0
K15VG4Y,301,0,0,0,0
K15VG4Z,301,0,0,0,0
K15VG5A,301,0,0,0,0
K15VG5B,301,0,0,0,0
K15VG5C,301,0,0,0,0
K15VG5D,301,0,0,0,0
K15VG5E,301,0,0,0,0
K15VG5F,301,0,0,0,0
K15VG5G,301,0,0,0,0
K15VG5H,301,0,0,0,0
K15VG5J,301,0,0,0,0
K15VG5K,301,0,0,0,0
K15VG5L,301,0,0,0,0
K15VG5M,301,0,0,0,0
K15VG5N,301,0,0,0,0
K15VG5O,301,0,0,0,0
K15VG5P,301,0,0,0,0
K15VG5Q,301,0,0,0,0
K15VG5R,300,1,0,0,0
K15VG5S,301,0,0,0,0
K15VG5T,301,0,0,0,0
K15VG5U,301,0,0,0,0
K15VG5V,301,0,0,0,0
K15VG5W,301,0,0,0,0
K15VG5X,301,0,0,0,0
K15VG5Y,301,0,0,0,0
K15VG5Z,301,0,0,0,0
K15VG6A,301,0,0,0,0
K15VG6B,301,0,0,0,0
K15VG6C,300,0,1,0,0
K15VG6D,301,0,0,0,0
K15VG6E,301,0,0,0,0
K15VG6F,301,0,0,0,0
K15VG6G,301,0,0,0,0
K15VG6H,301,0,0,0,0
K15VG6J,301,0,0,0,0
K15VG6K,301,0,0,0,0
K15VG6L,301,0,0,0,0
K15VG6M,301,0,0,0,0
K15VG6N,301,0,0,0,0
K15VG6O,195,0,53,53,0
K15VG6P,11,0,150,140,0
K15VG6Q,137,164,0,0,0
K15VG6R,301,0,0,0,0
K15VG6S,301,0,0,0,0
K15VG6T,301,0,0,0,0
K15VG6U,301,0,0,0,0
K15VG6V,300,1,0,0,0
K15VG6W,295,6,0,0,0
K15VG6X,301,0,0,0,0
K15VG6Y,300,1,0,0,0
K15VG6Z,283,18,0,0,0
K15VG7A,301,0,0,0,0
K15VG7B,169,132,0,0,0
K15VG7C,301,0,0,0,0
K15VG7D,301,0,0,0,0
K15VG7E,301,0,0,0,0
K15VG7F,301,0,0,0,0
K15VG7G,301,0,0,0,0
K15VG7H,301,0,0,0,0
K15VG7J,301,0,0,0,0
K15VG7K,301,0,0,0,0
K15VG7M,301,0,0,0,0
K15VG7N,301,0,0,0,0
K15VG7O,21,0,0,280,0
K15VG7P,0,301,0,0,0
K15VG7Q,36,0,0,265,0
K15VG7R,279,0,22,0,0
K15VG7S,297,0,0,4,0
K15VG7T,294,7,0,0,0
K15VG7U,0,301,0,0,0
K15VG7V,98,203,0,0,0
K15VG7W,0,301,0,0,0
K15VG7X,0,301,0,0,0
K15VG7Y,0,301,0,0,0
K15VG7Z,0,0,301,0,0
K15VG8A,81,0,220,0,0
K15VG8B,43,0,258,0,0
K15VG8C,0,0,301,0,0
K15VG8D,7,0,294,0,0
K15VG8E,0,0,301,0,0
K15VG8F,0,0,301,0,0
K15VG8G,45,0,0,256,0
K15VG8H,0,0,0,301,0
K15VG8J,98,0,0,203,0
K15VG8K,0,0,0,301,0
K15VG8L,107,0,24,170,0
K15VG8M,0,0,0,301,0
K15VG8N,0,0,0,301,0
K15VG8O,0,0,0,301,0
K15VG8P,0,301,0,0,0
K15VG8Q,0,301,0,0,0
K15VG8R,0,301,0,0,0
K15VG8S,0,301,0,0,0
K15VG8T,0,301,0,0,0
K15VG8U,0,301,0,0,0
K15VG8V,0,301,0,0,0
K15VG8W,0,301,0,0,0
K15VG8X,0,301,0,0,0
K15VG8Y,0,301,0,0,0
K15VG8Z,0,301,0,0,0
K15VG9A,0,301,0,0,0
K15VG9B,0,301,0,0,0
K15VG9C,59,242,0,0,0
K15VG9D,0,301,0,0,0
K15VG9E,0,301,0,0,0
K15VG9F,0,301,0,0,0
K15VG9G,0,301,0,0,0
K15VG9H,0,301,0,0,0
K15VG9J,0,301,0,0,0
K15VG9K,0,301,0,0,0
K15VG9L,0,301,0,0,0
K15VG9M,0,301,0,0,0
K15VG9R,0,301,0,0,0
K15VG9S,0,301,0,0,0
K15VG9T,0,301,0,0,0
K15VG9U,0,301,0,0,0
K15VG9V,0,301,0,0,0
K15VG9W,0,301,0,0,0
K15VG9X,0,301,0,0,0
K15VG9Z,0,301,0,0,0
K15VH0B,0,301,0,0,0
K15VH0C,0,301,0,0,0
K15VH0D,0,301,0,0,0
K15VH0E,18,283,0,0,0
K15VH0F,0,301,0,0,0
K15VH0G,0,301,0,0,0
K15VH0H,0,301,0,0,0
K15VH0J,0,301,0,0,0
K15VH0K,0,301,0,0,0
K15VH0L,0,301,0,0,0
K15VH0M,0,301,0,0,0
K15VH0N,0,301,0,0,0
K15VH0O,0,301,0,0,0
K15VH0P,0,301,0,0,0
K15VH0Q,0,301,0,0,0
K15VH0R,0,301,0,0,0
K15VH0S,0,301,0,0,0
K15VH0T,0,301,0,0,0
K15VH0U,0,301,0,0,0
K15VH0V,0,301,0,0,0
K15VH0W,0,301,0,0,0
K15VH0X,0,301,0,0,0
K15VH0Y,0,301,0,0,0
K15VH0Z,0,301,0,0,0
K15VH1A,0,301,0,0,0
K15VH1B,0,301,0,0,0
K15VH1C,0,301,0,0,0
K15VH1D,0,301,0,0,0
K15VH1E,0,301,0,0,0
K15VH1F,0,301,0,0,0
K15VH1G,0,301,0,0,0
K15VH1H,0,301,0,0,0
K15VH1J,0,301,0,0,0
K15VH1K,0,301,0,0,0
K15VH1L,0,301,0,0,0
K15VH1M,0,301,0,0,0
K15VH1N,0,301,0,0,0
K15VH1O,0,301,0,0,0
K15VH1P,0,301,0,0,0
K15VH1Q,0,301,0,0,0
K15VH1R,0,301,0,0,0
K15VH1S,0,301,0,0,0
K15VH1T,0,301,0,0,0
K15VH1U,0,301,0,0,0
K15VH1V,0,301,0,0,0
K15VH1W,0,301,0,0,0
K15VH1X,0,301,0,0,0
K15VH1Y,0,301,0,0,0
K15VH1Z,0,301,0,0,0
K15VH2A,0,301,0,0,0
K15VH2C,0,301,0,0,0
K15VH2D,4,297,0,0,0
K15VH2E,0,301,0,0,0
K15VH2F,0,301,0,0,0
K15VH2G,0,301,0,0,0
K15VH2H,0,301,0,0,0
K15VH2J,0,301,0,0,0
K15VH2L,0,301,0,0,0
K15VH2M,0,301,0,0,0
K15VH2N,0,301,0,0,0
K15VH2O,0,301,0,0,0
K15VH2P,0,301,0,0,0
K15VH2R,0,301,0,0,0
K15VH2S,0,301,0,0,0
K15VH2T,0,301,0,0,0
K15VH2U,0,301,0,0,0
K15VH2V,0,301,0,0,0
K15VH2W,0,301,0,0,0
K15VH2X,0,301,0,0,0
K15VH2Y,0,301,0,0,0
K15VH2Z,0,301,0,0,0
K15VH3A,0,301,0,0,0
K15VH3B,0,301,0,0,0
K15VH3C,0,301,0,0,0
K15VH3D,0,301,0,0,0
K15VH3E,0,301,0,0,0
K15VH3F,0,301,0,0,0
K15VH3G,0,301,0,0,0
K15VH3H,0,301,0,0,0
K15VH3J,0,301,0,0,0
K15VH3K,0,301,0,0,0
K15VH3L,0,301,0,0,0
K15VH3M,0,301,0,0,0
K15VH3N,0,301,0,0,0
K15VH3O,0,301,0,0,0
K15VH3Q,0,301,0,0,0
K15VH3R,0,301,0,0,0
K15VH3S,0,301,0,0,0
K15VH3T,0,301,0,0,0
K15VI1J,0,301,0,0,0
K15VI4X,16,0,0,285,0
K15VI4Z,301,0,0,0,0
K15VK2O,301,0,0,0,0
K15VK2P,0,0,0,301,0
K15VK7Q,0,0,301,0,0
K15VK7R,1,0,0,300,0
K15VK7S,0,0,301,0,0
K15VK7T,42,0,0,259,0
K15VK7U,301,0,0,0,0
K15VK7V,177,0,0,124,0
K15VK8B,60,0,0,241,0
K15Xm0O,299,2,0,0,0
K16AR8N,0,301,0,0,0
K16CS9D,100,0,0,201,0
K16CW3N,43,0,258,0,0
K16F58X,0,0,0,301,0
K16F59L,0,301,0,0,0
K16F59N,0,0,0,301,0
K16F60C,301,0,0,0,0
K16F60D,0,301,0,0,0
K16FG4K,0,301,0,0,0
K16GR6Z,30,0,271,0,0
K16GR7B,32,0,0,269,0
K16L89X,0,301,0,0,0
K16PL9N,301,0,0,0,0
K16PL9U,0,301,0,0,0
K16PM0K,19,254,0,28,0
K16PM0L,3,0,118,180,0
K16PM0M,0,301,0,0,0
K16PM0N,0,301,0,0,0
K16PM0O,0,301,0,0,0
K16PM0P,0,301,0,0,0
K16PM0T,0,301,0,0,0
K16Q85P,18,0,0,283,0
K16QD3Z,301,0,0,0,0
K16QD4L,0,301,0,0,0
K16QD4M,0,301,0,0,0
K16QD4N,301,0,0,0,0
K16QD4O,301,0,0,0,0
K16QD4P,60,0,1,240,0
K16QD4V,301,0,0,0,0
K16QD4W,0,301,0,0,0
K16QD4X,0,301,0,0,0
K16QD4Y,0,301,0,0,0
K16QD4Z,0,301,0,0,0
K16QD5A,0,301,0,0,0
K16QD5B,0,0,301,0,0
K16QD5C,0,301,0,0,0
K16QD5D,0,301,0,0,0
K16QD5E,0,301,0,0,0
K16QD5F,0,0,0,301,0
K16QD5G,0,301,0,0,0
K16R81U,0,301,0,0,0
K16R81V,0,301,0,0,0
K16R81X,0,301,0,0,0
K16R82A,0,301,0,0,0
K16R82D,0,301,0,0,0
K16R82F,0,0,0,301,0
K16R82G,0,301,0,0,0
K16R82H,0,301,0,0,0
K16R82J,0,301,0,0,0
K16R82K,0,301,0,0,0
K16R82L,301,0,0,0,0
K16R82M,0,301,0,0,0
K16R82O,0,301,0,0,0
K16R82P,300,1,0,0,0
K16R82Q,0,301,0,0,0
K16R82R,0,301,0,0,0
K16R82S,0,301,0,0,0
K16R82T,0,301,0,0,0
K16R82W,18,0,0,283,0
K16R82X,0,301,0,0,0
K16S46S,4,2,295,0,0
K16S55Q,0,301,0,0,0
K16S55S,21,0,0,280,0
K16S55U,0,301,0,0,0
K16S55Y,301,0,0,0,0
K16S56A,0,0,0,301,0
K16S56B,0,301,0,0,0
K16S56E,301,0,0,0,0
K16S56K,0,301,0,0,0
K16S56N,0,301,0,0,0
K16S56O,301,0,0,0,0
K16S56P,0,0,0,301,0
K16S56U,2,0,0,299,0
K16S56Y,0,301,0,0,0
K16S57F,301,0,0,0,0
K16S57J,301,0,0,0,0
K16S57U,0,301,0,0,0
K16S57W,0,301,0,0,0
K16S58E,0,301,0,0,0
K16S58J,301,0,0,0,0
K16S58Q,301,0,0,0,0
K16S58R,300,0,0,1,0
K16S58V,0,151,0,150,0
K16S59C,0,301,0,0,0
K16SA5J,0,301,0,0,0
K16SA5R,0,0,301,0,0
K16SA5W,301,0,0,0,0
K16SA5X,0,0,0,301,0
K16SA5Y,216,14,0,71,0
K16SA5Z,0,301,0,0,0
K16SA6B,0,301,0,0,0
K16T94S,301,0,0,0,0
K16T94T,0,301,0,0,0
K16T94W,0,301,0,0,0
K16T94Y,0,0,0,301,0
K16T94Z,0,301,0,0,0
K16T95A,301,0,0,0,0
K16TH6L,0,301,0,0,0
K16TH6M,0,0,0,301,0
K16UR3L,0,301,0,0,0
K16UR3O,301,0,0,0,0
K16UR3P,0,0,301,0,0
K16UR3Q,0,301,0,0,0
K16W75B,0,301,0,0,0
K16X34O,0,301,0,0,0
K17DC1M,0,301,0,0,0
K17DC1N,301,0,0,0,0
K17FG1O,300,0,0,1,0
K17FG1Q,301,0,0,0,0
K17FH3E,108,0,0,193,0
K17O69F,301,0,0,0,0
K17O69G,0,301,0,0,0
K17O69K,0,0,0,301,0
K17OG6W,301,0,0,0,0
K17QD1Q,0,301,0,0,0
K17QD1U,0,0,0,301,0
K17RD7Y,0,301,0,0,0
K17RD7Z,0,301,0,0,0
K17SR7E,154,0,0,147,0
K17SR9E,0,0,301,0,0
K17U51X,0,0,301,0,0
K17V34O,56,0,0,245,0
K17W30H,78,0,223,0,0
K17Y03K,301,0,0,0,0
K17Y05G,0,0,301,0,0
K18A18X,22,40,0,239,0
K18A18Z,11,91,0,199,0
K18A39H,105,196,0,0,0
K18A39K,0,0,0,301,0
K18M13F,252,0,49,0,0
K18V18G,301,0,0,0,0
K19A77C,5,2,0,294,0
K19E05T,99,70,0,132,0
K19G23J,0,301,0,0,0
K19GE0M,301,0,0,0,0
K19QA9S,0,301,0,0,0
K19QA9T,0,301,0,0,0
K19QA9U,0,301,0,0,0
K19QA9V,0,0,301,0,0
K19QA9Y,0,301,0,0,0
K19QA9Z,0,301,0,0,0
K19QB0A,0,301,0,0,0
K19QB0B,0,301,0,0,0
K19QB0D,0,301,0,0,0
K19QB0G,0,301,0,0,0
K19QB0H,0,301,0,0,0
K19QB0K,300,1,0,0,0
K19QB0L,1,300,0,0,0
K19QB0M,0,301,0,0,0
K19QB0N,0,301,0,0,0
K19QB0O,0,301,0,0,0
K19QB0P,0,301,0,0,0
K19QB0Q,0,301,0,0,0
K19QB0R,0,301,0,0,0
K19QB0S,0,301,0,0,0
K19QB0T,0,301,0,0,0
K19QB0U,0,301,0,0,0
K19QB0V,0,301,0,0,0
K19QB0X,0,301,0,0,0
K19QB0Y,0,301,0,0,0
K19QB0Z,301,0,0,0,0
K19QB1A,0,301,0,0,0
K19QB1B,0,301,0,0,0
K19QB1D,0,301,0,0,0
K19QB1E,0,301,0,0,0
K19QB1F,0,301,0,0,0
K19QB1G,0,301,0,0,0
K19QB1H,2,299,0,0,0
K19QB1L,0,301,0,0,0
K19QB1N,0,301,0,0,0
K19QB1P,0,301,0,0,0
K19QB1T,0,301,0,0,0
K19R04O,0,301,0,0,0
K19SE9S,0,0,301,0,0
K19SK4O,0,0,301,0,0
K19SN5B,0,301,0,0,0
K19SN5H,0,301,0,0,0
K19SN5J,0,301,0,0,0
K19SN5N,1,300,0,0,0
K19SN5O,0,301,0,0,0
K19SN5P,0,301,0,0,0
K19T07X,0,0,301,0,0
K19U12H,0,0,301,0,0
K20B63Q,0,301,0,0,0
K20B94Z,107,0,0,194,0
K20B95A,42,0,0,259,0
K20B95B,91,0,210,0,0
K20BA1Y,9,57,0,235,0
K20BA2F,34,0,0,267,0
K20C03M,0,0,299,2,0
K20D05D,0,0,301,0,0
K20D06H,15,286,0,0,0
K20D06J,129,172,0,0,0
K20F31B,300,0,0,1,0
K20F40P,73,0,0,228,0
K20F40Q,0,0,0,301,0
K20F40R,22,0,279,0,0
K20K11Q,300,1,0,0,0
K20K11S,1,0,300,0,0
K20K11V,0,0,301,0,0
K20K54E,301,0,0,0,0
K20K56J,0,301,0,0,0
K20Q83H,300,0,1,0,0
K20S35E,301,0,0,0,0
K20U73X,1,300,0,0,0
K20U73Y,0,300,1,0,0
K20U73Z,0,301,0,0,0
K20U74A,0,301,0,0,0
K20U74C,0,301,0,0,0
K20U74D,118,183,0,0,0
K20U74E,0,301,0,0,0
K20U74F,13,288,0,0,0
K20V26L,0,0,301,0,0
K21B15K,90,0,107,104,0
K21C46J,0,301,0,0,0
K21C46K,301,0,0,0,0
K21C46L,0,0,300,1,0
K21D15M,0,301,0,0,0
K21D15N,0,301,0,0,0
K21D15O,11,290,0,0,0
K21D15P,6,0,0,295,0
K21D15Q,301,0,0,0,0
K21D15R,0,0,0,301,0
K21D15S,0,301,0,0,0
K21D17G,0,301,0,0,0
K21D17H,0,301,0,0,0
K21D17J,0,0,0,301,0
K21D19N,0,301,0,0,0
K21F54Q,101,0,0,200,0
K21GC2U,0,0,0,301,0
K21GC2V,301,0,0,0,0
K21GC2W,17,284,0,0,0
K21L37L,0,0,0,301,0
K21L43N,301,0,0,0,0
K21L43U,0,301,0,0,0
K21Q98F,0,0,301,0,0
K21Q98G,0,0,0,301,0
K21Q98H,0,301,0,0,0
K21RK9V,0,0,57,244,0
K21RN6U,1,300,0,0,0
K21RN6V,0,301,0,0,0
K21RN6W,0,301,0,0,0
K21RN6X,0,301,0,0,0
K21RN6Y,0,301,0,0,0
K21RN6Z,51,250,0,0,0
K21RN7A,76,0,71,154,0
K21RN7B,0,301,0,0,0
K21RN7C,0,301,0,0,0
K21RN7D,0,301,0,0,0
K21RN7E,0,301,0,0,0
K21RN7F,0,301,0,0,0
K21RN7G,0,301,0,0,0
K21RN7H,0,301,0,0,0
K21RN7J,0,301,0,0,0
K21RN7K,0,301,0,0,0
K21RN7L,1,0,300,0,0
K21RN7M,301,0,0,0,0
K21RN7N,0,301,0,0,0
K21RN7R,0,301,0,0,0
K21RN7S,0,301,0,0,0
K21RN7T,280,21,0,0,0
K21RN7V,30,0,0,271,0
K21RN7W,87,0,6,208,0
K21RN7X,0,301,0,0,0
K21TG5H,0,0,296,5,0
K21TJ1P,18,281,0,2,0
K21X07D,0,0,0,301,0
K22F06R,4,297,0,0,0
K22F07A,300,0,1,0,0
K22F09H,106,0,195,0,0
K22F12G,31,270,0,0,0
K22F12K,16,285,0,0,0
K22G03Y,301,0,0,0,0
K22G03Z,0,301,0,0,0
K22G04P,43,258,0,0,0
K22G06V,102,0,199,0,0
K22G07G,0,301,0,0,0
K22H01E,0,301,0,0,0
K22H19Q,297,0,4,0,0
K22L02V,0,0,301,0,0
K22L16K,0,0,0,301,0
K22QQ1D,0,301,0,0,0
K22QQ1E,0,301,0,0,0
K22QQ1F,0,0,0,301,0
K22U10N,0,0,301,0,0
