{"signature": {"version": "1.3", "source": "NASA/JPL Small-Body Database (SBDB) API"}, "orbit": {"not_valid_before": null, "comment": null, "epoch": "2460200.5", "elements": [{"units": null, "label": "e", "value": ".5166407179001762", "title": "eccentricity", "sigma": ".00038444", "name": "e"}, {"title": "semi-major axis", "sigma": ".061756", "name": "a", "label": "a", "value": "71.20447131076182", "units": "au"}, {"value": "34.41734213506734", "label": "q", "units": "au", "title": "perihelion distance", "name": "q", "sigma": ".0049487"}, {"label": "i", "value": "26.34987795229954", "units": "deg", "title": "inclination; angle with respect to x-y ecliptic plane", "sigma": ".00069059", "name": "i"}, {"value": "172.9635455468158", "label": "node", "units": "deg", "sigma": ".00057797", "name": "om", "title": "longitude of the ascending node"}, {"sigma": ".021702", "name": "w", "title": "argument of perihelion", "value": "296.8624035728866", "label": "peri", "units": "deg"}, {"title": "mean anomaly", "name": "ma", "sigma": ".026487", "label": "M", "units": "deg", "value": "17.39874265770908"}, {"sigma": "3.0927", "name": "tp", "title": "time of perihelion passage", "label": "tp", "units": "TDB", "value": "2449593.936657042328"}, {"sigma": "285.51", "name": "per", "title": "sidereal orbital period", "value": "219461.9966847381", "label": "period", "units": "d"}, {"units": "deg/d", "label": "n", "value": ".001640375123886017", "name": "n", "sigma": "2.134E-6", "title": "mean motion"}, {"name": "ad", "sigma": ".093661", "title": "aphelion distance", "value": "107.9916004864563", "label": "Q", "units": "au"}], "covariance": {"elements": [{"title": "eccentricity", "sigma": 0.000387085230817184, "name": "e", "label": "e", "value": ".5230744653410964", "units": null}, {"label": "q", "value": "34.55287354728909", "units": "au", "name": "q", "sigma": 0.0048858836782895, "title": "perihelion distance"}, {"label": "tp", "value": "2449741.292217879591", "units": "TDB", "title": "time of perihelion passage", "name": "tp", "sigma": 3.04285685769915}, {"label": "node", "units": "deg", "value": "173.0215621496227", "sigma": 0.000580363037536421, "name": "om", "title": "longitude of the ascending node"}, {"name": "w", "sigma": 0.0213027594252033, "title": "argument of perihelion", "units": "deg", "label": "peri", "value": "297.6954788740499"}, {"units": "deg", "label": "i", "value": "26.24282686344164", "name": "i", "sigma": 0.000689432276697603, "title": "inclination"}], "epoch": "2457183.5", "data": [["1.498349759167927E-7", "8.261287303275464E-7", ".0006820184400210078", "-1.911392735251245E-8", "3.385329297476173E-6", "3.96551722295924E-8"], ["8.261287303275464E-7", "2.387185931777571E-5", ".01459822122746768", "-1.80939543998009E-7", ".0001038012929961924", "4.297386426780143E-7"], [".0006820184400210078", ".01459822122746768", "9.258977856446766", "-.0001283358147861982", ".06354299419839514", ".0002966722464181438"], ["-1.911392735251245E-8", "-1.80939543998009E-7", "-.0001283358147861982", "3.368212553385009E-7", "-1.059227188838628E-6", "-3.958490064788045E-7"], ["3.385329297476173E-6", ".0001038012929961924", ".06354299419839514", "-1.059227188838628E-6", ".0004538075591280872", "2.164796395241035E-6"], ["3.96551722295924E-8", "4.297386426780143E-7", ".0002966722464181438", "-3.958490064788045E-7", "2.164796395241035E-6", "4.753168641524409E-7"]], "labels": ["e", "q", "tp", "node", "peri", "i"]}, "source": "JPL", "moid": "33.5149", "sb_used": "SB441-N16", "n_obs_used": 38, "data_arc": "3639", "n_del_obs_used": null, "first_obs": "2013-03-31", "rms": ".38347", "n_dop_obs_used": null, "orbit_id": "5", "two_body": null, "pe_used": "DE441", "last_obs": "2023-03-18", "producer": "Otto Matic", "t_jup": "5.749", "not_valid_after": null, "equinox": "J2000", "condition_code": "4", "model_pars": [], "soln_date": "2023-05-12 21:52:45", "moid_jup": "29.6712"}, "object": {"pha": false, "orbit_id": "5", "kind": "au", "orbit_class": {"name": "TransNeptunian Object", "code": "TNO"}, "fullname": "(2015 DX249)", "des": "2015 DX249", "prefix": null, "spkid": "3825806", "neo": false}}