{"object": {"pha": false, "prefix": null, "orbit_class": {"name": "TransNeptunian Object", "code": "TNO"}, "orbit_id": "2", "neo": false, "fullname": "(2015 GB57)", "spkid": "3835526", "kind": "au", "des": "2015 GB57"}, "orbit": {"source": "JPL", "last_obs": "2017-03-29", "moid_jup": "35.6573", "not_valid_before": null, "rms": ".17126", "condition_code": "5", "first_obs": "2015-02-17", "data_arc": "771", "t_jup": "5.911", "pe_used": "DE441", "sb_used": "SB441-N16", "comment": null, "covariance": {"elements": [{"sigma": 0.00156931596595172, "units": null, "label": "e", "name": "e", "title": "eccentricity", "value": ".06724735915039416"}, {"label": "q", "sigma": 0.0615715006301981, "units": "au", "title": "perihelion distance", "name": "q", "value": "41.4125862808595"}, {"value": "2489753.618663950438", "title": "time of perihelion passage", "name": "tp", "label": "tp", "units": "TDB", "sigma": 235.63279700536}, {"value": "148.7327801762714", "sigma": 0.0692966508602036, "units": "deg", "label": "node", "name": "om", "title": "longitude of the ascending node"}, {"value": "170.9824404471314", "title": "argument of perihelion", "name": "w", "label": "peri", "sigma": 0.622369280437821, "units": "deg"}, {"value": "1.25193784145878", "title": "inclination", "name": "i", "label": "i", "sigma": 0.00102583780060575, "units": "deg"}], "labels": ["e", "q", "tp", "node", "peri", "i"], "data": [["2.462752600990982E-6", "-9.621916578090187E-5", "-.3676651119083834", "-1.912768782474445E-6", "-.0009577401319953172", "-2.812581766269368E-8"], ["-9.621916578090187E-5", ".003791049689854485", "14.22454369727963", "7.478020351053141E-5", ".03685712484145472", "1.103058050449242E-6"], ["-.3676651119083834", "14.22454369727963", "55522.81502456916", ".2854501629668355", "145.5089638149438", ".004183377903496529"], ["-1.912768782474445E-6", "7.478020351053141E-5", ".2854501629668355", ".004802025820440955", "-.004056059695348038", "7.105831031399166E-5"], ["-.0009577401319953172", ".03685712484145472", "145.5089638149438", "-.004056059695348038", ".3873435212326905", "-6.014640548014516E-5"], ["-2.812581766269368E-8", "1.103058050449242E-6", ".004183377903496529", "7.105831031399166E-5", "-6.014640548014516E-5", "1.052343193151633E-6"]], "epoch": "2457345.5"}, "moid": "39.6795", "equinox": "J2000", "model_pars": [], "n_del_obs_used": null, "not_valid_after": null, "soln_date": "2021-04-15 13:31:13", "producer": "Otto Matic", "elements": [{"value": ".07332644248162064", "label": "e", "units": null, "sigma": ".001449", "title": "eccentricity", "name": "e"}, {"value": "43.9113475426904", "label": "a", "units": "au", "sigma": ".010785", "title": "semi-major axis", "name": "a"}, {"name": "q", "title": "perihelion distance", "sigma": ".055599", "units": "au", "label": "q", "value": "40.69148464281086"}, {"value": "1.254265667546195", "title": "inclination; angle with respect to x-y ecliptic plane", "name": "i", "label": "i", "units": "deg", "sigma": ".0010364"}, {"value": "148.9445724035268", "units": "deg", "sigma": ".069416", "label": "node", "name": "om", "title": "longitude of the ascending node"}, {"value": "178.5323203312412", "title": "argument of perihelion", "name": "w", "label": "peri", "units": "deg", "sigma": ".7255"}, {"title": "mean anomaly", "name": "ma", "label": "M", "units": "deg", "sigma": ".92181", "value": "254.1181382570724"}, {"value": "2491460.044282797204", "label": "tp", "sigma": "261.97", "units": "TDB", "title": "time of perihelion passage", "name": "tp"}, {"value": "106282.9436181374", "name": "per", "title": "sidereal orbital period", "units": "d", "sigma": "39.156", "label": "period"}, {"value": ".003387185071702936", "label": "n", "sigma": "1.2479E-6", "units": "deg/d", "title": "mean motion", "name": "n"}, {"units": "au", "sigma": ".011576", "label": "Q", "name": "ad", "title": "aphelion distance", "value": "47.13121044256994"}], "n_obs_used": 32, "two_body": null, "n_dop_obs_used": null, "orbit_id": "2", "epoch": "2460200.5"}, "signature": {"version": "1.3", "source": "NASA/JPL Small-Body Database (SBDB) API"}}