{"orbit": {"covariance": {"labels": ["e", "q", "tp", "node", "peri", "i"], "elements": [{"units": null, "sigma": 0.00126685137156797, "label": "e", "name": "e", "title": "eccentricity", "value": ".03997620617120431"}, {"title": "perihelion distance", "name": "q", "label": "q", "units": "au", "sigma": 0.0513354055147383, "value": "42.06700068060467"}, {"label": "tp", "sigma": 809.310580938861, "units": "TDB", "title": "time of perihelion passage", "name": "tp", "value": "2416064.420968804865"}, {"value": "109.8119646809912", "name": "om", "title": "longitude of the ascending node", "units": "deg", "sigma": 0.0371161957205732, "label": "node"}, {"label": "peri", "units": "deg", "sigma": 2.52093012078873, "title": "argument of perihelion", "name": "w", "value": "158.547666675916"}, {"sigma": 0.00118607707908569, "units": "deg", "label": "i", "name": "i", "title": "inclination", "value": "2.908313036631101"}], "epoch": "2457522.5", "data": [["1.604912397643635E-6", "-6.452388502318782E-5", "1.019758261355797", "2.285244090324475E-6", ".003170998647704241", "-7.360814438899975E-8"], ["-6.452388502318782E-5", ".002635323859362623", "-40.46556100449127", "-9.100421069516049E-5", "-.1255935449167006", "2.940582049126413E-6"], ["1.019758261355797", "-40.46556100449127", "654983.6164195967", "1.463539870741507", "2039.779597497197", "-.04703069867538595"], ["2.285244090324475E-6", "-9.100421069516049E-5", "1.463539870741507", ".001377611984767898", ".003183416253737052", "-4.400945224190423E-5"], [".003170998647704241", "-.1255935449167006", "2039.779597497197", ".003183416253737052", "6.355088673899894", "-.0001025061388451764"], ["-7.360814438899975E-8", "2.940582049126413E-6", "-.04703069867538595", "-4.400945224190423E-5", "-.0001025061388451764", "1.406778837532451E-6"]]}, "comment": null, "sb_used": "SB441-N16", "pe_used": "DE441", "model_pars": [], "equinox": "J2000", "moid": "41.6799", "elements": [{"value": ".03485018135392578", "label": "e", "units": null, "sigma": ".0016418", "title": "eccentricity", "name": "e"}, {"sigma": ".0088196", "units": "au", "label": "a", "name": "a", "title": "semi-major axis", "value": "44.23866362389283"}, {"value": "42.69693817374485", "title": "perihelion distance", "name": "q", "label": "q", "units": "au", "sigma": ".067433"}, {"label": "i", "sigma": ".0011802", "units": "deg", "title": "inclination; angle with respect to x-y ecliptic plane", "name": "i", "value": "2.908885812122669"}, {"value": "109.7782052993341", "title": "longitude of the ascending node", "name": "om", "label": "node", "units": "deg", "sigma": ".036927"}, {"value": "171.8334410141459", "label": "peri", "units": "deg", "sigma": "2.355", "title": "argument of perihelion", "name": "w"}, {"value": "136.2418297775907", "title": "mean anomaly", "name": "ma", "label": "M", "units": "deg", "sigma": "2.6114"}, {"title": "time of perihelion passage", "name": "tp", "label": "tp", "units": "TDB", "sigma": "770.83", "value": "2419527.201630366442"}, {"value": "107473.5082240982", "title": "sidereal orbital period", "name": "per", "label": "period", "units": "d", "sigma": "32.139"}, {"value": ".003349662683843414", "label": "n", "units": "deg/d", "sigma": "1.0017E-6", "title": "mean motion", "name": "n"}, {"value": "45.78038907404081", "units": "au", "sigma": ".0091269", "label": "Q", "name": "ad", "title": "aphelion distance"}], "producer": "Otto Matic", "soln_date": "2021-04-15 15:18:47", "not_valid_after": null, "n_del_obs_used": null, "epoch": "2460200.5", "n_dop_obs_used": null, "orbit_id": "2", "n_obs_used": 31, "two_body": null, "last_obs": "2017-09-16", "source": "JPL", "moid_jup": "37.4614", "data_arc": "740", "condition_code": "5", "first_obs": "2015-09-07", "rms": ".17117", "not_valid_before": null, "t_jup": "5.938"}, "signature": {"version": "1.3", "source": "NASA/JPL Small-Body Database (SBDB) API"}, "object": {"spkid": "3835724", "des": "2015 VO170", "kind": "au", "prefix": null, "orbit_class": {"code": "TNO", "name": "TransNeptunian Object"}, "orbit_id": "2", "neo": false, "fullname": "(2015 VO170)", "pha": false}}