{"signature": {"version": "1.3", "source": "NASA/JPL Small-Body Database (SBDB) API"}, "orbit": {"two_body": null, "pe_used": "DE441", "orbit_id": "11", "rms": ".54458", "n_dop_obs_used": null, "data_arc": "4840", "n_del_obs_used": null, "first_obs": "2004-09-21", "covariance": {"elements": [{"label": "e", "units": null, "value": ".4093324640128503", "title": "eccentricity", "name": "e", "sigma": 3.77220583030242e-05}, {"sigma": 0.000779888038530685, "name": "q", "title": "perihelion distance", "label": "q", "units": "au", "value": "32.93450298850908"}, {"title": "time of perihelion passage", "sigma": 0.385683902454129, "name": "tp", "units": "TDB", "label": "tp", "value": "2468363.872745343746"}, {"title": "longitude of the ascending node", "name": "om", "sigma": 0.0016650870041653, "label": "node", "units": "deg", "value": "336.4435184093747"}, {"units": "deg", "label": "peri", "value": "148.4100216308668", "title": "argument of perihelion", "name": "w", "sigma": 0.00357923557431039}, {"name": "i", "sigma": 9.54470768802521e-06, "title": "inclination", "units": "deg", "label": "i", "value": "3.38345942277335"}], "epoch": "2456880.5", "data": [["1.422953682616758E-9", "-6.348198479886569E-9", "-8.219965376091064E-6", "-9.763284348274508E-10", "-1.191567306174261E-8", "9.079934017562904E-12"], ["-6.348198479886569E-9", "6.082253526432394E-7", "-.0002038411971313461", "1.909337949730354E-8", "-2.345339971713522E-6", "3.547086623872134E-10"], ["-8.219965376091064E-6", "-.0002038411971313461", ".148752072612246", "-4.680195137855057E-7", ".001070236332962704", "-2.139523644377155E-7"], ["-9.763284348274508E-10", "1.909337949730354E-8", "-4.680195137855057E-7", "2.772514731440169E-6", "-2.819399890373143E-6", "1.285147783899897E-8"], ["-1.191567306174261E-8", "-2.345339971713522E-6", ".001070236332962704", "-2.819399890373143E-6", "1.281092729640901E-5", "-1.452535854274164E-8"], ["9.079934017562904E-12", "3.547086623872134E-10", "-2.139523644377155E-7", "1.285147783899897E-8", "-1.452535854274164E-8", "9.110144484984748E-11"]], "labels": ["e", "q", "tp", "node", "peri", "i"]}, "sb_used": "SB441-N16", "source": "JPL", "moid": "32.0427", "n_obs_used": 132, "comment": null, "epoch": "2460200.5", "elements": [{"units": null, "label": "e", "value": ".4079147763498051", "name": "e", "sigma": "3.7723E-5", "title": "eccentricity"}, {"name": "a", "sigma": ".0035145", "title": "semi-major axis", "label": "a", "value": "55.78247166394139", "units": "au"}, {"title": "perihelion distance", "sigma": ".00077911", "name": "q", "label": "q", "value": "33.0279772109054", "units": "au"}, {"title": "inclination; angle with respect to x-y ecliptic plane", "sigma": "9.255E-6", "name": "i", "label": "i", "value": "3.382976854579015", "units": "deg"}, {"label": "node", "value": "336.1902450783268", "units": "deg", "title": "longitude of the ascending node", "name": "om", "sigma": ".0016637"}, {"title": "argument of perihelion", "sigma": ".003595", "name": "w", "label": "peri", "value": "148.1202295601574", "units": "deg"}, {"title": "mean anomaly", "sigma": ".0026114", "name": "ma", "value": "340.8353469807428", "label": "M", "units": "deg"}, {"label": "tp", "units": "TDB", "value": "2468301.591118472501", "sigma": ".38795", "name": "tp", "title": "time of perihelion passage"}, {"name": "per", "sigma": "14.382", "title": "sidereal orbital period", "label": "period", "units": "d", "value": "152175.6120353249"}, {"value": ".002365687873273888", "label": "n", "units": "deg/d", "sigma": "2.2357E-7", "name": "n", "title": "mean motion"}, {"name": "ad", "sigma": ".0049482", "title": "aphelion distance", "label": "Q", "value": "78.5369661169774", "units": "au"}], "not_valid_before": null, "soln_date": "2022-06-09 11:40:05", "moid_jup": "27.737", "model_pars": [], "equinox": "J2000", "not_valid_after": null, "condition_code": "2", "t_jup": "6.062", "last_obs": "2017-12-22", "producer": "Otto Matic"}, "object": {"spkid": "20616560", "neo": false, "prefix": null, "des": "616560", "fullname": "616560 (2005 XN113)", "orbit_id": "11", "kind": "an", "pha": false, "orbit_class": {"code": "TNO", "name": "TransNeptunian Object"}}}