{"object": {"spkid": "3727237", "kind": "au", "des": "2013 GM137", "pha": false, "prefix": null, "orbit_id": "10", "orbit_class": {"code": "TNO", "name": "TransNeptunian Object"}, "fullname": "(2013 GM137)", "neo": false}, "signature": {"version": "1.3", "source": "NASA/JPL Small-Body Database (SBDB) API"}, "orbit": {"moid_jup": "35.6362", "last_obs": "2016-03-13", "source": "JPL", "t_jup": "5.468", "condition_code": "4", "first_obs": "2013-02-08", "data_arc": "1129", "rms": ".18158", "not_valid_before": null, "moid": "39.6612", "equinox": "J2000", "model_pars": [], "sb_used": "SB441-N16", "covariance": {"elements": [{"label": "e", "units": null, "sigma": 0.00121585223871264, "title": "eccentricity", "name": "e", "value": ".07899167255828135"}, {"value": "40.6638057437353", "label": "q", "units": "au", "sigma": 0.0462072623550893, "title": "perihelion distance", "name": "q"}, {"name": "tp", "title": "time of perihelion passage", "units": "TDB", "sigma": 25.7340495150054, "label": "tp", "value": "2435747.089274528982"}, {"value": "32.46398023723942", "title": "longitude of the ascending node", "name": "om", "label": "node", "sigma": 0.000146540375604854, "units": "deg"}, {"title": "argument of perihelion", "name": "w", "label": "peri", "sigma": 0.187410441288823, "units": "deg", "value": "102.659139185719"}, {"value": "22.46555088538337", "label": "i", "sigma": 0.00153005005241577, "units": "deg", "title": "inclination", "name": "i"}], "labels": ["e", "q", "tp", "node", "peri", "i"], "epoch": "2456700.5", "data": [["1.478296666382538E-6", "-5.551770587155153E-5", "-.01484705472196745", "-2.971835731812018E-8", "-.0001941650398645686", "-2.575636140902313E-7"], ["-5.551770587155153E-5", ".002135111094352054", ".716607194891794", "1.358962198413336E-6", ".007982533850107781", "1.125926753668882E-5"], ["-.01484705472196745", ".716607194891794", "662.2413044407519", ".001037789272607737", "4.171164310103505", ".00741721851768175"], ["-2.971835731812018E-8", "1.358962198413336E-6", ".001037789272607737", "2.147408168241164E-8", "7.122439557718993E-6", "2.018671813162991E-7"], ["-.0001941650398645686", ".007982533850107781", "4.171164310103505", "7.122439557718993E-6", ".03512267350407128", "5.480481829734232E-5"], ["-2.575636140902313E-7", "1.125926753668882E-5", ".00741721851768175", "2.018671813162991E-7", "5.480481829734232E-5", "2.341053162897515E-6"]]}, "comment": null, "pe_used": "DE441", "orbit_id": "10", "n_dop_obs_used": null, "epoch": "2460200.5", "two_body": null, "n_obs_used": 37, "producer": "Otto Matic", "soln_date": "2021-04-15 08:00:00", "elements": [{"units": null, "sigma": ".001224", "label": "e", "name": "e", "title": "eccentricity", "value": ".07548670727954573"}, {"name": "a", "title": "semi-major axis", "units": "au", "sigma": ".011211", "label": "a", "value": "43.88582323287761"}, {"label": "q", "sigma": ".046684", "units": "au", "title": "perihelion distance", "name": "q", "value": "40.57302694077549"}, {"title": "inclination; angle with respect to x-y ecliptic plane", "name": "i", "label": "i", "units": "deg", "sigma": ".0015309", "value": "22.5333249371761"}, {"value": "32.51580845261728", "label": "node", "sigma": ".00014528", "units": "deg", "title": "longitude of the ascending node", "name": "om"}, {"value": "98.92940034044561", "units": "deg", "sigma": ".14858", "label": "peri", "name": "w", "title": "argument of perihelion"}, {"value": "86.25448912047513", "sigma": ".10736", "units": "deg", "label": "M", "name": "ma", "title": "mean anomaly"}, {"label": "tp", "sigma": "23.583", "units": "TDB", "title": "time of perihelion passage", "name": "tp", "value": "2434757.752520611335"}, {"label": "period", "sigma": "40.69", "units": "d", "title": "sidereal orbital period", "name": "per", "value": "106190.2885980419"}, {"value": ".003390140518053345", "name": "n", "title": "mean motion", "units": "deg/d", "sigma": "1.299E-6", "label": "n"}, {"sigma": ".012057", "units": "au", "label": "Q", "name": "ad", "title": "aphelion distance", "value": "47.19861952497973"}], "not_valid_after": null, "n_del_obs_used": null}}