{"object": {"des": "2003 YV179", "kind": "au", "spkid": "3330226", "neo": false, "fullname": "(2003 YV179)", "orbit_id": "6", "orbit_class": {"name": "TransNeptunian Object", "code": "TNO"}, "prefix": null, "pha": false}, "signature": {"version": "1.3", "source": "NASA/JPL Small-Body Database (SBDB) API"}, "orbit": {"last_obs": "2022-03-02", "source": "JPL", "moid_jup": "31.5047", "first_obs": "2003-12-24", "condition_code": "4", "data_arc": "6643", "rms": ".20235", "not_valid_before": null, "t_jup": "5.759", "sb_used": "SB441-N16", "covariance": {"epoch": "2455723.5", "data": [["1.108433236635069E-7", "2.36282859962969E-6", "-.004342125524567953", "-1.364560599252431E-8", "-2.177627673512185E-5", "5.814462913711603E-9"], ["2.36282859962969E-6", "6.027803258746774E-5", "-.1066222907959314", "-2.978793869937488E-7", "-.0005422429026733101", "1.536435153078787E-7"], ["-.004342125524567953", "-.1066222907959314", "190.1361819275114", ".0005441254265829229", ".9641527130833329", "-.0002698061846123571"], ["-1.364560599252431E-8", "-2.978793869937488E-7", ".0005441254265829229", "1.772883602087553E-7", "2.565300401053092E-6", "1.094472741484105E-7"], ["-2.177627673512185E-5", "-.0005422429026733101", ".9641527130833329", "2.565300401053092E-6", ".004894421531325881", "-1.481875606141201E-6"], ["5.814462913711603E-9", "1.536435153078787E-7", "-.0002698061846123571", "1.094472741484105E-7", "-1.481875606141201E-6", "1.327207317385779E-7"]], "elements": [{"value": ".2169872047355544", "name": "e", "title": "eccentricity", "units": null, "sigma": 0.000332931409848195, "label": "e"}, {"value": "36.81786927268704", "name": "q", "title": "perihelion distance", "sigma": 0.00776389287583669, "units": "au", "label": "q"}, {"label": "tp", "sigma": 13.788987704959, "units": "TDB", "title": "time of perihelion passage", "name": "tp", "value": "2467403.408379267021"}, {"label": "node", "units": "deg", "sigma": 0.000421056243521878, "title": "longitude of the ascending node", "name": "om", "value": "109.8814723157421"}, {"value": "66.81502571630347", "units": "deg", "sigma": 0.0699601424478673, "label": "peri", "name": "w", "title": "argument of perihelion"}, {"value": "15.5676098906352", "sigma": 0.00036430856665549, "units": "deg", "label": "i", "name": "i", "title": "inclination"}], "labels": ["e", "q", "tp", "node", "peri", "i"]}, "comment": null, "pe_used": "DE441", "equinox": "J2000", "moid": "35.8266", "model_pars": [], "soln_date": "2022-03-08 22:57:51", "producer": "Otto Matic", "elements": [{"label": "e", "units": null, "sigma": ".00033217", "title": "eccentricity", "name": "e", "value": ".2153431059555574"}, {"value": "46.88856289465732", "name": "a", "title": "semi-major axis", "sigma": ".029188", "units": "au", "label": "a"}, {"label": "q", "units": "au", "sigma": ".0077781", "title": "perihelion distance", "name": "q", "value": "36.79143412712931"}, {"value": "15.56613455909295", "units": "deg", "sigma": ".0003643", "label": "i", "name": "i", "title": "inclination; angle with respect to x-y ecliptic plane"}, {"value": "109.8695642808873", "units": "deg", "sigma": ".00042143", "label": "node", "name": "om", "title": "longitude of the ascending node"}, {"title": "argument of perihelion", "name": "w", "label": "peri", "units": "deg", "sigma": ".070601", "value": "66.91187692105994"}, {"value": "337.8539444292013", "name": "ma", "title": "mean anomaly", "units": "deg", "sigma": ".063121", "label": "M"}, {"label": "tp", "units": "TDB", "sigma": "13.91", "title": "time of perihelion passage", "name": "tp", "value": "2467414.775024442252"}, {"name": "per", "title": "sidereal orbital period", "sigma": "109.5", "units": "d", "label": "period", "value": "117273.2092401927"}, {"value": ".003069754825781798", "title": "mean motion", "name": "n", "label": "n", "units": "deg/d", "sigma": "2.8664E-6"}, {"value": "56.98569166218533", "label": "Q", "units": "au", "sigma": ".035473", "title": "aphelion distance", "name": "ad"}], "not_valid_after": null, "n_del_obs_used": null, "orbit_id": "6", "n_dop_obs_used": null, "epoch": "2460200.5", "n_obs_used": 24, "two_body": null}}