{"object": {"neo": false, "fullname": "(2004 PU117)", "orbit_id": "7", "orbit_class": {"name": "TransNeptunian Object", "code": "TNO"}, "prefix": null, "pha": false, "kind": "au", "des": "2004 PU117", "spkid": "3564164"}, "orbit": {"condition_code": "4", "first_obs": "2004-08-15", "data_arc": "6237", "rms": ".25779", "not_valid_before": null, "t_jup": "5.871", "last_obs": "2021-09-12", "source": "JPL", "moid_jup": "37.2388", "producer": "Otto Matic", "soln_date": "2021-10-15 22:58:22", "elements": [{"label": "e", "sigma": ".00019782", "units": null, "title": "eccentricity", "name": "e", "value": ".02030213688840589"}, {"value": "43.08060794437618", "title": "semi-major axis", "name": "a", "label": "a", "sigma": ".014682", "units": "au"}, {"name": "q", "title": "perihelion distance", "units": "au", "sigma": ".0063529", "label": "q", "value": "42.20597954465371"}, {"value": "1.869751155519879", "label": "i", "sigma": ".00012802", "units": "deg", "title": "inclination; angle with respect to x-y ecliptic plane", "name": "i"}, {"value": "23.30384137484446", "label": "node", "units": "deg", "sigma": ".011814", "title": "longitude of the ascending node", "name": "om"}, {"sigma": ".49356", "units": "deg", "label": "peri", "name": "w", "title": "argument of perihelion", "value": "333.4496788887807"}, {"value": "336.6484422190753", "name": "ma", "title": "mean anomaly", "units": "deg", "sigma": ".48308", "label": "M"}, {"name": "tp", "title": "time of perihelion passage", "sigma": "135.34", "units": "TDB", "label": "tp", "value": "2466899.878555264556"}, {"value": "103281.1730387153", "name": "per", "title": "sidereal orbital period", "units": "d", "sigma": "52.798", "label": "period"}, {"units": "deg/d", "sigma": "1.7819E-6", "label": "n", "name": "n", "title": "mean motion", "value": ".003485630433971281"}, {"value": "43.95523634409865", "label": "Q", "units": "au", "sigma": ".01498", "title": "aphelion distance", "name": "ad"}], "not_valid_after": null, "n_del_obs_used": null, "orbit_id": "7", "n_dop_obs_used": null, "epoch": "2460200.5", "two_body": null, "n_obs_used": 20, "sb_used": "SB441-N16", "comment": null, "covariance": {"epoch": "2454218.5", "data": [["5.307384007835974E-8", "1.010730253765324E-6", "-.02458874222425276", "-2.448184485223705E-8", "-8.877374350997497E-5", "1.034760564879871E-9"], ["1.010730253765324E-6", "2.237991292903437E-5", "-.6103645814211344", "-3.803958433593338E-7", "-.002204565374199055", "1.892785597556177E-8"], ["-.02458874222425276", "-.6103645814211344", "17922.94343450816", ".007342869938211032", "64.74923283337012", "-.0004413562793864076"], ["-2.448184485223705E-8", "-3.803958433593338E-7", ".007342869938211032", ".0001387324029544438", "-.0001121582414914174", "-1.427987767113949E-6"], ["-8.877374350997497E-5", "-.002204565374199055", "64.74923283337012", "-.0001121582414914174", ".2340547788911589", "-1.665364237472601E-7"], ["1.034760564879871E-9", "1.892785597556177E-8", "-.0004413562793864076", "-1.427987767113949E-6", "-1.665364237472601E-7", "1.671308526320574E-8"]], "elements": [{"value": ".0152195667011592", "sigma": 0.000230377603248145, "units": null, "label": "e", "name": "e", "title": "eccentricity"}, {"value": "42.31225111260918", "label": "q", "units": "au", "sigma": 0.00473074126633812, "title": "perihelion distance", "name": "q"}, {"name": "tp", "title": "time of perihelion passage", "units": "TDB", "sigma": 133.87659778508, "label": "tp", "value": "2462786.004080851708"}, {"value": "23.11350675408621", "units": "deg", "sigma": 0.0117784720127207, "label": "node", "name": "om", "title": "longitude of the ascending node"}, {"sigma": 0.483792082294821, "units": "deg", "label": "peri", "name": "w", "title": "argument of perihelion", "value": "318.6553631446129"}, {"value": "1.873418122497955", "title": "inclination", "name": "i", "label": "i", "units": "deg", "sigma": 0.000129279098322992}], "labels": ["e", "q", "tp", "node", "peri", "i"]}, "pe_used": "DE441", "moid": "41.2013", "equinox": "J2000", "model_pars": []}, "signature": {"version": "1.3", "source": "NASA/JPL Small-Body Database (SBDB) API"}}