{"signature": {"version": "1.3", "source": "NASA/JPL Small-Body Database (SBDB) API"}, "orbit": {"elements": [{"title": "eccentricity", "name": "e", "sigma": ".00014102", "value": ".0621517378131367", "label": "e", "units": null}, {"title": "semi-major axis", "name": "a", "sigma": ".009903", "units": "au", "label": "a", "value": "44.61881434114066"}, {"title": "perihelion distance", "name": "q", "sigma": ".0033486", "value": "41.84567749067706", "label": "q", "units": "au"}, {"label": "i", "units": "deg", "value": ".2331215558101311", "sigma": ".00027264", "name": "i", "title": "inclination; angle with respect to x-y ecliptic plane"}, {"sigma": ".1128", "name": "om", "title": "longitude of the ascending node", "value": "236.3629080195008", "label": "node", "units": "deg"}, {"name": "w", "sigma": ".14528", "title": "argument of perihelion", "units": "deg", "label": "peri", "value": "83.8328212528796"}, {"title": "mean anomaly", "name": "ma", "sigma": ".092356", "units": "deg", "label": "M", "value": "41.79154123036317"}, {"value": "2447562.994656376235", "label": "tp", "units": "TDB", "title": "time of perihelion passage", "sigma": "24.171", "name": "tp"}, {"units": "d", "label": "period", "value": "108861.7885286118", "title": "sidereal orbital period", "name": "per", "sigma": "36.242"}, {"value": ".003306945484414693", "label": "n", "units": "deg/d", "sigma": "1.101E-6", "name": "n", "title": "mean motion"}, {"label": "Q", "value": "47.39195119160425", "units": "au", "title": "aphelion distance", "name": "ad", "sigma": ".010519"}], "comment": null, "epoch": "2460200.5", "not_valid_before": null, "covariance": {"data": [["1.599804741375641E-8", "4.031870138898595E-7", ".003186536974155846", "-1.660996275883452E-9", "1.207632580489964E-5", "2.88980984950289E-11"], ["4.031870138898595E-7", "1.631384629699644E-5", ".1276477548227026", "-1.732680351882715E-7", ".0004871539045273494", "1.157426661702772E-9"], [".003186536974155846", ".1276477548227026", "1003.220707862497", "-.001347504031288538", "3.827525039546834", "9.030151940376294E-6"], ["-1.660996275883452E-9", "-1.732680351882715E-7", "-.001347504031288538", ".01271087282942918", "-.0127159421430115", "-3.074244471235918E-5"], ["1.207632580489964E-5", ".0004871539045273494", "3.827525039546834", "-.0127159421430115", ".02731488238592501", "3.077663884600792E-5"], ["2.88980984950289E-11", "1.157426661702772E-9", "9.030151940376294E-6", "-3.074244471235918E-5", "3.077663884600792E-5", "7.567810465392038E-8"]], "labels": ["e", "q", "tp", "node", "peri", "i"], "epoch": "2457437.5", "elements": [{"label": "e", "units": null, "value": ".05469642147014149", "title": "eccentricity", "name": "e", "sigma": 0.000126483387896421}, {"units": "au", "label": "q", "value": "41.64071411031601", "title": "perihelion distance", "name": "q", "sigma": 0.00403904026929622}, {"units": "TDB", "label": "tp", "value": "2445065.567431684463", "sigma": 31.6736595274764, "name": "tp", "title": "time of perihelion passage"}, {"name": "om", "sigma": 0.112742506755124, "title": "longitude of the ascending node", "label": "node", "units": "deg", "value": "236.2634495247595"}, {"title": "argument of perihelion", "name": "w", "sigma": 0.165272146431046, "value": "74.61897588676763", "label": "peri", "units": "deg"}, {"units": "deg", "label": "i", "value": ".2342044960764876", "title": "inclination", "name": "i", "sigma": 0.000275096536971879}]}, "source": "JPL", "n_obs_used": 26, "sb_used": "SB441-N16", "moid": "40.8323", "rms": ".18727", "n_dop_obs_used": null, "data_arc": "6591", "first_obs": "2000-08-28", "n_del_obs_used": null, "two_body": null, "pe_used": "DE441", "orbit_id": "4", "last_obs": "2018-09-14", "producer": "Otto Matic", "t_jup": "5.962", "model_pars": [], "not_valid_after": null, "equinox": "J2000", "condition_code": "4", "soln_date": "2023-10-20 08:23:03", "moid_jup": "36.7845"}, "object": {"spkid": "54199495", "neo": false, "fullname": "(2013 RP158)", "des": "2013 RP158", "prefix": null, "pha": false, "kind": "au", "orbit_id": "4", "orbit_class": {"code": "TNO", "name": "TransNeptunian Object"}}}