{"object": {"spkid": "20620088", "kind": "an", "des": "620088", "orbit_id": "8", "orbit_class": {"code": "TNO", "name": "TransNeptunian Object"}, "prefix": null, "fullname": "620088 (2015 DJ249)", "neo": false, "pha": false}, "signature": {"version": "1.3", "source": "NASA/JPL Small-Body Database (SBDB) API"}, "orbit": {"n_dop_obs_used": null, "orbit_id": "8", "epoch": "2460200.5", "two_body": null, "n_obs_used": 64, "producer": "Otto Matic", "soln_date": "2023-07-28 04:39:05", "elements": [{"title": "eccentricity", "name": "e", "label": "e", "sigma": ".00017744", "units": null, "value": ".2245686120103808"}, {"name": "a", "title": "semi-major axis", "sigma": ".014009", "units": "au", "label": "a", "value": "51.18602140073025"}, {"value": "39.69124762043461", "label": "q", "sigma": ".001782", "units": "au", "title": "perihelion distance", "name": "q"}, {"sigma": "8.7211E-5", "units": "deg", "label": "i", "name": "i", "title": "inclination; angle with respect to x-y ecliptic plane", "value": "12.80555367882298"}, {"value": "220.2862103071971", "label": "node", "units": "deg", "sigma": ".00068386", "title": "longitude of the ascending node", "name": "om"}, {"name": "w", "title": "argument of perihelion", "sigma": ".0054618", "units": "deg", "label": "peri", "value": "296.8728314707795"}, {"name": "ma", "title": "mean anomaly", "sigma": ".0038092", "units": "deg", "label": "M", "value": "6.463513179631803"}, {"label": "tp", "sigma": "1.2396", "units": "TDB", "title": "time of perihelion passage", "name": "tp", "value": "2457798.950040615787"}, {"value": "133759.7621217455", "title": "sidereal orbital period", "name": "per", "label": "period", "sigma": "54.913", "units": "d"}, {"value": ".002691392346170108", "title": "mean motion", "name": "n", "label": "n", "units": "deg/d", "sigma": "1.1049E-6"}, {"value": "62.68079518102588", "label": "Q", "units": "au", "sigma": ".017155", "title": "aphelion distance", "name": "ad"}], "n_del_obs_used": null, "not_valid_after": null, "moid": "38.7194", "equinox": "J2000", "model_pars": [], "sb_used": "SB441-N16", "comment": null, "covariance": {"data": [["3.160152544490667E-8", "3.174032005266139E-7", "-8.428230175636213E-5", "1.181732096763335E-8", "-3.762534123189437E-7", "1.201572356637852E-9"], ["3.174032005266139E-7", "3.193918621873947E-6", "-.0008622604811478916", "1.191450430724824E-7", "-3.847680808402287E-6", "1.206306515162566E-8"], ["-8.428230175636213E-5", "-.0008622604811478916", "1.636565327322414", "-5.481011783396185E-5", ".00717098255217531", "-6.531410419343621E-7"], ["1.181732096763335E-8", "1.191450430724824E-7", "-5.481011783396185E-5", "4.690575285641699E-7", "-6.952204318608291E-7", "-5.589515073793288E-8"], ["-3.762534123189437E-7", "-3.847680808402287E-6", ".00717098255217531", "-6.952204318608291E-7", "3.186509418360356E-5", "5.175171473811553E-8"], ["1.201572356637852E-9", "1.206306515162566E-8", "-6.531410419343621E-7", "-5.589515073793288E-8", "5.175171473811553E-8", "7.487926902027658E-9"]], "epoch": "2458398.5", "labels": ["e", "q", "tp", "node", "peri", "i"], "elements": [{"title": "eccentricity", "name": "e", "label": "e", "units": null, "sigma": 0.000177768178943552, "value": ".229624010722798"}, {"name": "q", "title": "perihelion distance", "sigma": 0.00178715377678418, "units": "au", "label": "q", "value": "39.71262877227694"}, {"value": "2458128.495320844003", "sigma": 1.27928313024225, "units": "TDB", "label": "tp", "name": "tp", "title": "time of perihelion passage"}, {"value": "220.5450014389739", "title": "longitude of the ascending node", "name": "om", "label": "node", "units": "deg", "sigma": 0.000684877747166726}, {"label": "peri", "sigma": 0.00564491755330435, "units": "deg", "title": "argument of perihelion", "name": "w", "value": "298.0569548084159"}, {"sigma": 8.65328082407341e-05, "units": "deg", "label": "i", "name": "i", "title": "inclination", "value": "12.76779626927478"}]}, "pe_used": "DE441", "t_jup": "6.062", "condition_code": "3", "first_obs": "2002-02-13", "data_arc": "7703", "not_valid_before": null, "rms": ".26237", "moid_jup": "34.4233", "last_obs": "2023-03-18", "source": "JPL"}}