{"signature": {"version": "1.3", "source": "NASA/JPL Small-Body Database (SBDB) API"}, "orbit": {"sb_used": "SB441-N16", "source": "JPL", "n_obs_used": 34, "moid": "39.7932", "covariance": {"labels": ["e", "q", "tp", "node", "peri", "i"], "data": [["2.433812453839329E-7", "-7.360087628841536E-6", "-.04724831034135328", "1.814664657951997E-7", "-.0001984921423947114", "-3.305373726545302E-8"], ["-7.360087628841536E-6", ".0002441197785153606", "1.540542726383084", "-5.919663867903928E-6", ".006470526529549191", "1.095098971975415E-6"], ["-.04724831034135328", "1.540542726383084", "9760.57578092644", "-.03748521078899837", "40.99627374663287", ".006910926508959821"], ["1.814664657951997E-7", "-5.919663867903928E-6", "-.03748521078899837", "4.010823871073172E-5", "-.0001971769973962437", "-7.320187180074848E-6"], ["-.0001984921423947114", ".006470526529549191", "40.99627374663287", "-.0001971769973962437", ".1722319008137711", "3.627806497628505E-5"], ["-3.305373726545302E-8", "1.095098971975415E-6", ".006910926508959821", "-7.320187180074848E-6", "3.627806497628505E-5", "1.338199438621217E-6"]], "elements": [{"label": "e", "value": ".1873196837514839", "units": null, "sigma": 0.000493336847786513, "name": "e", "title": "eccentricity"}, {"title": "perihelion distance", "sigma": 0.0156243328982507, "name": "q", "value": "40.79151118580723", "label": "q", "units": "au"}, {"label": "tp", "units": "TDB", "value": "2453091.593892688414", "title": "time of perihelion passage", "sigma": 98.7956263248857, "name": "tp"}, {"units": "deg", "label": "node", "value": "81.72823684439527", "name": "om", "sigma": 0.0063331065608224, "title": "longitude of the ascending node"}, {"label": "peri", "units": "deg", "value": "311.0661355555612", "title": "argument of perihelion", "name": "w", "sigma": 0.415008314150176}, {"sigma": 0.00115680570478418, "name": "i", "title": "inclination", "units": "deg", "label": "i", "value": "6.210487641017658"}], "epoch": "2457557.5"}, "epoch": "2460200.5", "comment": null, "elements": [{"value": ".1981282835879343", "label": "e", "units": null, "title": "eccentricity", "name": "e", "sigma": ".00049323"}, {"name": "a", "sigma": ".014178", "title": "semi-major axis", "value": "50.86140007630293", "label": "a", "units": "au"}, {"label": "q", "units": "au", "value": "40.7843181783058", "title": "perihelion distance", "sigma": ".015401", "name": "q"}, {"title": "inclination; angle with respect to x-y ecliptic plane", "sigma": ".001151", "name": "i", "units": "deg", "label": "i", "value": "6.197315676811676"}, {"units": "deg", "label": "node", "value": "81.7678362344282", "name": "om", "sigma": ".006334", "title": "longitude of the ascending node"}, {"title": "argument of perihelion", "sigma": ".39445", "name": "w", "label": "peri", "units": "deg", "value": "311.170345441429"}, {"title": "mean anomaly", "sigma": ".24752", "name": "ma", "label": "M", "units": "deg", "value": "19.14033423992674"}, {"title": "time of perihelion passage", "sigma": "93.393", "name": "tp", "label": "tp", "units": "TDB", "value": "2453156.361117447143"}, {"name": "per", "sigma": "55.399", "title": "sidereal orbital period", "label": "period", "units": "d", "value": "132489.3267761836"}, {"label": "n", "units": "deg/d", "value": ".00271720000968949", "title": "mean motion", "sigma": "1.1362E-6", "name": "n"}, {"title": "aphelion distance", "name": "ad", "sigma": ".016987", "label": "Q", "units": "au", "value": "60.93848197430006"}], "not_valid_before": null, "pe_used": "DE441", "two_body": null, "orbit_id": "2", "rms": ".14352", "n_dop_obs_used": null, "first_obs": "2015-09-06", "n_del_obs_used": null, "data_arc": "832", "t_jup": "6.195", "last_obs": "2017-12-16", "producer": "Otto Matic", "moid_jup": "35.8297", "soln_date": "2021-04-15 15:18:36", "model_pars": [], "equinox": "J2000", "not_valid_after": null, "condition_code": "5"}, "object": {"spkid": "3831109", "neo": false, "kind": "au", "orbit_id": "2", "pha": false, "orbit_class": {"name": "TransNeptunian Object", "code": "TNO"}, "prefix": null, "des": "2015 VT167", "fullname": "(2015 VT167)"}}