{"object": {"spkid": "3092442", "des": "2001 QZ297", "kind": "au", "pha": false, "prefix": null, "orbit_class": {"code": "TNO", "name": "TransNeptunian Object"}, "orbit_id": "6", "neo": false, "fullname": "(2001 QZ297)"}, "orbit": {"source": "JPL", "last_obs": "2023-09-06", "moid_jup": "36.4317", "rms": ".31827", "not_valid_before": null, "condition_code": "4", "first_obs": "2000-07-30", "data_arc": "8438", "t_jup": "5.955", "pe_used": "DE441", "sb_used": "SB441-N16", "covariance": {"labels": ["e", "q", "tp", "node", "peri", "i"], "elements": [{"title": "eccentricity", "name": "e", "label": "e", "sigma": 0.000143685101382068, "units": null, "value": ".06506737813703173"}, {"value": "41.37379440260696", "name": "q", "title": "perihelion distance", "sigma": 0.00458761574129239, "units": "au", "label": "q"}, {"value": "2442699.567623286850", "label": "tp", "units": "TDB", "sigma": 29.9499134554795, "title": "time of perihelion passage", "name": "tp"}, {"sigma": 0.00751324082620219, "units": "deg", "label": "node", "name": "om", "title": "longitude of the ascending node", "value": "15.87253425488291"}, {"value": "257.1391133095512", "title": "argument of perihelion", "name": "w", "label": "peri", "units": "deg", "sigma": 0.116186155448142}, {"value": "1.857389301362361", "title": "inclination", "name": "i", "label": "i", "sigma": 0.000135760028468776, "units": "deg"}], "epoch": "2453694.5", "data": [["2.064540835917514E-8", "5.888060339517556E-7", ".003977129300614673", "9.079853758917333E-9", "1.532973037855069E-5", "3.768968871781926E-11"], ["5.888060339517556E-7", "2.104621818975374E-5", ".1369646800361425", "2.394891616391639E-7", ".0005306256328365627", "2.281366722019036E-9"], [".003977129300614673", ".1369646800361425", "896.9973159907144", ".001639054681703176", "3.472298996549661", "1.393944622991688E-5"], ["9.079853758917333E-9", "2.394891616391639E-7", ".001639054681703176", "5.64487877125114E-5", "-5.010935851992999E-5", "-9.715552722517991E-7"], ["1.532973037855069E-5", ".0005306256328365627", "3.472298996549661", "-5.010935851992999E-5", ".01349922271781983", "1.025550227819321E-6"], ["3.768968871781926E-11", "2.281366722019036E-9", "1.393944622991688E-5", "-9.715552722517991E-7", "1.025550227819321E-6", "1.84307853298429E-8"]]}, "comment": null, "equinox": "J2000", "moid": "40.6407", "model_pars": [], "not_valid_after": null, "n_del_obs_used": null, "soln_date": "2023-10-20 05:29:20", "producer": "Otto Matic", "elements": [{"label": "e", "units": null, "sigma": ".00015941", "title": "eccentricity", "name": "e", "value": ".06534065138530969"}, {"value": "44.56944576825602", "label": "a", "units": "au", "sigma": ".011561", "title": "semi-major axis", "name": "a"}, {"value": "41.65724914987594", "sigma": ".003934", "units": "au", "label": "q", "name": "q", "title": "perihelion distance"}, {"value": "1.851105798101717", "name": "i", "title": "inclination; angle with respect to x-y ecliptic plane", "sigma": ".00013443", "units": "deg", "label": "i"}, {"label": "node", "units": "deg", "sigma": ".00754", "title": "longitude of the ascending node", "name": "om", "value": "16.11312606253714"}, {"value": "264.8080045190451", "units": "deg", "sigma": ".099702", "label": "peri", "name": "w", "title": "argument of perihelion"}, {"value": "51.23115266404215", "title": "mean anomaly", "name": "ma", "label": "M", "units": "deg", "sigma": ".10567"}, {"value": "2444734.218738920285", "title": "time of perihelion passage", "name": "tp", "label": "tp", "sigma": "26.056", "units": "TDB"}, {"value": "108681.1630122982", "sigma": "42.286", "units": "d", "label": "period", "name": "per", "title": "sidereal orbital period"}, {"label": "n", "sigma": "1.2888E-6", "units": "deg/d", "title": "mean motion", "name": "n", "value": ".003312441549408733"}, {"sigma": ".012316", "units": "au", "label": "Q", "name": "ad", "title": "aphelion distance", "value": "47.4816423866361"}], "two_body": null, "n_obs_used": 33, "orbit_id": "6", "n_dop_obs_used": null, "epoch": "2460200.5"}, "signature": {"version": "1.3", "source": "NASA/JPL Small-Body Database (SBDB) API"}}