{"object": {"fullname": "(2013 RY157)", "prefix": null, "des": "2013 RY157", "orbit_class": {"name": "TransNeptunian Object", "code": "TNO"}, "pha": false, "kind": "au", "orbit_id": "2", "neo": false, "spkid": "54196766"}, "orbit": {"sb_used": "SB441-N16", "source": "JPL", "n_obs_used": 26, "moid": "38.2048", "covariance": {"labels": ["e", "q", "tp", "node", "peri", "i"], "data": [["1.911199424613871E-7", "-5.45948305708576E-6", "-.007540415930039948", "-9.014425763134115E-8", "-1.287938374101069E-5", "-7.17576209582937E-9"], ["-5.45948305708576E-6", ".0002256041789587625", ".06469983115077654", "1.899086044959612E-6", "-.0003724681502339672", "1.879131615484588E-7"], ["-.007540415930039948", ".06469983115077654", "624.644497602356", ".005007187710165834", "2.113892742763005", ".0003196991380759784"], ["-9.014425763134115E-8", "1.899086044959612E-6", ".005007187710165834", "7.438676818481197E-5", "-6.105754781904416E-5", "6.284361984096273E-6"], ["-1.287938374101069E-5", "-.0003724681502339672", "2.113892742763005", "-6.105754781904416E-5", ".008825854666231845", "-5.6117947733217E-6"], ["-7.17576209582937E-9", "1.879131615484588E-7", ".0003196991380759784", "6.284361984096273E-6", "-5.6117947733217E-6", "5.351276367894469E-7"]], "elements": [{"name": "e", "sigma": 0.000437172668932296, "title": "eccentricity", "label": "e", "value": ".1059441277119266", "units": null}, {"title": "perihelion distance", "name": "q", "sigma": 0.0150201257970352, "units": "au", "label": "q", "value": "38.83655460247104"}, {"label": "tp", "units": "TDB", "value": "2479913.465769964612", "title": "time of perihelion passage", "name": "tp", "sigma": 24.9928889407038}, {"name": "om", "sigma": 0.00862477641361282, "title": "longitude of the ascending node", "value": "158.9599265310867", "label": "node", "units": "deg"}, {"label": "peri", "units": "deg", "value": "294.5188925159565", "title": "argument of perihelion", "name": "w", "sigma": 0.0939460199595057}, {"units": "deg", "label": "i", "value": "2.335270413274617", "name": "i", "sigma": 0.000731524187426121, "title": "inclination"}], "epoch": "2457594.5"}, "not_valid_before": null, "comment": null, "elements": [{"units": null, "label": "e", "value": ".1096675941135455", "title": "eccentricity", "name": "e", "sigma": ".00044368"}, {"label": "a", "units": "au", "value": "44.01605256685072", "title": "semi-major axis", "name": "a", "sigma": ".012218"}, {"title": "perihelion distance", "sigma": ".014959", "name": "q", "units": "au", "label": "q", "value": "39.18891797946886"}, {"label": "i", "units": "deg", "value": "2.32538355773639", "name": "i", "sigma": ".00072661", "title": "inclination; angle with respect to x-y ecliptic plane"}, {"name": "om", "sigma": ".008649", "title": "longitude of the ascending node", "label": "node", "value": "158.8174489386418", "units": "deg"}, {"units": "deg", "label": "peri", "value": "288.3958435679185", "title": "argument of perihelion", "name": "w", "sigma": ".086448"}, {"name": "ma", "sigma": ".09548", "title": "mean anomaly", "units": "deg", "label": "M", "value": "298.4157490601102"}, {"title": "time of perihelion passage", "sigma": "20.765", "name": "tp", "label": "tp", "units": "TDB", "value": "2478447.111573310885"}, {"title": "sidereal orbital period", "name": "per", "sigma": "44.412", "units": "d", "label": "period", "value": "106663.3119042638"}, {"label": "n", "units": "deg/d", "value": ".00337510615011767", "sigma": "1.4053E-6", "name": "n", "title": "mean motion"}, {"title": "aphelion distance", "sigma": ".013558", "name": "ad", "value": "48.84318715423259", "label": "Q", "units": "au"}], "epoch": "2460200.5", "orbit_id": "2", "pe_used": "DE441", "two_body": null, "first_obs": "2013-09-11", "n_del_obs_used": null, "data_arc": "1885", "n_dop_obs_used": null, "rms": ".22295", "t_jup": "5.895", "last_obs": "2018-11-09", "producer": "Otto Matic", "moid_jup": "34.0592", "soln_date": "2023-10-20 08:23:02", "not_valid_after": null, "equinox": "J2000", "condition_code": "4", "model_pars": []}, "signature": {"version": "1.3", "source": "NASA/JPL Small-Body Database (SBDB) API"}}