{"orbit": {"t_jup": "6.697", "not_valid_before": null, "rms": ".22677", "condition_code": "6", "first_obs": "2014-03-24", "data_arc": "716", "moid_jup": "50.9467", "source": "JPL", "last_obs": "2016-03-09", "two_body": null, "n_obs_used": 12, "orbit_id": "4", "n_dop_obs_used": null, "epoch": "2460200.5", "n_del_obs_used": null, "not_valid_after": null, "producer": "Otto Matic", "soln_date": "2021-04-15 09:42:33", "elements": [{"name": "e", "title": "eccentricity", "sigma": ".0065684", "units": null, "label": "e", "value": ".2544287894329605"}, {"value": "74.96830968186967", "name": "a", "title": "semi-major axis", "sigma": ".36791", "units": "au", "label": "a"}, {"name": "q", "title": "perihelion distance", "units": "au", "sigma": ".22752", "label": "q", "value": "55.89421340367628"}, {"value": "25.4740721092819", "sigma": ".0060441", "units": "deg", "label": "i", "name": "i", "title": "inclination; angle with respect to x-y ecliptic plane"}, {"value": "305.9171537297862", "name": "om", "title": "longitude of the ascending node", "units": "deg", "sigma": ".013294", "label": "node"}, {"label": "peri", "units": "deg", "sigma": "3.0927", "title": "argument of perihelion", "name": "w", "value": "244.3091847543474"}, {"value": "352.4221509641566", "title": "mean anomaly", "name": "ma", "label": "M", "units": "deg", "sigma": "1.6666"}, {"value": "2465191.165400352064", "name": "tp", "title": "time of perihelion passage", "units": "TDB", "sigma": "1132.1", "label": "tp"}, {"units": "d", "sigma": "1745.3", "label": "period", "name": "per", "title": "sidereal orbital period", "value": "237090.9654743179"}, {"value": ".001518404546878425", "label": "n", "units": "deg/d", "sigma": "1.1178E-5", "title": "mean motion", "name": "n"}, {"value": "94.04240596006305", "units": "au", "sigma": ".46152", "label": "Q", "name": "ad", "title": "aphelion distance"}], "moid": "54.9737", "equinox": "J2000", "model_pars": [], "pe_used": "DE441", "sb_used": "SB441-N16", "comment": null, "covariance": {"epoch": "2457034.5", "data": [["4.183561407940949E-5", "-.001394706287685739", "6.918469901525732", "-5.033808772687513E-5", ".01897126712306767", "-2.202564064430363E-5"], ["-.001394706287685739", ".04878528881837724", "-239.4471097472166", ".001692125928124494", "-.656435620370578", ".0007459224609785689"], ["6.918469901525732", "-239.4471097472166", "1178220.057477359", "-8.382735173547688", "3230.178767333867", "-3.688744712391785"], ["-5.033808772687513E-5", ".001692125928124494", "-8.382735173547688", ".0001764800932966416", "-.02308938147301245", "7.975939548448893E-5"], [".01897126712306767", "-.656435620370578", "3230.178767333867", "-.02308938147301245", "8.85588807510007", "-.01016196263864519"], ["-2.202564064430363E-5", ".0007459224609785689", "-3.688744712391785", "7.975939548448893E-5", "-.01016196263864519", "3.609235503630014E-5"]], "elements": [{"value": ".2670882367349561", "name": "e", "title": "eccentricity", "units": null, "sigma": 0.00646804561513055, "label": "e"}, {"title": "perihelion distance", "name": "q", "label": "q", "sigma": 0.220873920638851, "units": "au", "value": "55.92983369805589"}, {"value": "2464952.544465557654", "label": "tp", "units": "TDB", "sigma": 1085.4584549753, "title": "time of perihelion passage", "name": "tp"}, {"units": "deg", "sigma": 0.0132845810357964, "label": "node", "name": "om", "title": "longitude of the ascending node", "value": "305.7970967207954"}, {"value": "243.8601479903405", "sigma": 2.97588441897532, "units": "deg", "label": "peri", "name": "w", "title": "argument of perihelion"}, {"value": "25.41518225846313", "label": "i", "units": "deg", "sigma": 0.00600769132332048, "title": "inclination", "name": "i"}], "labels": ["e", "q", "tp", "node", "peri", "i"]}}, "signature": {"version": "1.3", "source": "NASA/JPL Small-Body Database (SBDB) API"}, "object": {"pha": false, "neo": false, "fullname": "(2014 FZ71)", "prefix": null, "orbit_id": "4", "orbit_class": {"code": "TNO", "name": "TransNeptunian Object"}, "kind": "au", "des": "2014 FZ71", "spkid": "3753720"}}