{"orbit": {"comment": null, "epoch": "2460200.5", "elements": [{"name": "e", "sigma": "9.2161E-6", "title": "eccentricity", "label": "e", "value": ".8534727345953006", "units": null}, {"label": "a", "value": "72.07905486042186", "units": "au", "name": "a", "sigma": ".0046389", "title": "semi-major axis"}, {"label": "q", "units": "au", "value": "10.56154680165292", "name": "q", "sigma": "1.5587E-5", "title": "perihelion distance"}, {"label": "i", "value": "144.0003730560768", "units": "deg", "sigma": "1.7443E-5", "name": "i", "title": "inclination; angle with respect to x-y ecliptic plane"}, {"units": "deg", "label": "node", "value": "349.983553612906", "title": "longitude of the ascending node", "sigma": "1.2504E-5", "name": "om"}, {"title": "argument of perihelion", "name": "w", "sigma": "9.9734E-5", "value": "345.7998250025825", "label": "peri", "units": "deg"}, {"name": "ma", "sigma": ".00044848", "title": "mean anomaly", "label": "M", "units": "deg", "value": "4.656905264398216"}, {"name": "tp", "sigma": ".0027144", "title": "time of perihelion passage", "label": "tp", "value": "2457309.108138831972", "units": "TDB"}, {"title": "sidereal orbital period", "sigma": "21.578", "name": "per", "label": "period", "value": "223517.7679000948", "units": "d"}, {"label": "n", "value": ".001610610214043066", "units": "deg/d", "title": "mean motion", "name": "n", "sigma": "1.5548E-7"}, {"label": "Q", "units": "au", "value": "133.5965629191908", "title": "aphelion distance", "name": "ad", "sigma": ".008598"}], "not_valid_before": null, "sb_used": "SB441-N16", "source": "JPL", "moid": "9.5688", "n_obs_used": 106, "covariance": {"epoch": "2457348.5", "elements": [{"sigma": 9.21688566570664e-06, "name": "e", "title": "eccentricity", "label": "e", "units": null, "value": ".8578637261172851"}, {"label": "q", "value": "10.52698864463187", "units": "au", "title": "perihelion distance", "name": "q", "sigma": 1.56434346288199e-05}, {"sigma": 0.00268136909512647, "name": "tp", "title": "time of perihelion passage", "units": "TDB", "label": "tp", "value": "2457309.617472433958"}, {"label": "node", "units": "deg", "value": "350.0186370149513", "title": "longitude of the ascending node", "sigma": 1.25863533700316e-05, "name": "om"}, {"label": "peri", "value": "345.6683665580405", "units": "deg", "sigma": 9.86816470101411e-05, "name": "w", "title": "argument of perihelion"}, {"value": "144.0483239884555", "label": "i", "units": "deg", "sigma": 1.7376800780678e-05, "name": "i", "title": "inclination"}], "data": [["8.495098137470856E-11", "1.427332892157848E-10", "-6.057735696136737E-9", "2.211249433365272E-11", "-2.312476815075854E-10", "-5.184041850469572E-11"], ["1.427332892157848E-10", "2.447170469861602E-10", "-1.189911357556922E-8", "3.805676052793216E-11", "-4.495731381409563E-10", "-8.79326863217044E-11"], ["-6.057735696136737E-9", "-1.189911357556922E-8", "7.18974022429933E-6", "-2.904485019328824E-9", "2.626912013007394E-7", "2.583001860769012E-9"], ["2.211249433365272E-11", "3.805676052793216E-11", "-2.904485019328824E-9", "1.584162911553047E-10", "1.484544912985321E-11", "-8.422868432574328E-11"], ["-2.312476815075854E-10", "-4.495731381409563E-10", "2.626912013007394E-7", "1.484544912985321E-11", "9.738067456634091E-9", "4.280724829588588E-11"], ["-5.184041850469572E-11", "-8.79326863217044E-11", "2.583001860769012E-9", "-8.422868432574328E-11", "4.280724829588588E-11", "3.019532053713704E-10"]], "labels": ["e", "q", "tp", "node", "peri", "i"]}, "n_dop_obs_used": null, "rms": ".71992", "first_obs": "2011-12-02", "n_del_obs_used": null, "data_arc": "2142", "pe_used": "DE441", "two_body": null, "orbit_id": "8", "producer": "Otto Matic", "last_obs": "2017-10-13", "t_jup": "-3.066", "model_pars": [], "equinox": "J2000", "not_valid_after": null, "condition_code": "2", "moid_jup": "5.64253", "soln_date": "2021-04-14 19:24:00"}, "object": {"prefix": null, "des": "523797", "fullname": "523797 (2016 NM56)", "orbit_class": {"name": "TransNeptunian Object", "code": "TNO"}, "orbit_id": "8", "kind": "an", "pha": false, "neo": false, "spkid": "20523797"}, "signature": {"version": "1.3", "source": "NASA/JPL Small-Body Database (SBDB) API"}}