{"object": {"neo": false, "spkid": "3696069", "prefix": null, "des": "2011 UJ412", "fullname": "(2011 UJ412)", "orbit_class": {"name": "TransNeptunian Object", "code": "TNO"}, "orbit_id": "5", "kind": "au", "pha": false}, "orbit": {"not_valid_before": null, "epoch": "2460200.5", "comment": null, "elements": [{"title": "eccentricity", "name": "e", "sigma": ".00024822", "value": ".02458152507153373", "label": "e", "units": null}, {"label": "a", "value": "42.31689832000947", "units": "au", "title": "semi-major axis", "sigma": ".007205", "name": "a"}, {"sigma": ".0158", "name": "q", "title": "perihelion distance", "label": "q", "units": "au", "value": "41.27668442300661"}, {"label": "i", "value": "29.66726899860226", "units": "deg", "name": "i", "sigma": ".00095489", "title": "inclination; angle with respect to x-y ecliptic plane"}, {"value": "26.96033429744793", "label": "node", "units": "deg", "title": "longitude of the ascending node", "name": "om", "sigma": ".00022703"}, {"sigma": ".33346", "name": "w", "title": "argument of perihelion", "value": "137.8625363021695", "label": "peri", "units": "deg"}, {"sigma": ".35443", "name": "ma", "title": "mean anomaly", "units": "deg", "label": "M", "value": "245.5845013368613"}, {"label": "tp", "value": "2492156.434752581150", "units": "TDB", "sigma": "96.672", "name": "tp", "title": "time of perihelion passage"}, {"sigma": "25.679", "name": "per", "title": "sidereal orbital period", "label": "period", "value": "100547.0119463414", "units": "d"}, {"title": "mean motion", "name": "n", "sigma": "9.1442E-7", "label": "n", "value": ".003580414703841424", "units": "deg/d"}, {"units": "au", "label": "Q", "value": "43.35711221701233", "name": "ad", "sigma": ".0073822", "title": "aphelion distance"}], "covariance": {"epoch": "2456049.5", "elements": [{"sigma": 0.000244476887576848, "name": "e", "title": "eccentricity", "label": "e", "units": null, "value": ".02575659775927934"}, {"name": "q", "sigma": 0.0156711971135826, "title": "perihelion distance", "label": "q", "value": "41.16004972662845", "units": "au"}, {"title": "time of perihelion passage", "name": "tp", "sigma": 96.4867077558969, "label": "tp", "units": "TDB", "value": "2492756.328408880712"}, {"name": "om", "sigma": 0.000226759644743869, "title": "longitude of the ascending node", "units": "deg", "label": "node", "value": "27.01870109082044"}, {"name": "w", "sigma": 0.330772243316743, "title": "argument of perihelion", "label": "peri", "units": "deg", "value": "140.3419653689998"}, {"name": "i", "sigma": 0.000956020055628899, "title": "inclination", "label": "i", "units": "deg", "value": "29.69892219196175"}], "labels": ["e", "q", "tp", "node", "peri", "i"], "data": [["5.97689485592628E-8", "-3.591343987220213E-6", "-.01532135891591901", "-5.545838805312984E-9", "-4.325888452847464E-5", "-2.630308459834269E-8"], ["-3.591343987220213E-6", ".0002455864189727606", ".5218292272030843", "3.858906230389294E-7", ".001079100318717445", "1.913359301718224E-6"], ["-.01532135891591901", ".5218292272030843", "9309.684773571855", ".0007404023543309828", "31.5908891353364", ".002416976450360465"], ["-5.545838805312984E-9", "3.858906230389294E-7", ".0007404023543309828", "5.141993648436582E-8", "1.364679119043308E-6", "2.07134463507223E-7"], ["-4.325888452847464E-5", ".001079100318717445", "31.5908891353364", "1.364679119043308E-6", ".1094102769487906", "2.325371110327544E-6"], ["-2.630308459834269E-8", "1.913359301718224E-6", ".002416976450360465", "2.07134463507223E-7", "2.325371110327544E-6", "9.139743467646828E-7"]]}, "moid": "40.3299", "source": "JPL", "sb_used": "SB441-N16", "n_obs_used": 20, "data_arc": "4109", "n_del_obs_used": null, "first_obs": "2011-08-29", "rms": ".15993", "n_dop_obs_used": null, "orbit_id": "5", "two_body": null, "pe_used": "DE441", "last_obs": "2022-11-28", "producer": "Otto Matic", "t_jup": "5.077", "equinox": "J2000", "not_valid_after": null, "condition_code": "4", "model_pars": [], "soln_date": "2022-12-21 23:22:30", "moid_jup": "35.9532"}, "signature": {"version": "1.3", "source": "NASA/JPL Small-Body Database (SBDB) API"}}