{"signature": {"version": "1.3", "source": "NASA/JPL Small-Body Database (SBDB) API"}, "object": {"spkid": "54161272", "neo": false, "des": "2021 GW122", "prefix": null, "fullname": "(2021 GW122)", "kind": "au", "orbit_id": "3", "pha": false, "orbit_class": {"name": "TransNeptunian Object", "code": "TNO"}}, "orbit": {"not_valid_before": null, "elements": [{"label": "e", "value": ".02493125291318067", "units": null, "title": "eccentricity", "sigma": ".0082472", "name": "e"}, {"name": "a", "sigma": ".11921", "title": "semi-major axis", "units": "au", "label": "a", "value": "42.25519052457693"}, {"name": "q", "sigma": ".45386", "title": "perihelion distance", "label": "q", "value": "41.20171568271407", "units": "au"}, {"name": "i", "sigma": ".00073889", "title": "inclination; angle with respect to x-y ecliptic plane", "value": ".4803169916258623", "label": "i", "units": "deg"}, {"value": "123.7203479232012", "label": "node", "units": "deg", "name": "om", "sigma": ".33276", "title": "longitude of the ascending node"}, {"units": "deg", "label": "peri", "value": "123.7872775912012", "sigma": "24.293", "name": "w", "title": "argument of perihelion"}, {"title": "mean anomaly", "name": "ma", "sigma": "22.774", "label": "M", "units": "deg", "value": "316.4467997304711"}, {"title": "time of perihelion passage", "name": "tp", "sigma": "6299.", "label": "tp", "value": "2472338.191493709406", "units": "TDB"}, {"value": "100327.1610511814", "label": "period", "units": "d", "title": "sidereal orbital period", "name": "per", "sigma": "424.56"}, {"title": "mean motion", "name": "n", "sigma": "1.5185E-5", "label": "n", "units": "deg/d", "value": ".003588260608872882"}, {"value": "43.3086653664398", "label": "Q", "units": "au", "sigma": ".12218", "name": "ad", "title": "aphelion distance"}], "comment": null, "epoch": "2460200.5", "source": "JPL", "sb_used": "SB441-N16", "n_obs_used": 17, "moid": "40.1873", "covariance": {"labels": ["e", "q", "tp", "node", "peri", "i"], "data": [["6.771973159770269E-5", "-.003683347569948915", "43.53371821535335", "-.0001396990847805978", ".1691919902248699", "-3.526997018118164E-7"], ["-.003683347569948915", ".2034599307984961", "-2407.898207772781", ".007655950916057195", "-9.356862028053664", "1.952066734162174E-5"], ["43.53371821535335", "-2407.898207772781", "28500424.89312386", "-90.54598932624862", "110748.526388904", "-.2310574559710424"], ["-.0001396990847805978", ".007655950916057195", "-90.54598932624862", ".1111179839293506", "-.4627032992144065", ".0002398060214961032"], [".1691919902248699", "-9.356862028053664", "110748.526388904", "-.4627032992144065", "430.4641361438663", "-.001136915470560789"], ["-3.526997018118164E-7", "1.952066734162174E-5", "-.2310574559710424", ".0002398060214961032", "-.001136915470560789", "5.187898248383122E-7"]], "epoch": "2459383.5", "elements": [{"sigma": 0.0082291999366708, "name": "e", "title": "eccentricity", "value": ".02928933269384787", "label": "e", "units": null}, {"title": "perihelion distance", "sigma": 0.45106532874795, "name": "q", "units": "au", "label": "q", "value": "41.14946609543279"}, {"label": "tp", "value": "2472260.528951496035", "units": "TDB", "sigma": 5338.57892075446, "name": "tp", "title": "time of perihelion passage"}, {"title": "longitude of the ascending node", "sigma": 0.333343642401277, "name": "om", "units": "deg", "label": "node", "value": "123.3567086833025"}, {"label": "peri", "value": "124.0082445761442", "units": "deg", "name": "w", "sigma": 20.7476296512124, "title": "argument of perihelion"}, {"label": "i", "units": "deg", "value": ".4796105404381071", "name": "i", "sigma": 0.000720270660820162, "title": "inclination"}]}, "n_del_obs_used": null, "first_obs": "2021-04-05", "data_arc": "749", "rms": ".23597", "n_dop_obs_used": null, "orbit_id": "3", "pe_used": "DE441", "two_body": null, "producer": "Otto Matic", "last_obs": "2023-04-24", "t_jup": "5.821", "equinox": "J2000", "not_valid_after": null, "condition_code": "6", "model_pars": [], "moid_jup": "35.8253", "soln_date": "2023-04-29 06:29:11"}}