{"object": {"neo": false, "fullname": "(2013 JW63)", "orbit_class": {"code": "TNO", "name": "TransNeptunian Object"}, "orbit_id": "6", "prefix": null, "pha": false, "kind": "au", "des": "2013 JW63", "spkid": "3670724"}, "signature": {"version": "1.3", "source": "NASA/JPL Small-Body Database (SBDB) API"}, "orbit": {"not_valid_after": null, "n_del_obs_used": null, "producer": "Otto Matic", "soln_date": "2021-04-15 08:11:53", "elements": [{"label": "e", "units": null, "sigma": ".00066316", "title": "eccentricity", "name": "e", "value": ".1025143030678035"}, {"units": "au", "sigma": ".017884", "label": "a", "name": "a", "title": "semi-major axis", "value": "45.50218691343897"}, {"value": "40.83756193394684", "units": "au", "sigma": ".030747", "label": "q", "name": "q", "title": "perihelion distance"}, {"title": "inclination; angle with respect to x-y ecliptic plane", "name": "i", "label": "i", "sigma": ".0004105", "units": "deg", "value": "7.738028769093146"}, {"value": "309.4960426421028", "name": "om", "title": "longitude of the ascending node", "units": "deg", "sigma": ".0067374", "label": "node"}, {"value": "17.01903670703656", "units": "deg", "sigma": ".1769", "label": "peri", "name": "w", "title": "argument of perihelion"}, {"value": "297.1583826210046", "name": "ma", "title": "mean anomaly", "sigma": ".15308", "units": "deg", "label": "M"}, {"value": "2479770.538739992622", "label": "tp", "units": "TDB", "sigma": "36.337", "title": "time of perihelion passage", "name": "tp"}, {"value": "112110.6400541529", "title": "sidereal orbital period", "name": "per", "label": "period", "units": "d", "sigma": "66.096"}, {"value": ".003211113591235488", "name": "n", "title": "mean motion", "sigma": "1.8931E-6", "units": "deg/d", "label": "n"}, {"title": "aphelion distance", "name": "ad", "label": "Q", "sigma": ".019718", "units": "au", "value": "50.16681189293109"}], "two_body": null, "n_obs_used": 20, "orbit_id": "6", "n_dop_obs_used": null, "epoch": "2460200.5", "pe_used": "DE441", "sb_used": "SB441-N16", "covariance": {"epoch": "2457596.5", "data": [["4.271403959646807E-7", "-1.690299230610523E-5", ".00554861705076441", "-4.883381543882154E-7", "6.103419846506591E-5", "2.789171679986724E-8"], ["-1.690299230610523E-5", ".0009189951975382257", "-.8361897216974126", "2.496174904382022E-5", "-.005135320508689849", "-1.169083643370192E-6"], [".00554861705076441", "-.8361897216974126", "1594.614104983734", "-.02020773042381981", "7.506688530341397", ".000523720805447103"], ["-4.883381543882154E-7", "2.496174904382022E-5", "-.02020773042381981", "4.492127614708051E-5", "-.000174804672393808", "-2.730844146905099E-6"], ["6.103419846506591E-5", "-.005135320508689849", "7.506688530341397", "-.000174804672393808", ".03837286991359974", "7.370006927078825E-6"], ["2.789171679986724E-8", "-1.169083643370192E-6", ".000523720805447103", "-2.730844146905099E-6", "7.370006927078825E-6", "1.681926334965631E-7"]], "labels": ["e", "q", "tp", "node", "peri", "i"], "elements": [{"title": "eccentricity", "name": "e", "label": "e", "sigma": 0.000653559787597646, "units": null, "value": ".1003930876454347"}, {"value": "41.2502800427666", "label": "q", "units": "au", "sigma": 0.0303149335730466, "title": "perihelion distance", "name": "q"}, {"label": "tp", "units": "TDB", "sigma": 39.9326195607518, "title": "time of perihelion passage", "name": "tp", "value": "2478597.015244137208"}, {"value": "309.3811503471482", "units": "deg", "sigma": 0.00670233363442022, "label": "node", "name": "om", "title": "longitude of the ascending node"}, {"value": "12.08109094662822", "title": "argument of perihelion", "name": "w", "label": "peri", "units": "deg", "sigma": 0.19588994337025}, {"name": "i", "title": "inclination", "sigma": 0.000410112952119978, "units": "deg", "label": "i", "value": "7.743123775606221"}]}, "comment": null, "equinox": "J2000", "moid": "39.8262", "model_pars": [], "rms": ".19952", "not_valid_before": null, "condition_code": "4", "first_obs": "2013-05-08", "data_arc": "1816", "t_jup": "5.944", "source": "JPL", "last_obs": "2018-04-28", "moid_jup": "35.807"}}