{"orbit": {"t_jup": "5.651", "producer": "Otto Matic", "last_obs": "2023-09-06", "moid_jup": "31.082", "soln_date": "2023-10-20 08:22:39", "condition_code": "4", "not_valid_after": null, "equinox": "J2000", "model_pars": [], "n_obs_used": 24, "source": "JPL", "sb_used": "SB441-N16", "moid": "34.9644", "covariance": {"elements": [{"label": "e", "value": ".2074519541447443", "units": null, "title": "eccentricity", "name": "e", "sigma": 0.00024431994748193}, {"sigma": 0.00258743180509583, "name": "q", "title": "perihelion distance", "label": "q", "value": "35.91751254757521", "units": "au"}, {"sigma": 4.1755492034067, "name": "tp", "title": "time of perihelion passage", "units": "TDB", "label": "tp", "value": "2456678.547248492652"}, {"title": "longitude of the ascending node", "sigma": 0.000820127071169486, "name": "om", "units": "deg", "label": "node", "value": "293.5989198412967"}, {"value": "43.56929447541971", "label": "peri", "units": "deg", "sigma": 0.0208969150075319, "name": "w", "title": "argument of perihelion"}, {"sigma": 0.000260808584191005, "name": "i", "title": "inclination", "units": "deg", "label": "i", "value": "17.27061340427607"}], "epoch": "2456726.5", "labels": ["e", "q", "tp", "node", "peri", "i"], "data": [["5.969223673757314E-8", "6.296519404519332E-7", ".0007800223589146707", "2.732022268612457E-8", "3.887697130911399E-6", "1.679121889677419E-8"], ["6.296519404519332E-7", "6.694803346021491E-6", ".008705260700772016", "2.869656747435095E-7", "4.340644730909327E-5", "1.773048393529871E-7"], [".0007800223589146707", ".008705260700772016", "17.43521115007037", ".0003238199248005546", ".0871950903572703", ".0002132775568856764"], ["2.732022268612457E-8", "2.869656747435095E-7", ".0003238199248005546", "6.726084128650387E-7", "9.823944600675493E-7", "2.068320358142373E-7"], ["3.887697130911399E-6", "4.340644730909327E-5", ".0871950903572703", "9.823944600675493E-7", ".0004366810568320115", "8.726029689844065E-7"], ["1.679121889677419E-8", "1.773048393529871E-7", ".0002132775568856764", "2.068320358142373E-7", "8.726029689844065E-7", "6.802111758771676E-8"]]}, "not_valid_before": null, "comment": null, "elements": [{"label": "e", "units": null, "value": ".2164562313097868", "name": "e", "sigma": ".00024619", "title": "eccentricity"}, {"name": "a", "sigma": ".017684", "title": "semi-major axis", "label": "a", "value": "45.88401271737037", "units": "au"}, {"title": "perihelion distance", "sigma": ".0025671", "name": "q", "value": "35.95213224719804", "label": "q", "units": "au"}, {"title": "inclination; angle with respect to x-y ecliptic plane", "name": "i", "sigma": ".00026088", "units": "deg", "label": "i", "value": "17.2368178273617"}, {"name": "om", "sigma": ".000822", "title": "longitude of the ascending node", "label": "node", "units": "deg", "value": "293.5089249016897"}, {"sigma": ".019592", "name": "w", "title": "argument of perihelion", "value": "44.26930875521062", "label": "peri", "units": "deg"}, {"units": "deg", "label": "M", "value": "10.765614814479", "name": "ma", "sigma": ".017594", "title": "mean anomaly"}, {"title": "time of perihelion passage", "name": "tp", "sigma": "3.9096", "value": "2456805.601062511570", "label": "tp", "units": "TDB"}, {"title": "sidereal orbital period", "sigma": "65.629", "name": "per", "value": "113524.7395115892", "label": "period", "units": "d"}, {"units": "deg/d", "label": "n", "value": ".003171114961803099", "title": "mean motion", "name": "n", "sigma": "1.8332E-6"}, {"title": "aphelion distance", "sigma": ".021512", "name": "ad", "units": "au", "label": "Q", "value": "55.81589318754269"}], "epoch": "2460200.5", "orbit_id": "5", "pe_used": "DE441", "two_body": null, "first_obs": "2007-06-17", "n_del_obs_used": null, "data_arc": "5925", "n_dop_obs_used": null, "rms": ".21522"}, "object": {"neo": false, "spkid": "3843310", "prefix": null, "des": "2013 RT109", "fullname": "(2013 RT109)", "orbit_class": {"name": "TransNeptunian Object", "code": "TNO"}, "kind": "au", "orbit_id": "5", "pha": false}, "signature": {"version": "1.3", "source": "NASA/JPL Small-Body Database (SBDB) API"}}