{"orbit": {"model_pars": [], "condition_code": "4", "not_valid_after": null, "equinox": "J2000", "soln_date": "2021-04-14 18:07:27", "moid_jup": "36.4262", "last_obs": "2017-02-03", "producer": "Otto Matic", "t_jup": "5.888", "rms": ".25296", "n_dop_obs_used": null, "data_arc": "1429", "first_obs": "2013-03-07", "n_del_obs_used": null, "two_body": null, "pe_used": "DE441", "orbit_id": "7", "epoch": "2460200.5", "comment": null, "elements": [{"title": "eccentricity", "name": "e", "sigma": ".00023484", "units": null, "label": "e", "value": ".04120525349495168"}, {"label": "a", "units": "au", "value": "43.57033676298788", "title": "semi-major axis", "sigma": ".0053948", "name": "a"}, {"title": "perihelion distance", "name": "q", "sigma": ".010179", "value": "41.77500999180855", "label": "q", "units": "au"}, {"label": "i", "value": "3.909243245336289", "units": "deg", "title": "inclination; angle with respect to x-y ecliptic plane", "name": "i", "sigma": ".00097367"}, {"title": "longitude of the ascending node", "name": "om", "sigma": ".0067594", "label": "node", "value": "63.38715545654689", "units": "deg"}, {"value": "189.8527866483182", "label": "peri", "units": "deg", "title": "argument of perihelion", "name": "w", "sigma": ".52166"}, {"label": "M", "value": "339.5729116556185", "units": "deg", "title": "mean anomaly", "sigma": ".47332", "name": "ma"}, {"units": "TDB", "label": "tp", "value": "2466161.083390878551", "title": "time of perihelion passage", "name": "tp", "sigma": "137.86"}, {"value": "105047.277641333", "label": "period", "units": "d", "name": "per", "sigma": "19.51", "title": "sidereal orbital period"}, {"value": ".003427028363639866", "label": "n", "units": "deg/d", "name": "n", "sigma": "6.3649E-7", "title": "mean motion"}, {"title": "aphelion distance", "sigma": ".005617", "name": "ad", "label": "Q", "units": "au", "value": "45.3656635341672"}], "not_valid_before": null, "covariance": {"labels": ["e", "q", "tp", "node", "peri", "i"], "data": [["3.875833605150135E-8", "-1.349849080697261E-6", ".02278707065561899", "-2.535064872178316E-8", "8.570974527262813E-5", "3.873766463248626E-9"], ["-1.349849080697261E-6", "7.124902518243496E-5", "-1.153692262521999", "1.533778054508025E-6", "-.004335590374045588", "-2.187733378766902E-7"], [".02278707065561899", "-1.153692262521999", "18788.40167692447", "-.02447642420613907", "70.60905436492794", ".003514525794029598"], ["-2.535064872178316E-8", "1.533778054508025E-6", "-.02447642420613907", "4.580468400183892E-5", "-.0001376335012270674", "-6.562353154651642E-6"], ["8.570974527262813E-5", "-.004335590374045588", "70.60905436492794", "-.0001376335012270674", ".2654035064214944", "1.974912367011711E-5"], ["3.873766463248626E-9", "-2.187733378766902E-7", ".003514525794029598", "-6.562353154651642E-6", "1.974912367011711E-5", "9.426017174700739E-7"]], "elements": [{"label": "e", "units": null, "value": ".04423226867510101", "title": "eccentricity", "sigma": 0.000196871369303668, "name": "e"}, {"name": "q", "sigma": 0.00844091376466049, "title": "perihelion distance", "units": "au", "label": "q", "value": "41.85958878820801"}, {"sigma": 137.070790750344, "name": "tp", "title": "time of perihelion passage", "value": "2464410.887261996279", "label": "tp", "units": "TDB"}, {"name": "om", "sigma": 0.00676791577975368, "title": "longitude of the ascending node", "value": "63.39209675478492", "label": "node", "units": "deg"}, {"label": "peri", "value": "183.3059222052813", "units": "deg", "name": "w", "sigma": 0.515173278054573, "title": "argument of perihelion"}, {"title": "inclination", "name": "i", "sigma": 0.000970876777696363, "label": "i", "value": "3.90261912309098", "units": "deg"}], "epoch": "2456677.5"}, "source": "JPL", "moid": "40.7598", "sb_used": "SB441-N16", "n_obs_used": 42}, "object": {"des": "500840", "prefix": null, "fullname": "500840 (2013 GA138)", "orbit_class": {"code": "TNO", "name": "TransNeptunian Object"}, "kind": "an", "orbit_id": "7", "pha": false, "neo": false, "spkid": "20500840"}, "signature": {"version": "1.3", "source": "NASA/JPL Small-Body Database (SBDB) API"}}