{"orbit": {"model_pars": [], "equinox": "J2000", "moid": "35.7258", "pe_used": "DE441", "covariance": {"data": [["1.68922180926347E-9", "1.45132505687671E-8", "-6.271152800750115E-6", "3.807033168209558E-11", "-3.579872919584613E-8", "1.340083300404713E-10"], ["1.45132505687671E-8", "1.437392354187383E-7", "-7.631095251937871E-5", "4.674393855094219E-10", "-4.436820486059137E-7", "1.316810280670329E-9"], ["-6.271152800750115E-6", "-7.631095251937871E-5", ".05099697363800572", "-3.100590688804174E-7", ".0002999866475302033", "-6.901241852465573E-7"], ["3.807033168209558E-11", "4.674393855094219E-10", "-3.100590688804174E-7", "4.524027946051E-9", "-6.09090951794269E-9", "3.710260373178326E-9"], ["-3.579872919584613E-8", "-4.436820486059137E-7", ".0002999866475302033", "-6.09090951794269E-9", "1.770884652931203E-6", "-7.50449135857005E-9"], ["1.340083300404713E-10", "1.316810280670329E-9", "-6.901241852465573E-7", "3.710260373178326E-9", "-7.50449135857005E-9", "3.371318241710316E-9"]], "epoch": "2457308.5", "elements": [{"title": "eccentricity", "name": "e", "label": "e", "units": null, "sigma": 4.11001436647546e-05, "value": ".632853183400759"}, {"value": "36.68248655198474", "units": "au", "sigma": 0.000379129576027429, "label": "q", "name": "q", "title": "perihelion distance"}, {"title": "time of perihelion passage", "name": "tp", "label": "tp", "units": "TDB", "sigma": 0.225825095235241, "value": "2461973.978011411694"}, {"value": "142.7366870054308", "sigma": 6.72608946271978e-05, "units": "deg", "label": "node", "name": "om", "title": "longitude of the ascending node"}, {"units": "deg", "sigma": 0.00133074590096352, "label": "peri", "name": "w", "title": "argument of perihelion", "value": "226.1883276901087"}, {"title": "inclination", "name": "i", "label": "i", "units": "deg", "sigma": 5.80630540163908e-05, "value": "19.48319776180901"}], "labels": ["e", "q", "tp", "node", "peri", "i"]}, "comment": null, "sb_used": "SB441-N16", "n_obs_used": 79, "two_body": null, "epoch": "2460200.5", "orbit_id": "7", "n_dop_obs_used": null, "n_del_obs_used": null, "not_valid_after": null, "elements": [{"value": ".6461366095921639", "label": "e", "units": null, "sigma": "4.1348E-5", "title": "eccentricity", "name": "e"}, {"name": "a", "title": "semi-major axis", "sigma": ".01312", "units": "au", "label": "a", "value": "103.7054086687883"}, {"sigma": ".0003786", "units": "au", "label": "q", "name": "q", "title": "perihelion distance", "value": "36.69754751516761"}, {"value": "19.42878644516106", "sigma": "5.7892E-5", "units": "deg", "label": "i", "name": "i", "title": "inclination; angle with respect to x-y ecliptic plane"}, {"value": "142.6686244769217", "units": "deg", "sigma": "6.7372E-5", "label": "node", "name": "om", "title": "longitude of the ascending node"}, {"value": "226.1936512449022", "sigma": ".0013072", "units": "deg", "label": "peri", "name": "w", "title": "argument of perihelion"}, {"value": "358.3656624928591", "title": "mean anomaly", "name": "ma", "label": "M", "units": "deg", "sigma": ".00047696"}, {"name": "tp", "title": "time of perihelion passage", "sigma": ".22077", "units": "TDB", "label": "tp", "value": "2461951.716274587797"}, {"title": "sidereal orbital period", "name": "per", "label": "period", "units": "d", "sigma": "73.205", "value": "385745.2062973893"}, {"units": "deg/d", "sigma": "1.7711E-7", "label": "n", "name": "n", "title": "mean motion", "value": ".0009332585191543737"}, {"label": "Q", "sigma": ".021598", "units": "au", "title": "aphelion distance", "name": "ad", "value": "170.7132698224089"}], "soln_date": "2023-10-20 07:48:12", "producer": "Otto Matic", "moid_jup": "31.878", "source": "JPL", "last_obs": "2023-09-15", "t_jup": "6.477", "not_valid_before": null, "rms": ".69452", "data_arc": "4759", "first_obs": "2010-09-04", "condition_code": "2"}, "signature": {"version": "1.3", "source": "NASA/JPL Small-Body Database (SBDB) API"}, "object": {"pha": false, "orbit_id": "7", "orbit_class": {"name": "TransNeptunian Object", "code": "TNO"}, "prefix": null, "fullname": "(2011 OB60)", "neo": false, "spkid": "3755978", "kind": "au", "des": "2011 OB60"}}