{"signature": {"version": "1.3", "source": "NASA/JPL Small-Body Database (SBDB) API"}, "orbit": {"producer": "Otto Matic", "soln_date": "2023-11-02 01:05:20", "elements": [{"label": "e", "sigma": "1.5169E-5", "units": null, "title": "eccentricity", "name": "e", "value": ".1325323831377255"}, {"value": "39.56241111416989", "units": "au", "sigma": ".00086914", "label": "a", "name": "a", "title": "semi-major axis"}, {"title": "perihelion distance", "name": "q", "label": "q", "sigma": ".00015945", "units": "au", "value": "34.31911048653452"}, {"value": "8.211416355038553", "label": "i", "units": "deg", "sigma": "1.2251E-5", "title": "inclination; angle with respect to x-y ecliptic plane", "name": "i"}, {"label": "node", "sigma": ".00028518", "units": "deg", "title": "longitude of the ascending node", "name": "om", "value": "6.828665301073785"}, {"units": "deg", "sigma": ".0048257", "label": "peri", "name": "w", "title": "argument of perihelion", "value": "280.19345272588"}, {"sigma": ".0036816", "units": "deg", "label": "M", "name": "ma", "title": "mean anomaly", "value": "11.23544290472355"}, {"value": "2457363.820627310059", "name": "tp", "title": "time of perihelion passage", "units": "TDB", "sigma": ".92109", "label": "tp"}, {"title": "sidereal orbital period", "name": "per", "label": "period", "sigma": "2.9951", "units": "d", "value": "90891.35006320482"}, {"name": "n", "title": "mean motion", "sigma": "1.3052E-7", "units": "deg/d", "label": "n", "value": ".003960772942085909"}, {"value": "44.80571174180526", "name": "ad", "title": "aphelion distance", "units": "au", "sigma": ".00098432", "label": "Q"}], "not_valid_after": null, "n_del_obs_used": null, "orbit_id": "16", "n_dop_obs_used": null, "epoch": "2460200.5", "n_obs_used": 177, "two_body": null, "sb_used": "SB441-N16", "covariance": {"elements": [{"label": "e", "units": null, "sigma": 1.52183272702703e-05, "title": "eccentricity", "name": "e", "value": ".1375106810653149"}, {"label": "q", "units": "au", "sigma": 0.00016281682891947, "title": "perihelion distance", "name": "q", "value": "34.29228425390556"}, {"title": "time of perihelion passage", "name": "tp", "label": "tp", "units": "TDB", "sigma": 0.884829237809843, "value": "2457007.575347403707"}, {"title": "longitude of the ascending node", "name": "om", "label": "node", "sigma": 0.000284069472169544, "units": "deg", "value": "6.65499844109967"}, {"title": "argument of perihelion", "name": "w", "label": "peri", "units": "deg", "sigma": 0.00465668887617362, "value": "278.4650784081809"}, {"label": "i", "units": "deg", "sigma": 1.2327595822188e-05, "title": "inclination", "name": "i", "value": "8.219492790081944"}], "labels": ["e", "q", "tp", "node", "peri", "i"], "epoch": "2458442.5", "data": [["2.31597484905053E-10", "2.298864150479251E-9", "-1.478599625002027E-8", "-9.356354656500033E-11", "1.806835448146293E-11", "1.722726969540357E-11"], ["2.298864150479251E-9", "2.650931977939183E-8", "5.134612565752406E-5", "-1.646231963688092E-9", "2.707973114039692E-7", "2.085394464570518E-10"], ["-1.478599625002027E-8", "5.134612565752406E-5", ".7829227800831481", "-1.066448667765341E-5", ".004112865467494494", "5.338315396826103E-7"], ["-9.356354656500033E-11", "-1.646231963688092E-9", "-1.066448667765341E-5", "8.069546501868321E-8", "-1.357519466916939E-7", "-3.276397073956569E-9"], ["1.806835448146293E-11", "2.707973114039692E-7", ".004112865467494494", "-1.357519466916939E-7", "2.168475128947914E-5", "6.040862077419227E-9"], ["1.722726969540357E-11", "2.085394464570518E-10", "5.338315396826103E-7", "-3.276397073956569E-9", "6.040862077419227E-9", "1.51969618755226E-10"]]}, "comment": null, "pe_used": "DE441", "equinox": "J2000", "moid": "33.3125", "model_pars": [], "first_obs": "2014-07-07", "condition_code": "2", "data_arc": "3403", "rms": ".61559", "not_valid_before": null, "t_jup": "5.542", "last_obs": "2023-10-31", "source": "JPL", "moid_jup": "29.1841"}, "object": {"orbit_id": "16", "orbit_class": {"code": "TNO", "name": "TransNeptunian Object"}, "prefix": null, "fullname": "(2014 NT86)", "neo": false, "pha": false, "spkid": "54106588", "kind": "au", "des": "2014 NT86"}}