{"signature": {"version": "1.3", "source": "NASA/JPL Small-Body Database (SBDB) API"}, "orbit": {"n_del_obs_used": null, "not_valid_after": null, "elements": [{"value": ".2733060904879936", "label": "e", "sigma": "4.5212E-6", "units": null, "title": "eccentricity", "name": "e"}, {"units": "au", "sigma": ".00028857", "label": "a", "name": "a", "title": "semi-major axis", "value": "39.27711286054124"}, {"title": "perihelion distance", "name": "q", "label": "q", "units": "au", "sigma": "3.2276E-5", "value": "28.54243869897102"}, {"title": "inclination; angle with respect to x-y ecliptic plane", "name": "i", "label": "i", "units": "deg", "sigma": "3.2119E-6", "value": "15.47497801684177"}, {"value": "169.438614437219", "label": "node", "units": "deg", "sigma": "3.3585E-5", "title": "longitude of the ascending node", "name": "om"}, {"sigma": ".00023202", "units": "deg", "label": "peri", "name": "w", "title": "argument of perihelion", "value": "68.02333415483393"}, {"units": "deg", "sigma": ".00016111", "label": "M", "name": "ma", "title": "mean anomaly", "value": "12.44152712882698"}, {"value": "2457093.230286913281", "units": "TDB", "sigma": ".031449", "label": "tp", "name": "tp", "title": "time of perihelion passage"}, {"name": "per", "title": "sidereal orbital period", "sigma": ".99085", "units": "d", "label": "period", "value": "89909.95117628177"}, {"label": "n", "sigma": "4.4126E-8", "units": "deg/d", "title": "mean motion", "name": "n", "value": ".004004006178294622"}, {"name": "ad", "title": "aphelion distance", "units": "au", "sigma": ".00036743", "label": "Q", "value": "50.01178702211146"}], "soln_date": "2023-12-06 08:38:42", "producer": "Otto Matic", "two_body": null, "n_obs_used": 843, "epoch": "2460200.5", "n_dop_obs_used": null, "orbit_id": "43", "pe_used": "DE441", "comment": null, "covariance": {"epoch": "2457687.5", "data": [["2.065544372990874E-11", "1.456488019649731E-10", "-3.212514951635715E-8", "7.692326830788248E-12", "-2.415935794557414E-10", "2.990555181959193E-12"], ["1.456488019649731E-10", "1.039786759737622E-9", "-1.750238313001222E-7", "5.258369650282402E-11", "-1.324263315034759E-9", "2.107357878572843E-11"], ["-3.212514951635715E-8", "-1.750238313001222E-7", ".0009162787792734704", "-4.507512079869789E-8", "6.719440973021554E-6", "-7.773883997361018E-9"], ["7.692326830788248E-12", "5.258369650282402E-11", "-4.507512079869789E-8", "1.124818798019642E-9", "-1.412472057139621E-9", "9.215334499762898E-11"], ["-2.415935794557414E-10", "-1.324263315034759E-9", "6.719440973021554E-6", "-1.412472057139621E-9", "5.032177619595121E-8", "-1.454301912436025E-10"], ["2.990555181959193E-12", "2.107357878572843E-11", "-7.773883997361018E-9", "9.215334499762898E-11", "-1.454301912436025E-10", "1.014820128940599E-11"]], "labels": ["e", "q", "tp", "node", "peri", "i"], "elements": [{"title": "eccentricity", "name": "e", "label": "e", "units": null, "sigma": 4.54482603956507e-06, "value": ".2816281329150864"}, {"title": "perihelion distance", "name": "q", "label": "q", "sigma": 3.22457246737862e-05, "units": "au", "value": "28.53419642717187"}, {"value": "2457032.418636588639", "title": "time of perihelion passage", "name": "tp", "label": "tp", "units": "TDB", "sigma": 0.0302700971137106}, {"value": "169.2306016309849", "label": "node", "units": "deg", "sigma": 3.35383183540803e-05, "title": "longitude of the ascending node", "name": "om"}, {"value": "67.71215132626998", "units": "deg", "sigma": 0.00022432515729617, "label": "peri", "name": "w", "title": "argument of perihelion"}, {"value": "15.46391855115126", "label": "i", "units": "deg", "sigma": 3.18562416009893e-06, "title": "inclination", "name": "i"}]}, "sb_used": "SB441-N16", "model_pars": [], "equinox": "J2000", "moid": "27.5626", "not_valid_before": null, "rms": ".42656", "data_arc": "9939", "first_obs": "1996-04-09", "condition_code": "1", "t_jup": "5.227", "source": "JPL", "last_obs": "2023-06-26", "moid_jup": "23.3179"}, "object": {"pha": false, "neo": false, "shortname": "38628 Huya", "fullname": "38628 Huya (2000 EB173)", "orbit_id": "43", "orbit_class": {"name": "TransNeptunian Object", "code": "TNO"}, "prefix": null, "des": "38628", "kind": "an", "spkid": "20038628"}}