{"object": {"neo": false, "spkid": "20525462", "orbit_class": {"code": "TNO", "name": "TransNeptunian Object"}, "pha": false, "orbit_id": "12", "kind": "an", "fullname": "525462 (2005 EO304)", "des": "525462", "prefix": null}, "orbit": {"producer": "Otto Matic", "last_obs": "2022-03-02", "t_jup": "5.997", "not_valid_after": null, "condition_code": "3", "equinox": "J2000", "model_pars": [], "moid_jup": "37.1063", "soln_date": "2022-04-13 12:19:58", "not_valid_before": null, "epoch": "2460200.5", "comment": null, "elements": [{"title": "eccentricity", "name": "e", "sigma": "3.0163E-5", "value": ".06359991665304603", "label": "e", "units": null}, {"title": "semi-major axis", "sigma": ".002269", "name": "a", "label": "a", "value": "45.36051080652939", "units": "au"}, {"name": "q", "sigma": ".00091967", "title": "perihelion distance", "units": "au", "label": "q", "value": "42.47558609989453"}, {"title": "inclination; angle with respect to x-y ecliptic plane", "sigma": "3.7637E-5", "name": "i", "units": "deg", "label": "i", "value": "3.416739156149389"}, {"units": "deg", "label": "node", "value": "93.86258578147391", "title": "longitude of the ascending node", "name": "om", "sigma": ".0016744"}, {"sigma": ".023414", "name": "w", "title": "argument of perihelion", "label": "peri", "units": "deg", "value": "152.2750763133742"}, {"value": "331.8950242138209", "label": "M", "units": "deg", "title": "mean anomaly", "name": "ma", "sigma": ".022125"}, {"value": "2468912.062291103030", "label": "tp", "units": "TDB", "title": "time of perihelion passage", "sigma": "6.2619", "name": "tp"}, {"units": "d", "label": "period", "value": "111587.4444673721", "name": "per", "sigma": "8.3727", "title": "sidereal orbital period"}, {"title": "mean motion", "sigma": "2.4207E-7", "name": "n", "label": "n", "value": ".003226169411069031", "units": "deg/d"}, {"title": "aphelion distance", "sigma": ".0024133", "name": "ad", "units": "au", "label": "Q", "value": "48.24543551316425"}], "source": "JPL", "n_obs_used": 120, "sb_used": "SB441-N16", "moid": "41.4618", "covariance": {"elements": [{"title": "eccentricity", "name": "e", "sigma": 3.23978568230635e-05, "value": ".07227401287879602", "label": "e", "units": null}, {"value": "42.61252405125473", "label": "q", "units": "au", "name": "q", "sigma": 0.000805277983747427, "title": "perihelion distance"}, {"label": "tp", "units": "TDB", "value": "2467084.895732313271", "name": "tp", "sigma": 5.02032647236867, "title": "time of perihelion passage"}, {"units": "deg", "label": "node", "value": "93.89227535920641", "title": "longitude of the ascending node", "sigma": 0.00166708237151002, "name": "om"}, {"title": "argument of perihelion", "sigma": 0.0187482847053636, "name": "w", "label": "peri", "units": "deg", "value": "145.6156232348833"}, {"title": "inclination", "name": "i", "sigma": 3.73307047463645e-05, "label": "i", "value": "3.414889441903571", "units": "deg"}], "epoch": "2457370.5", "labels": ["e", "q", "tp", "node", "peri", "i"], "data": [["1.049621126727724E-9", "1.981849717187476E-8", "-.0001146328094452115", "9.504709376414869E-11", "-4.215281471884735E-7", "2.296918966066883E-11"], ["1.981849717187476E-8", "6.484726311083212E-7", "-.004020057321377031", "1.060460493963116E-8", "-1.494190065336908E-5", "3.586966069334807E-10"], ["-.0001146328094452115", "-.004020057321377031", "25.20367788916564", "-7.025476422743379E-5", ".09374448341435349", "-1.972196448152085E-6"], ["9.504709376414869E-11", "1.060460493963116E-8", "-7.025476422743379E-5", "2.779163633399485E-6", "-3.037370291463849E-6", "-6.113027065345931E-8"], ["-4.215281471884735E-7", "-1.494190065336908E-5", ".09374448341435349", "-3.037370291463849E-6", ".0003514981793933702", "5.380993937928633E-8"], ["2.296918966066883E-11", "3.586966069334807E-10", "-1.972196448152085E-6", "-6.113027065345931E-8", "5.380993937928633E-8", "1.393581516860238E-9"]]}, "first_obs": "2000-05-04", "n_del_obs_used": null, "data_arc": "7972", "n_dop_obs_used": null, "rms": ".6258", "orbit_id": "12", "pe_used": "DE441", "two_body": null}, "signature": {"version": "1.3", "source": "NASA/JPL Small-Body Database (SBDB) API"}}