{"signature": {"version": "1.3", "source": "NASA/JPL Small-Body Database (SBDB) API"}, "object": {"kind": "au", "orbit_id": "1", "pha": false, "orbit_class": {"name": "TransNeptunian Object", "code": "TNO"}, "des": "2016 TL176", "prefix": null, "fullname": "(2016 TL176)", "spkid": "54199116", "neo": false}, "orbit": {"source": "JPL", "n_obs_used": 9, "sb_used": "SB441-N16", "moid": "35.5588", "covariance": {"elements": [{"sigma": 0.000934204468472583, "name": "e", "title": "eccentricity", "label": "e", "value": ".2213340917213299", "units": null}, {"sigma": 0.023999582583761, "name": "q", "title": "perihelion distance", "label": "q", "units": "au", "value": "36.39194030124791"}, {"label": "tp", "units": "TDB", "value": "2450192.771632086806", "title": "time of perihelion passage", "sigma": 50.9980507859881, "name": "tp"}, {"value": "102.1331442866464", "label": "node", "units": "deg", "title": "longitude of the ascending node", "name": "om", "sigma": 0.00519034634371381}, {"label": "peri", "units": "deg", "value": "232.9348194925918", "name": "w", "sigma": 0.280138416763765, "title": "argument of perihelion"}, {"label": "i", "value": "21.24023236840933", "units": "deg", "title": "inclination", "sigma": 7.00377880263336e-05, "name": "i"}], "epoch": "2457847.5", "labels": ["e", "q", "tp", "node", "peri", "i"], "data": [["8.727379889141413E-7", "-1.907165344370014E-5", "-.04187812315119017", "1.05797306915026E-6", "-.0002312181786674835", "2.565870472855409E-8"], ["-1.907165344370014E-5", ".0005759799641947642", "1.221091484590801", "-3.562991876536619E-5", ".006704072897463604", "7.489091415168487E-9"], ["-.04187812315119017", "1.221091484590801", "2600.801183970219", "-.07468281934478864", "14.28366889130499", "-.000154709074427935"], ["1.05797306915026E-6", "-3.562991876536619E-5", "-.07468281934478864", "2.69396951677033E-5", "-.0004324776000677311", "-7.311192478861471E-9"], ["-.0002312181786674835", ".006704072897463604", "14.28366889130499", "-.0004324776000677311", ".07847753254690908", "-9.810466177508922E-7"], ["2.565870472855409E-8", "7.489091415168487E-9", "-.000154709074427935", "-7.311192478861471E-9", "-9.810466177508922E-7", "4.905291751621636E-9"]]}, "comment": null, "elements": [{"label": "e", "units": null, "value": ".2306884944494987", "sigma": ".00090297", "name": "e", "title": "eccentricity"}, {"sigma": ".034924", "name": "a", "title": "semi-major axis", "value": "47.47441811360255", "label": "a", "units": "au"}, {"title": "perihelion distance", "sigma": ".022769", "name": "q", "value": "36.52261607410956", "label": "q", "units": "au"}, {"label": "i", "units": "deg", "value": "21.23144242708427", "name": "i", "sigma": "7.0693E-5", "title": "inclination; angle with respect to x-y ecliptic plane"}, {"sigma": ".005174", "name": "om", "title": "longitude of the ascending node", "label": "node", "value": "102.2043098653797", "units": "deg"}, {"title": "argument of perihelion", "name": "w", "sigma": ".27804", "units": "deg", "label": "peri", "value": "235.0691859015027"}, {"title": "mean anomaly", "name": "ma", "sigma": ".13934", "units": "deg", "label": "M", "value": "28.75569697064839"}, {"label": "tp", "units": "TDB", "value": "2450656.964353667068", "title": "time of perihelion passage", "name": "tp", "sigma": "51.247"}, {"title": "sidereal orbital period", "name": "per", "sigma": "131.84", "value": "119477.988524734", "label": "period", "units": "d"}, {"value": ".003013107304911431", "label": "n", "units": "deg/d", "title": "mean motion", "sigma": "3.3249E-6", "name": "n"}, {"units": "au", "label": "Q", "value": "58.42622015309553", "sigma": ".042981", "name": "ad", "title": "aphelion distance"}], "epoch": "2460200.5", "not_valid_before": null, "pe_used": "DE441", "two_body": null, "orbit_id": "1", "rms": ".25716", "n_dop_obs_used": null, "first_obs": "2015-10-22", "n_del_obs_used": null, "data_arc": "1120", "t_jup": "5.589", "last_obs": "2018-11-15", "producer": "Otto Matic", "moid_jup": "31.7295", "soln_date": "2021-09-22 13:42:07", "model_pars": [], "not_valid_after": null, "condition_code": "5", "equinox": "J2000"}}