{"signature": {"version": "1.3", "source": "NASA/JPL Small-Body Database (SBDB) API"}, "object": {"spkid": "54196767", "neo": false, "des": "2013 RX157", "prefix": null, "fullname": "(2013 RX157)", "orbit_id": "1", "kind": "au", "pha": false, "orbit_class": {"code": "TNO", "name": "TransNeptunian Object"}}, "orbit": {"producer": "Otto Matic", "last_obs": "2018-09-21", "t_jup": "5.635", "not_valid_after": null, "equinox": "J2000", "condition_code": "4", "model_pars": [], "moid_jup": "34.8188", "soln_date": "2021-09-14 12:12:05", "not_valid_before": null, "elements": [{"units": null, "label": "e", "value": ".04168068197078724", "sigma": ".0006249", "name": "e", "title": "eccentricity"}, {"title": "semi-major axis", "name": "a", "sigma": ".017201", "label": "a", "units": "au", "value": "41.59742476025058"}, {"name": "q", "sigma": ".015161", "title": "perihelion distance", "label": "q", "units": "au", "value": "39.86361572801483"}, {"title": "inclination; angle with respect to x-y ecliptic plane", "name": "i", "sigma": ".00068958", "units": "deg", "label": "i", "value": "12.76610855770932"}, {"label": "node", "value": "19.40050491594506", "units": "deg", "title": "longitude of the ascending node", "sigma": ".00092703", "name": "om"}, {"name": "w", "sigma": ".44609", "title": "argument of perihelion", "label": "peri", "value": "77.58042259458153", "units": "deg"}, {"title": "mean anomaly", "sigma": ".50387", "name": "ma", "label": "M", "value": "280.0577718391011", "units": "deg"}, {"units": "TDB", "label": "tp", "value": "2481961.148920245236", "title": "time of perihelion passage", "name": "tp", "sigma": "123.73"}, {"name": "per", "sigma": "60.783", "title": "sidereal orbital period", "label": "period", "value": "97993.68608442096", "units": "d"}, {"title": "mean motion", "name": "n", "sigma": "2.2787E-6", "label": "n", "units": "deg/d", "value": ".00367370607622477"}, {"title": "aphelion distance", "name": "ad", "sigma": ".017918", "label": "Q", "value": "43.33123379248634", "units": "au"}], "comment": null, "epoch": "2460200.5", "source": "JPL", "n_obs_used": 17, "sb_used": "SB441-N16", "moid": "38.9028", "covariance": {"epoch": "2457689.5", "elements": [{"value": ".04130191441113747", "label": "e", "units": null, "title": "eccentricity", "sigma": 0.000522535090357755, "name": "e"}, {"value": "39.4050348559679", "label": "q", "units": "au", "title": "perihelion distance", "sigma": 0.0134202976960885, "name": "q"}, {"label": "tp", "value": "2485920.208037184890", "units": "TDB", "title": "time of perihelion passage", "name": "tp", "sigma": 174.44897527751}, {"sigma": 0.000922084206786799, "name": "om", "title": "longitude of the ascending node", "label": "node", "value": "19.33196439201775", "units": "deg"}, {"title": "argument of perihelion", "sigma": 0.645378934004623, "name": "w", "value": "93.80836625620275", "label": "peri", "units": "deg"}, {"title": "inclination", "name": "i", "sigma": 0.000693517304214557, "units": "deg", "label": "i", "value": "12.83831212512202"}], "data": [["2.730429206551867E-7", "-4.69941023120387E-6", "-.08423544564369405", "-1.209390683518554E-8", "-.0003033291744431831", "1.156698955856687E-8"], ["-4.69941023120387E-6", ".0001801043902516377", ".7861064821292806", "6.932242426751644E-7", ".002412793134136989", "-4.935801374924186E-7"], ["-.08423544564369405", ".7861064821292806", "30432.44497537339", ".0005011162243157926", "112.3821748305977", "-.001607857178627726"], ["-1.209390683518554E-8", "6.932242426751644E-7", ".0005011162243157926", "8.502392844056411E-7", "-1.064287022196923E-6", "-6.303478301724809E-7"], ["-.0003033291744431831", ".002412793134136989", "112.3821748305977", "-1.064287022196923E-6", ".4165139684569441", "-3.937040926165279E-6"], ["1.156698955856687E-8", "-4.935801374924186E-7", "-.001607857178627726", "-6.303478301724809E-7", "-3.937040926165279E-6", "4.80966251245026E-7"]], "labels": ["e", "q", "tp", "node", "peri", "i"]}, "n_del_obs_used": null, "first_obs": "2013-09-11", "data_arc": "1836", "n_dop_obs_used": null, "rms": ".25123", "orbit_id": "1", "pe_used": "DE441", "two_body": null}}