{"object": {"kind": "an", "des": "471151", "spkid": "20471151", "pha": false, "fullname": "471151 (2010 FD49)", "neo": false, "orbit_id": "17", "orbit_class": {"name": "TransNeptunian Object", "code": "TNO"}, "prefix": null}, "orbit": {"source": "JPL", "last_obs": "2023-06-19", "moid_jup": "26.4965", "not_valid_before": null, "rms": ".48574", "data_arc": "7769", "condition_code": "2", "first_obs": "2002-03-12", "t_jup": "5.890", "pe_used": "DE441", "comment": null, "covariance": {"data": [["1.893606237029379E-10", "1.334714361518897E-9", "-1.05357582455375E-7", "3.149349631260911E-11", "-7.182797676223869E-10", "2.856821194411502E-12"], ["1.334714361518897E-9", "9.524308350711079E-9", "-2.306692879051193E-7", "2.174266125907337E-10", "-1.721562549892204E-9", "2.206889369751143E-11"], ["-1.05357582455375E-7", "-2.306692879051193E-7", ".005375172582926009", "-7.797098060243453E-8", "3.50148481472994E-5", "1.628790517900315E-8"], ["3.149349631260911E-11", "2.174266125907337E-10", "-7.797098060243453E-8", "4.929298988315284E-9", "-5.350409401491821E-9", "-1.230679477178608E-9"], ["-7.182797676223869E-10", "-1.721562549892204E-9", "3.50148481472994E-5", "-5.350409401491821E-9", "2.328627636817208E-7", "1.315084800684171E-9"], ["2.856821194411502E-12", "2.206889369751143E-11", "1.628790517900315E-8", "-1.230679477178608E-9", "1.315084800684171E-9", "3.379391418458133E-10"]], "epoch": "2457795.5", "labels": ["e", "q", "tp", "node", "peri", "i"], "elements": [{"value": ".430516100996846", "label": "e", "sigma": 1.37608365916807e-05, "units": null, "title": "eccentricity", "name": "e"}, {"units": "au", "sigma": 9.75925629887395e-05, "label": "q", "name": "q", "title": "perihelion distance", "value": "31.93400778277381"}, {"title": "time of perihelion passage", "name": "tp", "label": "tp", "sigma": 0.0733155684894144, "units": "TDB", "value": "2457342.380064009474"}, {"units": "deg", "sigma": 7.02089665805963e-05, "label": "node", "name": "om", "title": "longitude of the ascending node", "value": "66.37669397901772"}, {"value": "142.0892316983623", "label": "peri", "units": "deg", "sigma": 0.000482558559847114, "title": "argument of perihelion", "name": "w"}, {"value": "10.71335193684954", "title": "inclination", "name": "i", "label": "i", "sigma": 1.8383121112744e-05, "units": "deg"}]}, "sb_used": "SB441-N16", "model_pars": [], "moid": "30.9248", "equinox": "J2000", "n_del_obs_used": null, "not_valid_after": null, "elements": [{"title": "eccentricity", "name": "e", "label": "e", "sigma": "1.3677E-5", "units": null, "value": ".4177278720182356"}, {"sigma": ".0014545", "units": "au", "label": "a", "name": "a", "title": "semi-major axis", "value": "54.82625514163929"}, {"title": "perihelion distance", "name": "q", "label": "q", "sigma": "9.7583E-5", "units": "au", "value": "31.92380025059346"}, {"name": "i", "title": "inclination; angle with respect to x-y ecliptic plane", "sigma": "1.8484E-5", "units": "deg", "label": "i", "value": "10.74511693397665"}, {"title": "longitude of the ascending node", "name": "om", "label": "node", "units": "deg", "sigma": "7.0123E-5", "value": "66.30540070462806"}, {"title": "argument of perihelion", "name": "w", "label": "peri", "units": "deg", "sigma": ".00049463", "value": "142.1357250465541"}, {"value": "6.966704916996226", "label": "M", "units": "deg", "sigma": ".00031786", "title": "mean anomaly", "name": "ma"}, {"value": "2457331.000085300408", "label": "tp", "sigma": ".075486", "units": "TDB", "title": "time of perihelion passage", "name": "tp"}, {"value": "148279.5642415772", "label": "period", "units": "d", "sigma": "5.9005", "title": "sidereal orbital period", "name": "per"}, {"value": ".002427846357934312", "name": "n", "title": "mean motion", "units": "deg/d", "sigma": "9.6612E-8", "label": "n"}, {"value": "77.72871003268511", "name": "ad", "title": "aphelion distance", "units": "au", "sigma": ".002062", "label": "Q"}], "soln_date": "2023-07-28 06:47:30", "producer": "Otto Matic", "two_body": null, "n_obs_used": 405, "epoch": "2460200.5", "n_dop_obs_used": null, "orbit_id": "17"}, "signature": {"version": "1.3", "source": "NASA/JPL Small-Body Database (SBDB) API"}}