{"signature": {"version": "1.3", "source": "NASA/JPL Small-Body Database (SBDB) API"}, "orbit": {"comment": null, "elements": [{"title": "eccentricity", "name": "e", "sigma": "8.5277E-5", "label": "e", "units": null, "value": ".2021276461358617"}, {"sigma": ".008537", "name": "a", "title": "semi-major axis", "label": "a", "value": "45.55807326049116", "units": "au"}, {"value": "36.34952714986294", "label": "q", "units": "au", "name": "q", "sigma": ".0030452", "title": "perihelion distance"}, {"label": "i", "value": "15.9496898071904", "units": "deg", "title": "inclination; angle with respect to x-y ecliptic plane", "name": "i", "sigma": ".00012637"}, {"label": "node", "units": "deg", "value": "202.5518297460333", "title": "longitude of the ascending node", "name": "om", "sigma": ".00028141"}, {"title": "argument of perihelion", "name": "w", "sigma": ".028549", "value": "258.5192505059226", "label": "peri", "units": "deg"}, {"sigma": ".036176", "name": "ma", "title": "mean anomaly", "label": "M", "value": "66.5402564286953", "units": "deg"}, {"name": "tp", "sigma": "5.4566", "title": "time of perihelion passage", "units": "TDB", "label": "tp", "value": "2439440.448848508542"}, {"value": "112317.2469668143", "label": "period", "units": "d", "sigma": "31.57", "name": "per", "title": "sidereal orbital period"}, {"title": "mean motion", "sigma": "9.0092E-7", "name": "n", "value": ".003205206766743196", "label": "n", "units": "deg/d"}, {"sigma": ".010263", "name": "ad", "title": "aphelion distance", "label": "Q", "units": "au", "value": "54.76661937111938"}], "epoch": "2460200.5", "not_valid_before": null, "covariance": {"labels": ["e", "q", "tp", "node", "peri", "i"], "data": [["7.523653145356658E-9", "2.430906150476857E-7", ".0004683885588096137", "1.424062810479781E-9", "2.397423704093274E-6", "9.609169169611282E-10"], ["2.430906150476857E-7", "9.047917388846541E-6", ".01645722485603914", "4.462338354607216E-8", "8.553863041289905E-5", "3.595179257403444E-8"], [".0004683885588096137", ".01645722485603914", "30.63887377642804", "8.707422404883583E-5", ".1582541812909855", "6.521034821403171E-5"], ["1.424062810479781E-9", "4.462338354607216E-8", "8.707422404883583E-5", "7.976314799587112E-8", "3.677742253417085E-7", "-3.366283121481299E-8"], ["2.397423704093274E-6", "8.553863041289905E-5", ".1582541812909855", "3.677742253417085E-7", ".0008188530781693383", "3.71735332446395E-7"], ["9.609169169611282E-10", "3.595179257403444E-8", "6.521034821403171E-5", "-3.366283121481299E-8", "3.71735332446395E-7", "1.594883988977607E-8"]], "elements": [{"label": "e", "value": ".1995328106456936", "units": null, "sigma": 8.67389943759821e-05, "name": "e", "title": "eccentricity"}, {"sigma": 0.00300797562969625, "name": "q", "title": "perihelion distance", "value": "36.5290011205747", "label": "q", "units": "au"}, {"title": "time of perihelion passage", "name": "tp", "sigma": 5.5352392700251, "label": "tp", "units": "TDB", "value": "2439567.551256719806"}, {"title": "longitude of the ascending node", "name": "om", "sigma": 0.000282423702963953, "units": "deg", "label": "node", "value": "202.570851216885"}, {"label": "peri", "units": "deg", "value": "259.4062338889526", "title": "argument of perihelion", "sigma": 0.0286156089952553, "name": "w"}, {"units": "deg", "label": "i", "value": "15.90904128019792", "name": "i", "sigma": 0.000126288716399273, "title": "inclination"}], "epoch": "2455037.5"}, "source": "JPL", "sb_used": "SB441-N16", "moid": "35.4024", "n_obs_used": 22, "n_dop_obs_used": null, "rms": ".503", "data_arc": "7302", "n_del_obs_used": null, "first_obs": "2001-03-20", "two_body": null, "pe_used": "DE441", "orbit_id": "6", "last_obs": "2021-03-17", "producer": "Otto Matic", "t_jup": "5.687", "model_pars": [], "condition_code": "3", "not_valid_after": null, "equinox": "J2000", "soln_date": "2022-10-21 09:42:07", "moid_jup": "31.3885"}, "object": {"orbit_class": {"code": "TNO", "name": "TransNeptunian Object"}, "kind": "au", "orbit_id": "6", "pha": false, "des": "2016 FD60", "prefix": null, "fullname": "(2016 FD60)", "neo": false, "spkid": "3751836"}}