{"signature": {"version": "1.3", "source": "NASA/JPL Small-Body Database (SBDB) API"}, "orbit": {"soln_date": "2022-09-22 13:11:52", "moid_jup": "34.7892", "not_valid_after": null, "equinox": "J2000", "condition_code": "4", "model_pars": [], "t_jup": "5.979", "producer": "Otto Matic", "last_obs": "2022-08-27", "orbit_id": "16", "two_body": null, "pe_used": "DE441", "data_arc": "8036", "first_obs": "2000-08-26", "n_del_obs_used": null, "n_dop_obs_used": null, "rms": ".27257", "covariance": {"epoch": "2454725.5", "elements": [{"title": "eccentricity", "name": "e", "sigma": 0.000112692875092881, "units": null, "label": "e", "value": ".2373069814464424"}, {"sigma": 0.0130931976075268, "name": "q", "title": "perihelion distance", "value": "39.63604637348445", "label": "q", "units": "au"}, {"value": "2432895.961271570079", "label": "tp", "units": "TDB", "title": "time of perihelion passage", "sigma": 13.3461776001479, "name": "tp"}, {"value": "140.9808520953685", "label": "node", "units": "deg", "sigma": 0.000334410406923735, "name": "om", "title": "longitude of the ascending node"}, {"units": "deg", "label": "peri", "value": "109.6220174467394", "title": "argument of perihelion", "name": "w", "sigma": 0.0731452270164992}, {"name": "i", "sigma": 0.000362248956788758, "title": "inclination", "units": "deg", "label": "i", "value": "17.00386691200723"}], "data": [["1.269968409669973E-8", "1.090202280515725E-6", ".00132475436163675", "5.649603263050299E-11", "6.822748100423466E-6", "3.912415167405509E-9"], ["1.090202280515725E-6", ".0001714318235897461", ".1694253494096624", "-4.317663690128895E-8", ".0009477617729607923", "4.707049814362483E-7"], [".00132475436163675", ".1694253494096624", "178.1204565346898", "-2.84320586823695E-5", ".9710051710546451", ".0005043240961006501"], ["5.649603263050299E-11", "-4.317663690128895E-8", "-2.84320586823695E-5", "1.118303202588977E-7", "-2.998176264276267E-7", "9.942545030706298E-8"], ["6.822748100423466E-6", ".0009477617729607923", ".9710051710546451", "-2.998176264276267E-7", ".005350224235295202", "2.633074821552402E-6"], ["3.912415167405509E-9", "4.707049814362483E-7", ".0005043240961006501", "9.942545030706298E-8", "2.633074821552402E-6", "1.312243066945432E-7"]], "labels": ["e", "q", "tp", "node", "peri", "i"]}, "moid": "38.9376", "source": "JPL", "sb_used": "SB441-N16", "n_obs_used": 29, "not_valid_before": null, "comment": null, "epoch": "2460200.5", "elements": [{"name": "e", "sigma": ".0001146", "title": "eccentricity", "units": null, "label": "e", "value": ".2320323487447167"}, {"title": "semi-major axis", "sigma": ".023403", "name": "a", "label": "a", "units": "au", "value": "51.97199491315905"}, {"units": "au", "label": "q", "value": "39.91281086451029", "sigma": ".013092", "name": "q", "title": "perihelion distance"}, {"title": "inclination; angle with respect to x-y ecliptic plane", "sigma": ".00036206", "name": "i", "units": "deg", "label": "i", "value": "17.01090726627472"}, {"title": "longitude of the ascending node", "sigma": ".00033369", "name": "om", "label": "node", "units": "deg", "value": "140.9708780542568"}, {"units": "deg", "label": "peri", "value": "110.1967857304536", "sigma": ".0747", "name": "w", "title": "argument of perihelion"}, {"sigma": ".085228", "name": "ma", "title": "mean anomaly", "value": "71.88026670936196", "label": "M", "units": "deg"}, {"name": "tp", "sigma": "13.945", "title": "time of perihelion passage", "label": "tp", "units": "TDB", "value": "2432875.530435841436"}, {"name": "per", "sigma": "92.436", "title": "sidereal orbital period", "label": "period", "units": "d", "value": "136852.4282592273"}, {"title": "mean motion", "name": "n", "sigma": "1.7768E-6", "units": "deg/d", "label": "n", "value": ".002630570787666874"}, {"label": "Q", "value": "64.03117896180781", "units": "au", "sigma": ".028833", "name": "ad", "title": "aphelion distance"}]}, "object": {"fullname": "182397 (2001 QW297)", "des": "182397", "prefix": null, "orbit_class": {"code": "TNO", "name": "TransNeptunian Object"}, "pha": false, "kind": "an", "orbit_id": "16", "neo": false, "spkid": "20182397"}}