{"orbit": {"not_valid_before": null, "epoch": "2460200.5", "comment": null, "elements": [{"label": "e", "units": null, "value": ".04997660906859877", "title": "eccentricity", "name": "e", "sigma": ".0022245"}, {"sigma": ".012806", "name": "a", "title": "semi-major axis", "value": "44.40994809388229", "label": "a", "units": "au"}, {"units": "au", "label": "q", "value": "42.19048947923757", "name": "q", "sigma": ".088193", "title": "perihelion distance"}, {"label": "i", "value": "2.085727659591499", "units": "deg", "name": "i", "sigma": ".0011052", "title": "inclination; angle with respect to x-y ecliptic plane"}, {"title": "longitude of the ascending node", "name": "om", "sigma": ".038178", "label": "node", "value": "316.7011277749925", "units": "deg"}, {"value": "106.5333843898826", "label": "peri", "units": "deg", "name": "w", "sigma": "1.7812", "title": "argument of perihelion"}, {"title": "mean anomaly", "sigma": "1.48", "name": "ma", "units": "deg", "label": "M", "value": "318.5451560708051"}, {"name": "tp", "sigma": "448.96", "title": "time of perihelion passage", "label": "tp", "value": "2472648.271539919919", "units": "TDB"}, {"sigma": "46.757", "name": "per", "title": "sidereal orbital period", "label": "period", "units": "d", "value": "108098.290323444"}, {"title": "mean motion", "sigma": "1.4405E-6", "name": "n", "units": "deg/d", "label": "n", "value": ".003330302439778035"}, {"title": "aphelion distance", "sigma": ".013446", "name": "ad", "label": "Q", "value": "46.62940670852701", "units": "au"}], "covariance": {"data": [["6.180690640417651E-6", "-.0002453329900135654", ".8176701354017489", "-1.623323702085105E-6", ".003478641130147145", "-4.648537719315813E-8"], ["-.0002453329900135654", ".009769977488600715", "-32.66925955666843", "6.597647260447852E-5", "-.1389046704054532", "1.894821882165478E-6"], [".8176701354017489", "-32.66925955666843", "109664.1211997757", "-.2239758090540007", "465.9549101193131", "-.00644658358433545"], ["-1.623323702085105E-6", "6.597647260447852E-5", "-.2239758090540007", ".001464230681009263", "-.002412494187865197", "4.259938650037057E-5"], [".003478641130147145", "-.1389046704054532", "465.9549101193131", "-.002412494187865197", "1.981511543729639", "-6.988168583512889E-5"], ["-4.648537719315813E-8", "1.894821882165478E-6", "-.00644658358433545", "4.259938650037057E-5", "-6.988168583512889E-5", "1.240641334380784E-6"]], "labels": ["e", "q", "tp", "node", "peri", "i"], "elements": [{"label": "e", "units": null, "value": ".04247708930212738", "title": "eccentricity", "sigma": 0.00248609948321012, "name": "e"}, {"label": "q", "value": "41.97072455885097", "units": "au", "name": "q", "sigma": 0.0988431964709798, "title": "perihelion distance"}, {"name": "tp", "sigma": 331.155735568291, "title": "time of perihelion passage", "label": "tp", "value": "2475981.583776429219", "units": "TDB"}, {"label": "node", "value": "316.823337007198", "units": "deg", "name": "om", "sigma": 0.0382652672930592, "title": "longitude of the ascending node"}, {"label": "peri", "value": "118.596837689182", "units": "deg", "name": "w", "sigma": 1.40766172915571, "title": "argument of perihelion"}, {"sigma": 0.00111384080297895, "name": "i", "title": "inclination", "label": "i", "value": "2.0901549186345", "units": "deg"}], "epoch": "2457505.5"}, "source": "JPL", "moid": "41.2033", "sb_used": "SB441-N16", "n_obs_used": 24, "data_arc": "883", "first_obs": "2015-06-23", "n_del_obs_used": null, "rms": ".33126", "n_dop_obs_used": null, "orbit_id": "2", "two_body": null, "pe_used": "DE441", "producer": "Otto Matic", "last_obs": "2017-11-22", "t_jup": "5.949", "not_valid_after": null, "condition_code": "5", "equinox": "J2000", "model_pars": [], "soln_date": "2021-04-15 14:37:06", "moid_jup": "37.1518"}, "object": {"spkid": "3835648", "neo": false, "pha": false, "kind": "au", "orbit_id": "2", "orbit_class": {"code": "TNO", "name": "TransNeptunian Object"}, "fullname": "(2015 RQ280)", "des": "2015 RQ280", "prefix": null}, "signature": {"version": "1.3", "source": "NASA/JPL Small-Body Database (SBDB) API"}}