{"object": {"shortname": "134340 Pluto", "fullname": "134340 Pluto (1930 BM)", "prefix": null, "des": "134340", "orbit_class": {"code": "TNO", "name": "TransNeptunian Object"}, "pha": false, "kind": "an", "orbit_id": "1", "neo": false, "spkid": "20134340"}, "orbit": {"covariance": null, "source": "JPL", "moid": "28.649", "sb_used": null, "n_obs_used": 7212, "not_valid_before": null, "elements": [{"name": "e", "sigma": null, "title": "eccentricity", "label": "e", "units": null, "value": ".2518378778576892"}, {"name": "a", "sigma": null, "title": "semi-major axis", "label": "a", "units": "au", "value": "39.58862938517124"}, {"sigma": null, "name": "q", "title": "perihelion distance", "label": "q", "value": "29.61871297351516", "units": "au"}, {"value": "17.14771140999114", "label": "i", "units": "deg", "title": "inclination; angle with respect to x-y ecliptic plane", "sigma": null, "name": "i"}, {"units": "deg", "label": "node", "value": "110.2923840543057", "title": "longitude of the ascending node", "name": "om", "sigma": null}, {"name": "w", "sigma": null, "title": "argument of perihelion", "label": "peri", "value": "113.7090015158565", "units": "deg"}, {"title": "mean anomaly", "sigma": null, "name": "ma", "label": "M", "units": "deg", "value": "38.68366347318184"}, {"label": "tp", "units": "TDB", "value": "2447812.094159956090", "sigma": null, "name": "tp", "title": "time of perihelion passage"}, {"title": "sidereal orbital period", "sigma": null, "name": "per", "label": "period", "value": "90981.71647718345", "units": "d"}, {"value": ".003956838955553025", "label": "n", "units": "deg/d", "name": "n", "sigma": null, "title": "mean motion"}, {"title": "aphelion distance", "name": "ad", "sigma": null, "label": "Q", "value": "49.55854579682732", "units": "au"}], "comment": null, "epoch": "2457588.5", "orbit_id": "1", "two_body": null, "pe_used": "DE441", "data_arc": "31524", "first_obs": "1930-03-29", "n_del_obs_used": null, "n_dop_obs_used": null, "rms": null, "t_jup": "5.233", "last_obs": "2016-07-19", "producer": "R.S. Park", "soln_date": null, "moid_jup": "24.4104", "not_valid_after": null, "condition_code": null, "equinox": "J2000", "model_pars": []}, "signature": {"version": "1.3", "source": "NASA/JPL Small-Body Database (SBDB) API"}}