{"signature": {"version": "1.3", "source": "NASA/JPL Small-Body Database (SBDB) API"}, "orbit": {"not_valid_before": null, "comment": null, "elements": [{"label": "e", "units": null, "value": ".04161482289945338", "name": "e", "sigma": ".00019089", "title": "eccentricity"}, {"label": "a", "units": "au", "value": "43.27665839291989", "sigma": ".011274", "name": "a", "title": "semi-major axis"}, {"title": "perihelion distance", "sigma": ".0026029", "name": "q", "label": "q", "value": "41.47570791821839", "units": "au"}, {"title": "inclination; angle with respect to x-y ecliptic plane", "name": "i", "sigma": ".00021078", "value": "1.909924531254965", "label": "i", "units": "deg"}, {"name": "om", "sigma": ".0008674", "title": "longitude of the ascending node", "label": "node", "value": "102.6225281436346", "units": "deg"}, {"name": "w", "sigma": ".070303", "title": "argument of perihelion", "label": "peri", "units": "deg", "value": "9.40717034208307"}, {"label": "M", "value": "357.5825170236956", "units": "deg", "name": "ma", "sigma": ".065381", "title": "mean anomaly"}, {"sigma": "18.654", "name": "tp", "title": "time of perihelion passage", "value": "2460898.796603465892", "label": "tp", "units": "TDB"}, {"sigma": "40.635", "name": "per", "title": "sidereal orbital period", "label": "period", "units": "d", "value": "103986.98965484"}, {"label": "n", "units": "deg/d", "value": ".003461971552354137", "title": "mean motion", "sigma": "1.3528E-6", "name": "n"}, {"value": "45.07760886762139", "label": "Q", "units": "au", "title": "aphelion distance", "sigma": ".011743", "name": "ad"}], "epoch": "2460200.5", "source": "JPL", "sb_used": "SB441-N16", "moid": "40.4909", "n_obs_used": 39, "covariance": {"labels": ["e", "q", "tp", "node", "peri", "i"], "data": [["3.548435287322075E-8", "4.967769883295912E-7", "-.003324498677437155", "-2.506853065158078E-9", "-1.253311331828896E-5", "4.133131064841487E-10"], ["4.967769883295912E-7", "7.484031825904834E-6", "-.053701348160373", "-3.57524388301044E-8", "-.0002027083904199425", "5.709944200369128E-9"], ["-.003324498677437155", "-.053701348160373", "410.2472783484467", ".0002431896728060951", "1.550067901506916", "-3.756695929762714E-5"], ["-2.506853065158078E-9", "-3.57524388301044E-8", ".0002431896728060951", "7.491164955335745E-7", "1.686130378296507E-7", "-1.333360549219626E-7"], ["-1.253311331828896E-5", "-.0002027083904199425", "1.550067901506916", "1.686130378296507E-7", ".005857582875520687", "-8.356221741429521E-9"], ["4.133131064841487E-10", "5.709944200369128E-9", "-3.756695929762714E-5", "-1.333360549219626E-7", "-8.356221741429521E-9", "4.433565652745643E-8"]], "elements": [{"label": "e", "units": null, "value": ".04559603676182217", "title": "eccentricity", "name": "e", "sigma": 0.000188372909074582}, {"title": "perihelion distance", "name": "q", "sigma": 0.00273569585771241, "label": "q", "value": "41.46482703464968", "units": "au"}, {"sigma": 20.2545619145033, "name": "tp", "title": "time of perihelion passage", "label": "tp", "value": "2461854.314653302582", "units": "TDB"}, {"sigma": 0.000865515161931652, "name": "om", "title": "longitude of the ascending node", "label": "node", "value": "102.6308359324921", "units": "deg"}, {"units": "deg", "label": "peri", "value": "13.05227135344006", "sigma": 0.0765348474586622, "name": "w", "title": "argument of perihelion"}, {"title": "inclination", "sigma": 0.000210560339398132, "name": "i", "label": "i", "units": "deg", "value": "1.909348880817281"}], "epoch": "2456830.5"}, "first_obs": "1998-11-18", "n_del_obs_used": null, "data_arc": "8414", "n_dop_obs_used": null, "rms": ".28024", "orbit_id": "7", "pe_used": "DE441", "two_body": null, "producer": "Otto Matic", "last_obs": "2021-12-01", "t_jup": "5.880", "condition_code": "4", "not_valid_after": null, "equinox": "J2000", "model_pars": [], "moid_jup": "36.2213", "soln_date": "2022-04-13 12:12:55"}, "object": {"spkid": "20612082", "neo": false, "orbit_id": "7", "kind": "an", "pha": false, "orbit_class": {"code": "TNO", "name": "TransNeptunian Object"}, "prefix": null, "des": "612082", "fullname": "612082 (1998 WY24)"}}