{"object": {"prefix": null, "orbit_class": {"name": "TransNeptunian Object", "code": "TNO"}, "orbit_id": "6", "fullname": "(2014 WB510)", "neo": false, "pha": false, "spkid": "3755764", "kind": "au", "des": "2014 WB510"}, "signature": {"version": "1.3", "source": "NASA/JPL Small-Body Database (SBDB) API"}, "orbit": {"elements": [{"name": "e", "title": "eccentricity", "units": null, "sigma": "2.4905E-5", "label": "e", "value": ".2373851572398495"}, {"name": "a", "title": "semi-major axis", "units": "au", "sigma": ".0017395", "label": "a", "value": "39.74571035617617"}, {"value": "30.31066865366578", "units": "au", "sigma": ".00049882", "label": "q", "name": "q", "title": "perihelion distance"}, {"name": "i", "title": "inclination; angle with respect to x-y ecliptic plane", "sigma": ".00010299", "units": "deg", "label": "i", "value": "12.60581511213891"}, {"value": "82.39939723396847", "name": "om", "title": "longitude of the ascending node", "sigma": "8.8652E-5", "units": "deg", "label": "node"}, {"units": "deg", "sigma": ".0065177", "label": "peri", "name": "w", "title": "argument of perihelion", "value": "319.2971967863712"}, {"value": "30.89923744875815", "title": "mean anomaly", "name": "ma", "label": "M", "units": "deg", "sigma": ".0053044"}, {"value": "2452344.905039514428", "sigma": ".94869", "units": "TDB", "label": "tp", "name": "tp", "title": "time of perihelion passage"}, {"name": "per", "title": "sidereal orbital period", "sigma": "6.0084", "units": "d", "label": "period", "value": "91523.75331153894"}, {"sigma": "2.5822E-7", "units": "deg/d", "label": "n", "name": "n", "title": "mean motion", "value": ".003933405121341464"}, {"name": "ad", "title": "aphelion distance", "sigma": ".0021524", "units": "au", "label": "Q", "value": "49.18075205868656"}], "soln_date": "2021-12-14 21:43:28", "producer": "Otto Matic", "n_del_obs_used": null, "not_valid_after": null, "epoch": "2460200.5", "orbit_id": "6", "n_dop_obs_used": null, "two_body": null, "n_obs_used": 82, "comment": null, "covariance": {"elements": [{"value": ".2333421312481992", "name": "e", "title": "eccentricity", "units": null, "sigma": 2.4908960825401e-05, "label": "e"}, {"value": "30.35629691925909", "title": "perihelion distance", "name": "q", "label": "q", "sigma": 0.00049563988593338, "units": "au"}, {"label": "tp", "units": "TDB", "sigma": 0.969075963791649, "title": "time of perihelion passage", "name": "tp", "value": "2452391.332382943513"}, {"title": "longitude of the ascending node", "name": "om", "label": "node", "sigma": 8.85383355887843e-05, "units": "deg", "value": "82.43472622422136"}, {"value": "319.7095556146049", "label": "peri", "units": "deg", "sigma": 0.00661891860752074, "title": "argument of perihelion", "name": "w"}, {"value": "12.61703073900564", "title": "inclination", "name": "i", "label": "i", "units": "deg", "sigma": 0.000103132465609231}], "labels": ["e", "q", "tp", "node", "peri", "i"], "data": [["6.204563294013601E-10", "6.724489308968503E-9", "9.637997621862887E-6", "8.818249696025851E-11", "6.324905386449074E-8", "-7.516319503593227E-11"], ["6.724489308968503E-9", "2.456588965280538E-7", ".0004721749152989575", "8.35427348572882E-10", "3.217058455851968E-6", "-4.735465069651991E-10"], ["9.637997621862887E-6", ".0004721749152989575", ".9391082235987142", "1.067213773581396E-6", ".006412542776242449", "-3.989303727508536E-7"], ["8.818249696025851E-11", "8.35427348572882E-10", "1.067213773581396E-6", "7.839036868832187E-9", "-6.997609022793784E-10", "-8.546032630326878E-9"], ["6.324905386449074E-8", "3.217058455851968E-6", ".006412542776242449", "-6.997609022793784E-10", "4.381008353298429E-5", "5.929620097703665E-9"], ["-7.516319503593227E-11", "-4.735465069651991E-10", "-3.989303727508536E-7", "-8.546032630326878E-9", "5.929620097703665E-9", "1.063630546263915E-8"]], "epoch": "2457131.5"}, "sb_used": "SB441-N16", "pe_used": "DE441", "model_pars": [], "moid": "29.329", "equinox": "J2000", "data_arc": "3658", "condition_code": "3", "first_obs": "2011-11-26", "not_valid_before": null, "rms": ".72166", "t_jup": "5.371", "last_obs": "2021-12-01", "source": "JPL", "moid_jup": "25.3719"}}