{"orbit": {"not_valid_after": null, "n_del_obs_used": null, "producer": "Otto Matic", "soln_date": "2023-10-09 18:11:09", "elements": [{"value": ".09558627607324943", "label": "e", "units": null, "sigma": "6.2605E-5", "title": "eccentricity", "name": "e"}, {"sigma": ".0045396", "units": "au", "label": "a", "name": "a", "title": "semi-major axis", "value": "36.72258608075676"}, {"value": "33.21241082951787", "label": "q", "units": "au", "sigma": ".006331", "title": "perihelion distance", "name": "q"}, {"value": "6.527936905783928", "title": "inclination; angle with respect to x-y ecliptic plane", "name": "i", "label": "i", "sigma": ".0002281", "units": "deg"}, {"title": "longitude of the ascending node", "name": "om", "label": "node", "units": "deg", "sigma": ".00056611", "value": "26.63993567515438"}, {"name": "w", "title": "argument of perihelion", "units": "deg", "sigma": ".046194", "label": "peri", "value": "199.4583687044588"}, {"value": "146.6186639234817", "title": "mean anomaly", "name": "ma", "label": "M", "units": "deg", "sigma": ".05119"}, {"value": "2427096.149615084003", "label": "tp", "sigma": "5.8967", "units": "TDB", "title": "time of perihelion passage", "name": "tp"}, {"value": "81282.73590591013", "name": "per", "title": "sidereal orbital period", "units": "d", "sigma": "15.072", "label": "period"}, {"value": ".004428984777489806", "label": "n", "sigma": "8.2126E-7", "units": "deg/d", "title": "mean motion", "name": "n"}, {"value": "40.23276133199564", "sigma": ".0049735", "units": "au", "label": "Q", "name": "ad", "title": "aphelion distance"}], "n_obs_used": 30, "two_body": null, "n_dop_obs_used": null, "orbit_id": "8", "epoch": "2460200.5", "pe_used": "DE441", "sb_used": "SB441-N16", "covariance": {"data": [["4.008093362682814E-9", "-3.87398652260397E-7", "-.0001804358829022304", "2.111215780270739E-9", "-2.241794819781247E-6", "-7.665533088624309E-10"], ["-3.87398652260397E-7", "3.891014859026009E-5", ".02221914566141699", "-2.169589583796993E-7", ".0002427942474838177", "7.842042972857222E-8"], ["-.0001804358829022304", ".02221914566141699", "23.87423123538265", "-.0001362760664264405", ".1866988594654405", "4.83142569267085E-5"], ["2.111215780270739E-9", "-2.169589583796993E-7", "-.0001362760664264405", "3.176069541406868E-7", "-1.721815029198801E-6", "-1.254457860849912E-7"], ["-2.241794819781247E-6", ".0002427942474838177", ".1866988594654405", "-1.721815029198801E-6", ".00172179425558501", "6.288793809022034E-7"], ["-7.665533088624309E-10", "7.842042972857222E-8", "4.83142569267085E-5", "-1.254457860849912E-7", "6.288793809022034E-7", "5.251142508121637E-8"]], "epoch": "2458503.5", "labels": ["e", "q", "tp", "node", "peri", "i"], "elements": [{"value": ".1046167064844428", "name": "e", "title": "eccentricity", "sigma": 6.33095045209076e-05, "units": null, "label": "e"}, {"title": "perihelion distance", "name": "q", "label": "q", "sigma": 0.00623779997998173, "units": "au", "value": "32.62302765805308"}, {"value": "2427321.255121156311", "name": "tp", "title": "time of perihelion passage", "units": "TDB", "sigma": 4.88612640395054, "label": "tp"}, {"value": "26.5828236447852", "label": "node", "units": "deg", "sigma": 0.000563566281940897, "title": "longitude of the ascending node", "name": "om"}, {"units": "deg", "sigma": 0.0414945087401334, "label": "peri", "name": "w", "title": "argument of perihelion", "value": "198.4190060674324"}, {"name": "i", "title": "inclination", "sigma": 0.000229153714962722, "units": "deg", "label": "i", "value": "6.557094003075755"}]}, "comment": null, "equinox": "J2000", "moid": "32.203", "model_pars": [], "rms": ".43043", "not_valid_before": null, "condition_code": "3", "first_obs": "2003-08-23", "data_arc": "5914", "t_jup": "5.396", "source": "JPL", "last_obs": "2019-11-01", "moid_jup": "27.7936"}, "signature": {"version": "1.3", "source": "NASA/JPL Small-Body Database (SBDB) API"}, "object": {"des": "2003 QP91", "kind": "au", "spkid": "3160759", "pha": false, "fullname": "(2003 QP91)", "neo": false, "orbit_id": "8", "orbit_class": {"name": "TransNeptunian Object", "code": "TNO"}, "prefix": null}}