{"orbit": {"equinox": "J2000", "not_valid_after": null, "condition_code": "2", "model_pars": [], "moid_jup": "31.983", "soln_date": "2022-04-13 12:01:01", "producer": "Otto Matic", "last_obs": "2017-11-19", "t_jup": "5.854", "n_del_obs_used": null, "first_obs": "2001-05-23", "data_arc": "6024", "n_dop_obs_used": null, "rms": ".50874", "orbit_id": "12", "pe_used": "DE441", "two_body": null, "not_valid_before": null, "elements": [{"name": "e", "sigma": "2.9616E-5", "title": "eccentricity", "units": null, "label": "e", "value": ".1637762157053517"}, {"label": "a", "value": "44.16468458993669", "units": "au", "title": "semi-major axis", "sigma": ".0019635", "name": "a"}, {"label": "q", "value": "36.9315596799764", "units": "au", "title": "perihelion distance", "name": "q", "sigma": ".0003618"}, {"label": "i", "units": "deg", "value": "3.6488551905497", "sigma": ".00010342", "name": "i", "title": "inclination; angle with respect to x-y ecliptic plane"}, {"label": "node", "value": "7.718417116844928", "units": "deg", "title": "longitude of the ascending node", "name": "om", "sigma": ".00013263"}, {"value": "11.14300867322438", "label": "peri", "units": "deg", "title": "argument of perihelion", "sigma": ".0049796", "name": "w"}, {"name": "ma", "sigma": ".0033993", "title": "mean anomaly", "units": "deg", "label": "M", "value": "3.923092515551918"}, {"sigma": "1.0434", "name": "tp", "title": "time of perihelion passage", "units": "TDB", "label": "tp", "value": "2459032.246271368769"}, {"units": "d", "label": "period", "value": "107204.0337157522", "sigma": "7.1493", "name": "per", "title": "sidereal orbital period"}, {"units": "deg/d", "label": "n", "value": ".003358082597475086", "title": "mean motion", "name": "n", "sigma": "2.2395E-7"}, {"units": "au", "label": "Q", "value": "51.39780949989699", "title": "aphelion distance", "sigma": ".0022851", "name": "ad"}], "comment": null, "epoch": "2460200.5", "sb_used": "SB441-N16", "source": "JPL", "moid": "35.9332", "n_obs_used": 109, "covariance": {"elements": [{"title": "eccentricity", "sigma": 2.94135619109819e-05, "name": "e", "value": ".1546698654410058", "label": "e", "units": null}, {"label": "q", "units": "au", "value": "36.90725258595274", "sigma": 0.000364478924053804, "name": "q", "title": "perihelion distance"}, {"label": "tp", "units": "TDB", "value": "2459134.547256641534", "title": "time of perihelion passage", "name": "tp", "sigma": 1.10856314437412}, {"units": "deg", "label": "node", "value": "7.757536105393879", "title": "longitude of the ascending node", "name": "om", "sigma": 0.000132167558921339}, {"title": "argument of perihelion", "sigma": 0.00527525409721921, "name": "w", "label": "peri", "units": "deg", "value": "11.59983308797783"}, {"label": "i", "value": "3.664809030377064", "units": "deg", "sigma": 0.000103805865738326, "name": "i", "title": "inclination"}], "epoch": "2456873.5", "labels": ["e", "q", "tp", "node", "peri", "i"], "data": [["8.651576242911672E-10", "9.624617315368666E-9", "-1.166560578571379E-5", "1.085955367209937E-11", "-5.512557678648548E-8", "5.810202480919322E-11"], ["9.624617315368666E-9", "1.328448860794186E-7", "-.0002889850175549676", "8.330673397265984E-11", "-1.372279489887778E-6", "6.764808085624598E-10"], ["-1.166560578571379E-5", "-.0002889850175549676", "1.228912245064642", "1.189032208598879E-7", ".005846056624765005", "-9.028915784949969E-7"], ["1.085955367209937E-11", "8.330673397265984E-11", "1.189032208598879E-7", "1.746826363122552E-8", "-1.686164991701653E-8", "2.942361259753795E-9"], ["-5.512557678648548E-8", "-1.372279489887778E-6", ".005846056624765005", "-1.686164991701653E-8", "2.782830579022811E-5", "-7.211891160794463E-9"], ["5.810202480919322E-11", "6.764808085624598E-10", "-9.028915784949969E-7", "2.942361259753795E-9", "-7.211891160794463E-9", "1.077565776168327E-8"]]}}, "object": {"prefix": null, "des": "612240", "fullname": "612240 (2001 QE298)", "orbit_class": {"code": "TNO", "name": "TransNeptunian Object"}, "kind": "an", "orbit_id": "12", "pha": false, "neo": false, "spkid": "20612240"}, "signature": {"version": "1.3", "source": "NASA/JPL Small-Body Database (SBDB) API"}}