{"orbit": {"source": "JPL", "n_obs_used": 36, "sb_used": "SB441-N16", "moid": "36.9948", "covariance": {"elements": [{"label": "e", "units": null, "value": ".1590250633326752", "name": "e", "sigma": 0.000120921822988063, "title": "eccentricity"}, {"label": "q", "value": "38.21981528214965", "units": "au", "title": "perihelion distance", "sigma": 0.00622182662178815, "name": "q"}, {"label": "tp", "units": "TDB", "value": "2436127.283544209688", "name": "tp", "sigma": 12.1377511250124, "title": "time of perihelion passage"}, {"value": "106.7451687741806", "label": "node", "units": "deg", "name": "om", "sigma": 0.000754236564538677, "title": "longitude of the ascending node"}, {"title": "argument of perihelion", "sigma": 0.0582932049252345, "name": "w", "label": "peri", "units": "deg", "value": "341.7030506593927"}, {"value": "29.25525689769701", "label": "i", "units": "deg", "title": "inclination", "name": "i", "sigma": 0.000223392054403556}], "epoch": "2454815.5", "labels": ["e", "q", "tp", "node", "peri", "i"], "data": [["1.46220872747564E-8", "2.415691056162915E-7", ".001120159617421209", "4.009908898976933E-9", "4.680990388839858E-6", "3.369726777159503E-9"], ["2.415691056162915E-7", "3.871112651159173E-5", ".06466512437961695", "-4.388818567911601E-7", ".0003339930148536826", "5.559992477416373E-8"], [".001120159617421209", ".06466512437961695", "147.3250023727398", "-.0003624072758234494", ".7003370864542909", ".0002577903487589309"], ["4.009908898976933E-9", "-4.388818567911601E-7", "-.0003624072758234494", "5.688727952871054E-7", "-2.93226578350292E-6", "1.641943252987099E-7"], ["4.680990388839858E-6", ".0003339930148536826", ".7003370864542909", "-2.93226578350292E-6", ".00339809774045539", "9.34851495929349E-7"], ["3.369726777159503E-9", "5.559992477416373E-8", ".0002577903487589309", "1.641943252987099E-7", "9.34851495929349E-7", "4.990400997064127E-8"]]}, "not_valid_before": null, "elements": [{"title": "eccentricity", "sigma": ".00011834", "name": "e", "label": "e", "value": ".1622428001486209", "units": null}, {"label": "a", "units": "au", "value": "45.31920297803585", "name": "a", "sigma": ".011283", "title": "semi-major axis"}, {"sigma": ".0063007", "name": "q", "title": "perihelion distance", "label": "q", "units": "au", "value": "37.96648858637559"}, {"label": "i", "units": "deg", "value": "29.2240197504168", "title": "inclination; angle with respect to x-y ecliptic plane", "sigma": ".00022277", "name": "i"}, {"units": "deg", "label": "node", "value": "106.6010126013199", "title": "longitude of the ascending node", "sigma": ".00075678", "name": "om"}, {"name": "w", "sigma": ".057645", "title": "argument of perihelion", "units": "deg", "label": "peri", "value": "340.4456092280211"}, {"title": "mean anomaly", "name": "ma", "sigma": ".067495", "value": "78.45842257931301", "label": "M", "units": "deg"}, {"name": "tp", "sigma": "11.826", "title": "time of perihelion passage", "label": "tp", "value": "2435914.337672278685", "units": "TDB"}, {"title": "sidereal orbital period", "name": "per", "sigma": "41.617", "value": "111435.0524845363", "label": "period", "units": "d"}, {"units": "deg/d", "label": "n", "value": ".00323058132942466", "title": "mean motion", "name": "n", "sigma": "1.2065E-6"}, {"value": "52.6719173696961", "label": "Q", "units": "au", "sigma": ".013114", "name": "ad", "title": "aphelion distance"}], "comment": null, "epoch": "2460200.5", "orbit_id": "10", "pe_used": "DE441", "two_body": null, "first_obs": "2004-05-12", "n_del_obs_used": null, "data_arc": "6503", "n_dop_obs_used": null, "rms": ".28149", "t_jup": "5.198", "producer": "Otto Matic", "last_obs": "2022-03-02", "moid_jup": "32.8759", "soln_date": "2022-03-08 23:18:24", "condition_code": "4", "not_valid_after": null, "equinox": "J2000", "model_pars": []}, "object": {"prefix": null, "des": "2007 FM51", "fullname": "(2007 FM51)", "orbit_class": {"code": "TNO", "name": "TransNeptunian Object"}, "orbit_id": "10", "kind": "au", "pha": false, "neo": false, "spkid": "3715697"}, "signature": {"version": "1.3", "source": "NASA/JPL Small-Body Database (SBDB) API"}}