{"object": {"fullname": "(2002 GH166)", "neo": false, "orbit_id": "12", "orbit_class": {"name": "TransNeptunian Object", "code": "TNO"}, "prefix": null, "pha": false, "des": "2002 GH166", "kind": "au", "spkid": "3127397"}, "orbit": {"n_del_obs_used": null, "not_valid_after": null, "elements": [{"title": "eccentricity", "name": "e", "label": "e", "sigma": "2.1947E-5", "units": null, "value": ".1907284318786684"}, {"value": "39.03638742921583", "label": "a", "sigma": ".0013117", "units": "au", "title": "semi-major axis", "name": "a"}, {"sigma": ".00020678", "units": "au", "label": "q", "name": "q", "title": "perihelion distance", "value": "31.59103846863333"}, {"units": "deg", "sigma": "4.7447E-5", "label": "i", "name": "i", "title": "inclination; angle with respect to x-y ecliptic plane", "value": "8.675582157538331"}, {"value": "10.88622528566365", "units": "deg", "sigma": ".00017652", "label": "node", "name": "om", "title": "longitude of the ascending node"}, {"value": "219.2146915456516", "label": "peri", "sigma": ".0020297", "units": "deg", "title": "argument of perihelion", "name": "w"}, {"value": "5.49404212434971", "units": "deg", "sigma": ".0011527", "label": "M", "name": "ma", "title": "mean anomaly"}, {"value": "2458840.958902064148", "sigma": ".33328", "units": "TDB", "label": "tp", "name": "tp", "title": "time of perihelion passage"}, {"title": "sidereal orbital period", "name": "per", "label": "period", "units": "d", "sigma": "4.4903", "value": "89084.64554498433"}, {"value": ".004041100436530489", "title": "mean motion", "name": "n", "label": "n", "sigma": "2.0369E-7", "units": "deg/d"}, {"label": "Q", "sigma": ".0015619", "units": "au", "title": "aphelion distance", "name": "ad", "value": "46.48173638979833"}], "producer": "Otto Matic", "soln_date": "2023-07-01 15:56:16", "n_obs_used": 117, "two_body": null, "epoch": "2460200.5", "orbit_id": "12", "n_dop_obs_used": null, "pe_used": "DE441", "comment": null, "covariance": {"elements": [{"value": ".1979593013284865", "title": "eccentricity", "name": "e", "label": "e", "sigma": 2.21294916428631e-05, "units": null}, {"value": "31.60576412812189", "label": "q", "units": "au", "sigma": 0.000204293078572789, "title": "perihelion distance", "name": "q"}, {"label": "tp", "units": "TDB", "sigma": 0.309230908156691, "title": "time of perihelion passage", "name": "tp", "value": "2458672.260631405961"}, {"value": "10.73408725877552", "label": "node", "sigma": 0.000177062662710815, "units": "deg", "title": "longitude of the ascending node", "name": "om"}, {"value": "218.3115642023845", "sigma": 0.00188850493388448, "units": "deg", "label": "peri", "name": "w", "title": "argument of perihelion"}, {"name": "i", "title": "inclination", "sigma": 4.72630611240573e-05, "units": "deg", "label": "i", "value": "8.647365989352313"}], "labels": ["e", "q", "tp", "node", "peri", "i"], "epoch": "2457138.5", "data": [["4.897144003715459E-10", "4.47388543796686E-9", "-4.893107785929947E-6", "5.926291052320307E-11", "-2.972399668695409E-8", "4.956714300924497E-11"], ["4.47388543796686E-9", "4.173566195274762E-8", "-4.937413945542597E-5", "5.90445509751992E-10", "-3.00166356867661E-7", "4.700831213667456E-10"], ["-4.893107785929947E-6", "-4.937413945542597E-5", ".09562375455941194", "-1.055587754194344E-6", ".0005814612979038325", "-6.298264299300346E-7"], ["5.926291052320307E-11", "5.90445509751992E-10", "-1.055587754194344E-6", "3.135118652624368E-8", "-3.740243986895442E-8", "8.097792624930007E-9"], ["-2.972399668695409E-8", "-3.00166356867661E-7", ".0005814612979038325", "-3.740243986895442E-8", "3.566450885306039E-6", "-1.18278176417591E-8"], ["4.956714300924497E-11", "4.700831213667456E-10", "-6.298264299300346E-7", "8.097792624930007E-9", "-1.18278176417591E-8", "2.233796946816378E-9"]]}, "sb_used": "SB441-N16", "model_pars": [], "equinox": "J2000", "moid": "30.5848", "not_valid_before": null, "rms": ".6482", "data_arc": "8510", "first_obs": "2000-03-03", "condition_code": "2", "t_jup": "5.449", "source": "JPL", "last_obs": "2023-06-21", "moid_jup": "26.2134"}, "signature": {"version": "1.3", "source": "NASA/JPL Small-Body Database (SBDB) API"}}