{"object": {"des": "2013 UG17", "kind": "au", "spkid": "3787143", "neo": false, "fullname": "(2013 UG17)", "orbit_class": {"name": "TransNeptunian Object", "code": "TNO"}, "orbit_id": "3", "prefix": null, "pha": false}, "signature": {"version": "1.3", "source": "NASA/JPL Small-Body Database (SBDB) API"}, "orbit": {"producer": "Otto Matic", "soln_date": "2021-04-15 08:53:28", "elements": [{"label": "e", "units": null, "sigma": ".00021059", "title": "eccentricity", "name": "e", "value": ".08083013088958005"}, {"value": "44.0925463252736", "units": "au", "sigma": ".0046364", "label": "a", "name": "a", "title": "semi-major axis"}, {"name": "q", "title": "perihelion distance", "units": "au", "sigma": ".0085995", "label": "q", "value": "40.52854003454686"}, {"label": "i", "units": "deg", "sigma": ".00051692", "title": "inclination; angle with respect to x-y ecliptic plane", "name": "i", "value": "7.619748563093682"}, {"units": "deg", "sigma": ".00061645", "label": "node", "name": "om", "title": "longitude of the ascending node", "value": "187.7168696455766"}, {"units": "deg", "sigma": ".14323", "label": "peri", "name": "w", "title": "argument of perihelion", "value": "239.9764275309151"}, {"value": "326.5145208969449", "title": "mean anomaly", "name": "ma", "label": "M", "units": "deg", "sigma": ".11357"}, {"value": "2470147.685409738080", "title": "time of perihelion passage", "name": "tp", "label": "tp", "units": "TDB", "sigma": "33.449"}, {"title": "sidereal orbital period", "name": "per", "label": "period", "units": "d", "sigma": "16.868", "value": "106941.4816041556"}, {"value": ".0033663270285757", "title": "mean motion", "name": "n", "label": "n", "sigma": "5.3096E-7", "units": "deg/d"}, {"value": "47.65655261600034", "name": "ad", "title": "aphelion distance", "sigma": ".0050112", "units": "au", "label": "Q"}], "n_del_obs_used": null, "not_valid_after": null, "orbit_id": "3", "n_dop_obs_used": null, "epoch": "2460200.5", "two_body": null, "n_obs_used": 49, "sb_used": "SB441-N16", "comment": null, "covariance": {"epoch": "2456991.5", "data": [["5.114506701865394E-8", "-1.90053450638749E-6", ".005966252414668491", "2.191242969193434E-9", "2.666220128332567E-5", "2.303402474940828E-9"], ["-1.90053450638749E-6", "8.607570225435244E-5", "-.2897224796635869", "-1.602348657016992E-7", "-.001276235161301283", "-1.549219285926053E-7"], [".005966252414668491", "-.2897224796635869", "996.5883788803815", ".000598899017032287", "4.371339643718026", ".0005707805353353015"], ["2.191242969193434E-9", "-1.602348657016992E-7", ".000598899017032287", "3.769306482324627E-7", "2.211657255808112E-6", "3.09332390584836E-7"], ["2.666220128332567E-5", "-.001276235161301283", "4.371339643718026", "2.211657255808112E-6", ".01919036040558571", "2.163908667927822E-6"], ["2.303402474940828E-9", "-1.549219285926053E-7", ".0005707805353353015", "3.09332390584836E-7", "2.163908667927822E-6", "2.696072239798202E-7"]], "labels": ["e", "q", "tp", "node", "peri", "i"], "elements": [{"value": ".07535446941988282", "name": "e", "title": "eccentricity", "units": null, "sigma": 0.000226152751516876, "label": "e"}, {"value": "40.34978207853865", "title": "perihelion distance", "name": "q", "label": "q", "units": "au", "sigma": 0.00927769918968881}, {"sigma": 31.5687880489635, "units": "TDB", "label": "tp", "name": "tp", "title": "time of perihelion passage", "value": "2471596.489635153464"}, {"value": "187.7962267726341", "label": "node", "units": "deg", "sigma": 0.000613946779641739, "title": "longitude of the ascending node", "name": "om"}, {"label": "peri", "sigma": 0.138529276348307, "units": "deg", "title": "argument of perihelion", "name": "w", "value": "245.6484941435323"}, {"name": "i", "title": "inclination", "sigma": 0.000519237155815934, "units": "deg", "label": "i", "value": "7.651908935643898"}]}, "pe_used": "DE441", "equinox": "J2000", "moid": "39.5481", "model_pars": [], "condition_code": "4", "first_obs": "2013-08-02", "data_arc": "1867", "not_valid_before": null, "rms": ".25577", "t_jup": "5.870", "last_obs": "2018-09-12", "source": "JPL", "moid_jup": "35.5063"}}