{"object": {"kind": "au", "des": "2013 SE106", "spkid": "3989536", "pha": false, "fullname": "(2013 SE106)", "neo": false, "orbit_class": {"name": "TransNeptunian Object", "code": "TNO"}, "orbit_id": "6", "prefix": null}, "signature": {"version": "1.3", "source": "NASA/JPL Small-Body Database (SBDB) API"}, "orbit": {"pe_used": "DE441", "covariance": {"elements": [{"sigma": 0.000181847182363412, "units": null, "label": "e", "name": "e", "title": "eccentricity", "value": ".03792799381421679"}, {"value": "41.13331620523529", "sigma": 0.00661350289345519, "units": "au", "label": "q", "name": "q", "title": "perihelion distance"}, {"value": "2436880.183840448808", "units": "TDB", "sigma": 45.9344099613672, "label": "tp", "name": "tp", "title": "time of perihelion passage"}, {"value": "359.1464973487101", "sigma": 0.0137536586660566, "units": "deg", "label": "node", "name": "om", "title": "longitude of the ascending node"}, {"name": "w", "title": "argument of perihelion", "sigma": 0.177562769198294, "units": "deg", "label": "peri", "value": "289.0524591754258"}, {"value": ".1978856957712034", "sigma": 0.000277865193751584, "units": "deg", "label": "i", "name": "i", "title": "inclination"}], "labels": ["e", "q", "tp", "node", "peri", "i"], "data": [["3.306839773351208E-8", "-5.576620564173624E-7", ".003343418719353612", "3.964244888109782E-10", "1.062050072438102E-5", "1.113318409114766E-10"], ["-5.576620564173624E-7", "4.373842052174023E-5", ".1901915559474704", "-1.414393103121943E-7", ".0007998775333444137", "-1.258456506511535E-9"], [".003343418719353612", ".1901915559474704", "2109.970018498947", "-.0009262512499266623", "8.10848960036494", "1.568704196263189E-5"], ["3.964244888109782E-10", "-1.414393103121943E-7", "-.0009262512499266623", ".0001891631267023931", "-.0001928713512325629", "3.699200695883202E-6"], ["1.062050072438102E-5", ".0007998775333444137", "8.10848960036494", "-.0001928713512325629", ".03152853700536679", "-3.645826364040484E-6"], ["1.113318409114766E-10", "-1.258456506511535E-9", "1.568704196263189E-5", "3.699200695883202E-6", "-3.645826364040484E-6", "7.720906589860518E-8"]], "epoch": "2458461.5"}, "comment": null, "sb_used": "SB441-N16", "model_pars": [], "moid": "40.5499", "equinox": "J2000", "n_del_obs_used": null, "not_valid_after": null, "elements": [{"value": ".03687203525042321", "name": "e", "title": "eccentricity", "sigma": ".00018866", "units": null, "label": "e"}, {"title": "semi-major axis", "name": "a", "label": "a", "units": "au", "sigma": ".007943", "value": "43.15701529953084"}, {"value": "41.56572831010348", "name": "q", "title": "perihelion distance", "sigma": ".00577", "units": "au", "label": "q"}, {"value": ".2016146848829858", "name": "i", "title": "inclination; angle with respect to x-y ecliptic plane", "units": "deg", "sigma": ".00027688", "label": "i"}, {"units": "deg", "sigma": ".013047", "label": "node", "name": "om", "title": "longitude of the ascending node", "value": "359.435796644333"}, {"value": "304.0738099081056", "name": "w", "title": "argument of perihelion", "sigma": ".16829", "units": "deg", "label": "peri"}, {"label": "M", "units": "deg", "sigma": ".16588", "title": "mean anomaly", "name": "ma", "value": "67.28978079858381"}, {"label": "tp", "units": "TDB", "sigma": "43.566", "title": "time of perihelion passage", "name": "tp", "value": "2440844.209022374536"}, {"name": "per", "title": "sidereal orbital period", "units": "d", "sigma": "28.589", "label": "period", "value": "103556.0625885086"}, {"units": "deg/d", "sigma": "9.5974E-7", "label": "n", "name": "n", "title": "mean motion", "value": ".003476377828601882"}, {"value": "44.7483022889582", "name": "ad", "title": "aphelion distance", "units": "au", "sigma": ".0082359", "label": "Q"}], "producer": "Otto Matic", "soln_date": "2023-10-09 19:11:25", "two_body": null, "n_obs_used": 41, "epoch": "2460200.5", "n_dop_obs_used": null, "orbit_id": "6", "source": "JPL", "last_obs": "2020-10-20", "moid_jup": "36.4279", "not_valid_before": null, "rms": ".19571", "data_arc": "2577", "condition_code": "4", "first_obs": "2013-09-30", "t_jup": "5.876"}}