{"signature": {"version": "1.3", "source": "NASA/JPL Small-Body Database (SBDB) API"}, "orbit": {"sb_used": "SB441-N16", "covariance": {"epoch": "2454432.5", "data": [["1.399025489149194E-7", "1.047142466539314E-6", ".04843125191478195", "-5.639605120186653E-8", ".000177040126902575", "2.940857625878586E-8"], ["1.047142466539314E-6", ".0001501168243141957", "1.682999227670817", "-1.686515055677405E-6", ".006445555687290072", "9.323058497881749E-7"], [".04843125191478195", "1.682999227670817", "29041.71789124341", "-.03120697206066537", "108.8833276427789", ".01676184989360282"], ["-5.639605120186653E-8", "-1.686515055677405E-6", "-.03120697206066537", "4.250805463137312E-6", "-.0001206849240626893", "-1.378231198827985E-6"], [".000177040126902575", ".006445555687290072", "108.8833276427789", "-.0001206849240626893", ".4085795262584594", "6.403240702340044E-5"], ["2.940857625878586E-8", "9.323058497881749E-7", ".01676184989360282", "-1.378231198827985E-6", "6.403240702340044E-5", "4.513005466619298E-7"]], "labels": ["e", "q", "tp", "node", "peri", "i"], "elements": [{"value": ".02988113876603677", "units": null, "sigma": 0.000374035491517743, "label": "e", "name": "e", "title": "eccentricity"}, {"label": "q", "sigma": 0.0122522171183095, "units": "au", "title": "perihelion distance", "name": "q", "value": "41.42025388259172"}, {"title": "time of perihelion passage", "name": "tp", "label": "tp", "sigma": 170.416307585992, "units": "TDB", "value": "2434562.925121905875"}, {"label": "node", "sigma": 0.00206174815705927, "units": "deg", "title": "longitude of the ascending node", "name": "om", "value": "208.9219725016178"}, {"label": "peri", "units": "deg", "sigma": 0.639202257707574, "title": "argument of perihelion", "name": "w", "value": "62.06689951395894"}, {"label": "i", "sigma": 0.000671789064113081, "units": "deg", "title": "inclination", "name": "i", "value": "18.53623400074438"}]}, "comment": null, "pe_used": "DE441", "moid": "40.8301", "equinox": "J2000", "model_pars": [], "producer": "Otto Matic", "soln_date": "2021-04-14 23:59:09", "elements": [{"title": "eccentricity", "name": "e", "label": "e", "sigma": ".00042444", "units": null, "value": ".02626824661736892"}, {"value": "42.92515192207706", "title": "semi-major axis", "name": "a", "label": "a", "sigma": ".023087", "units": "au"}, {"name": "q", "title": "perihelion distance", "sigma": ".0099773", "units": "au", "label": "q", "value": "41.79758344529991"}, {"value": "18.46254736550022", "title": "inclination; angle with respect to x-y ecliptic plane", "name": "i", "label": "i", "sigma": ".00066915", "units": "deg"}, {"value": "209.0597183130182", "name": "om", "title": "longitude of the ascending node", "units": "deg", "sigma": ".0020722", "label": "node"}, {"title": "argument of perihelion", "name": "w", "label": "peri", "units": "deg", "sigma": ".58621", "value": "75.19410751855042"}, {"value": "77.79376374276472", "label": "M", "sigma": ".6145", "units": "deg", "title": "mean anomaly", "name": "ma"}, {"title": "time of perihelion passage", "name": "tp", "label": "tp", "sigma": "158.47", "units": "TDB", "value": "2438002.774779849806"}, {"sigma": "82.874", "units": "d", "label": "period", "name": "per", "title": "sidereal orbital period", "value": "102722.6437542983"}, {"name": "n", "title": "mean motion", "sigma": "2.8274E-6", "units": "deg/d", "label": "n", "value": ".003504582698057128"}, {"units": "au", "sigma": ".023694", "label": "Q", "name": "ad", "title": "aphelion distance", "value": "44.05272039885421"}], "n_del_obs_used": null, "not_valid_after": null, "n_dop_obs_used": null, "orbit_id": "6", "epoch": "2460200.5", "two_body": null, "n_obs_used": 19, "last_obs": "2015-11-08", "source": "JPL", "moid_jup": "36.7449", "condition_code": "4", "first_obs": "2006-09-18", "data_arc": "3338", "rms": ".39018", "not_valid_before": null, "t_jup": "5.568"}, "object": {"pha": false, "prefix": null, "orbit_class": {"code": "TNO", "name": "TransNeptunian Object"}, "orbit_id": "6", "fullname": "(2006 SE415)", "neo": false, "spkid": "3715695", "kind": "au", "des": "2006 SE415"}}