{"object": {"neo": false, "spkid": "3316062", "prefix": null, "des": "2002 PR170", "fullname": "(2002 PR170)", "orbit_class": {"code": "TNO", "name": "TransNeptunian Object"}, "orbit_id": "10", "kind": "au", "pha": false}, "orbit": {"soln_date": "2022-08-01 03:20:58", "moid_jup": "35.4545", "condition_code": "4", "not_valid_after": null, "equinox": "J2000", "model_pars": [], "t_jup": "5.946", "producer": "Otto Matic", "last_obs": "2017-09-17", "orbit_id": "10", "two_body": null, "pe_used": "DE441", "data_arc": "5522", "first_obs": "2002-08-05", "n_del_obs_used": null, "n_dop_obs_used": null, "rms": ".27953", "covariance": {"elements": [{"sigma": 0.000111161415293908, "name": "e", "title": "eccentricity", "units": null, "label": "e", "value": ".08852174642905962"}, {"label": "q", "units": "au", "value": "40.37985762087676", "title": "perihelion distance", "sigma": 0.00870030510657071, "name": "q"}, {"value": "2422487.213867632876", "label": "tp", "units": "TDB", "name": "tp", "sigma": 36.8301047128656, "title": "time of perihelion passage"}, {"units": "deg", "label": "node", "value": "23.13294979546462", "name": "om", "sigma": 0.0135264429437817, "title": "longitude of the ascending node"}, {"title": "argument of perihelion", "sigma": 0.143019045710701, "name": "w", "units": "deg", "label": "peri", "value": "192.7666603051572"}, {"units": "deg", "label": "i", "value": ".8557597523106072", "title": "inclination", "name": "i", "sigma": 0.000160710319156809}], "epoch": "2454253.5", "data": [["1.235686025014479E-8", "-7.989117559432343E-8", ".002861141979483726", "8.796941097964536E-9", "9.421677506876285E-6", "-8.634857619000161E-11"], ["-7.989117559432343E-8", "7.569530894742033E-5", ".2098720568811302", "6.292497353031761E-7", ".0009309199485591363", "-2.956888047272957E-9"], [".002861141979483726", ".2098720568811302", "1356.456613160644", ".004120323523631573", "5.19522818172898", "-3.067403102588399E-5"], ["8.796941097964536E-9", "6.292497353031761E-7", ".004120323523631573", ".0001829646587113826", "-.0001671747698926033", "-2.102551847383351E-6"], ["9.421677506876285E-6", ".0009309199485591363", "5.19522818172898", "-.0001671747698926033", ".02045444743599949", "1.990002169477289E-6"], ["-8.634857619000161E-11", "-2.956888047272957E-9", "-3.067403102588399E-5", "-2.102551847383351E-6", "1.990002169477289E-6", "2.582780668348357E-8"]], "labels": ["e", "q", "tp", "node", "peri", "i"]}, "n_obs_used": 27, "source": "JPL", "sb_used": "SB441-N16", "moid": "39.8906", "not_valid_before": null, "comment": null, "elements": [{"value": ".08088240963739166", "label": "e", "units": null, "title": "eccentricity", "sigma": ".00011315", "name": "e"}, {"units": "au", "label": "a", "value": "44.49750040544365", "title": "semi-major axis", "name": "a", "sigma": ".010598"}, {"title": "perihelion distance", "sigma": ".0087363", "name": "q", "units": "au", "label": "q", "value": "40.89843534981055"}, {"title": "inclination; angle with respect to x-y ecliptic plane", "name": "i", "sigma": ".00015998", "label": "i", "units": "deg", "value": ".8541049476381978"}, {"name": "om", "sigma": ".01355", "title": "longitude of the ascending node", "label": "node", "units": "deg", "value": "23.22834827276541"}, {"title": "argument of perihelion", "name": "w", "sigma": ".15614", "units": "deg", "label": "peri", "value": "193.488819347014"}, {"value": "125.8657083042737", "label": "M", "units": "deg", "title": "mean anomaly", "name": "ma", "sigma": ".1796"}, {"title": "time of perihelion passage", "name": "tp", "sigma": "41.033", "label": "tp", "units": "TDB", "value": "2422294.603385876318"}, {"sigma": "38.733", "name": "per", "title": "sidereal orbital period", "value": "108418.1145518662", "label": "period", "units": "d"}, {"name": "n", "sigma": "1.1863E-6", "title": "mean motion", "value": ".003320478330471052", "label": "n", "units": "deg/d"}, {"label": "Q", "value": "48.09656546107675", "units": "au", "title": "aphelion distance", "sigma": ".011455", "name": "ad"}], "epoch": "2460200.5"}, "signature": {"version": "1.3", "source": "NASA/JPL Small-Body Database (SBDB) API"}}