{"object": {"spkid": "54197762", "neo": false, "kind": "au", "orbit_id": "4", "pha": false, "orbit_class": {"code": "TNO", "name": "TransNeptunian Object"}, "prefix": null, "des": "2015 TG362", "fullname": "(2015 TG362)"}, "orbit": {"not_valid_before": null, "comment": null, "epoch": "2460200.5", "elements": [{"title": "eccentricity", "name": "e", "sigma": ".00042659", "label": "e", "units": null, "value": ".08726241873795185"}, {"name": "a", "sigma": ".0087213", "title": "semi-major axis", "label": "a", "units": "au", "value": "44.58817829816705"}, {"title": "perihelion distance", "sigma": ".024713", "name": "q", "value": "40.69730601274994", "label": "q", "units": "au"}, {"title": "inclination; angle with respect to x-y ecliptic plane", "name": "i", "sigma": ".00017372", "value": "5.536901822288474", "label": "i", "units": "deg"}, {"value": "131.6529175565493", "label": "node", "units": "deg", "title": "longitude of the ascending node", "name": "om", "sigma": ".0044077"}, {"value": "358.4530651565441", "label": "peri", "units": "deg", "title": "argument of perihelion", "name": "w", "sigma": ".081579"}, {"title": "mean anomaly", "name": "ma", "sigma": ".10833", "value": "264.24888587908", "label": "M", "units": "deg"}, {"sigma": "32.19", "name": "tp", "title": "time of perihelion passage", "label": "tp", "value": "2489125.232798442645", "units": "TDB"}, {"label": "period", "units": "d", "value": "108749.6882207484", "title": "sidereal orbital period", "sigma": "31.907", "name": "per"}, {"title": "mean motion", "sigma": "9.7124E-7", "name": "n", "units": "deg/d", "label": "n", "value": ".003310354318159006"}, {"sigma": ".0094824", "name": "ad", "title": "aphelion distance", "label": "Q", "units": "au", "value": "48.47905058358416"}], "covariance": {"labels": ["e", "q", "tp", "node", "peri", "i"], "data": [["1.748333843390711E-7", "-9.849622410204366E-6", "-.01500911078141234", "-1.948112327005009E-7", "-2.122072395181145E-5", "-1.124758103979812E-8"], ["-9.849622410204366E-6", ".0005906206875319248", ".7370833721280293", "1.068830956948596E-5", ".0007217934643740216", "6.481750669288095E-7"], ["-.01500911078141234", ".7370833721280293", "1618.95533442322", ".01759901042562494", "3.263516208430919", ".0009221404265987251"], ["-1.948112327005009E-7", "1.068830956948596E-5", ".01759901042562494", "1.962201724346648E-5", "8.148858518792697E-6", "7.683318459669258E-7"], ["-2.122072395181145E-5", ".0007217934643740216", "3.263516208430919", "8.148858518792697E-6", ".008886773503530544", "4.223054701775187E-7"], ["-1.124758103979812E-8", "6.481750669288095E-7", ".0009221404265987251", "7.683318459669258E-7", "4.223054701775187E-7", "3.037094593566237E-8"]], "elements": [{"label": "e", "units": null, "value": ".08734860532415574", "name": "e", "sigma": 0.000418130822039073, "title": "eccentricity"}, {"value": "40.29195235243392", "label": "q", "units": "au", "name": "q", "sigma": 0.0243026888950981, "title": "perihelion distance"}, {"value": "2490786.154952522083", "label": "tp", "units": "TDB", "sigma": 40.2362440397115, "name": "tp", "title": "time of perihelion passage"}, {"title": "longitude of the ascending node", "sigma": 0.00442967462049601, "name": "om", "units": "deg", "label": "node", "value": "131.6287122754058"}, {"label": "peri", "value": "5.172021201276778", "units": "deg", "title": "argument of perihelion", "sigma": 0.0942696849656906, "name": "w"}, {"label": "i", "value": "5.536547243605561", "units": "deg", "title": "inclination", "sigma": 0.00017427261958111, "name": "i"}], "epoch": "2458638.5"}, "sb_used": "SB441-N16", "source": "JPL", "n_obs_used": 25, "moid": "39.7108", "data_arc": "2211", "first_obs": "2013-11-08", "n_del_obs_used": null, "n_dop_obs_used": null, "rms": ".47813", "orbit_id": "4", "two_body": null, "pe_used": "DE441", "producer": "Otto Matic", "last_obs": "2019-11-28", "t_jup": "5.922", "not_valid_after": null, "condition_code": "4", "equinox": "J2000", "model_pars": [], "soln_date": "2023-10-09 19:44:05", "moid_jup": "35.3759"}, "signature": {"version": "1.3", "source": "NASA/JPL Small-Body Database (SBDB) API"}}