{"object": {"prefix": null, "orbit_id": "1", "orbit_class": {"code": "TNO", "name": "TransNeptunian Object"}, "neo": false, "fullname": "(2014 WA602)", "pha": false, "spkid": "54198960", "kind": "au", "des": "2014 WA602"}, "signature": {"version": "1.3", "source": "NASA/JPL Small-Body Database (SBDB) API"}, "orbit": {"rms": ".17208", "not_valid_before": null, "first_obs": "2014-11-18", "condition_code": "4", "data_arc": "1440", "t_jup": "5.206", "source": "JPL", "last_obs": "2018-10-28", "moid_jup": "36.1813", "n_del_obs_used": null, "not_valid_after": null, "soln_date": "2021-09-21 14:12:06", "producer": "Otto Matic", "elements": [{"title": "eccentricity", "name": "e", "label": "e", "sigma": ".0002264", "units": null, "value": ".1212167626459227"}, {"name": "a", "title": "semi-major axis", "units": "au", "sigma": ".01254", "label": "a", "value": "46.31619965467328"}, {"value": "40.70189987447159", "label": "q", "sigma": ".0051479", "units": "au", "title": "perihelion distance", "name": "q"}, {"value": "30.6823978849021", "label": "i", "sigma": ".00021014", "units": "deg", "title": "inclination; angle with respect to x-y ecliptic plane", "name": "i"}, {"name": "om", "title": "longitude of the ascending node", "sigma": ".0020238", "units": "deg", "label": "node", "value": "94.41695624269309"}, {"value": "242.6906472246259", "name": "w", "title": "argument of perihelion", "sigma": ".2115", "units": "deg", "label": "peri"}, {"label": "M", "sigma": ".16293", "units": "deg", "title": "mean anomaly", "name": "ma", "value": "20.43913789490821"}, {"value": "2453663.810201111378", "name": "tp", "title": "time of perihelion passage", "units": "TDB", "sigma": "52.086", "label": "tp"}, {"name": "per", "title": "sidereal orbital period", "units": "d", "sigma": "46.759", "label": "period", "value": "115132.4649649795"}, {"label": "n", "units": "deg/d", "sigma": "1.2699E-6", "title": "mean motion", "name": "n", "value": ".003126833079700876"}, {"value": "51.93049943487498", "title": "aphelion distance", "name": "ad", "label": "Q", "sigma": ".01406", "units": "au"}], "two_body": null, "n_obs_used": 18, "n_dop_obs_used": null, "orbit_id": "1", "epoch": "2460200.5", "pe_used": "DE441", "sb_used": "SB441-N16", "comment": null, "covariance": {"elements": [{"value": ".1112907610354828", "title": "eccentricity", "name": "e", "label": "e", "units": null, "sigma": 0.000237647082686531}, {"value": "40.62219318141997", "label": "q", "units": "au", "sigma": 0.00602542113966774, "title": "perihelion distance", "name": "q"}, {"title": "time of perihelion passage", "name": "tp", "label": "tp", "sigma": 55.4871292224585, "units": "TDB", "value": "2452837.118101243397"}, {"value": "94.31897477053747", "sigma": 0.00203205454068357, "units": "deg", "label": "node", "name": "om", "title": "longitude of the ascending node"}, {"value": "239.5268839302732", "label": "peri", "sigma": 0.225632997047153, "units": "deg", "title": "argument of perihelion", "name": "w"}, {"units": "deg", "sigma": 0.000209001100111558, "label": "i", "name": "i", "title": "inclination", "value": "30.68664355689479"}], "labels": ["e", "q", "tp", "node", "peri", "i"], "data": [["5.64761359094189E-8", "-4.013695762670338E-7", "-.007052961312279339", "1.123886367325248E-7", "-2.882231200678433E-5", "1.685296269069331E-8"], ["-4.013695762670338E-7", "3.630569991035485E-5", ".3204936745211399", "-2.04200504733724E-6", ".001302151242056091", "-1.427190875701154E-7"], ["-.007052961312279339", ".3204936745211399", "3078.821509349813", "-.02430742700932478", "12.51930503617075", "-.00232984461741515"], ["1.123886367325248E-7", "-2.04200504733724E-6", "-.02430742700932478", "4.129245656312709E-6", "-.0001023449367250958", "4.149798702034186E-7"], ["-2.882231200678433E-5", ".001302151242056091", "12.51930503617075", "-.0001023449367250958", ".05091024935648059", "-9.838431687544331E-6"], ["1.685296269069331E-8", "-1.427190875701154E-7", "-.00232984461741515", "4.149798702034186E-7", "-9.838431687544331E-6", "4.368145984784168E-8"]], "epoch": "2457721.5"}, "moid": "39.8016", "equinox": "J2000", "model_pars": []}}