{"object": {"prefix": null, "orbit_id": "2", "orbit_class": {"name": "TransNeptunian Object", "code": "TNO"}, "fullname": "(2014 UV229)", "neo": false, "pha": false, "spkid": "3790112", "kind": "au", "des": "2014 UV229"}, "signature": {"version": "1.3", "source": "NASA/JPL Small-Body Database (SBDB) API"}, "orbit": {"first_obs": "2013-08-08", "condition_code": "3", "data_arc": "1478", "not_valid_before": null, "rms": ".27551", "t_jup": "5.817", "last_obs": "2017-08-25", "source": "JPL", "moid_jup": "31.399", "soln_date": "2021-04-15 11:41:22", "producer": "Otto Matic", "elements": [{"label": "e", "sigma": ".00020597", "units": null, "title": "eccentricity", "name": "e", "value": ".5070385369976576"}, {"label": "a", "units": "au", "sigma": ".024339", "title": "semi-major axis", "name": "a", "value": "73.66385973057574"}, {"value": "36.31344406318396", "title": "perihelion distance", "name": "q", "label": "q", "units": "au", "sigma": ".0046579"}, {"label": "i", "units": "deg", "sigma": ".00077201", "title": "inclination; angle with respect to x-y ecliptic plane", "name": "i", "value": "27.62854011220854"}, {"title": "longitude of the ascending node", "name": "om", "label": "node", "sigma": ".0001993", "units": "deg", "value": "210.205705885363"}, {"value": "204.7859609002288", "units": "deg", "sigma": ".03669", "label": "peri", "name": "w", "title": "argument of perihelion"}, {"label": "M", "sigma": ".0081151", "units": "deg", "title": "mean anomaly", "name": "ma", "value": "356.0456771394882"}, {"units": "TDB", "sigma": "5.9325", "label": "tp", "name": "tp", "title": "time of perihelion passage", "value": "2462737.086971811002"}, {"value": "230929.8815660645", "title": "sidereal orbital period", "name": "per", "label": "period", "sigma": "114.45", "units": "d"}, {"name": "n", "title": "mean motion", "sigma": "7.7262E-7", "units": "deg/d", "label": "n", "value": ".001558914756109685"}, {"value": "111.0142753979675", "title": "aphelion distance", "name": "ad", "label": "Q", "sigma": ".03668", "units": "au"}], "not_valid_after": null, "n_del_obs_used": null, "n_dop_obs_used": null, "orbit_id": "2", "epoch": "2460200.5", "n_obs_used": 43, "two_body": null, "sb_used": "SB441-N16", "covariance": {"labels": ["e", "q", "tp", "node", "peri", "i"], "elements": [{"value": ".5006316483718055", "label": "e", "units": null, "sigma": 0.000208075581271892, "title": "eccentricity", "name": "e"}, {"value": "36.2610582820724", "units": "au", "sigma": 0.0047217240822348, "label": "q", "name": "q", "title": "perihelion distance"}, {"title": "time of perihelion passage", "name": "tp", "label": "tp", "units": "TDB", "sigma": 5.93757257939238, "value": "2462832.228751999686"}, {"value": "210.2404464697376", "title": "longitude of the ascending node", "name": "om", "label": "node", "sigma": 0.000198842153551474, "units": "deg"}, {"value": "205.2827467213257", "title": "argument of perihelion", "name": "w", "label": "peri", "units": "deg", "sigma": 0.0368536003964947}, {"name": "i", "title": "inclination", "sigma": 0.000773344743611153, "units": "deg", "label": "i", "value": "27.69927461435534"}], "data": [["4.32954475216357E-8", "-7.564941057637316E-7", ".001014203674119146", "-3.496635524687666E-9", "6.35865910794524E-6", "1.718856202691491E-8"], ["-7.564941057637316E-7", "2.229467830875608E-5", "-.02785966022644293", "8.9629687275211E-8", "-.0001728470014137988", "-3.632946889034348E-7"], [".001014203674119146", "-.02785966022644293", "35.25476813555228", "-.0001140133540855749", ".2187778051880719", ".0004768412402512375"], ["-3.496635524687666E-9", "8.9629687275211E-8", "-.0001140133540855749", "3.953820202898785E-8", "-7.434709936486315E-7", "-1.496961954798078E-7"], ["6.35865910794524E-6", "-.0001728470014137988", ".2187778051880719", "-7.434709936486315E-7", ".001358187862184517", "3.103140959694105E-6"], ["1.718856202691491E-8", "-3.632946889034348E-7", ".0004768412402512375", "-1.496961954798078E-7", "3.103140959694105E-6", "5.980620924710007E-7"]], "epoch": "2456849.5"}, "comment": null, "pe_used": "DE441", "moid": "35.3426", "equinox": "J2000", "model_pars": []}}