{"object": {"kind": "au", "des": "2015 GO57", "spkid": "3835545", "pha": false, "fullname": "(2015 GO57)", "neo": false, "orbit_class": {"name": "TransNeptunian Object", "code": "TNO"}, "orbit_id": "2", "prefix": null}, "signature": {"version": "1.3", "source": "NASA/JPL Small-Body Database (SBDB) API"}, "orbit": {"moid_jup": "36.1665", "last_obs": "2017-06-25", "source": "JPL", "t_jup": "5.861", "condition_code": "5", "first_obs": "2015-02-17", "data_arc": "859", "rms": ".13939", "not_valid_before": null, "equinox": "J2000", "moid": "40.1176", "model_pars": [], "sb_used": "SB441-N16", "covariance": {"elements": [{"label": "e", "units": null, "sigma": 0.000472595405760195, "title": "eccentricity", "name": "e", "value": ".03168192421519809"}, {"name": "q", "title": "perihelion distance", "units": "au", "sigma": 0.0211890067433396, "label": "q", "value": "42.04633847959771"}, {"value": "2504515.288766255937", "label": "tp", "units": "TDB", "sigma": 845.647301237294, "title": "time of perihelion passage", "name": "tp"}, {"value": "145.8192276133293", "label": "node", "units": "deg", "sigma": 0.0747966467479173, "title": "longitude of the ascending node", "name": "om"}, {"value": "224.3442426342642", "sigma": 2.73254143465802, "units": "deg", "label": "peri", "name": "w", "title": "argument of perihelion"}, {"value": "1.094248988927935", "units": "deg", "sigma": 0.000798006303117895, "label": "i", "name": "i", "title": "inclination"}], "labels": ["e", "q", "tp", "node", "peri", "i"], "epoch": "2457348.5", "data": [["2.233464175456434E-7", "-9.749461705576628E-6", "-.391892745450624", "-4.978445920934347E-7", "-.00126312423836739", "-5.283506271272381E-9"], ["-9.749461705576628E-6", ".0004489740067692918", "16.31362198105498", "2.050775975118684E-5", ".05243855435217028", "2.195893428640919E-7"], ["-.391892745450624", "16.31362198105498", "715119.358089918", ".9150553613096537", "2309.771625304256", ".009650489339407894"], ["-4.978445920934347E-7", "2.050775975118684E-5", ".9150553613096537", ".005594538364732722", "-.002635539022026046", "5.965531779075795E-5"], ["-.00126312423836739", ".05243855435217028", "2309.771625304256", "-.002635539022026046", "7.466782692122894", "-2.845984470928685E-5"], ["-5.283506271272381E-9", "2.195893428640919E-7", ".009650489339407894", "5.965531779075795E-5", "-2.845984470928685E-5", "6.368140598158899E-7"]]}, "comment": null, "pe_used": "DE441", "n_dop_obs_used": null, "orbit_id": "2", "epoch": "2460200.5", "n_obs_used": 35, "two_body": null, "soln_date": "2021-04-15 13:31:14", "producer": "Otto Matic", "elements": [{"value": ".04268110611278366", "label": "e", "sigma": ".00039889", "units": null, "title": "eccentricity", "name": "e"}, {"value": "42.95085723989659", "name": "a", "title": "semi-major axis", "units": "au", "sigma": ".0049217", "label": "a"}, {"value": "41.11766714440554", "title": "perihelion distance", "name": "q", "label": "q", "sigma": ".017802", "units": "au"}, {"name": "i", "title": "inclination; angle with respect to x-y ecliptic plane", "sigma": ".00080684", "units": "deg", "label": "i", "value": "1.095761217470174"}, {"value": "146.0283541149387", "label": "node", "units": "deg", "sigma": ".074986", "title": "longitude of the ascending node", "name": "om"}, {"value": "226.8553195004843", "sigma": "2.0442", "units": "deg", "label": "peri", "name": "w", "title": "argument of perihelion"}, {"value": "204.9803042808886", "title": "mean anomaly", "name": "ma", "label": "M", "sigma": "2.2293", "units": "deg"}, {"value": "2504473.664034412068", "name": "tp", "title": "time of perihelion passage", "sigma": "634.99", "units": "TDB", "label": "tp"}, {"title": "sidereal orbital period", "name": "per", "label": "period", "units": "d", "sigma": "17.672", "value": "102814.9292801341"}, {"value": ".003501437023986353", "units": "deg/d", "sigma": "6.0184E-7", "label": "n", "name": "n", "title": "mean motion"}, {"value": "44.78404733538763", "name": "ad", "title": "aphelion distance", "sigma": ".0051318", "units": "au", "label": "Q"}], "n_del_obs_used": null, "not_valid_after": null}}