{"signature": {"version": "1.3", "source": "NASA/JPL Small-Body Database (SBDB) API"}, "orbit": {"t_jup": "5.137", "first_obs": "2006-08-21", "condition_code": "4", "data_arc": "2984", "rms": ".10927", "not_valid_before": null, "moid_jup": "15.4623", "last_obs": "2014-10-22", "source": "JPL", "orbit_id": "11", "n_dop_obs_used": null, "epoch": "2460200.5", "two_body": null, "n_obs_used": 17, "producer": "Otto Matic", "soln_date": "2021-04-14 23:48:03", "elements": [{"name": "e", "title": "eccentricity", "sigma": ".00023674", "units": null, "label": "e", "value": ".6498971714875131"}, {"sigma": ".052879", "units": "au", "label": "a", "name": "a", "title": "semi-major axis", "value": "58.31099412059685"}, {"value": "20.41484397499595", "name": "q", "title": "perihelion distance", "sigma": ".0066072", "units": "au", "label": "q"}, {"title": "inclination; angle with respect to x-y ecliptic plane", "name": "i", "label": "i", "sigma": ".00035427", "units": "deg", "value": "7.219399345678572"}, {"units": "deg", "sigma": ".00090952", "label": "node", "name": "om", "title": "longitude of the ascending node", "value": "38.73031849322633"}, {"value": "314.054498777237", "sigma": ".032384", "units": "deg", "label": "peri", "name": "w", "title": "argument of perihelion"}, {"name": "ma", "title": "mean anomaly", "sigma": ".034367", "units": "deg", "label": "M", "value": "23.09173873718337"}, {"label": "tp", "sigma": "1.3904", "units": "TDB", "title": "time of perihelion passage", "name": "tp", "value": "2449768.244146556610"}, {"title": "sidereal orbital period", "name": "per", "label": "period", "units": "d", "sigma": "221.23", "value": "162638.7752773317"}, {"units": "deg/d", "sigma": "3.0109E-6", "label": "n", "name": "n", "title": "mean motion", "value": ".002213494287485428"}, {"value": "96.20714426619776", "name": "ad", "title": "aphelion distance", "sigma": ".087245", "units": "au", "label": "Q"}], "not_valid_after": null, "n_del_obs_used": null, "equinox": "J2000", "moid": "19.4135", "model_pars": [], "sb_used": "SB441-N16", "comment": null, "covariance": {"data": [["5.494300487842491E-8", "9.162010476492531E-7", ".0002689705793587895", "2.044186562126222E-8", "5.081276912471989E-6", "1.752347744304218E-9"], ["9.162010476492531E-7", "4.400984898304778E-5", ".008529420315567061", "9.863820519451943E-7", ".0002142102223554058", "1.620865634572444E-7"], [".0002689705793587895", ".008529420315567061", "1.888263319555877", ".0001908013436896376", ".04311999471004835", "2.727331013542856E-5"], ["2.044186562126222E-8", "9.863820519451943E-7", ".0001908013436896376", "8.209678681112184E-7", "4.005798255461429E-6", "2.456245398736647E-7"], ["5.081276912471989E-6", ".0002142102223554058", ".04311999471004835", "4.005798255461429E-6", ".001054376366899402", "5.206857134384809E-7"], ["1.752347744304218E-9", "1.620865634572444E-7", "2.727331013542856E-5", "2.456245398736647E-7", "5.206857134384809E-7", "1.260117308658183E-7"]], "epoch": "2455034.5", "elements": [{"value": ".6487558329460724", "name": "e", "title": "eccentricity", "sigma": 0.000234399242486884, "units": null, "label": "e"}, {"value": "20.35131307567881", "label": "q", "units": "au", "sigma": 0.00663399193420129, "title": "perihelion distance", "name": "q"}, {"units": "TDB", "sigma": 1.3741409387526, "label": "tp", "name": "tp", "title": "time of perihelion passage", "value": "2449733.657746877162"}, {"title": "longitude of the ascending node", "name": "om", "label": "node", "sigma": 0.000906072771973211, "units": "deg", "value": "38.84486552897351"}, {"name": "w", "title": "argument of perihelion", "sigma": 0.032471162081136, "units": "deg", "label": "peri", "value": "313.517255309364"}, {"label": "i", "sigma": 0.000354981310586654, "units": "deg", "title": "inclination", "name": "i", "value": "7.230865709102673"}], "labels": ["e", "q", "tp", "node", "peri", "i"]}, "pe_used": "DE441"}, "object": {"spkid": "3361579", "kind": "au", "des": "2006 QG181", "pha": false, "orbit_class": {"name": "TransNeptunian Object", "code": "TNO"}, "orbit_id": "11", "prefix": null, "fullname": "(2006 QG181)", "neo": false}}