{"object": {"spkid": "3006124", "kind": "au", "des": "1994 ES2", "pha": false, "orbit_id": "5", "orbit_class": {"code": "TNO", "name": "TransNeptunian Object"}, "prefix": null, "fullname": "(1994 ES2)", "neo": false}, "signature": {"version": "1.3", "source": "NASA/JPL Small-Body Database (SBDB) API"}, "orbit": {"rms": ".42423", "not_valid_before": null, "data_arc": "7594", "condition_code": "4", "first_obs": "1994-05-05", "t_jup": "5.992", "source": "JPL", "last_obs": "2015-02-18", "moid_jup": "35.1172", "n_del_obs_used": null, "not_valid_after": null, "elements": [{"label": "e", "units": null, "sigma": "8.5444E-5", "title": "eccentricity", "name": "e", "value": ".1117234082001876"}, {"value": "45.52957298326382", "label": "a", "sigma": ".014252", "units": "au", "title": "semi-major axis", "name": "a"}, {"value": "40.4428539156744", "title": "perihelion distance", "name": "q", "label": "q", "sigma": ".013237", "units": "au"}, {"sigma": ".00048203", "units": "deg", "label": "i", "name": "i", "title": "inclination; angle with respect to x-y ecliptic plane", "value": "1.067353986501198"}, {"value": "154.8689338757243", "units": "deg", "sigma": ".0046194", "label": "node", "name": "om", "title": "longitude of the ascending node"}, {"value": "102.3709642260397", "label": "peri", "units": "deg", "sigma": ".12406", "title": "argument of perihelion", "name": "w"}, {"name": "ma", "title": "mean anomaly", "units": "deg", "sigma": ".10942", "label": "M", "value": "308.2622685521306"}, {"name": "tp", "title": "time of perihelion passage", "units": "TDB", "sigma": "26.537", "label": "tp", "value": "2476327.131936637714"}, {"value": "112211.8681032478", "label": "period", "sigma": "52.687", "units": "d", "title": "sidereal orbital period", "name": "per"}, {"value": ".003208216796362027", "units": "deg/d", "sigma": "1.5064E-6", "label": "n", "name": "n", "title": "mean motion"}, {"label": "Q", "sigma": ".015844", "units": "au", "title": "aphelion distance", "name": "ad", "value": "50.61629205085324"}], "producer": "Otto Matic", "soln_date": "2021-04-14 20:44:50", "n_obs_used": 21, "two_body": null, "epoch": "2460200.5", "orbit_id": "5", "n_dop_obs_used": null, "pe_used": "DE441", "covariance": {"elements": [{"title": "eccentricity", "name": "e", "label": "e", "sigma": 8.54911138060636e-05, "units": null, "value": ".1161772325124583"}, {"value": "40.28229205291787", "label": "q", "sigma": 0.0132209778309895, "units": "au", "title": "perihelion distance", "name": "q"}, {"label": "tp", "sigma": 25.129323940823, "units": "TDB", "title": "time of perihelion passage", "name": "tp", "value": "2476320.033729334526"}, {"name": "om", "title": "longitude of the ascending node", "sigma": 0.00463186577042617, "units": "deg", "label": "node", "value": "154.785124603026"}, {"value": "102.7482539182924", "label": "peri", "sigma": 0.119335471175498, "units": "deg", "title": "argument of perihelion", "name": "w"}, {"value": "1.065467682104672", "units": "deg", "sigma": 0.00048258071386032, "label": "i", "name": "i", "title": "inclination"}], "labels": ["e", "q", "tp", "node", "peri", "i"], "data": [["7.308730539801323E-9", "-3.394830659715625E-7", "1.571210022817166E-5", "-6.628869197735638E-10", "9.030815836074109E-7", "-2.214073597733791E-11"], ["-3.394830659715625E-7", ".0001747942548075171", "-.3175216758890196", "-5.536965412408634E-7", "-.001539582436062896", "-2.782793726999012E-8"], ["1.571210022817166E-5", "-.3175216758890196", "631.4829217228223", ".001161365841465942", "2.986549093179657", "5.736212785817803E-5"], ["-6.628869197735638E-10", "-5.536965412408634E-7", ".001161365841465942", "2.145418051524565E-5", "-1.603068868220405E-5", "1.532252133428171E-6"], ["9.030815836074109E-7", "-.001539582436062896", "2.986549093179657", "-1.603068868220405E-5", ".01424095468067823", "-1.263096053145295E-6"], ["-2.214073597733791E-11", "-2.782793726999012E-8", "5.736212785817803E-5", "1.532252133428171E-6", "-1.263096053145295E-6", "2.328841453899357E-7"]], "epoch": "2450639.5"}, "comment": null, "sb_used": "SB441-N16", "model_pars": [], "equinox": "J2000", "moid": "39.4273"}}