{"signature": {"version": "1.3", "source": "NASA/JPL Small-Body Database (SBDB) API"}, "object": {"orbit_class": {"code": "TNO", "name": "TransNeptunian Object"}, "orbit_id": "3", "kind": "au", "pha": false, "prefix": null, "des": "2015 VX165", "fullname": "(2015 VX165)", "neo": false, "spkid": "3830979"}, "orbit": {"model_pars": [], "not_valid_after": null, "condition_code": "4", "equinox": "J2000", "soln_date": "2021-04-15 15:18:29", "moid_jup": "22.7116", "last_obs": "2020-12-09", "producer": "Otto Matic", "t_jup": "4.768", "rms": ".17032", "n_dop_obs_used": null, "data_arc": "1938", "first_obs": "2015-08-20", "n_del_obs_used": null, "two_body": null, "pe_used": "DE441", "orbit_id": "3", "comment": null, "elements": [{"sigma": "8.3372E-5", "name": "e", "title": "eccentricity", "units": null, "label": "e", "value": ".06970301044126266"}, {"label": "a", "value": "30.22574987826538", "units": "au", "title": "semi-major axis", "name": "a", "sigma": ".003021"}, {"name": "q", "sigma": ".0053199", "title": "perihelion distance", "label": "q", "units": "au", "value": "28.11892411890566"}, {"label": "i", "value": "17.09598880466195", "units": "deg", "name": "i", "sigma": ".00099003", "title": "inclination; angle with respect to x-y ecliptic plane"}, {"name": "om", "sigma": ".00043032", "title": "longitude of the ascending node", "label": "node", "value": "226.6769810047088", "units": "deg"}, {"name": "w", "sigma": ".20706", "title": "argument of perihelion", "label": "peri", "units": "deg", "value": "8.328118626859911"}, {"title": "mean anomaly", "name": "ma", "sigma": ".23846", "label": "M", "units": "deg", "value": "194.6755141435526"}, {"units": "TDB", "label": "tp", "value": "2488074.463893864311", "sigma": "42.236", "name": "tp", "title": "time of perihelion passage"}, {"label": "period", "units": "d", "value": "60696.55653128295", "name": "per", "sigma": "9.0996", "title": "sidereal orbital period"}, {"title": "mean motion", "sigma": "8.892E-7", "name": "n", "label": "n", "units": "deg/d", "value": ".005931143718415991"}, {"title": "aphelion distance", "sigma": ".0032315", "name": "ad", "units": "au", "label": "Q", "value": "32.33257563762511"}], "epoch": "2460200.5", "not_valid_before": null, "covariance": {"labels": ["e", "q", "tp", "node", "peri", "i"], "data": [["7.467669116623485E-9", "-4.562699169057346E-7", "-.002089063270459426", "-1.791685983332749E-9", "-8.816658968435132E-6", "-4.75506210833493E-9"], ["-4.562699169057346E-7", "2.811903825152824E-5", ".1162572895509881", "1.089453087758868E-7", ".0004780336573776542", "2.905185040018799E-7"], ["-.002089063270459426", ".1162572895509881", "1465.062111733799", ".0006986896801453482", "7.098314175779162", ".001768375394827835"], ["-1.791685983332749E-9", "1.089453087758868E-7", ".0006986896801453482", "1.834180069819232E-7", "2.962234876992376E-6", "4.164922858161235E-7"], ["-8.816658968435132E-6", ".0004780336573776542", "7.098314175779162", "2.962234876992376E-6", ".03477790200945299", "7.474626571897107E-6"], ["-4.75506210833493E-9", "2.905185040018799E-7", ".001768375394827835", "4.164922858161235E-7", "7.474626571897107E-6", "9.878945190771264E-7"]], "elements": [{"label": "e", "value": ".076701483149894", "units": null, "title": "eccentricity", "name": "e", "sigma": 8.64156763360878e-05}, {"label": "q", "value": "27.72494312787069", "units": "au", "title": "perihelion distance", "name": "q", "sigma": 0.00530273875007323}, {"sigma": 38.2761297904294, "name": "tp", "title": "time of perihelion passage", "units": "TDB", "label": "tp", "value": "2487467.097599934001"}, {"title": "longitude of the ascending node", "name": "om", "sigma": 0.000428273285393711, "value": "226.7598706001286", "label": "node", "units": "deg"}, {"label": "peri", "value": "6.692889929955797", "units": "deg", "title": "argument of perihelion", "sigma": 0.186488342824566, "name": "w"}, {"units": "deg", "label": "i", "value": "17.16811701838284", "sigma": 0.000993928829985893, "name": "i", "title": "inclination"}], "epoch": "2457495.5"}, "sb_used": "SB441-N16", "source": "JPL", "moid": "27.1078", "n_obs_used": 29}}