{"object": {"fullname": "(2001 KE77)", "prefix": null, "des": "2001 KE77", "orbit_class": {"code": "TNO", "name": "TransNeptunian Object"}, "pha": false, "kind": "au", "orbit_id": "4", "neo": false, "spkid": "3078920"}, "orbit": {"n_dop_obs_used": null, "rms": ".16485", "n_del_obs_used": null, "first_obs": "2001-05-24", "data_arc": "2537", "pe_used": "DE441", "two_body": null, "orbit_id": "4", "comment": null, "epoch": "2460200.5", "elements": [{"name": "e", "sigma": ".00043134", "title": "eccentricity", "value": ".1818098841881703", "label": "e", "units": null}, {"title": "semi-major axis", "sigma": ".028448", "name": "a", "units": "au", "label": "a", "value": "45.40065656995055"}, {"units": "au", "label": "q", "value": "37.14636845690094", "title": "perihelion distance", "name": "q", "sigma": ".012005"}, {"sigma": ".0012679", "name": "i", "title": "inclination; angle with respect to x-y ecliptic plane", "units": "deg", "label": "i", "value": "21.02262123433934"}, {"sigma": ".00094592", "name": "om", "title": "longitude of the ascending node", "value": "240.3967527536226", "label": "node", "units": "deg"}, {"name": "w", "sigma": ".1179", "title": "argument of perihelion", "value": "325.8450490629069", "label": "peri", "units": "deg"}, {"label": "M", "units": "deg", "value": "57.06664077126022", "sigma": ".11715", "name": "ma", "title": "mean anomaly"}, {"value": "2442488.343741156237", "label": "tp", "units": "TDB", "title": "time of perihelion passage", "name": "tp", "sigma": "22.8"}, {"title": "sidereal orbital period", "sigma": "105.02", "name": "per", "value": "111735.6158870843", "label": "period", "units": "d"}, {"name": "n", "sigma": "3.0282E-6", "title": "mean motion", "units": "deg/d", "label": "n", "value": ".003221891221898326"}, {"label": "Q", "value": "53.65494468300015", "units": "au", "sigma": ".03362", "name": "ad", "title": "aphelion distance"}], "not_valid_before": null, "n_obs_used": 12, "source": "JPL", "sb_used": "SB441-N16", "moid": "36.1615", "covariance": {"epoch": "2453118.5", "elements": [{"value": ".1871843995471626", "label": "e", "units": null, "sigma": 0.000431888690957675, "name": "e", "title": "eccentricity"}, {"label": "q", "value": "36.99546809528501", "units": "au", "title": "perihelion distance", "name": "q", "sigma": 0.0120521693129888}, {"value": "2442422.604035022459", "label": "tp", "units": "TDB", "name": "tp", "sigma": 21.878871040904, "title": "time of perihelion passage"}, {"name": "om", "sigma": 0.000945863241712131, "title": "longitude of the ascending node", "units": "deg", "label": "node", "value": "240.2757902725904"}, {"value": "325.2679659219486", "label": "peri", "units": "deg", "sigma": 0.114566930973523, "name": "w", "title": "argument of perihelion"}, {"sigma": 0.0012649524670954, "name": "i", "title": "inclination", "value": "20.98096809666992", "label": "i", "units": "deg"}], "data": [["1.865278413771339E-7", "1.399494587191916E-7", ".002180751029945183", "-7.723284214219519E-8", "7.59999066640469E-6", "-9.582234653130011E-8"], ["1.399494587191916E-7", ".0001452547851489486", ".257786983801825", "-2.49979010009702E-6", ".00136846122396505", "-2.859299385629077E-6"], [".002180751029945183", ".257786983801825", "478.6849980245096", "-.005187475257301699", "2.498648125602147", "-.006009667456846293"], ["-7.723284214219519E-8", "-2.49979010009702E-6", "-.005187475257301699", "8.946572720221807E-7", "-2.673425597541459E-5", "1.151901275340851E-6"], ["7.59999066640469E-6", ".00136846122396505", "2.498648125602147", "-2.673425597541459E-5", ".013125581672692", "-3.0942418170689E-5"], ["-9.582234653130011E-8", "-2.859299385629077E-6", "-.006009667456846293", "1.151901275340851E-6", "-3.0942418170689E-5", "1.600104744010735E-6"]], "labels": ["e", "q", "tp", "node", "peri", "i"]}, "model_pars": [], "not_valid_after": null, "condition_code": "4", "equinox": "J2000", "moid_jup": "31.8384", "soln_date": "2021-04-14 21:06:14", "last_obs": "2008-05-04", "producer": "Otto Matic", "t_jup": "5.537"}, "signature": {"version": "1.3", "source": "NASA/JPL Small-Body Database (SBDB) API"}}