{"signature": {"version": "1.3", "source": "NASA/JPL Small-Body Database (SBDB) API"}, "object": {"orbit_class": {"code": "TNO", "name": "TransNeptunian Object"}, "pha": false, "kind": "au", "orbit_id": "4", "fullname": "(1999 OK4)", "prefix": null, "des": "1999 OK4", "neo": false, "spkid": "3031900"}, "orbit": {"last_obs": "2003-07-09", "producer": "Otto Matic", "t_jup": "5.066", "model_pars": [], "not_valid_after": null, "condition_code": "5", "equinox": "J2000", "soln_date": "2021-04-14 20:50:39", "moid_jup": "31.9226", "comment": null, "epoch": "2460200.5", "elements": [{"label": "e", "units": null, "value": ".1527051872516222", "title": "eccentricity", "sigma": ".0018852", "name": "e"}, {"label": "a", "units": "au", "value": "43.41519028573502", "title": "semi-major axis", "name": "a", "sigma": ".06899"}, {"label": "q", "units": "au", "value": "36.78546552358705", "title": "perihelion distance", "name": "q", "sigma": ".086986"}, {"value": "29.96957465439471", "label": "i", "units": "deg", "name": "i", "sigma": ".002333", "title": "inclination; angle with respect to x-y ecliptic plane"}, {"title": "longitude of the ascending node", "sigma": ".00031633", "name": "om", "units": "deg", "label": "node", "value": "122.3749235885307"}, {"label": "peri", "value": "66.16705585359806", "units": "deg", "title": "argument of perihelion", "name": "w", "sigma": ".55743"}, {"label": "M", "value": "128.4238501804357", "units": "deg", "sigma": ".81766", "name": "ma", "title": "mean anomaly"}, {"sigma": "166.04", "name": "tp", "title": "time of perihelion passage", "value": "2422926.656673253165", "label": "tp", "units": "TDB"}, {"title": "sidereal orbital period", "name": "per", "sigma": "249.05", "label": "period", "units": "d", "value": "104486.6944790686"}, {"title": "mean motion", "name": "n", "sigma": "8.2125E-6", "value": ".003445414765916607", "label": "n", "units": "deg/d"}, {"title": "aphelion distance", "name": "ad", "sigma": ".079525", "label": "Q", "value": "50.04491504788299", "units": "au"}], "not_valid_before": null, "covariance": {"elements": [{"sigma": 0.00184575877232619, "name": "e", "title": "eccentricity", "value": ".1586994569893402", "label": "e", "units": null}, {"value": "36.22880887211199", "label": "q", "units": "au", "sigma": 0.0854526821105644, "name": "q", "title": "perihelion distance"}, {"name": "tp", "sigma": 162.668044652988, "title": "time of perihelion passage", "label": "tp", "units": "TDB", "value": "2422841.167643714733"}, {"label": "node", "units": "deg", "value": "122.3960060492967", "name": "om", "sigma": 0.00031969279330915, "title": "longitude of the ascending node"}, {"label": "peri", "units": "deg", "value": "64.18944579617772", "sigma": 0.546442037975785, "name": "w", "title": "argument of perihelion"}, {"label": "i", "units": "deg", "value": "30.07347750814534", "sigma": 0.0023677941516616, "name": "i", "title": "inclination"}], "epoch": "2452398.5", "data": [["3.406825445619099E-6", "-.0001199643480331471", ".2638145697717406", "3.821056040910447E-8", ".0005782012564176705", "1.12207747367128E-7"], ["-.0001199643480331471", ".007302160879889164", "-4.982351375606912", "-7.496719989166372E-6", ".004477242098069986", "-7.777529676997266E-5"], [".2638145697717406", "-4.982351375606912", "26460.89275122637", "-.005639446494745442", "79.54517553885984", "-.09450999033852084"], ["3.821056040910447E-8", "-7.496719989166372E-6", "-.005639446494745442", "1.022034820938072E-7", "-4.320007946172819E-5", "6.801135198615831E-7"], [".0005782012564176705", ".004477242098069986", "79.54517553885984", "-4.320007946172819E-5", ".2985989008671294", "-.0005768017956224743"], ["1.12207747367128E-7", "-7.777529676997266E-5", "-.09450999033852084", "6.801135198615831E-7", "-.0005768017956224743", "5.60644914464287E-6"]], "labels": ["e", "q", "tp", "node", "peri", "i"]}, "source": "JPL", "n_obs_used": 20, "sb_used": "SB441-N16", "moid": "35.8988", "rms": ".22497", "n_dop_obs_used": null, "data_arc": "1451", "first_obs": "1999-07-19", "n_del_obs_used": null, "two_body": null, "pe_used": "DE441", "orbit_id": "4"}}