{"object": {"orbit_class": {"name": "TransNeptunian Object", "code": "TNO"}, "orbit_id": "17", "prefix": null, "fullname": "(2014 WP509)", "neo": false, "pha": false, "spkid": "3755663", "kind": "au", "des": "2014 WP509"}, "orbit": {"sb_used": "SB441-N16", "covariance": {"labels": ["e", "q", "tp", "node", "peri", "i"], "elements": [{"title": "eccentricity", "name": "e", "label": "e", "units": null, "sigma": 1.64172246550353e-05, "value": ".08692722564269358"}, {"title": "perihelion distance", "name": "q", "label": "q", "sigma": 0.000883157462756724, "units": "au", "value": "41.02226219601586"}, {"value": "2443293.565226287188", "sigma": 3.39299612763349, "units": "TDB", "label": "tp", "name": "tp", "title": "time of perihelion passage"}, {"name": "om", "title": "longitude of the ascending node", "sigma": 0.000194796541233276, "units": "deg", "label": "node", "value": "66.80685628336924"}, {"value": "337.6176179007111", "name": "w", "title": "argument of perihelion", "units": "deg", "sigma": 0.0139973247380401, "label": "peri"}, {"title": "inclination", "name": "i", "label": "i", "sigma": 4.31315364515412e-05, "units": "deg", "value": "8.35318993669893"}], "data": [["2.695252653738984E-10", "1.946427245880346E-9", "1.793735960215383E-5", "-2.731396351384017E-12", "6.64288975655916E-8", "8.636580679853185E-12"], ["1.946427245880346E-9", "7.79967104022895E-7", ".002939391588601402", "-3.583779114177304E-9", "1.220099381000041E-5", "-1.202301333004074E-10"], ["1.793735960215383E-5", ".002939391588601402", "11.51242272213587", "-1.324556244922563E-5", ".04745965179703437", "-9.831189715264257E-8"], ["-2.731396351384017E-12", "-3.583779114177304E-9", "-1.324556244922563E-5", "3.794569247644759E-8", "-9.270133756039548E-8", "8.177303894385123E-9"], ["6.64288975655916E-8", "1.220099381000041E-5", ".04745965179703437", "-9.270133756039548E-8", ".0001959250998221498", "-8.767276107907055E-9"], ["8.636580679853185E-12", "-1.202301333004074E-10", "-9.831189715264257E-8", "8.177303894385123E-9", "-8.767276107907055E-9", "1.860329436670631E-9"]], "epoch": "2457813.5"}, "comment": null, "pe_used": "DE441", "moid": "39.8967", "equinox": "J2000", "model_pars": [], "soln_date": "2023-11-16 01:51:48", "producer": "Otto Matic", "elements": [{"value": ".09316665189478583", "sigma": "1.6438E-5", "units": null, "label": "e", "name": "e", "title": "eccentricity"}, {"name": "a", "title": "semi-major axis", "units": "au", "sigma": ".0013509", "label": "a", "value": "45.08750046591356"}, {"label": "q", "sigma": ".00088398", "units": "au", "title": "perihelion distance", "name": "q", "value": "40.8868490051998"}, {"value": "8.325611591431628", "units": "deg", "sigma": "4.2999E-5", "label": "i", "name": "i", "title": "inclination; angle with respect to x-y ecliptic plane"}, {"value": "66.64891590753835", "label": "node", "units": "deg", "sigma": ".0001958", "title": "longitude of the ascending node", "name": "om"}, {"value": "337.2893424323597", "name": "w", "title": "argument of perihelion", "sigma": ".013078", "units": "deg", "label": "peri"}, {"label": "M", "sigma": ".012477", "units": "deg", "title": "mean anomaly", "name": "ma", "value": "55.15912773365176"}, {"value": "2443257.217359698654", "name": "tp", "title": "time of perihelion passage", "units": "TDB", "sigma": "3.131", "label": "tp"}, {"value": "110581.5483515563", "sigma": "4.9698", "units": "d", "label": "period", "name": "per", "title": "sidereal orbital period"}, {"value": ".003255516000332196", "name": "n", "title": "mean motion", "sigma": "1.4631E-7", "units": "deg/d", "label": "n"}, {"name": "ad", "title": "aphelion distance", "units": "au", "sigma": ".0014768", "label": "Q", "value": "49.28815192662731"}], "not_valid_after": null, "n_del_obs_used": null, "orbit_id": "17", "n_dop_obs_used": null, "epoch": "2460200.5", "two_body": null, "n_obs_used": 131, "last_obs": "2023-11-11", "source": "JPL", "moid_jup": "35.9042", "first_obs": "2010-10-23", "condition_code": "2", "data_arc": "4767", "rms": ".39249", "not_valid_before": null, "t_jup": "5.915"}, "signature": {"version": "1.3", "source": "NASA/JPL Small-Body Database (SBDB) API"}}