{"orbit": {"rms": ".82713", "n_dop_obs_used": null, "data_arc": "2990", "n_del_obs_used": null, "first_obs": "2014-03-20", "two_body": null, "pe_used": "DE441", "orbit_id": "3", "comment": null, "elements": [{"name": "e", "sigma": "2.3593E-5", "title": "eccentricity", "label": "e", "value": ".5574063069071231", "units": null}, {"title": "semi-major axis", "name": "a", "sigma": ".0035565", "units": "au", "label": "a", "value": "59.90021319789034"}, {"title": "perihelion distance", "sigma": ".00017962", "name": "q", "value": "26.51145657630497", "label": "q", "units": "au"}, {"title": "inclination; angle with respect to x-y ecliptic plane", "sigma": "1.2309E-5", "name": "i", "value": "6.906561026611822", "label": "i", "units": "deg"}, {"title": "longitude of the ascending node", "sigma": ".00049649", "name": "om", "label": "node", "units": "deg", "value": "79.11161976894236"}, {"label": "peri", "units": "deg", "value": "121.949051096926", "title": "argument of perihelion", "sigma": ".0013588", "name": "w"}, {"label": "M", "value": ".2742875283993325", "units": "deg", "sigma": ".00027589", "name": "ma", "title": "mean anomaly"}, {"label": "tp", "value": "2460071.483712893785", "units": "TDB", "title": "time of perihelion passage", "name": "tp", "sigma": ".13543"}, {"value": "169332.7568675212", "label": "period", "units": "d", "name": "per", "sigma": "15.081", "title": "sidereal orbital period"}, {"value": ".00212599148953589", "label": "n", "units": "deg/d", "sigma": "1.8934E-7", "name": "n", "title": "mean motion"}, {"name": "ad", "sigma": ".005539", "title": "aphelion distance", "units": "au", "label": "Q", "value": "93.28896981947571"}], "epoch": "2460200.5", "not_valid_before": null, "covariance": {"epoch": "2457634.5", "elements": [{"sigma": 2.37386261119775e-05, "name": "e", "title": "eccentricity", "label": "e", "value": ".5697868117979252", "units": null}, {"label": "q", "value": "26.52899797572524", "units": "au", "name": "q", "sigma": 0.000179084182662097, "title": "perihelion distance"}, {"value": "2460052.226214419842", "label": "tp", "units": "TDB", "title": "time of perihelion passage", "name": "tp", "sigma": 0.132342164198093}, {"title": "longitude of the ascending node", "name": "om", "sigma": 0.000495455628756568, "units": "deg", "label": "node", "value": "79.19964593001978"}, {"value": "121.7214788539453", "label": "peri", "units": "deg", "title": "argument of perihelion", "sigma": 0.00133525769623088, "name": "w"}, {"label": "i", "value": "6.8993946073448", "units": "deg", "title": "inclination", "name": "i", "sigma": 1.21669038463712e-05}], "data": [["5.635223696842588E-10", "3.761549286409147E-9", "-1.500747523422215E-6", "-4.379390822618337E-11", "-1.372341133377619E-8", "2.699605699913743E-11"], ["3.761549286409147E-9", "3.207114447975117E-8", "-1.941301052217201E-5", "3.879173661028748E-10", "-1.808586590251341E-7", "1.756843896593714E-10"], ["-1.500747523422215E-6", "-1.941301052217201E-5", ".0175144484246351", "-8.591468194692023E-7", ".0001642406976797029", "-6.099346362021779E-8"], ["-4.379390822618337E-11", "3.879173661028748E-10", "-8.591468194692023E-7", "2.454762800665657E-7", "-2.517787680544216E-7", "-5.293620609866209E-9"], ["-1.372341133377619E-8", "-1.808586590251341E-7", ".0001642406976797029", "-2.517787680544216E-7", "1.782913115343789E-6", "4.694431547426632E-9"], ["2.699605699913743E-11", "1.756843896593714E-10", "-6.099346362021779E-8", "-5.293620609866209E-9", "4.694431547426632E-9", "1.480335492068414E-10"]], "labels": ["e", "q", "tp", "node", "peri", "i"]}, "source": "JPL", "sb_used": "SB441-N16", "n_obs_used": 93, "moid": "25.5132", "model_pars": [], "condition_code": "2", "not_valid_after": null, "equinox": "J2000", "soln_date": "2022-06-15 23:06:18", "moid_jup": "21.0709", "last_obs": "2022-05-27", "producer": "Otto Matic", "t_jup": "5.680"}, "object": {"orbit_class": {"name": "TransNeptunian Object", "code": "TNO"}, "orbit_id": "3", "kind": "au", "pha": false, "des": "2014 WB536", "prefix": null, "fullname": "(2014 WB536)", "neo": false, "spkid": "3841303"}, "signature": {"version": "1.3", "source": "NASA/JPL Small-Body Database (SBDB) API"}}