{"object": {"orbit_class": {"code": "TNO", "name": "TransNeptunian Object"}, "pha": false, "kind": "au", "orbit_id": "3", "fullname": "(2015 TX363)", "prefix": null, "des": "2015 TX363", "neo": false, "spkid": "54208620"}, "orbit": {"data_arc": "2912", "first_obs": "2014-10-29", "n_del_obs_used": null, "n_dop_obs_used": null, "rms": ".25977", "orbit_id": "3", "two_body": null, "pe_used": "DE441", "not_valid_before": null, "epoch": "2460200.5", "comment": null, "elements": [{"units": null, "label": "e", "value": ".02149753014810304", "name": "e", "sigma": ".0001587", "title": "eccentricity"}, {"label": "a", "units": "au", "value": "40.62186296456744", "name": "a", "sigma": ".010686", "title": "semi-major axis"}, {"units": "au", "label": "q", "value": "39.74859324081454", "name": "q", "sigma": ".012343", "title": "perihelion distance"}, {"title": "inclination; angle with respect to x-y ecliptic plane", "sigma": ".00013214", "name": "i", "label": "i", "value": "16.95809291455298", "units": "deg"}, {"title": "longitude of the ascending node", "sigma": ".00115", "name": "om", "units": "deg", "label": "node", "value": "146.9425547195632"}, {"title": "argument of perihelion", "name": "w", "sigma": ".54864", "units": "deg", "label": "peri", "value": "146.5203525979591"}, {"value": "105.8280894593236", "label": "M", "units": "deg", "name": "ma", "sigma": ".55826", "title": "mean anomaly"}, {"units": "TDB", "label": "tp", "value": "2432401.022261535087", "sigma": "135.86", "name": "tp", "title": "time of perihelion passage"}, {"label": "period", "value": "94566.68864549421", "units": "d", "title": "sidereal orbital period", "sigma": "37.314", "name": "per"}, {"value": ".003806837324605346", "label": "n", "units": "deg/d", "title": "mean motion", "sigma": "1.5021E-6", "name": "n"}, {"value": "41.49513268832034", "label": "Q", "units": "au", "name": "ad", "sigma": ".010915", "title": "aphelion distance"}], "covariance": {"labels": ["e", "q", "tp", "node", "peri", "i"], "data": [["2.397672061068873E-8", "-1.539583761237587E-6", ".000846920633156623", "2.605914305620859E-8", "-1.711837976017412E-6", "1.475649211102508E-9"], ["-1.539583761237587E-6", ".0001895261468120537", ".9543720120416685", "-9.062558659749394E-7", ".004293427331593633", "2.06279526389582E-7"], [".000846920633156623", ".9543720120416685", "11256.74003835093", ".009460603577449253", "46.49808130487799", ".003399952160189833"], ["2.605914305620859E-8", "-9.062558659749394E-7", ".009460603577449253", "1.334133534408304E-6", "3.23119284198407E-5", "1.463878992139734E-7"], ["-1.711837976017412E-6", ".004293427331593633", "46.49808130487799", "3.23119284198407E-5", ".1932059958157554", "1.364327262092757E-5"], ["1.475649211102508E-9", "2.06279526389582E-7", ".003399952160189833", "1.463878992139734E-7", "1.364327262092757E-5", "1.752552431692268E-8"]], "epoch": "2458976.5", "elements": [{"title": "eccentricity", "sigma": 0.000154844181714034, "name": "e", "units": null, "label": "e", "value": ".02700834769336912"}, {"label": "q", "units": "au", "value": "39.20256968515343", "sigma": 0.0137668495601591, "name": "q", "title": "perihelion distance"}, {"label": "tp", "units": "TDB", "value": "2428696.451300217414", "name": "tp", "sigma": 106.097785266003, "title": "time of perihelion passage"}, {"name": "om", "sigma": 0.00115504698363673, "title": "longitude of the ascending node", "value": "146.9069529793373", "label": "node", "units": "deg"}, {"units": "deg", "label": "peri", "value": "130.7163701977865", "title": "argument of perihelion", "sigma": 0.439552039940387, "name": "w"}, {"name": "i", "sigma": 0.000132384003251611, "title": "inclination", "value": "16.9557923164181", "label": "i", "units": "deg"}]}, "moid": "38.7448", "source": "JPL", "sb_used": "SB441-N16", "n_obs_used": 23, "not_valid_after": null, "condition_code": "4", "equinox": "J2000", "model_pars": [], "soln_date": "2022-10-21 01:51:06", "moid_jup": "34.6745", "last_obs": "2022-10-19", "producer": "Otto Matic", "t_jup": "5.472"}, "signature": {"version": "1.3", "source": "NASA/JPL Small-Body Database (SBDB) API"}}