{"object": {"pha": false, "fullname": "(1998 WS31)", "neo": false, "orbit_class": {"name": "TransNeptunian Object", "code": "TNO"}, "orbit_id": "6", "prefix": null, "kind": "au", "des": "1998 WS31", "spkid": "3027724"}, "signature": {"version": "1.3", "source": "NASA/JPL Small-Body Database (SBDB) API"}, "orbit": {"t_jup": "5.493", "rms": ".25672", "not_valid_before": null, "data_arc": "8090", "first_obs": "1998-11-18", "condition_code": "3", "moid_jup": "26.4838", "source": "JPL", "last_obs": "2021-01-11", "n_obs_used": 33, "two_body": null, "epoch": "2460200.5", "orbit_id": "6", "n_dop_obs_used": null, "n_del_obs_used": null, "not_valid_after": null, "elements": [{"value": ".2056019775865233", "name": "e", "title": "eccentricity", "units": null, "sigma": ".00015993", "label": "e"}, {"value": "39.59196803645761", "name": "a", "title": "semi-major axis", "units": "au", "sigma": ".0097515", "label": "a"}, {"label": "q", "sigma": ".0014244", "units": "au", "title": "perihelion distance", "name": "q", "value": "31.4517811116195"}, {"label": "i", "sigma": ".0001623", "units": "deg", "title": "inclination; angle with respect to x-y ecliptic plane", "name": "i", "value": "6.736202342736146"}, {"sigma": ".0011832", "units": "deg", "label": "node", "name": "om", "title": "longitude of the ascending node", "value": "15.81783987271198"}, {"title": "argument of perihelion", "name": "w", "label": "peri", "units": "deg", "sigma": ".010767", "value": "28.84161139331502"}, {"name": "ma", "title": "mean anomaly", "units": "deg", "sigma": ".018187", "label": "M", "value": "31.72030743068902"}, {"name": "tp", "title": "time of perihelion passage", "sigma": "1.7489", "units": "TDB", "label": "tp", "value": "2452182.908052790523"}, {"name": "per", "title": "sidereal orbital period", "sigma": "33.617", "units": "d", "label": "period", "value": "90993.22594215837"}, {"value": ".003956338466655101", "title": "mean motion", "name": "n", "label": "n", "sigma": "1.4617E-6", "units": "deg/d"}, {"name": "ad", "title": "aphelion distance", "units": "au", "sigma": ".011756", "label": "Q", "value": "47.73215496129572"}], "producer": "Otto Matic", "soln_date": "2021-04-14 20:49:19", "model_pars": [], "equinox": "J2000", "moid": "30.4618", "pe_used": "DE441", "covariance": {"elements": [{"value": ".1973385974637951", "units": null, "sigma": 0.000158783927799718, "label": "e", "name": "e", "title": "eccentricity"}, {"value": "31.45991638662387", "label": "q", "units": "au", "sigma": 0.00143358297759728, "title": "perihelion distance", "name": "q"}, {"label": "tp", "sigma": 1.87810837297813, "units": "TDB", "title": "time of perihelion passage", "name": "tp", "value": "2452090.986610272477"}, {"name": "om", "title": "longitude of the ascending node", "sigma": 0.00118304381676088, "units": "deg", "label": "node", "value": "16.01536111630223"}, {"title": "argument of perihelion", "name": "w", "label": "peri", "sigma": 0.0115164790211019, "units": "deg", "value": "28.21652871354707"}, {"value": "6.748783773144989", "label": "i", "sigma": 0.000163072702529358, "units": "deg", "title": "inclination", "name": "i"}], "labels": ["e", "q", "tp", "node", "peri", "i"], "data": [["2.521233572750595E-8", "2.256063697798469E-7", ".0002666884047385948", "-5.054851787408596E-9", "1.625245113712689E-6", "1.136425074211269E-9"], ["2.256063697798469E-7", "2.055160153656683E-6", ".002533479130318094", "-4.832021600198512E-8", "1.544686351784414E-5", "9.883148446327798E-9"], [".0002666884047385948", ".002533479130318094", "3.527291060650548", "-6.753402244083467E-5", ".02151600434404088", "1.054599591465117E-5"], ["-5.054851787408596E-9", "-4.832021600198512E-8", "-6.753402244083467E-5", "1.399592672376157E-6", "-1.800656925719109E-6", "1.616015122223707E-7"], ["1.625245113712689E-6", "1.544686351784414E-5", ".02151600434404088", "-1.800656925719109E-6", ".0001326292890434796", "-9.644036954565102E-8"], ["1.136425074211269E-9", "9.883148446327798E-9", "1.054599591465117E-5", "1.616015122223707E-7", "-9.644036954565102E-8", "2.659270631022835E-8"]], "epoch": "2454086.5"}, "comment": null, "sb_used": "SB441-N16"}}