{"orbit": {"sb_used": "SB441-N16", "comment": null, "covariance": {"data": [["9.48493491743743E-7", "-3.610202577798125E-5", "-.3030823307619859", "1.540471208474741E-8", "-.001190869971453861", "-1.178038116347733E-8"], ["-3.610202577798125E-5", ".001395681227974093", "11.71424700025589", "-6.627173432803512E-7", ".04602097715061105", "5.045004298947254E-7"], ["-.3030823307619859", "11.71424700025589", "98357.32494029045", "-.005505303347633082", "386.4033145069931", ".004192693929085351"], ["1.540471208474741E-8", "-6.627173432803512E-7", "-.005505303347633082", "7.570270581977241E-6", "-2.918313639676342E-5", "-4.13252043412925E-6"], ["-.001190869971453861", ".04602097715061105", "386.4033145069931", "-2.918313639676342E-5", "1.518022219183816", "2.059357836200888E-5"], ["-1.178038116347733E-8", "5.045004298947254E-7", ".004192693929085351", "-4.13252043412925E-6", "2.059357836200888E-5", "2.40567744633968E-6"]], "epoch": "2457494.5", "elements": [{"value": ".05805728043070158", "name": "e", "title": "eccentricity", "units": null, "sigma": 0.000973906305423547, "label": "e"}, {"name": "q", "title": "perihelion distance", "sigma": 0.0373588172721527, "units": "au", "label": "q", "value": "41.33024896436859"}, {"value": "2447682.374478778254", "name": "tp", "title": "time of perihelion passage", "units": "TDB", "sigma": 313.619713889753, "label": "tp"}, {"value": "11.75339901571015", "units": "deg", "sigma": 0.00275141247034632, "label": "node", "name": "om", "title": "longitude of the ascending node"}, {"units": "deg", "sigma": 1.23208044347105, "label": "peri", "name": "w", "title": "argument of perihelion", "value": "319.5347739571659"}, {"units": "deg", "sigma": 0.0015510246440143, "label": "i", "name": "i", "title": "inclination", "value": "1.930903283125042"}], "labels": ["e", "q", "tp", "node", "peri", "i"]}, "pe_used": "DE441", "equinox": "J2000", "moid": "40.4537", "model_pars": [], "producer": "Otto Matic", "soln_date": "2021-04-15 14:37:03", "elements": [{"units": null, "sigma": ".00081776", "label": "e", "name": "e", "title": "eccentricity", "value": ".06754248464530085"}, {"name": "a", "title": "semi-major axis", "units": "au", "sigma": ".0078979", "label": "a", "value": "44.46633242576267"}, {"value": "41.46296585066275", "units": "au", "sigma": ".030966", "label": "q", "name": "q", "title": "perihelion distance"}, {"sigma": ".0015423", "units": "deg", "label": "i", "name": "i", "title": "inclination; angle with respect to x-y ecliptic plane", "value": "1.920285896919323"}, {"value": "11.75963337492918", "name": "om", "title": "longitude of the ascending node", "sigma": ".0027786", "units": "deg", "label": "node"}, {"value": "326.6907568302829", "name": "w", "title": "argument of perihelion", "units": "deg", "sigma": "1.1598", "label": "peri"}, {"sigma": ".98394", "units": "deg", "label": "M", "name": "ma", "title": "mean anomaly", "value": "35.2588006223416"}, {"value": "2449593.063837397602", "units": "TDB", "sigma": "297.95", "label": "tp", "name": "tp", "title": "time of perihelion passage"}, {"value": "108304.2233750054", "name": "per", "title": "sidereal orbital period", "units": "d", "sigma": "28.855", "label": "period"}, {"title": "mean motion", "name": "n", "label": "n", "units": "deg/d", "sigma": "8.8558E-7", "value": ".003323970098132677"}, {"value": "47.46969900086258", "label": "Q", "units": "au", "sigma": ".0084313", "title": "aphelion distance", "name": "ad"}], "not_valid_after": null, "n_del_obs_used": null, "n_dop_obs_used": null, "orbit_id": "2", "epoch": "2460200.5", "n_obs_used": 35, "two_body": null, "last_obs": "2017-09-22", "source": "JPL", "moid_jup": "36.461", "condition_code": "5", "first_obs": "2015-07-14", "data_arc": "801", "rms": ".17734", "not_valid_before": null, "t_jup": "5.947"}, "signature": {"version": "1.3", "source": "NASA/JPL Small-Body Database (SBDB) API"}, "object": {"orbit_class": {"code": "TNO", "name": "TransNeptunian Object"}, "orbit_id": "2", "prefix": null, "fullname": "(2015 RP279)", "neo": false, "pha": false, "spkid": "3835624", "kind": "au", "des": "2015 RP279"}}