{"object": {"pha": false, "neo": false, "fullname": "(2016 RV81)", "prefix": null, "orbit_class": {"code": "TNO", "name": "TransNeptunian Object"}, "orbit_id": "2", "kind": "au", "des": "2016 RV81", "spkid": "54196790"}, "orbit": {"t_jup": "5.565", "not_valid_before": null, "rms": ".24252", "first_obs": "2013-09-28", "condition_code": "4", "data_arc": "2225", "moid_jup": "33.7202", "source": "JPL", "last_obs": "2019-11-01", "n_obs_used": 19, "two_body": null, "orbit_id": "2", "n_dop_obs_used": null, "epoch": "2460200.5", "n_del_obs_used": null, "not_valid_after": null, "producer": "Otto Matic", "soln_date": "2023-10-20 10:05:29", "elements": [{"sigma": ".00044581", "units": null, "label": "e", "name": "e", "title": "eccentricity", "value": ".1588724452828054"}, {"name": "a", "title": "semi-major axis", "sigma": ".014256", "units": "au", "label": "a", "value": "45.73649162010613"}, {"units": "au", "sigma": ".015451", "label": "q", "name": "q", "title": "perihelion distance", "value": "38.47022335776333"}, {"value": "21.38512184427296", "title": "inclination; angle with respect to x-y ecliptic plane", "name": "i", "label": "i", "sigma": ".00097248", "units": "deg"}, {"name": "om", "title": "longitude of the ascending node", "sigma": ".00024784", "units": "deg", "label": "node", "value": "188.3605339496443"}, {"value": "263.8472153848317", "sigma": ".068248", "units": "deg", "label": "peri", "name": "w", "title": "argument of perihelion"}, {"value": "305.9199166384684", "name": "ma", "title": "mean anomaly", "sigma": ".066839", "units": "deg", "label": "M"}, {"value": "2477172.286102121263", "title": "time of perihelion passage", "name": "tp", "label": "tp", "sigma": "13.297", "units": "TDB"}, {"value": "112977.6919151298", "label": "period", "sigma": "52.821", "units": "d", "title": "sidereal orbital period", "name": "per"}, {"value": ".003186469770248417", "units": "deg/d", "sigma": "1.4898E-6", "label": "n", "name": "n", "title": "mean motion"}, {"value": "53.00275988244893", "label": "Q", "sigma": ".01652", "units": "au", "title": "aphelion distance", "name": "ad"}], "moid": "37.5542", "equinox": "J2000", "model_pars": [], "pe_used": "DE441", "sb_used": "SB441-N16", "covariance": {"epoch": "2457862.5", "data": [["1.978886578418359E-7", "-5.652821877987577E-6", "-.003554565390141296", "4.026994665076974E-9", "1.705260153026362E-6", "1.418073712112022E-8"], ["-5.652821877987577E-6", ".000243739075228922", "-.01004637356322037", "8.418788170237866E-9", "-.0006677390039465341", "1.040707861531472E-10"], ["-.003554565390141296", "-.01004637356322037", "216.0731745534659", "-.0002378760721015001", ".8120750784065042", "-.0007980210218630731"], ["4.026994665076974E-9", "8.418788170237866E-9", "-.0002378760721015001", "6.068298408180685E-8", "-9.437855599378178E-7", "2.236860527511331E-7"], ["1.705260153026362E-6", "-.0006677390039465341", ".8120750784065042", "-9.437855599378178E-7", ".004683530339460312", "-3.112013466234346E-6"], ["1.418073712112022E-8", "1.040707861531472E-10", "-.0007980210218630731", "2.236860527511331E-7", "-3.112013466234346E-6", "9.551811004651765E-7"]], "labels": ["e", "q", "tp", "node", "peri", "i"], "elements": [{"value": ".1539577099622541", "title": "eccentricity", "name": "e", "label": "e", "units": null, "sigma": 0.000444846780185983}, {"value": "38.18428100457906", "title": "perihelion distance", "name": "q", "label": "q", "sigma": 0.0156121451193909, "units": "au"}, {"units": "TDB", "sigma": 14.6994276947596, "label": "tp", "name": "tp", "title": "time of perihelion passage", "value": "2478085.417047230709"}, {"value": "188.4099050562944", "name": "om", "title": "longitude of the ascending node", "units": "deg", "sigma": 0.000246339164733923, "label": "node"}, {"name": "w", "title": "argument of perihelion", "sigma": 0.0684363232462142, "units": "deg", "label": "peri", "value": "267.8281719877781"}, {"value": "21.5061104085262", "title": "inclination", "name": "i", "label": "i", "sigma": 0.000977333668950976, "units": "deg"}]}, "comment": null}, "signature": {"version": "1.3", "source": "NASA/JPL Small-Body Database (SBDB) API"}}