{"object": {"spkid": "3831139", "neo": false, "kind": "au", "orbit_id": "2", "pha": false, "orbit_class": {"code": "TNO", "name": "TransNeptunian Object"}, "des": "2015 VE168", "prefix": null, "fullname": "(2015 VE168)"}, "orbit": {"two_body": null, "pe_used": "DE441", "orbit_id": "2", "n_dop_obs_used": null, "rms": ".16572", "data_arc": "801", "n_del_obs_used": null, "first_obs": "2014-11-17", "covariance": {"labels": ["e", "q", "tp", "node", "peri", "i"], "data": [["1.527641595063713E-7", "-3.402306283011996E-6", "-.00605622618835964", "1.077237874538754E-7", "-3.749841274271393E-5", "6.509314058771497E-9"], ["-3.402306283011996E-6", "8.695746502327155E-5", ".1513625424345155", "-2.58188168561814E-6", ".0009359913791396975", "-1.527012409258008E-7"], ["-.00605622618835964", ".1513625424345155", "264.8546606575536", "-.004551423662750019", "1.637780835142765", "-.000270418580020712"], ["1.077237874538754E-7", "-2.58188168561814E-6", "-.004551423662750019", ".0002347715316400523", "-.0002626864267926801", "1.393627327908418E-5"], ["-3.749841274271393E-5", ".0009359913791396975", "1.637780835142765", "-.0002626864267926801", ".01036228960111957", "-1.559490873319878E-5"], ["6.509314058771497E-9", "-1.527012409258008E-7", "-.000270418580020712", "1.393627327908418E-5", "-1.559490873319878E-5", "8.291868724131325E-7"]], "epoch": "2457406.5", "elements": [{"label": "e", "value": ".4853970393044636", "units": null, "title": "eccentricity", "sigma": 0.000390850559045745, "name": "e"}, {"value": "35.16115783781635", "label": "q", "units": "au", "title": "perihelion distance", "name": "q", "sigma": 0.00932509866024331}, {"label": "tp", "units": "TDB", "value": "2453021.370245142056", "title": "time of perihelion passage", "sigma": 16.2743559214352, "name": "tp"}, {"label": "node", "units": "deg", "value": "198.1861100899393", "title": "longitude of the ascending node", "sigma": 0.0153222560884503, "name": "om"}, {"units": "deg", "label": "peri", "value": "186.9958118969036", "title": "argument of perihelion", "name": "w", "sigma": 0.101795331922046}, {"units": "deg", "label": "i", "value": "2.107434684723799", "title": "inclination", "name": "i", "sigma": 0.000910596986824101}]}, "n_obs_used": 35, "source": "JPL", "sb_used": "SB441-N16", "moid": "34.1638", "comment": null, "elements": [{"value": ".4959579689521288", "label": "e", "units": null, "title": "eccentricity", "name": "e", "sigma": ".00039149"}, {"label": "a", "units": "au", "value": "69.75689088188635", "title": "semi-major axis", "sigma": ".037671", "name": "a"}, {"name": "q", "sigma": ".009235", "title": "perihelion distance", "units": "au", "label": "q", "value": "35.16040495969073"}, {"units": "deg", "label": "i", "value": "2.100577240615965", "name": "i", "sigma": ".00090602", "title": "inclination; angle with respect to x-y ecliptic plane"}, {"units": "deg", "label": "node", "value": "198.0025348342777", "name": "om", "sigma": ".015377", "title": "longitude of the ascending node"}, {"value": "187.28936589106", "label": "peri", "units": "deg", "sigma": ".10007", "name": "w", "title": "argument of perihelion"}, {"title": "mean anomaly", "name": "ma", "sigma": ".018871", "label": "M", "value": "12.07222008837924", "units": "deg"}, {"value": "2453064.353719893907", "label": "tp", "units": "TDB", "title": "time of perihelion passage", "name": "tp", "sigma": "15.933"}, {"title": "sidereal orbital period", "name": "per", "sigma": "172.38", "label": "period", "units": "d", "value": "212803.6634546725"}, {"units": "deg/d", "label": "n", "value": ".001691700199873112", "title": "mean motion", "sigma": "1.3704E-6", "name": "n"}, {"units": "au", "label": "Q", "value": "104.353376804082", "sigma": ".056354", "name": "ad", "title": "aphelion distance"}], "epoch": "2460200.5", "not_valid_before": null, "soln_date": "2021-04-15 15:18:38", "moid_jup": "30.2055", "model_pars": [], "not_valid_after": null, "equinox": "J2000", "condition_code": "4", "t_jup": "6.429", "last_obs": "2017-01-26", "producer": "Otto Matic"}, "signature": {"version": "1.3", "source": "NASA/JPL Small-Body Database (SBDB) API"}}