{"object": {"fullname": "(2016 SA56)", "neo": false, "prefix": null, "orbit_id": "4", "orbit_class": {"code": "TNO", "name": "TransNeptunian Object"}, "pha": false, "kind": "au", "des": "2016 SA56", "spkid": "3893218"}, "signature": {"version": "1.3", "source": "NASA/JPL Small-Body Database (SBDB) API"}, "orbit": {"last_obs": "2018-09-22", "source": "JPL", "moid_jup": "31.3756", "condition_code": "4", "first_obs": "2013-10-27", "data_arc": "1791", "rms": ".1812", "not_valid_before": null, "t_jup": "5.820", "sb_used": "SB441-N16", "comment": null, "covariance": {"elements": [{"value": ".2688130145785959", "units": null, "sigma": 0.000205994276900288, "label": "e", "name": "e", "title": "eccentricity"}, {"value": "36.1354939974397", "title": "perihelion distance", "name": "q", "label": "q", "units": "au", "sigma": 0.00519772581810881}, {"name": "tp", "title": "time of perihelion passage", "sigma": 9.27673085439052, "units": "TDB", "label": "tp", "value": "2464759.093171409841"}, {"title": "longitude of the ascending node", "name": "om", "label": "node", "units": "deg", "sigma": 0.00174129396556999, "value": "145.084088354635"}, {"value": "283.0571127734861", "name": "w", "title": "argument of perihelion", "units": "deg", "sigma": 0.0530432626161181, "label": "peri"}, {"value": "16.64681949325222", "name": "i", "title": "inclination", "sigma": 0.000212504716984496, "units": "deg", "label": "i"}], "labels": ["e", "q", "tp", "node", "peri", "i"], "epoch": "2457507.5", "data": [["4.243364211567235E-8", "-8.483240724098822E-7", ".001557853029351195", "-4.476230982241824E-8", "9.017557551302907E-6", "-4.700737714162837E-9"], ["-8.483240724098822E-7", "2.701635368023491E-5", "-.04813295348734941", "1.395108700297073E-6", "-.0002749323578551521", "1.794297342051097E-7"], [".001557853029351195", "-.04813295348734941", "86.057735344801", "-.002486214000639004", ".4917364301764127", "-.0003160099727777345"], ["-4.476230982241824E-8", "1.395108700297073E-6", "-.002486214000639004", "3.032104674530471E-6", "-1.704643164505422E-5", "3.678600580985487E-7"], ["9.017557551302907E-6", "-.0002749323578551521", ".4917364301764127", "-1.704643164505422E-5", ".00281358770896247", "-2.142536441136819E-6"], ["-4.700737714162837E-9", "1.794297342051097E-7", "-.0003160099727777345", "3.678600580985487E-7", "-2.142536441136819E-6", "4.515825474066094E-8"]]}, "pe_used": "DE441", "equinox": "J2000", "moid": "35.2672", "model_pars": [], "soln_date": "2021-09-09 00:19:05", "producer": "Otto Matic", "elements": [{"title": "eccentricity", "name": "e", "label": "e", "sigma": ".00020191", "units": null, "value": ".2784022654366317"}, {"name": "a", "title": "semi-major axis", "units": "au", "sigma": ".0096386", "label": "a", "value": "50.18559346466429"}, {"value": "36.21381055181993", "title": "perihelion distance", "name": "q", "label": "q", "units": "au", "sigma": ".0050331"}, {"title": "inclination; angle with respect to x-y ecliptic plane", "name": "i", "label": "i", "sigma": ".00021047", "units": "deg", "value": "16.627293408729"}, {"name": "om", "title": "longitude of the ascending node", "units": "deg", "sigma": ".0017369", "label": "node", "value": "144.9114522828969"}, {"title": "argument of perihelion", "name": "w", "label": "peri", "units": "deg", "sigma": ".052329", "value": "281.8542482702488"}, {"value": "348.1386337822472", "title": "mean anomaly", "name": "ma", "label": "M", "sigma": ".024142", "units": "deg"}, {"label": "tp", "sigma": "9.2087", "units": "TDB", "title": "time of perihelion passage", "name": "tp", "value": "2464479.075867881521"}, {"units": "d", "sigma": "37.411", "label": "period", "name": "per", "title": "sidereal orbital period", "value": "129857.4956847727"}, {"title": "mean motion", "name": "n", "label": "n", "units": "deg/d", "sigma": "7.9866E-7", "value": ".002772269695342771"}, {"name": "ad", "title": "aphelion distance", "sigma": ".012322", "units": "au", "label": "Q", "value": "64.15737637750864"}], "n_del_obs_used": null, "not_valid_after": null, "orbit_id": "4", "n_dop_obs_used": null, "epoch": "2460200.5", "two_body": null, "n_obs_used": 61}}