{"object": {"spkid": "20500856", "kind": "an", "des": "500856", "prefix": null, "orbit_id": "7", "orbit_class": {"name": "TransNeptunian Object", "code": "TNO"}, "neo": false, "fullname": "500856 (2013 HT156)", "pha": false}, "orbit": {"pe_used": "DE441", "sb_used": "SB441-N16", "covariance": {"data": [["1.274742207791559E-7", "-7.93519499789793E-6", "-.1711497124868704", "-3.057622727941184E-8", "-.0005434826225175222", "5.939686230237808E-9"], ["-7.93519499789793E-6", ".0005186229573733707", "9.624316476698871", "2.123553592493651E-6", ".03032389934925886", "-4.089250874591748E-7"], ["-.1711497124868704", "9.624316476698871", "273119.0599264149", ".03213790156959771", "877.2550935393203", "-.006390590298840507"], ["-3.057622727941184E-8", "2.123553592493651E-6", ".03213790156959771", "1.700684118158984E-5", "8.299672266051777E-5", "-3.775319430299206E-6"], ["-.0005434826225175222", ".03032389934925886", "877.2550935393203", "8.299672266051777E-5", "2.819685121044878", "-1.615503474208119E-5"], ["5.939686230237808E-9", "-4.089250874591748E-7", "-.006390590298840507", "-3.775319430299206E-6", "-1.615503474208119E-5", "8.490178096547538E-7"]], "epoch": "2456810.5", "labels": ["e", "q", "tp", "node", "peri", "i"], "elements": [{"value": ".01458227780992215", "title": "eccentricity", "name": "e", "label": "e", "sigma": 0.000357035321472758, "units": null}, {"value": "43.42202973206442", "label": "q", "sigma": 0.0227732948291057, "units": "au", "title": "perihelion distance", "name": "q"}, {"label": "tp", "sigma": 522.607940933177, "units": "TDB", "title": "time of perihelion passage", "name": "tp", "value": "2501679.967086018041"}, {"value": "54.49126204656677", "sigma": 0.00412393515729695, "units": "deg", "label": "node", "name": "om", "title": "longitude of the ascending node"}, {"sigma": 1.67919180591286, "units": "deg", "label": "peri", "name": "w", "title": "argument of perihelion", "value": "316.0567351123798"}, {"label": "i", "units": "deg", "sigma": 0.000921421624260443, "title": "inclination", "name": "i", "value": "3.678319871998978"}]}, "comment": null, "equinox": "J2000", "moid": "41.8659", "model_pars": [], "not_valid_after": null, "n_del_obs_used": null, "soln_date": "2021-04-14 18:07:29", "producer": "Otto Matic", "elements": [{"value": ".02131271166658015", "name": "e", "title": "eccentricity", "sigma": ".0003453", "units": null, "label": "e"}, {"title": "semi-major axis", "name": "a", "label": "a", "sigma": ".008085", "units": "au", "value": "43.79876082913034"}, {"value": "42.86529046822559", "title": "perihelion distance", "name": "q", "label": "q", "units": "au", "sigma": ".02193"}, {"value": "3.688687579123881", "name": "i", "title": "inclination; angle with respect to x-y ecliptic plane", "units": "deg", "sigma": ".00092454", "label": "i"}, {"value": "54.48272507530326", "name": "om", "title": "longitude of the ascending node", "units": "deg", "sigma": ".0041117", "label": "node"}, {"label": "peri", "sigma": "1.1676", "units": "deg", "title": "argument of perihelion", "name": "w", "value": "317.5437190771598"}, {"title": "mean anomaly", "name": "ma", "label": "M", "sigma": "1.2305", "units": "deg", "value": "219.2207527860385"}, {"value": "2501603.069976843406", "name": "tp", "title": "time of perihelion passage", "units": "TDB", "sigma": "367.36", "label": "tp"}, {"name": "per", "title": "sidereal orbital period", "units": "d", "sigma": "29.316", "label": "period", "value": "105874.4487318544"}, {"label": "n", "units": "deg/d", "sigma": "9.415E-7", "title": "mean motion", "name": "n", "value": ".003400253831892556"}, {"value": "44.7322311900351", "label": "Q", "sigma": ".0082573", "units": "au", "title": "aphelion distance", "name": "ad"}], "n_obs_used": 24, "two_body": null, "orbit_id": "7", "n_dop_obs_used": null, "epoch": "2460200.5", "source": "JPL", "last_obs": "2019-06-06", "moid_jup": "37.915", "not_valid_before": null, "rms": ".28707", "first_obs": "2013-04-17", "condition_code": "4", "data_arc": "2241", "t_jup": "5.908"}, "signature": {"version": "1.3", "source": "NASA/JPL Small-Body Database (SBDB) API"}}