{"orbit": {"n_dop_obs_used": null, "orbit_id": "14", "epoch": "2460200.5", "two_body": null, "n_obs_used": 160, "soln_date": "2023-10-11 04:53:16", "producer": "Otto Matic", "elements": [{"sigma": "1.4061E-5", "units": null, "label": "e", "name": "e", "title": "eccentricity", "value": ".06555190246048097"}, {"value": "38.50824283477549", "title": "semi-major axis", "name": "a", "label": "a", "units": "au", "sigma": ".0012535"}, {"value": "35.98395425654578", "title": "perihelion distance", "name": "q", "label": "q", "units": "au", "sigma": ".00068481"}, {"title": "inclination; angle with respect to x-y ecliptic plane", "name": "i", "label": "i", "units": "deg", "sigma": "3.1589E-5", "value": "3.428635295441801"}, {"value": "109.7363139837486", "sigma": ".00075232", "units": "deg", "label": "node", "name": "om", "title": "longitude of the ascending node"}, {"units": "deg", "sigma": ".017959", "label": "peri", "name": "w", "title": "argument of perihelion", "value": "293.8212557998374"}, {"label": "M", "sigma": ".017321", "units": "deg", "title": "mean anomaly", "name": "ma", "value": "318.1378052784128"}, {"value": "2470350.089377698911", "name": "tp", "title": "time of perihelion passage", "units": "TDB", "sigma": "3.7088", "label": "tp"}, {"label": "period", "units": "d", "sigma": "4.2618", "title": "sidereal orbital period", "name": "per", "value": "87282.86226444355"}, {"value": ".004124521018906289", "sigma": "2.0139E-7", "units": "deg/d", "label": "n", "name": "n", "title": "mean motion"}, {"value": "41.03253141300521", "units": "au", "sigma": ".0013357", "label": "Q", "name": "ad", "title": "aphelion distance"}], "n_del_obs_used": null, "not_valid_after": null, "moid": "34.9936", "equinox": "J2000", "model_pars": [], "sb_used": "SB441-N16", "comment": null, "covariance": {"data": [["1.439109353274813E-10", "7.102308991728065E-9", "-4.607672797424668E-5", "-9.176776308082007E-11", "-2.212426809572963E-7", "2.581512746392585E-12"], ["7.102308991728065E-9", "5.808381181764699E-7", "-.003382028998111343", "-3.73927996388086E-9", "-1.641715077146645E-5", "2.871877905264109E-10"], ["-4.607672797424668E-5", "-.003382028998111343", "20.09768293912753", "2.55182884765493E-5", ".09735199198058671", "-1.593494957451969E-6"], ["-9.176776308082007E-11", "-3.73927996388086E-9", "2.55182884765493E-5", "5.701171212959917E-7", "-4.470907503325886E-7", "2.345696232041836E-8"], ["-2.212426809572963E-7", "-1.641715077146645E-5", ".09735199198058671", "-4.470907503325886E-7", ".0004722388708087325", "-3.119147416747362E-8"], ["2.581512746392585E-12", "2.871877905264109E-10", "-1.593494957451969E-6", "2.345696232041836E-8", "-3.119147416747362E-8", "1.007909770493203E-9"]], "epoch": "2457628.5", "labels": ["e", "q", "tp", "node", "peri", "i"], "elements": [{"value": ".05698930825331201", "units": null, "sigma": 1.19962883979788e-05, "label": "e", "name": "e", "title": "eccentricity"}, {"value": "35.90467512717718", "label": "q", "sigma": 0.000762127363487541, "units": "au", "title": "perihelion distance", "name": "q"}, {"sigma": 4.48304393678308, "units": "TDB", "label": "tp", "name": "tp", "title": "time of perihelion passage", "value": "2471703.990902886535"}, {"title": "longitude of the ascending node", "name": "om", "label": "node", "sigma": 0.000755061005016145, "units": "deg", "value": "109.7753579243869"}, {"name": "w", "title": "argument of perihelion", "units": "deg", "sigma": 0.0217310577471216, "label": "peri", "value": "299.921174605353"}, {"label": "i", "units": "deg", "sigma": 3.17475947198084e-05, "title": "inclination", "name": "i", "value": "3.430910018489939"}]}, "pe_used": "DE441", "t_jup": "5.555", "first_obs": "2003-08-24", "condition_code": "2", "data_arc": "7302", "rms": ".48087", "not_valid_before": null, "moid_jup": "31.0018", "last_obs": "2023-08-21", "source": "JPL"}, "signature": {"version": "1.3", "source": "NASA/JPL Small-Body Database (SBDB) API"}, "object": {"kind": "an", "des": "612580", "spkid": "20612580", "neo": false, "fullname": "612580 (2003 QA92)", "prefix": null, "orbit_id": "14", "orbit_class": {"code": "TNO", "name": "TransNeptunian Object"}, "pha": false}}