{"orbit": {"covariance": {"data": [["1.368249327840916E-7", "-1.746234211808498E-5", "-.03048674056021827", "-1.409739072656377E-8", "-.0001563007059457793", "-5.037403799545286E-9"], ["-1.746234211808498E-5", ".002425429002835252", "5.161229296277376", "2.251535400717545E-6", ".02478712373002932", "7.751179640880774E-7"], ["-.03048674056021827", "5.161229296277376", "14998.06655773881", ".006060228279652708", "66.07937060540311", ".001975448833381341"], ["-1.409739072656377E-8", "2.251535400717545E-6", ".006060228279652708", "1.312560808140503E-5", "1.411185826105586E-5", "1.653670371640547E-6"], ["-.0001563007059457793", ".02478712373002932", "66.07937060540311", "1.411185826105586E-5", ".2976059221151775", "7.352713564710238E-6"], ["-5.037403799545286E-9", "7.751179640880774E-7", ".001975448833381341", "1.653670371640547E-6", "7.352713564710238E-6", "3.190828318851757E-7"]], "labels": ["e", "q", "tp", "node", "peri", "i"], "elements": [{"value": ".06080122168954256", "label": "e", "units": null, "sigma": 0.000369898543906423, "name": "e", "title": "eccentricity"}, {"label": "q", "value": "41.1591530655056", "units": "au", "name": "q", "sigma": 0.0492486446801864, "title": "perihelion distance"}, {"sigma": 122.466593639812, "name": "tp", "title": "time of perihelion passage", "value": "2416098.420435273452", "label": "tp", "units": "TDB"}, {"units": "deg", "label": "node", "value": "129.800149073069", "sigma": 0.00362292810878232, "name": "om", "title": "longitude of the ascending node"}, {"value": "60.86068397888933", "label": "peri", "units": "deg", "name": "w", "sigma": 0.545532695734341, "title": "argument of perihelion"}, {"units": "deg", "label": "i", "value": "2.285587768497736", "title": "inclination", "name": "i", "sigma": 0.000564874173498113}], "epoch": "2453160.5"}, "moid": "41.0363", "source": "JPL", "sb_used": "SB441-N16", "n_obs_used": 22, "elements": [{"units": null, "label": "e", "value": ".05069614243578784", "name": "e", "sigma": ".00034052", "title": "eccentricity"}, {"label": "a", "value": "44.28240969125194", "units": "au", "title": "semi-major axis", "sigma": ".036977", "name": "a"}, {"label": "q", "value": "42.03746234214432", "units": "au", "sigma": ".048873", "name": "q", "title": "perihelion distance"}, {"title": "inclination; angle with respect to x-y ecliptic plane", "sigma": ".00056239", "name": "i", "value": "2.280303701422814", "label": "i", "units": "deg"}, {"units": "deg", "label": "node", "value": "129.7496592108865", "title": "longitude of the ascending node", "name": "om", "sigma": ".0036228"}, {"label": "peri", "value": "65.10465682970164", "units": "deg", "sigma": ".68008", "name": "w", "title": "argument of perihelion"}, {"title": "mean anomaly", "sigma": ".7253", "name": "ma", "label": "M", "value": "145.8966410659836", "units": "deg"}, {"name": "tp", "sigma": "164.54", "title": "time of perihelion passage", "value": "2416580.256268985002", "label": "tp", "units": "TDB"}, {"title": "sidereal orbital period", "sigma": "134.82", "name": "per", "label": "period", "units": "d", "value": "107632.9628182693"}, {"title": "mean motion", "name": "n", "sigma": "4.1894E-6", "label": "n", "units": "deg/d", "value": ".003344700271865922"}, {"name": "ad", "sigma": ".038852", "title": "aphelion distance", "label": "Q", "units": "au", "value": "46.52735704035956"}], "comment": null, "epoch": "2460200.5", "not_valid_before": null, "two_body": null, "pe_used": "DE441", "orbit_id": "5", "rms": ".14124", "n_dop_obs_used": null, "data_arc": "7351", "first_obs": "1999-07-20", "n_del_obs_used": null, "t_jup": "5.940", "last_obs": "2019-09-04", "producer": "Otto Matic", "soln_date": "2021-04-14 20:57:14", "moid_jup": "36.5736", "model_pars": [], "equinox": "J2000", "not_valid_after": null, "condition_code": "5"}, "object": {"prefix": null, "des": "2000 PM30", "fullname": "(2000 PM30)", "orbit_class": {"name": "TransNeptunian Object", "code": "TNO"}, "kind": "au", "orbit_id": "5", "pha": false, "neo": false, "spkid": "3046146"}, "signature": {"version": "1.3", "source": "NASA/JPL Small-Body Database (SBDB) API"}}