{"signature": {"version": "1.3", "source": "NASA/JPL Small-Body Database (SBDB) API"}, "orbit": {"comment": null, "covariance": {"elements": [{"value": ".2890459494442871", "units": null, "sigma": 2.71201235876828e-05, "label": "e", "name": "e", "title": "eccentricity"}, {"label": "q", "sigma": 0.001648796643938, "units": "au", "title": "perihelion distance", "name": "q", "value": "28.07007585225164"}, {"value": "2424557.212602394506", "label": "tp", "sigma": 2.43992938906648, "units": "TDB", "title": "time of perihelion passage", "name": "tp"}, {"value": "39.99560899944041", "title": "longitude of the ascending node", "name": "om", "label": "node", "sigma": 0.000450132634009684, "units": "deg"}, {"title": "argument of perihelion", "name": "w", "label": "peri", "units": "deg", "sigma": 0.00642601518345045, "value": "357.2860829883307"}, {"label": "i", "sigma": 0.000125546322372923, "units": "deg", "title": "inclination", "name": "i", "value": "10.27682605943702"}], "labels": ["e", "q", "tp", "node", "peri", "i"], "epoch": "2457281.5", "data": [["7.355011034111878E-10", "-4.001946220528013E-8", "5.930108487750924E-5", "2.293229524424296E-10", "6.176571923046553E-8", "-1.076881677742984E-10"], ["-4.001946220528013E-8", "2.718530373061199E-6", "-.002438012740330613", "1.106658536647367E-9", "1.038135066836858E-6", "3.005398927676476E-9"], ["5.930108487750924E-5", "-.002438012740330613", "5.953255423630304", "3.828743212962736E-5", ".01144912200361679", "-1.288127657189475E-5"], ["2.293229524424296E-10", "1.106658536647367E-9", "3.828743212962736E-5", "2.026193882004957E-7", "-6.926398090279658E-8", "-5.630892334726917E-8"], ["6.176571923046553E-8", "1.038135066836858E-6", ".01144912200361679", "-6.926398090279658E-8", "4.129367113793568E-5", "2.295549226518449E-8"], ["-1.076881677742984E-10", "3.005398927676476E-9", "-1.288127657189475E-5", "-5.630892334726917E-8", "2.295549226518449E-8", "1.576187906136599E-8"]]}, "sb_used": "SB441-N16", "pe_used": "DE441", "model_pars": [], "equinox": "J2000", "moid": "26.489", "elements": [{"label": "e", "sigma": "2.6681E-5", "units": null, "title": "eccentricity", "name": "e", "value": ".297751693135423"}, {"label": "a", "sigma": ".0011575", "units": "au", "title": "semi-major axis", "name": "a", "value": "39.13510823385958"}, {"value": "27.48256349618985", "title": "perihelion distance", "name": "q", "label": "q", "sigma": ".0016121", "units": "au"}, {"value": "10.33127686770302", "units": "deg", "sigma": ".00012664", "label": "i", "name": "i", "title": "inclination; angle with respect to x-y ecliptic plane"}, {"value": "39.84154328042059", "label": "node", "sigma": ".00044862", "units": "deg", "title": "longitude of the ascending node", "name": "om"}, {"value": "356.3322628297515", "title": "argument of perihelion", "name": "w", "label": "peri", "sigma": ".0062263", "units": "deg"}, {"value": "142.8130013705052", "name": "ma", "title": "mean anomaly", "sigma": ".011166", "units": "deg", "label": "M"}, {"label": "tp", "units": "TDB", "sigma": "2.3896", "title": "time of perihelion passage", "name": "tp", "value": "2424726.228837108552"}, {"value": "89422.79411598745", "label": "period", "units": "d", "sigma": "3.9671", "title": "sidereal orbital period", "name": "per"}, {"name": "n", "title": "mean motion", "units": "deg/d", "sigma": "1.786E-7", "label": "n", "value": ".004025819183563595"}, {"value": "50.78765297152931", "name": "ad", "title": "aphelion distance", "units": "au", "sigma": ".0015021", "label": "Q"}], "producer": "Otto Matic", "soln_date": "2023-12-05 20:03:47", "n_del_obs_used": null, "not_valid_after": null, "epoch": "2460200.5", "orbit_id": "9", "n_dop_obs_used": null, "n_obs_used": 122, "two_body": null, "last_obs": "2022-03-01", "source": "JPL", "moid_jup": "22.5136", "data_arc": "4006", "condition_code": "3", "first_obs": "2011-03-13", "not_valid_before": null, "rms": ".62236", "t_jup": "5.284"}, "object": {"pha": false, "neo": false, "fullname": "533209 (2014 DR143)", "prefix": null, "orbit_class": {"code": "TNO", "name": "TransNeptunian Object"}, "orbit_id": "9", "des": "533209", "kind": "an", "spkid": "20533209"}}