{"signature": {"version": "1.3", "source": "NASA/JPL Small-Body Database (SBDB) API"}, "orbit": {"epoch": "2460200.5", "comment": null, "elements": [{"title": "eccentricity", "name": "e", "sigma": ".00022292", "label": "e", "value": ".07121609880972916", "units": null}, {"units": "au", "label": "a", "value": "43.93716575522833", "sigma": ".0055238", "name": "a", "title": "semi-major axis"}, {"sigma": ".0078871", "name": "q", "title": "perihelion distance", "label": "q", "value": "40.80813221738454", "units": "au"}, {"sigma": ".0012211", "name": "i", "title": "inclination; angle with respect to x-y ecliptic plane", "label": "i", "units": "deg", "value": "1.483790503651414"}, {"units": "deg", "label": "node", "value": "174.7262811348769", "title": "longitude of the ascending node", "sigma": ".027448", "name": "om"}, {"label": "peri", "units": "deg", "value": "40.16225793380872", "sigma": ".97546", "name": "w", "title": "argument of perihelion"}, {"units": "deg", "label": "M", "value": "1.114492832367822", "title": "mean anomaly", "name": "ma", "sigma": ".8415"}, {"value": "2459871.177606121964", "label": "tp", "units": "TDB", "name": "tp", "sigma": "248.64", "title": "time of perihelion passage"}, {"label": "period", "value": "106376.6929251683", "units": "d", "sigma": "20.061", "name": "per", "title": "sidereal orbital period"}, {"label": "n", "value": ".003384199960542535", "units": "deg/d", "name": "n", "sigma": "6.3819E-7", "title": "mean motion"}, {"title": "aphelion distance", "sigma": ".0059172", "name": "ad", "label": "Q", "value": "47.06619929307212", "units": "au"}], "not_valid_before": null, "moid": "39.8009", "source": "JPL", "sb_used": "SB441-N16", "n_obs_used": 39, "covariance": {"elements": [{"value": ".08207742762961655", "label": "e", "units": null, "name": "e", "sigma": 0.000184648235704772, "title": "eccentricity"}, {"title": "perihelion distance", "sigma": 0.00623599685772388, "name": "q", "label": "q", "value": "40.83111161033211", "units": "au"}, {"value": "2459343.238469275596", "label": "tp", "units": "TDB", "sigma": 217.271094270496, "name": "tp", "title": "time of perihelion passage"}, {"value": "174.5485385485668", "label": "node", "units": "deg", "name": "om", "sigma": 0.0275245765146926, "title": "longitude of the ascending node"}, {"value": "38.27130378990514", "label": "peri", "units": "deg", "title": "argument of perihelion", "name": "w", "sigma": 0.855598870644486}, {"units": "deg", "label": "i", "value": "1.478381681703534", "name": "i", "sigma": 0.00121330151430339, "title": "inclination"}], "epoch": "2457322.5", "labels": ["e", "q", "tp", "node", "peri", "i"], "data": [["3.4094970948885E-8", "-8.942098042509602E-7", ".0341971388137913", "-4.528279553457299E-8", ".0001346115889271392", "-1.901134257368108E-9"], ["-8.942098042509602E-7", "3.888765680954205E-5", "-1.338932230219843", "1.584170722317658E-6", "-.00526984779889348", "6.906310832321178E-8"], [".0341971388137913", "-1.338932230219843", "47206.72840549871", "-.05737368279877646", "185.800752678891", "-.002477801236476509"], ["-4.528279553457299E-8", "1.584170722317658E-6", "-.05737368279877646", ".0007576023123131677", "-.0009830980484730367", "3.33743531758442E-5"], [".0001346115889271392", "-.00526984779889348", "185.800752678891", "-.0009830980484730367", ".7320494274481204", "-4.311262783539527E-5"], ["-1.901134257368108E-9", "6.906310832321178E-8", "-.002477801236476509", "3.33743531758442E-5", "-4.311262783539527E-5", "1.472100564610898E-6"]]}, "rms": ".14546", "n_dop_obs_used": null, "n_del_obs_used": null, "first_obs": "2015-02-17", "data_arc": "771", "pe_used": "DE441", "two_body": null, "orbit_id": "3", "last_obs": "2017-03-29", "producer": "Otto Matic", "t_jup": "5.913", "model_pars": [], "not_valid_after": null, "equinox": "J2000", "condition_code": "5", "moid_jup": "35.3594", "soln_date": "2021-04-15 13:31:14"}, "object": {"spkid": "3835528", "neo": false, "pha": false, "kind": "au", "orbit_id": "3", "orbit_class": {"code": "TNO", "name": "TransNeptunian Object"}, "fullname": "(2015 GC57)", "prefix": null, "des": "2015 GC57"}}