{"signature": {"version": "1.3", "source": "NASA/JPL Small-Body Database (SBDB) API"}, "orbit": {"n_obs_used": 112, "source": "JPL", "sb_used": "SB441-N16", "moid": "36.1652", "covariance": {"elements": [{"label": "e", "value": ".2257046413424814", "units": null, "sigma": 2.24520213874113e-05, "name": "e", "title": "eccentricity"}, {"label": "q", "units": "au", "value": "37.3221436915791", "name": "q", "sigma": 0.00053785392857678, "title": "perihelion distance"}, {"title": "time of perihelion passage", "name": "tp", "sigma": 0.825618243061844, "label": "tp", "units": "TDB", "value": "2446562.056043404953"}, {"units": "deg", "label": "node", "value": "248.0598680041919", "title": "longitude of the ascending node", "sigma": 0.000281473371184881, "name": "om"}, {"label": "peri", "value": "264.8289029405055", "units": "deg", "title": "argument of perihelion", "sigma": 0.00431043448375753, "name": "w"}, {"title": "inclination", "sigma": 4.46300708551529e-05, "name": "i", "units": "deg", "label": "i", "value": "8.864449908896392"}], "epoch": "2457758.5", "labels": ["e", "q", "tp", "node", "peri", "i"], "data": [["5.040932643807744E-10", "4.933477547195406E-9", "1.052233842969814E-5", "1.240301160251228E-10", "4.764436826304497E-8", "8.386161957658753E-12"], ["4.933477547195406E-9", "2.892868484854762E-7", ".0004357814240453643", "-1.66639413697895E-9", "2.300342013426494E-6", "8.618782130249658E-10"], ["1.052233842969814E-5", ".0004357814240453643", ".6816454832765259", "-1.403119899395517E-6", ".003537299810222702", "1.248749085516367E-6"], ["1.240301160251228E-10", "-1.66639413697895E-9", "-1.403119899395517E-6", "7.922725868618152E-8", "-8.847429074730848E-8", "-1.236620142499438E-8"], ["4.764436826304497E-8", "2.300342013426494E-6", ".003537299810222702", "-8.847429074730848E-8", "1.857984543876602E-5", "1.892531843235013E-8"], ["8.386161957658753E-12", "8.618782130249658E-10", "1.248749085516367E-6", "-1.236620142499438E-8", "1.892531843235013E-8", "1.991843224535972E-9"]]}, "comment": null, "epoch": "2460200.5", "elements": [{"label": "e", "value": ".2172187382663038", "units": null, "title": "eccentricity", "sigma": "2.1919E-5", "name": "e"}, {"units": "au", "label": "a", "value": "47.45036763176494", "sigma": ".001737", "name": "a", "title": "semi-major axis"}, {"value": "37.1432586445207", "label": "q", "units": "au", "name": "q", "sigma": ".00056076", "title": "perihelion distance"}, {"value": "8.895192575134926", "label": "i", "units": "deg", "sigma": "4.4995E-5", "name": "i", "title": "inclination; angle with respect to x-y ecliptic plane"}, {"name": "om", "sigma": ".00028122", "title": "longitude of the ascending node", "label": "node", "units": "deg", "value": "247.9211795142594"}, {"name": "w", "sigma": ".0045722", "title": "argument of perihelion", "label": "peri", "units": "deg", "value": "262.4488057030952"}, {"sigma": ".0047897", "name": "ma", "title": "mean anomaly", "label": "M", "value": "42.79266168828996", "units": "deg"}, {"value": "2446009.120996452331", "label": "tp", "units": "TDB", "name": "tp", "sigma": ".87191", "title": "time of perihelion passage"}, {"units": "d", "label": "period", "value": "119387.2089212714", "sigma": "6.5555", "name": "per", "title": "sidereal orbital period"}, {"name": "n", "sigma": "1.6557E-7", "title": "mean motion", "label": "n", "value": ".003015398410372405", "units": "deg/d"}, {"units": "au", "label": "Q", "value": "57.75747661900918", "title": "aphelion distance", "sigma": ".0021143", "name": "ad"}], "not_valid_before": null, "pe_used": "DE441", "two_body": null, "orbit_id": "5", "rms": ".77006", "n_dop_obs_used": null, "first_obs": "2004-02-18", "n_del_obs_used": null, "data_arc": "6284", "t_jup": "5.934", "producer": "Otto Matic", "last_obs": "2021-05-03", "moid_jup": "31.8456", "soln_date": "2021-11-09 11:42:05", "model_pars": [], "condition_code": "2", "not_valid_after": null, "equinox": "J2000"}, "object": {"neo": false, "spkid": "3712313", "orbit_class": {"code": "TNO", "name": "TransNeptunian Object"}, "orbit_id": "5", "kind": "au", "pha": false, "des": "2013 FO28", "prefix": null, "fullname": "(2013 FO28)"}}