{"signature": {"version": "1.3", "source": "NASA/JPL Small-Body Database (SBDB) API"}, "orbit": {"source": "JPL", "moid": "34.2576", "sb_used": "SB441-N16", "n_obs_used": 32, "covariance": {"epoch": "2457298.5", "elements": [{"title": "eccentricity", "name": "e", "sigma": 0.00116160244529201, "units": null, "label": "e", "value": ".2589608433493276"}, {"title": "perihelion distance", "name": "q", "sigma": 0.0306791401623856, "label": "q", "units": "au", "value": "35.32972814804818"}, {"name": "tp", "sigma": 9.13320310332373, "title": "time of perihelion passage", "label": "tp", "value": "2440556.413627749545", "units": "TDB"}, {"title": "longitude of the ascending node", "sigma": 0.00493802186664975, "name": "om", "units": "deg", "label": "node", "value": "186.6185396623004"}, {"title": "argument of perihelion", "name": "w", "sigma": 0.0504828876090291, "label": "peri", "value": "331.7289444744432", "units": "deg"}, {"label": "i", "units": "deg", "value": "10.28925080727273", "name": "i", "sigma": 0.00075705939869873, "title": "inclination"}], "labels": ["e", "q", "tp", "node", "peri", "i"], "data": [["1.349320240908375E-6", "-3.535218914286571E-5", ".01012966513837349", "8.052778841488779E-7", "-5.344389541912398E-5", "1.257214726493589E-7"], ["-3.535218914286571E-5", ".0009412096411033034", "-.255210679458781", "-2.16872342309495E-5", ".001477910423708721", "-3.366628141068925E-6"], [".01012966513837349", "-.255210679458781", "83.41539892656228", ".005678032584594568", "-.3467907706576538", ".0008982603992810377"], ["8.052778841488779E-7", "-2.16872342309495E-5", ".005678032584594568", "2.438405995551105E-5", "-5.83230158365217E-5", "3.734978732105983E-6"], ["-5.344389541912398E-5", ".001477910423708721", "-.3467907706576538", "-5.83230158365217E-5", ".002548521941345866", "-8.940540449204086E-6"], ["1.257214726493589E-7", "-3.366628141068925E-6", ".0008982603992810377", "3.734978732105983E-6", "-8.940540449204086E-6", "5.731389331580825E-7"]]}, "comment": null, "epoch": "2460200.5", "elements": [{"sigma": ".0011618", "name": "e", "title": "eccentricity", "label": "e", "units": null, "value": ".2529684442384748"}, {"name": "a", "sigma": ".032847", "title": "semi-major axis", "units": "au", "label": "a", "value": "47.18045014050434"}, {"sigma": ".030827", "name": "q", "title": "perihelion distance", "value": "35.24528506999003", "label": "q", "units": "au"}, {"label": "i", "units": "deg", "value": "10.32083806478848", "name": "i", "sigma": ".00076373", "title": "inclination; angle with respect to x-y ecliptic plane"}, {"name": "om", "sigma": ".0049293", "title": "longitude of the ascending node", "label": "node", "value": "186.876063278415", "units": "deg"}, {"sigma": ".045755", "name": "w", "title": "argument of perihelion", "label": "peri", "units": "deg", "value": "330.0445090018733"}, {"units": "deg", "label": "M", "value": "60.75800918844517", "sigma": ".095895", "name": "ma", "title": "mean anomaly"}, {"label": "tp", "units": "TDB", "value": "2440222.933661688490", "sigma": "10.714", "name": "tp", "title": "time of perihelion passage"}, {"sigma": "123.61", "name": "per", "title": "sidereal orbital period", "label": "period", "units": "d", "value": "118369.9725823125"}, {"units": "deg/d", "label": "n", "value": ".003041311847476033", "name": "n", "sigma": "3.176E-6", "title": "mean motion"}, {"units": "au", "label": "Q", "value": "59.11561521101865", "title": "aphelion distance", "sigma": ".041156", "name": "ad"}], "not_valid_before": null, "pe_used": "DE441", "two_body": null, "orbit_id": "2", "rms": ".17118", "n_dop_obs_used": null, "first_obs": "2014-05-30", "n_del_obs_used": null, "data_arc": "1189", "t_jup": "5.843", "producer": "Otto Matic", "last_obs": "2017-08-31", "moid_jup": "29.8687", "soln_date": "2021-04-15 13:49:04", "model_pars": [], "not_valid_after": null, "condition_code": "4", "equinox": "J2000"}, "object": {"orbit_class": {"name": "TransNeptunian Object", "code": "TNO"}, "pha": false, "orbit_id": "2", "kind": "au", "fullname": "(2015 KL167)", "des": "2015 KL167", "prefix": null, "neo": false, "spkid": "3797867"}}