{"signature": {"version": "1.3", "source": "NASA/JPL Small-Body Database (SBDB) API"}, "orbit": {"moid_jup": "23.8641", "soln_date": "2023-07-27 23:03:00", "model_pars": [], "condition_code": "2", "not_valid_after": null, "equinox": "J2000", "t_jup": "5.106", "producer": "Otto Matic", "last_obs": "2023-06-19", "pe_used": "DE441", "two_body": null, "orbit_id": "14", "n_dop_obs_used": null, "rms": ".46657", "first_obs": "2004-03-15", "n_del_obs_used": null, "data_arc": "7035", "moid": "28.1757", "source": "JPL", "sb_used": "SB441-N16", "n_obs_used": 236, "covariance": {"data": [["2.241978111186811E-10", "1.781131530292671E-9", "1.394389778441258E-6", "-2.6003239328142E-11", "9.787257110582444E-9", "5.208846961838817E-11"], ["1.781131530292671E-9", "1.568261956987721E-8", "1.462476691325005E-5", "-2.278929438618928E-10", "1.035725343040851E-7", "4.426096565146174E-10"], ["1.394389778441258E-6", "1.462476691325005E-5", ".01748108708367601", "-2.107489883080037E-7", ".0001247052012942709", "3.876615786173411E-7"], ["-2.6003239328142E-11", "-2.278929438618928E-10", "-2.107489883080037E-7", "1.480864706901267E-9", "-2.879260248315238E-9", "-9.080401807372299E-10"], ["9.787257110582444E-9", "1.035725343040851E-7", ".0001247052012942709", "-2.879260248315238E-9", "8.912813643409339E-7", "3.585362819795413E-9"], ["5.208846961838817E-11", "4.426096565146174E-10", "3.876615786173411E-7", "-9.080401807372299E-10", "3.585362819795413E-9", "6.394967539565148E-10"]], "labels": ["e", "q", "tp", "node", "peri", "i"], "elements": [{"title": "eccentricity", "name": "e", "sigma": 1.49732364944484e-05, "units": null, "label": "e", "value": ".2635750770563534"}, {"units": "au", "label": "q", "value": "29.15294418731948", "title": "perihelion distance", "sigma": 0.000125230266189437, "name": "q"}, {"sigma": 0.132216062124373, "name": "tp", "title": "time of perihelion passage", "label": "tp", "value": "2454517.901900881524", "units": "TDB"}, {"title": "longitude of the ascending node", "name": "om", "sigma": 3.84820049750694e-05, "label": "node", "units": "deg", "value": "67.35687137491944"}, {"units": "deg", "label": "peri", "value": "131.5788415290771", "name": "w", "sigma": 0.000944076990685047, "title": "argument of perihelion"}, {"label": "i", "value": "20.14730767799216", "units": "deg", "name": "i", "sigma": 2.52882730520792e-05, "title": "inclination"}], "epoch": "2457628.5"}, "epoch": "2460200.5", "comment": null, "elements": [{"label": "e", "value": ".253414876161451", "units": null, "title": "eccentricity", "sigma": "1.4861E-5", "name": "e"}, {"label": "a", "units": "au", "value": "39.03626035835765", "sigma": ".00093867", "name": "a", "title": "semi-major axis"}, {"title": "perihelion distance", "sigma": ".00012604", "name": "q", "units": "au", "label": "q", "value": "29.14389127383829"}, {"title": "inclination; angle with respect to x-y ecliptic plane", "name": "i", "sigma": "2.5378E-5", "label": "i", "value": "20.20684150511076", "units": "deg"}, {"label": "node", "units": "deg", "value": "67.32323439419379", "title": "longitude of the ascending node", "name": "om", "sigma": "3.8417E-5"}, {"title": "argument of perihelion", "sigma": ".00099622", "name": "w", "label": "peri", "value": "131.1973383079566", "units": "deg"}, {"sigma": ".0013201", "name": "ma", "title": "mean anomaly", "label": "M", "units": "deg", "value": "23.2783582150965"}, {"label": "tp", "units": "TDB", "value": "2454440.127319939567", "title": "time of perihelion passage", "name": "tp", "sigma": ".14013"}, {"label": "period", "value": "89084.21056416669", "units": "d", "name": "per", "sigma": "3.2132", "title": "sidereal orbital period"}, {"label": "n", "units": "deg/d", "value": ".004041120168435401", "name": "n", "sigma": "1.4576E-7", "title": "mean motion"}, {"value": "48.92862944287701", "label": "Q", "units": "au", "title": "aphelion distance", "sigma": ".0011765", "name": "ad"}], "not_valid_before": null}, "object": {"neo": false, "spkid": "20543435", "orbit_class": {"code": "TNO", "name": "TransNeptunian Object"}, "orbit_id": "14", "kind": "an", "pha": false, "prefix": null, "des": "543435", "fullname": "543435 (2014 GC54)"}}