{"signature": {"version": "1.3", "source": "NASA/JPL Small-Body Database (SBDB) API"}, "object": {"pha": false, "kind": "au", "orbit_id": "1", "orbit_class": {"code": "TNO", "name": "TransNeptunian Object"}, "fullname": "(2013 WA139)", "des": "2013 WA139", "prefix": null, "spkid": "54197647", "neo": false}, "orbit": {"moid_jup": "32.4236", "soln_date": "2021-09-15 12:42:04", "not_valid_after": null, "equinox": "J2000", "condition_code": "4", "model_pars": [], "t_jup": "5.862", "last_obs": "2018-11-26", "producer": "Otto Matic", "orbit_id": "1", "pe_used": "DE441", "two_body": null, "first_obs": "2013-11-22", "n_del_obs_used": null, "data_arc": "1830", "rms": ".17447", "n_dop_obs_used": null, "source": "JPL", "n_obs_used": 25, "sb_used": "SB441-N16", "moid": "36.6975", "covariance": {"labels": ["e", "q", "tp", "node", "peri", "i"], "data": [["1.362343766449981E-7", "-5.147539384857114E-6", "-.009967929577025357", "-1.294577507735382E-7", "-2.00288944501862E-5", "2.272556282784325E-9"], ["-5.147539384857114E-6", ".0002656717989032497", ".263943812299418", "7.044639661792017E-6", ".0001387694582502722", "-1.12316630798288E-7"], ["-.009967929577025357", ".263943812299418", "908.343683627911", ".006089995325766113", "2.445794329145573", "-.0001247646241917638"], ["-1.294577507735382E-7", "7.044639661792017E-6", ".006089995325766113", ".0002521007436687649", "-.0002512861655250862", "-4.908285422301761E-6"], ["-2.00288944501862E-5", ".0001387694582502722", "2.445794329145573", "-.0002512861655250862", ".00856803450773653", "4.795742800714837E-6"], ["2.272556282784325E-9", "-1.12316630798288E-7", "-.0001247646241917638", "-4.908285422301761E-6", "4.795742800714837E-6", "9.648497197917684E-8"]], "epoch": "2457563.5", "elements": [{"value": ".142657052485843", "label": "e", "units": null, "name": "e", "sigma": 0.000369099412956724, "title": "eccentricity"}, {"name": "q", "sigma": 0.0162994416745866, "title": "perihelion distance", "value": "37.12375128728807", "label": "q", "units": "au"}, {"title": "time of perihelion passage", "sigma": 30.1387405779988, "name": "tp", "value": "2486474.776095899160", "label": "tp", "units": "TDB"}, {"title": "longitude of the ascending node", "sigma": 0.0158776806766217, "name": "om", "units": "deg", "label": "node", "value": "69.80702446977455"}, {"title": "argument of perihelion", "name": "w", "sigma": 0.0925636781234223, "value": "51.21641954383349", "label": "peri", "units": "deg"}, {"title": "inclination", "name": "i", "sigma": 0.000310620301943026, "units": "deg", "label": "i", "value": "2.312085909211671"}]}, "not_valid_before": null, "epoch": "2460200.5", "comment": null, "elements": [{"title": "eccentricity", "sigma": ".00038221", "name": "e", "value": ".1405240190254505", "label": "e", "units": null}, {"label": "a", "units": "au", "value": "43.84307267321442", "title": "semi-major axis", "sigma": ".010423", "name": "a"}, {"label": "q", "value": "37.68206789474943", "units": "au", "name": "q", "sigma": ".016665", "title": "perihelion distance"}, {"title": "inclination; angle with respect to x-y ecliptic plane", "name": "i", "sigma": ".00030662", "value": "2.307935065012893", "label": "i", "units": "deg"}, {"value": "69.97564715155596", "label": "node", "units": "deg", "title": "longitude of the ascending node", "name": "om", "sigma": ".015835"}, {"units": "deg", "label": "peri", "value": "46.16334558179017", "title": "argument of perihelion", "name": "w", "sigma": ".087283"}, {"label": "M", "value": "273.9892253689388", "units": "deg", "sigma": ".11857", "name": "ma", "title": "mean anomaly"}, {"label": "tp", "units": "TDB", "value": "2485534.295483540580", "title": "time of perihelion passage", "name": "tp", "sigma": "27.974"}, {"units": "d", "label": "period", "value": "106035.1614457038", "title": "sidereal orbital period", "name": "per", "sigma": "37.813"}, {"value": ".003395100220452261", "label": "n", "units": "deg/d", "sigma": "1.2107E-6", "name": "n", "title": "mean motion"}, {"label": "Q", "units": "au", "value": "50.0040774516794", "name": "ad", "sigma": ".011888", "title": "aphelion distance"}]}}