{"orbit": {"t_jup": "5.828", "producer": "Otto Matic", "last_obs": "2013-05-14", "soln_date": "2021-04-14 21:42:41", "moid_jup": "35.8241", "condition_code": "4", "not_valid_after": null, "equinox": "J2000", "model_pars": [], "covariance": {"labels": ["e", "q", "tp", "node", "peri", "i"], "data": [["1.828344405588301E-7", "1.625591585927283E-6", "-.004904735900640779", "-1.00748307153726E-7", "-1.795174682170746E-5", "1.801100960017613E-10"], ["1.625591585927283E-6", "3.44100216564794E-5", "-.3841807568814782", "-1.574026433721405E-7", "-.001459144990920148", "3.418777763952161E-9"], ["-.004904735900640779", "-.3841807568814782", "5971.316011120921", "-.009974918967051849", "22.76289187470476", "-3.578379079581945E-5"], ["-1.00748307153726E-7", "-1.574026433721405E-7", "-.009974918967051849", ".01488196029134988", "-.01492016558672929", "2.244832445729682E-5"], ["-1.795174682170746E-5", "-.001459144990920148", "22.76289187470476", "-.01492016558672929", ".1016577433536652", "-2.258386382512826E-5"], ["1.801100960017613E-10", "3.418777763952161E-9", "-3.578379079581945E-5", "2.244832445729682E-5", "-2.258386382512826E-5", "4.064875815658208E-8"]], "epoch": "2454240.5", "elements": [{"label": "e", "value": ".03672440221423188", "units": null, "name": "e", "sigma": 0.000427591441166483, "title": "eccentricity"}, {"value": "41.25403122673362", "label": "q", "units": "au", "sigma": 0.00586600559635596, "name": "q", "title": "perihelion distance"}, {"label": "tp", "value": "2461522.922314703070", "units": "TDB", "title": "time of perihelion passage", "sigma": 77.2742907513289, "name": "tp"}, {"title": "longitude of the ascending node", "name": "om", "sigma": 0.121991640251904, "label": "node", "value": "304.6408803864214", "units": "deg"}, {"name": "w", "sigma": 0.318838114650155, "title": "argument of perihelion", "units": "deg", "label": "peri", "value": "280.598199100846"}, {"sigma": 0.000201615371826114, "name": "i", "title": "inclination", "label": "i", "value": ".2891786619312619", "units": "deg"}]}, "source": "JPL", "sb_used": "SB441-N16", "moid": "40.2362", "n_obs_used": 21, "not_valid_before": null, "comment": null, "elements": [{"name": "e", "sigma": ".00042195", "title": "eccentricity", "units": null, "label": "e", "value": ".0264217091660639"}, {"sigma": ".022845", "name": "a", "title": "semi-major axis", "label": "a", "value": "42.36651462150051", "units": "au"}, {"value": "41.24711889379143", "label": "q", "units": "au", "title": "perihelion distance", "name": "q", "sigma": ".0063684"}, {"name": "i", "sigma": ".00019689", "title": "inclination; angle with respect to x-y ecliptic plane", "label": "i", "value": ".2890648426627846", "units": "deg"}, {"label": "node", "units": "deg", "value": "304.1469860661427", "title": "longitude of the ascending node", "name": "om", "sigma": ".12296"}, {"sigma": ".43843", "name": "w", "title": "argument of perihelion", "label": "peri", "units": "deg", "value": "285.2251876213338"}, {"name": "ma", "sigma": ".40037", "title": "mean anomaly", "label": "M", "value": "351.2876700380981", "units": "deg"}, {"label": "tp", "value": "2462638.110697047372", "units": "TDB", "title": "time of perihelion passage", "sigma": "111.05", "name": "tp"}, {"title": "sidereal orbital period", "name": "per", "sigma": "81.468", "label": "period", "value": "100723.8998952568", "units": "d"}, {"label": "n", "value": ".003574126899120917", "units": "deg/d", "title": "mean motion", "sigma": "2.8908E-6", "name": "n"}, {"title": "aphelion distance", "sigma": ".023448", "name": "ad", "units": "au", "label": "Q", "value": "43.4859103492096"}], "epoch": "2460200.5", "orbit_id": "7", "two_body": null, "pe_used": "DE441", "data_arc": "4820", "n_del_obs_used": null, "first_obs": "2000-03-03", "rms": ".16506", "n_dop_obs_used": null}, "object": {"prefix": null, "des": "2003 FA130", "fullname": "(2003 FA130)", "kind": "au", "orbit_id": "7", "pha": false, "orbit_class": {"name": "TransNeptunian Object", "code": "TNO"}, "spkid": "3330189", "neo": false}, "signature": {"version": "1.3", "source": "NASA/JPL Small-Body Database (SBDB) API"}}