{"orbit": {"moid_jup": "29.4523", "source": "JPL", "last_obs": "2022-07-29", "t_jup": "6.696", "rms": ".047682", "not_valid_before": null, "condition_code": "6", "first_obs": "2020-05-29", "data_arc": "791", "moid": "33.9147", "equinox": "J2000", "model_pars": [], "pe_used": "DE441", "sb_used": "SB441-N16", "covariance": {"elements": [{"title": "eccentricity", "name": "e", "label": "e", "sigma": 0.00943756337119022, "units": null, "value": ".6530605861187836"}, {"title": "perihelion distance", "name": "q", "label": "q", "units": "au", "sigma": 0.19815291058504, "value": "35.10923399153573"}, {"title": "time of perihelion passage", "name": "tp", "label": "tp", "sigma": 151.323205675134, "units": "TDB", "value": "2437735.432073865861"}, {"label": "node", "units": "deg", "sigma": 0.0936813687168069, "title": "longitude of the ascending node", "name": "om", "value": "168.8995433381906"}, {"name": "w", "title": "argument of perihelion", "sigma": 0.0978229929783777, "units": "deg", "label": "peri", "value": "27.67883916959982"}, {"value": "2.665893623963138", "sigma": 0.00226207724002383, "units": "deg", "label": "i", "name": "i", "title": "inclination"}], "labels": ["e", "q", "tp", "node", "peri", "i"], "data": [["8.906760238523129E-5", "-.001864886138442082", "1.428012681316756", "6.566222098110208E-5", "1.216781619561291E-5", "-1.609036158959523E-6"], ["-.001864886138442082", ".03926457597332267", "-29.91200257824616", "-.00138440791085029", ".0001747451543077586", "3.397916411046704E-5"], ["1.428012681316756", "-29.91200257824616", "22898.71257579891", "1.053711734100492", ".1764063110714519", "-.02582680810832128"], ["6.566222098110208E-5", "-.00138440791085029", "1.053711734100492", ".008776198844654337", "-.008726932140821082", "-.0002118346048868896"], ["1.216781619561291E-5", ".0001747451543077586", ".1764063110714519", "-.008726932140821082", ".009569337955247727", ".0002107299275067765"], ["-1.609036158959523E-6", "3.397916411046704E-5", "-.02582680810832128", "-.0002118346048868896", ".0002107299275067765", "5.116993439833847E-6"]], "epoch": "2459203.5"}, "comment": null, "two_body": null, "n_obs_used": 32, "n_dop_obs_used": null, "orbit_id": "5", "epoch": "2460200.5", "not_valid_after": null, "n_del_obs_used": null, "producer": "Otto Matic", "soln_date": "2023-03-24 03:30:55", "elements": [{"label": "e", "units": null, "sigma": ".0093948", "title": "eccentricity", "name": "e", "value": ".6480110145006858"}, {"title": "semi-major axis", "name": "a", "label": "a", "sigma": "2.0905", "units": "au", "value": "99.19793828005633"}, {"value": "34.91658165882062", "name": "q", "title": "perihelion distance", "units": "au", "sigma": ".19682", "label": "q"}, {"value": "2.662903463668807", "label": "i", "units": "deg", "sigma": ".002263", "title": "inclination; angle with respect to x-y ecliptic plane", "name": "i"}, {"value": "169.0203780227768", "units": "deg", "sigma": ".09429", "label": "node", "name": "om", "title": "longitude of the ascending node"}, {"value": "26.80732214301731", "name": "w", "title": "argument of perihelion", "sigma": ".099157", "units": "deg", "label": "peri"}, {"value": "22.55213233566396", "units": "deg", "sigma": ".86713", "label": "M", "name": "ma", "title": "mean anomaly"}, {"value": "2437593.782551673332", "label": "tp", "sigma": "154.66", "units": "TDB", "title": "time of perihelion passage", "name": "tp"}, {"value": "360871.3429074509", "label": "period", "sigma": "11407.", "units": "d", "title": "sidereal orbital period", "name": "per"}, {"value": ".0009975854472111009", "sigma": "3.1535E-5", "units": "deg/d", "label": "n", "name": "n", "title": "mean motion"}, {"label": "Q", "sigma": "3.4452", "units": "au", "title": "aphelion distance", "name": "ad", "value": "163.4792949012921"}]}, "signature": {"version": "1.3", "source": "NASA/JPL Small-Body Database (SBDB) API"}, "object": {"prefix": null, "orbit_id": "5", "orbit_class": {"code": "TNO", "name": "TransNeptunian Object"}, "neo": false, "fullname": "(2020 KS11)", "pha": false, "spkid": "54054640", "kind": "au", "des": "2020 KS11"}}