{"object": {"fullname": "(2014 SF350)", "neo": false, "orbit_id": "6", "orbit_class": {"code": "TNO", "name": "TransNeptunian Object"}, "prefix": null, "pha": false, "kind": "au", "des": "2014 SF350", "spkid": "3757925"}, "orbit": {"t_jup": "5.420", "rms": ".62054", "not_valid_before": null, "data_arc": "3688", "first_obs": "2011-08-24", "condition_code": "3", "moid_jup": "24.8406", "source": "JPL", "last_obs": "2021-09-28", "two_body": null, "n_obs_used": 43, "epoch": "2460200.5", "orbit_id": "6", "n_dop_obs_used": null, "n_del_obs_used": null, "not_valid_after": null, "elements": [{"title": "eccentricity", "name": "e", "label": "e", "sigma": "4.6404E-5", "units": null, "value": ".2374827060107785"}, {"name": "a", "title": "semi-major axis", "sigma": ".0022138", "units": "au", "label": "a", "value": "39.70482194515083"}, {"units": "au", "sigma": ".0034741", "label": "q", "name": "q", "title": "perihelion distance", "value": "30.27561338794026"}, {"value": "9.788862813021456", "label": "i", "units": "deg", "sigma": ".0001626", "title": "inclination; angle with respect to x-y ecliptic plane", "name": "i"}, {"sigma": ".0010377", "units": "deg", "label": "node", "name": "om", "title": "longitude of the ascending node", "value": "38.19716436791744"}, {"value": "141.7441347734304", "name": "w", "title": "argument of perihelion", "units": "deg", "sigma": ".015894", "label": "peri"}, {"title": "mean anomaly", "name": "ma", "label": "M", "units": "deg", "sigma": ".02523", "value": "172.816863041836"}, {"value": "2416332.592113541796", "units": "TDB", "sigma": "6.9168", "label": "tp", "name": "tp", "title": "time of perihelion passage"}, {"value": "91382.55700950824", "label": "period", "units": "d", "sigma": "7.6426", "title": "sidereal orbital period", "name": "per"}, {"label": "n", "sigma": "3.2947E-7", "units": "deg/d", "title": "mean motion", "name": "n", "value": ".003939482673510027"}, {"title": "aphelion distance", "name": "ad", "label": "Q", "units": "au", "sigma": ".0027395", "value": "49.13403050236138"}], "producer": "Otto Matic", "soln_date": "2021-10-14 10:12:02", "model_pars": [], "equinox": "J2000", "moid": "29.2836", "pe_used": "DE441", "comment": null, "covariance": {"data": [["2.144075379988539E-9", "-1.5551815185472E-7", ".0002183733833918188", "7.698043673204142E-10", "1.380653060034927E-7", "-3.034819722753911E-10"], ["-1.5551815185472E-7", "1.167713722610506E-5", "-.01291522498369869", "-1.741641455233612E-8", "-6.371925316693509E-7", "1.680373331611096E-8"], [".0002183733833918188", "-.01291522498369869", "44.41530334139357", ".000367369700948524", ".08472767426387361", "-7.054847807387364E-5"], ["7.698043673204142E-10", "-1.741641455233612E-8", ".000367369700948524", "1.066322321015043E-6", "-7.457170687211615E-8", "-1.6865966347931E-7"], ["1.380653060034927E-7", "-6.371925316693509E-7", ".08472767426387361", "-7.457170687211615E-8", ".0002354262552186217", "1.97951964134607E-8"], ["-3.034819722753911E-10", "1.680373331611096E-8", "-7.054847807387364E-5", "-1.6865966347931E-7", "1.97951964134607E-8", "2.690973406802699E-8"]], "epoch": "2458392.5", "elements": [{"value": ".2445108430150323", "title": "eccentricity", "name": "e", "label": "e", "sigma": 4.63041615839067e-05, "units": null}, {"value": "29.84456326941214", "name": "q", "title": "perihelion distance", "sigma": 0.0034171826445341, "units": "au", "label": "q"}, {"name": "tp", "title": "time of perihelion passage", "units": "TDB", "sigma": 6.66448072556246, "label": "tp", "value": "2417025.727003705273"}, {"name": "om", "title": "longitude of the ascending node", "units": "deg", "sigma": 0.00103262883991057, "label": "node", "value": "37.92980582720712"}, {"label": "peri", "sigma": 0.0153436063302804, "units": "deg", "title": "argument of perihelion", "name": "w", "value": "142.8295086951657"}, {"value": "9.834141617695744", "name": "i", "title": "inclination", "sigma": 0.000164041866814624, "units": "deg", "label": "i"}], "labels": ["e", "q", "tp", "node", "peri", "i"]}, "sb_used": "SB441-N16"}, "signature": {"version": "1.3", "source": "NASA/JPL Small-Body Database (SBDB) API"}}