{"orbit": {"producer": "Otto Matic", "last_obs": "2013-10-07", "t_jup": "5.581", "equinox": "J2000", "not_valid_after": null, "condition_code": "4", "model_pars": [], "moid_jup": "28.4604", "soln_date": "2021-04-14 11:05:25", "not_valid_before": null, "comment": null, "epoch": "2460200.5", "elements": [{"label": "e", "value": ".1442768736252661", "units": null, "title": "eccentricity", "name": "e", "sigma": ".00018569"}, {"value": "39.61613956450392", "label": "a", "units": "au", "sigma": ".013539", "name": "a", "title": "semi-major axis"}, {"sigma": ".010281", "name": "q", "title": "perihelion distance", "value": "33.90044680303509", "label": "q", "units": "au"}, {"title": "inclination; angle with respect to x-y ecliptic plane", "name": "i", "sigma": ".00080512", "value": "3.663505226201987", "label": "i", "units": "deg"}, {"sigma": ".00691", "name": "om", "title": "longitude of the ascending node", "value": "286.8014878347976", "label": "node", "units": "deg"}, {"value": "267.0565857855315", "label": "peri", "units": "deg", "name": "w", "sigma": ".13525", "title": "argument of perihelion"}, {"label": "M", "units": "deg", "value": "133.6906299426959", "sigma": ".18056", "name": "ma", "title": "mean anomaly"}, {"label": "tp", "value": "2426378.045185202936", "units": "TDB", "name": "tp", "sigma": "29.456", "title": "time of perihelion passage"}, {"title": "sidereal orbital period", "sigma": "46.687", "name": "per", "units": "d", "label": "period", "value": "91076.56788322412"}, {"value": ".003952718118029899", "label": "n", "units": "deg/d", "name": "n", "sigma": "2.0262E-6", "title": "mean motion"}, {"name": "ad", "sigma": ".015492", "title": "aphelion distance", "label": "Q", "value": "45.33183232597275", "units": "au"}], "sb_used": "SB441-N16", "source": "JPL", "n_obs_used": 20, "moid": "32.901", "covariance": {"labels": ["e", "q", "tp", "node", "peri", "i"], "data": [["3.244106787501895E-8", "-3.197612907630253E-7", ".004013517559648166", "2.976751461747304E-8", "1.490784080755832E-5", "3.582997003241179E-9"], ["-3.197612907630253E-7", ".0001047900746815187", ".1196812075691311", "-4.233472709435392E-7", ".0008348416158257432", "1.845621980391457E-8"], [".004013517559648166", ".1196812075691311", "746.9667224424425", ".003495107075808805", "3.385806185202126", ".0005285405425813921"], ["2.976751461747304E-8", "-4.233472709435392E-7", ".003495107075808805", "4.797358118760094E-5", "-3.536817998168833E-5", "5.546124616973789E-6"], ["1.490784080755832E-5", ".0008348416158257432", "3.385806185202126", "-3.536817998168833E-5", ".01639333001896209", "-3.362071970416778E-6"], ["3.582997003241179E-9", "1.845621980391457E-8", ".0005285405425813921", "5.546124616973789E-6", "-3.362071970416778E-6", "6.524994207816506E-7"]], "elements": [{"label": "e", "units": null, "value": ".1529347923467732", "name": "e", "sigma": 0.000180114041304444, "title": "eccentricity"}, {"label": "q", "value": "33.31868501554025", "units": "au", "title": "perihelion distance", "name": "q", "sigma": 0.0102367023343223}, {"title": "time of perihelion passage", "name": "tp", "sigma": 27.3306919495728, "label": "tp", "value": "2426543.637321742957", "units": "TDB"}, {"sigma": 0.00692629635430083, "name": "om", "title": "longitude of the ascending node", "units": "deg", "label": "node", "value": "286.8071125255245"}, {"title": "argument of perihelion", "sigma": 0.128036440199508, "name": "w", "units": "deg", "label": "peri", "value": "265.8107008446533"}, {"value": "3.668606006743639", "label": "i", "units": "deg", "title": "inclination", "sigma": 0.000807774362542938, "name": "i"}], "epoch": "2453384.5"}, "n_del_obs_used": null, "first_obs": "2003-08-24", "data_arc": "3697", "rms": ".26059", "n_dop_obs_used": null, "orbit_id": "6", "pe_used": "DE441", "two_body": null}, "object": {"neo": false, "spkid": "20385445", "des": "385445", "prefix": null, "fullname": "385445 (2003 QH91)", "orbit_class": {"name": "TransNeptunian Object", "code": "TNO"}, "orbit_id": "6", "kind": "an", "pha": false}, "signature": {"version": "1.3", "source": "NASA/JPL Small-Body Database (SBDB) API"}}