{"object": {"neo": false, "spkid": "3831103", "orbit_class": {"name": "TransNeptunian Object", "code": "TNO"}, "pha": false, "kind": "au", "orbit_id": "2", "fullname": "(2015 RV278)", "des": "2015 RV278", "prefix": null}, "orbit": {"data_arc": "862", "first_obs": "2015-07-14", "n_del_obs_used": null, "rms": ".17373", "n_dop_obs_used": null, "orbit_id": "2", "two_body": null, "pe_used": "DE441", "not_valid_before": null, "comment": null, "epoch": "2460200.5", "elements": [{"title": "eccentricity", "sigma": ".0009611", "name": "e", "units": null, "label": "e", "value": ".2834234664143863"}, {"title": "semi-major axis", "name": "a", "sigma": ".031511", "value": "50.94839670856659", "label": "a", "units": "au"}, {"label": "q", "units": "au", "value": "36.50842550516934", "title": "perihelion distance", "sigma": ".027093", "name": "q"}, {"label": "i", "value": "9.34825501317432", "units": "deg", "name": "i", "sigma": ".0011732", "title": "inclination; angle with respect to x-y ecliptic plane"}, {"title": "longitude of the ascending node", "sigma": ".0022058", "name": "om", "label": "node", "value": "209.2321836860765", "units": "deg"}, {"label": "peri", "units": "deg", "value": "123.6030980009033", "name": "w", "sigma": ".22854", "title": "argument of perihelion"}, {"units": "deg", "label": "M", "value": "29.24679008666214", "title": "mean anomaly", "name": "ma", "sigma": ".080015"}, {"units": "TDB", "label": "tp", "value": "2449409.295647691120", "title": "time of perihelion passage", "sigma": "38.803", "name": "tp"}, {"title": "sidereal orbital period", "name": "per", "sigma": "123.23", "label": "period", "value": "132829.3995792331", "units": "d"}, {"name": "n", "sigma": "2.5144E-6", "title": "mean motion", "label": "n", "value": ".002710243373382556", "units": "deg/d"}, {"label": "Q", "units": "au", "value": "65.38836791196384", "name": "ad", "sigma": ".040442", "title": "aphelion distance"}], "covariance": {"elements": [{"title": "eccentricity", "name": "e", "sigma": 0.000987667865226887, "units": null, "label": "e", "value": ".2739450976546937"}, {"title": "perihelion distance", "sigma": 0.0280138322609333, "name": "q", "label": "q", "units": "au", "value": "36.37920369388959"}, {"title": "time of perihelion passage", "name": "tp", "sigma": 38.3330394235284, "value": "2449050.672993844642", "label": "tp", "units": "TDB"}, {"units": "deg", "label": "node", "value": "209.1909008014298", "title": "longitude of the ascending node", "name": "om", "sigma": 0.00219564441910006}, {"value": "121.9440264376497", "label": "peri", "units": "deg", "title": "argument of perihelion", "sigma": 0.22924332726051, "name": "w"}, {"units": "deg", "label": "i", "value": "9.39426135646745", "sigma": 0.00117866880449671, "name": "i", "title": "inclination"}], "epoch": "2457477.5", "data": [["9.754878120018369E-7", "-2.736177363756104E-5", "-.03744155245494712", "1.887461444257716E-7", "-.000224120518678052", "-1.104737325794818E-7"], ["-2.736177363756104E-5", ".0007847747979437087", "1.073496623183315", "-5.990982685562537E-6", ".006420294686599767", "3.513727619841409E-6"], ["-.03744155245494712", "1.073496623183315", "1469.421911445781", "-.008125572513585581", "8.786880263339413", ".004764928516804477"], ["1.887461444257716E-7", "-5.990982685562537E-6", "-.008125572513585581", "4.82085441512522E-6", "-5.319100468239102E-5", "-2.580451762325115E-6"], ["-.000224120518678052", ".006420294686599767", "8.786880263339413", "-5.319100468239102E-5", ".05255250309346918", "3.094718002951094E-5"], ["-1.104737325794818E-7", "3.513727619841409E-6", ".004764928516804477", "-2.580451762325115E-6", "3.094718002951094E-5", "1.389260150693705E-6"]], "labels": ["e", "q", "tp", "node", "peri", "i"]}, "source": "JPL", "moid": "35.5073", "sb_used": "SB441-N16", "n_obs_used": 28, "not_valid_after": null, "condition_code": "5", "equinox": "J2000", "model_pars": [], "soln_date": "2021-04-15 14:36:59", "moid_jup": "31.5643", "last_obs": "2017-11-22", "producer": "Otto Matic", "t_jup": "6.024"}, "signature": {"version": "1.3", "source": "NASA/JPL Small-Body Database (SBDB) API"}}