{"object": {"prefix": null, "orbit_id": "1", "orbit_class": {"name": "TransNeptunian Object", "code": "TNO"}, "neo": false, "fullname": "(2014 QH562)", "pha": false, "spkid": "54197658", "des": "2014 QH562", "kind": "au"}, "signature": {"version": "1.3", "source": "NASA/JPL Small-Body Database (SBDB) API"}, "orbit": {"source": "JPL", "last_obs": "2018-09-15", "moid_jup": "30.6621", "rms": ".1927", "not_valid_before": null, "first_obs": "2014-08-16", "condition_code": "4", "data_arc": "1491", "t_jup": "4.748", "pe_used": "DE441", "sb_used": "SB441-N16", "covariance": {"elements": [{"value": ".06935863149791087", "sigma": 0.000446348083561544, "units": null, "label": "e", "name": "e", "title": "eccentricity"}, {"name": "q", "title": "perihelion distance", "sigma": 0.00674444935422932, "units": "au", "label": "q", "value": "35.27639217966297"}, {"label": "tp", "sigma": 58.2328193478496, "units": "TDB", "title": "time of perihelion passage", "name": "tp", "value": "2463273.142246143818"}, {"value": "43.97858162060308", "sigma": 0.00179656925624944, "units": "deg", "label": "node", "name": "om", "title": "longitude of the ascending node"}, {"units": "deg", "sigma": 0.288417429972057, "label": "peri", "name": "w", "title": "argument of perihelion", "value": "306.3680365965493"}, {"value": "31.46677961008018", "sigma": 0.000180638621886753, "units": "deg", "label": "i", "name": "i", "title": "inclination"}], "labels": ["e", "q", "tp", "node", "peri", "i"], "data": [["1.992266116990633E-7", "1.015065084522401E-7", ".009197144049928566", "-2.499047914949634E-7", "4.630212792370309E-5", "5.020052444566274E-8"], ["1.015065084522401E-7", "4.548759709176429E-5", "-.3618532539491223", "1.586546479256854E-6", "-.001787635832050724", "9.439699391316627E-8"], [".009197144049928566", "-.3618532539491223", "3391.061249199286", "-.02546429739385386", "16.79480413164305", ".001785775953550944"], ["-2.499047914949634E-7", "1.586546479256854E-6", "-.02546429739385386", "3.227661092500673E-6", "-.0001293177776481171", "-2.909922836889382E-7"], ["4.630212792370309E-5", "-.001787635832050724", "16.79480413164305", "-.0001293177776481171", ".08318461391168622", "9.232909924215083E-6"], ["5.020052444566274E-8", "9.439699391316627E-8", ".001785775953550944", "-2.909922836889382E-7", "9.232909924215083E-6", "3.263031171714517E-8"]], "epoch": "2457581.5"}, "comment": null, "moid": "34.3473", "equinox": "J2000", "model_pars": [], "n_del_obs_used": null, "not_valid_after": null, "soln_date": "2021-09-15 12:42:06", "producer": "Otto Matic", "elements": [{"value": ".07757208587785552", "title": "eccentricity", "name": "e", "label": "e", "units": null, "sigma": ".00044973"}, {"name": "a", "title": "semi-major axis", "sigma": ".020209", "units": "au", "label": "a", "value": "38.226642174542"}, {"value": "35.26132180495637", "title": "perihelion distance", "name": "q", "label": "q", "sigma": ".0068217", "units": "au"}, {"value": "31.4246894953836", "label": "i", "units": "deg", "sigma": ".00018056", "title": "inclination; angle with respect to x-y ecliptic plane", "name": "i"}, {"label": "node", "sigma": ".0018064", "units": "deg", "title": "longitude of the ascending node", "name": "om", "value": "44.23116296503856"}, {"value": "306.69977182818", "title": "argument of perihelion", "name": "w", "label": "peri", "units": "deg", "sigma": ".25773"}, {"title": "mean anomaly", "name": "ma", "label": "M", "sigma": ".21585", "units": "deg", "value": "346.8061162829164"}, {"units": "TDB", "sigma": "51.659", "label": "tp", "name": "tp", "title": "time of perihelion passage", "value": "2463364.363987650866"}, {"value": "86327.1997826939", "title": "sidereal orbital period", "name": "per", "label": "period", "units": "d", "sigma": "68.458"}, {"title": "mean motion", "name": "n", "label": "n", "units": "deg/d", "sigma": "3.307E-6", "value": ".004170180440303932"}, {"value": "41.19196254412763", "title": "aphelion distance", "name": "ad", "label": "Q", "units": "au", "sigma": ".021777"}], "two_body": null, "n_obs_used": 16, "orbit_id": "1", "n_dop_obs_used": null, "epoch": "2460200.5"}}