{"object": {"prefix": null, "des": "2015 RN281", "fullname": "(2015 RN281)", "orbit_class": {"code": "TNO", "name": "TransNeptunian Object"}, "orbit_id": "2", "kind": "au", "pha": false, "neo": false, "spkid": "3835673"}, "orbit": {"orbit_id": "2", "two_body": null, "pe_used": "DE441", "data_arc": "893", "n_del_obs_used": null, "first_obs": "2015-07-14", "n_dop_obs_used": null, "rms": ".24777", "covariance": {"elements": [{"units": null, "label": "e", "value": ".1307862928072174", "title": "eccentricity", "name": "e", "sigma": 0.00101821879969349}, {"value": "36.86976448994057", "label": "q", "units": "au", "sigma": 0.0343579496429002, "name": "q", "title": "perihelion distance"}, {"title": "time of perihelion passage", "sigma": 245.530103984706, "name": "tp", "value": "2496561.486253691597", "label": "tp", "units": "TDB"}, {"value": "195.5549714446991", "label": "node", "units": "deg", "title": "longitude of the ascending node", "name": "om", "sigma": 0.000208038581329426}, {"sigma": 0.69603367472413, "name": "w", "title": "argument of perihelion", "units": "deg", "label": "peri", "value": "323.5717430465411"}, {"units": "deg", "label": "i", "value": "40.46887531197208", "sigma": 0.00178432584930104, "name": "i", "title": "inclination"}], "epoch": "2457525.5", "labels": ["e", "q", "tp", "node", "peri", "i"], "data": [["1.036769524049248E-6", "-3.457071199163528E-5", "-.2492249650307547", "-3.834289625875657E-8", "-.0007040318343835154", "4.161886413728428E-7"], ["-3.457071199163528E-5", ".001180468703664063", "8.210371932964675", "1.047589671020832E-6", ".02305914365218439", "-1.145477353571586E-5"], ["-.2492249650307547", "8.210371932964675", "60285.03196274064", ".009982960539956825", "170.7832421934115", "-.1080834029668112"], ["-3.834289625875657E-8", "1.047589671020832E-6", ".009982960539956825", "4.328005132156023E-8", "2.928375354050004E-5", "-3.644970793695274E-7"], ["-.0007040318343835154", ".02305914365218439", "170.7832421934115", "2.928375354050004E-5", ".4844628763499754", "-.0003167544711041552"], ["4.161886413728428E-7", "-1.145477353571586E-5", "-.1080834029668112", "-3.644970793695274E-7", "-.0003167544711041552", "3.183818736483862E-6"]]}, "n_obs_used": 33, "source": "JPL", "sb_used": "SB441-N16", "moid": "36.5805", "not_valid_before": null, "comment": null, "epoch": "2460200.5", "elements": [{"title": "eccentricity", "name": "e", "sigma": ".0010998", "label": "e", "units": null, "value": ".1238937611204082"}, {"label": "a", "value": "42.7935350087723", "units": "au", "name": "a", "sigma": ".012543", "title": "semi-major axis"}, {"title": "perihelion distance", "name": "q", "sigma": ".037837", "label": "q", "value": "37.49168300489764", "units": "au"}, {"units": "deg", "label": "i", "value": "40.22750152166731", "title": "inclination; angle with respect to x-y ecliptic plane", "sigma": ".0017862", "name": "i"}, {"title": "longitude of the ascending node", "name": "om", "sigma": ".00020966", "label": "node", "value": "195.5556539054431", "units": "deg"}, {"title": "argument of perihelion", "name": "w", "sigma": ".71489", "label": "peri", "value": "320.7993597433317", "units": "deg"}, {"value": "233.0010940223661", "label": "M", "units": "deg", "title": "mean anomaly", "name": "ma", "sigma": ".94537"}, {"title": "time of perihelion passage", "name": "tp", "sigma": "254.04", "label": "tp", "units": "TDB", "value": "2496271.912663753879"}, {"units": "d", "label": "period", "value": "102250.5545145274", "title": "sidereal orbital period", "name": "per", "sigma": "44.955"}, {"units": "deg/d", "label": "n", "value": ".003520763302548667", "title": "mean motion", "name": "n", "sigma": "1.5479E-6"}, {"label": "Q", "units": "au", "value": "48.09538701264697", "sigma": ".014097", "name": "ad", "title": "aphelion distance"}], "soln_date": "2021-04-15 14:37:11", "moid_jup": "32.4462", "condition_code": "5", "not_valid_after": null, "equinox": "J2000", "model_pars": [], "t_jup": "4.467", "last_obs": "2017-12-23", "producer": "Otto Matic"}, "signature": {"version": "1.3", "source": "NASA/JPL Small-Body Database (SBDB) API"}}