{"orbit": {"moid_jup": "27.3316", "last_obs": "2020-01-19", "source": "JPL", "t_jup": "5.546", "condition_code": "2", "first_obs": "1993-09-23", "data_arc": "9614", "rms": ".68838", "not_valid_before": null, "moid": "31.3915", "equinox": "J2000", "model_pars": [], "sb_used": "SB441-N16", "comment": null, "covariance": {"data": [["1.691494712670882E-10", "9.155372078639969E-9", "1.493965249227093E-5", "2.551975808806511E-11", "9.56631338855168E-8", "1.641900834677034E-11"], ["9.155372078639969E-9", "5.512183980236564E-7", ".0008719538817499796", "1.198233111570305E-9", "5.631362292343068E-6", "9.066249585629007E-10"], ["1.493965249227093E-5", ".0008719538817499796", "1.392343426697134", "2.043517955968013E-6", ".00896854596440104", "1.469020903717594E-6"], ["2.551975808806511E-11", "1.198233111570305E-9", "2.043517955968013E-6", "1.040745853481904E-7", "-9.071568037813657E-8", "1.036030516389816E-8"], ["9.56631338855168E-8", "5.631362292343068E-6", ".00896854596440104", "-9.071568037813657E-8", "5.791528513850555E-5", "-8.906796123465644E-10"], ["1.641900834677034E-11", "9.066249585629007E-10", "1.469020903717594E-6", "1.036030516389816E-8", "-8.906796123465644E-10", "1.141197311966623E-9"]], "epoch": "2456742.5", "elements": [{"title": "eccentricity", "name": "e", "label": "e", "units": null, "sigma": 1.3005747624304e-05, "value": ".1839792275948846"}, {"value": "32.29071369101059", "title": "perihelion distance", "name": "q", "label": "q", "sigma": 0.000742440838062978, "units": "au"}, {"value": "2441002.377523943442", "label": "tp", "sigma": 1.179976028018, "units": "TDB", "title": "time of perihelion passage", "name": "tp"}, {"value": "354.7200835350276", "title": "longitude of the ascending node", "name": "om", "label": "node", "sigma": 0.000322605928879477, "units": "deg"}, {"title": "argument of perihelion", "name": "w", "label": "peri", "sigma": 0.00761020927034898, "units": "deg", "value": "317.5535370977225"}, {"title": "inclination", "name": "i", "label": "i", "sigma": 3.37816120391941e-05, "units": "deg", "value": "5.163893001350135"}], "labels": ["e", "q", "tp", "node", "peri", "i"]}, "pe_used": "DE441", "orbit_id": "11", "n_dop_obs_used": null, "epoch": "2460200.5", "two_body": null, "n_obs_used": 146, "soln_date": "2021-04-13 01:09:00", "producer": "Otto Matic", "elements": [{"value": ".186816112866799", "label": "e", "units": null, "sigma": "1.3787E-5", "title": "eccentricity", "name": "e"}, {"label": "a", "sigma": ".001546", "units": "au", "title": "semi-major axis", "name": "a", "value": "39.84840927620784"}, {"sigma": ".00072291", "units": "au", "label": "q", "name": "q", "title": "perihelion distance", "value": "32.40408435130139"}, {"value": "5.148238902825495", "sigma": "3.3624E-5", "units": "deg", "label": "i", "name": "i", "title": "inclination; angle with respect to x-y ecliptic plane"}, {"value": "354.5294225067485", "units": "deg", "sigma": ".00032356", "label": "node", "name": "om", "title": "longitude of the ascending node"}, {"title": "argument of perihelion", "name": "w", "label": "peri", "sigma": ".0074072", "units": "deg", "value": "319.4126484771841"}, {"label": "M", "sigma": ".0088469", "units": "deg", "title": "mean anomaly", "name": "ma", "value": "74.01511934378058"}, {"value": "2441310.461032383606", "label": "tp", "units": "TDB", "sigma": "1.1593", "title": "time of perihelion passage", "name": "tp"}, {"value": "91878.71462796383", "sigma": "5.3469", "units": "d", "label": "period", "name": "per", "title": "sidereal orbital period"}, {"label": "n", "sigma": "2.2802E-7", "units": "deg/d", "title": "mean motion", "name": "n", "value": ".003918208928561043"}, {"label": "Q", "units": "au", "sigma": ".0018348", "title": "aphelion distance", "name": "ad", "value": "47.29273420111429"}], "n_del_obs_used": null, "not_valid_after": null}, "signature": {"version": "1.3", "source": "NASA/JPL Small-Body Database (SBDB) API"}, "object": {"kind": "an", "des": "15789", "spkid": "20015789", "neo": false, "fullname": "15789 (1993 SC)", "orbit_id": "11", "orbit_class": {"name": "TransNeptunian Object", "code": "TNO"}, "prefix": null, "pha": false}}