{"signature": {"version": "1.3", "source": "NASA/JPL Small-Body Database (SBDB) API"}, "orbit": {"moid": "31.2667", "equinox": "J2000", "model_pars": [], "pe_used": "DE441", "sb_used": "SB441-N16", "covariance": {"epoch": "2454563.5", "data": [["2.080138439510454E-8", "4.451711696289903E-7", ".0003981518366823292", "-4.487780506977011E-9", "2.731100150783365E-6", "-2.700902497642241E-9"], ["4.451711696289903E-7", "1.252460637800613E-5", ".01003660546633567", "-1.140584070938491E-7", "7.228010841843927E-5", "-6.459548420291035E-8"], [".0003981518366823292", ".01003660546633567", "8.394033513531468", "-9.491467311336857E-5", ".05930143381497662", "-5.507720364664021E-5"], ["-4.487780506977011E-9", "-1.140584070938491E-7", "-9.491467311336857E-5", "1.931476276734648E-7", "-8.630916991171806E-7", "6.371303947851876E-8"], ["2.731100150783365E-6", "7.228010841843927E-5", ".05930143381497662", "-8.630916991171806E-7", ".0004227488590800568", "-4.484972709607246E-7"], ["-2.700902497642241E-9", "-6.459548420291035E-8", "-5.507720364664021E-5", "6.371303947851876E-8", "-4.484972709607246E-7", "5.014503038144956E-8"]], "labels": ["e", "q", "tp", "node", "peri", "i"], "elements": [{"label": "e", "units": null, "sigma": 0.000144226850465177, "title": "eccentricity", "name": "e", "value": ".3866511340209087"}, {"units": "au", "sigma": 0.00353901206242733, "label": "q", "name": "q", "title": "perihelion distance", "value": "32.40628783977085"}, {"title": "time of perihelion passage", "name": "tp", "label": "tp", "units": "TDB", "sigma": 2.8972458496875, "value": "2444646.478925077623"}, {"title": "longitude of the ascending node", "name": "om", "label": "node", "sigma": 0.000439485639894485, "units": "deg", "value": "135.1967222395542"}, {"value": "310.8515203504288", "sigma": 0.0205608574500203, "units": "deg", "label": "peri", "name": "w", "title": "argument of perihelion"}, {"value": "5.47318176863857", "sigma": 0.000223930860716985, "units": "deg", "label": "i", "name": "i", "title": "inclination"}]}, "comment": null, "n_obs_used": 27, "two_body": null, "orbit_id": "8", "n_dop_obs_used": null, "epoch": "2460200.5", "n_del_obs_used": null, "not_valid_after": null, "soln_date": "2021-04-14 21:18:36", "producer": "Otto Matic", "elements": [{"value": ".3900313570012374", "label": "e", "sigma": ".00014322", "units": null, "title": "eccentricity", "name": "e"}, {"units": "au", "sigma": ".017729", "label": "a", "name": "a", "title": "semi-major axis", "value": "52.86994465064638"}, {"value": "32.24900839397446", "label": "q", "sigma": ".0035571", "units": "au", "title": "perihelion distance", "name": "q"}, {"label": "i", "units": "deg", "sigma": ".00022391", "title": "inclination; angle with respect to x-y ecliptic plane", "name": "i", "value": "5.472453469547955"}, {"sigma": ".00044013", "units": "deg", "label": "node", "name": "om", "title": "longitude of the ascending node", "value": "135.2117219384048"}, {"value": "310.2755006710658", "label": "peri", "units": "deg", "sigma": ".020517", "title": "argument of perihelion", "name": "w"}, {"name": "ma", "title": "mean anomaly", "sigma": ".027375", "units": "deg", "label": "M", "value": "39.98710921635186"}, {"value": "2444603.925696351002", "label": "tp", "sigma": "2.8542", "units": "TDB", "title": "time of perihelion passage", "name": "tp"}, {"title": "sidereal orbital period", "name": "per", "label": "period", "units": "d", "sigma": "70.629", "value": "140414.4200305833"}, {"value": ".002563839240454003", "label": "n", "units": "deg/d", "sigma": "1.2896E-6", "title": "mean motion", "name": "n"}, {"value": "73.4908809073183", "title": "aphelion distance", "name": "ad", "label": "Q", "units": "au", "sigma": ".024644"}], "moid_jup": "27.1406", "source": "JPL", "last_obs": "2018-12-09", "t_jup": "5.942", "not_valid_before": null, "rms": ".28427", "first_obs": "2002-02-06", "condition_code": "3", "data_arc": "6150"}, "object": {"kind": "au", "des": "2002 CZ248", "spkid": "3117452", "pha": false, "fullname": "(2002 CZ248)", "neo": false, "prefix": null, "orbit_class": {"code": "TNO", "name": "TransNeptunian Object"}, "orbit_id": "8"}}