{"signature": {"version": "1.3", "source": "NASA/JPL Small-Body Database (SBDB) API"}, "orbit": {"t_jup": "5.978", "rms": ".23241", "not_valid_before": null, "data_arc": "893", "first_obs": "2015-07-14", "condition_code": "5", "moid_jup": "35.2074", "source": "JPL", "last_obs": "2017-12-23", "n_obs_used": 30, "two_body": null, "epoch": "2460200.5", "orbit_id": "2", "n_dop_obs_used": null, "n_del_obs_used": null, "not_valid_after": null, "elements": [{"value": ".1146230830243069", "label": "e", "sigma": ".00073813", "units": null, "title": "eccentricity", "name": "e"}, {"value": "45.39311687050157", "name": "a", "title": "semi-major axis", "sigma": ".0097081", "units": "au", "label": "a"}, {"value": "40.19001786672199", "units": "au", "sigma": ".026764", "label": "q", "name": "q", "title": "perihelion distance"}, {"value": "2.390587969170535", "title": "inclination; angle with respect to x-y ecliptic plane", "name": "i", "label": "i", "sigma": ".001048", "units": "deg"}, {"title": "longitude of the ascending node", "name": "om", "label": "node", "sigma": ".016951", "units": "deg", "value": "225.3951870128096"}, {"value": "178.0088295209076", "title": "argument of perihelion", "name": "w", "label": "peri", "sigma": ".60312", "units": "deg"}, {"value": "343.0644485055951", "title": "mean anomaly", "name": "ma", "label": "M", "sigma": ".45429", "units": "deg"}, {"title": "time of perihelion passage", "name": "tp", "label": "tp", "units": "TDB", "sigma": "142.2", "value": "2465455.591424869830"}, {"value": "111707.7830962962", "label": "period", "units": "d", "sigma": "35.836", "title": "sidereal orbital period", "name": "per"}, {"value": ".003222693979072764", "title": "mean motion", "name": "n", "label": "n", "sigma": "1.0338E-6", "units": "deg/d"}, {"value": "50.59621587428114", "label": "Q", "units": "au", "sigma": ".010821", "title": "aphelion distance", "name": "ad"}], "soln_date": "2021-04-15 14:37:06", "producer": "Otto Matic", "model_pars": [], "equinox": "J2000", "moid": "39.1981", "pe_used": "DE441", "covariance": {"labels": ["e", "q", "tp", "node", "peri", "i"], "elements": [{"name": "e", "title": "eccentricity", "units": null, "sigma": 0.000791689308605655, "label": "e", "value": ".103353106587491"}, {"title": "perihelion distance", "name": "q", "label": "q", "sigma": 0.0289155646235027, "units": "au", "value": "40.12504854767899"}, {"value": "2466175.669450938856", "title": "time of perihelion passage", "name": "tp", "label": "tp", "sigma": 151.653292954546, "units": "TDB"}, {"title": "longitude of the ascending node", "name": "om", "label": "node", "sigma": 0.0169038237743057, "units": "deg", "value": "225.2838497283408"}, {"value": "180.9385879056044", "name": "w", "title": "argument of perihelion", "units": "deg", "sigma": 0.644031526816952, "label": "peri"}, {"value": "2.401444035921736", "label": "i", "units": "deg", "sigma": 0.00105540514972749, "title": "inclination", "name": "i"}], "epoch": "2457534.5", "data": [["6.267719613604998E-7", "-2.25810764261705E-5", ".1186589911202045", "-4.016811351999909E-7", ".000503884633814422", "2.574617026594747E-8"], ["-2.25810764261705E-5", ".0008361098774959622", "-4.383857388508269", "1.408102613926483E-5", "-.01861073488227748", "-8.977033953668876E-7"], [".1186589911202045", "-4.383857388508269", "22998.72126395743", "-.07434814432894983", "97.63571042658808", ".004743348766186363"], ["-4.016811351999909E-7", "1.408102613926483E-5", "-.07434814432894983", ".0002857392581927827", "-.0006009771125566699", "-1.782436150806594E-5"], [".000503884633814422", "-.01861073488227748", "97.63571042658808", "-.0006009771125566699", ".4147766075341748", "3.793722195737104E-5"], ["2.574617026594747E-8", "-8.977033953668876E-7", ".004743348766186363", "-1.782436150806594E-5", "3.793722195737104E-5", "1.113880030071311E-6"]]}, "comment": null, "sb_used": "SB441-N16"}, "object": {"pha": false, "orbit_id": "2", "orbit_class": {"code": "TNO", "name": "TransNeptunian Object"}, "prefix": null, "fullname": "(2015 RH280)", "neo": false, "spkid": "3835641", "des": "2015 RH280", "kind": "au"}}