{"orbit": {"two_body": null, "pe_used": "DE441", "orbit_id": "5", "rms": ".077647", "n_dop_obs_used": null, "data_arc": "2271", "n_del_obs_used": null, "first_obs": "2008-10-30", "covariance": {"labels": ["e", "q", "tp", "node", "peri", "i"], "data": [["1.245086064661508E-6", "-3.499693498105233E-5", "-.01853743909452098", "-1.426055395522695E-6", "2.364477129730107E-5", "6.418447760823204E-8"], ["-3.499693498105233E-5", ".001341553590910527", ".1105893562421304", "3.551687938552375E-5", "-.003203647645579268", "-8.049557851420872E-7"], ["-.01853743909452098", ".1105893562421304", "749.4432317996271", ".0263925685574754", "2.570203644478761", "-.002089208406341582"], ["-1.426055395522695E-6", "3.551687938552375E-5", ".0263925685574754", "5.529426972020102E-5", "-4.665057538212114E-5", "-2.695281330720757E-6"], ["2.364477129730107E-5", "-.003203647645579268", "2.570203644478761", "-4.665057538212114E-5", ".01855110099517396", "-3.308245774816693E-6"], ["6.418447760823204E-8", "-8.049557851420872E-7", "-.002089208406341582", "-2.695281330720757E-6", "-3.308245774816693E-6", "1.406306427070499E-7"]], "elements": [{"units": null, "label": "e", "value": ".1705749393955637", "title": "eccentricity", "sigma": 0.00111583424605158, "name": "e"}, {"title": "perihelion distance", "name": "q", "sigma": 0.0366272247230189, "value": "36.40108068633064", "label": "q", "units": "au"}, {"label": "tp", "value": "2474755.708108349962", "units": "TDB", "title": "time of perihelion passage", "name": "tp", "sigma": 27.3759608379254}, {"title": "longitude of the ascending node", "sigma": 0.00743601168101564, "name": "om", "label": "node", "value": "118.6571199218991", "units": "deg"}, {"label": "peri", "units": "deg", "value": "1.404232670284515", "title": "argument of perihelion", "sigma": 0.136202426539229, "name": "w"}, {"name": "i", "sigma": 0.000375007523533928, "title": "inclination", "units": "deg", "label": "i", "value": "15.38345033222128"}], "epoch": "2456417.5"}, "sb_used": "SB441-N16", "source": "JPL", "moid": "35.5336", "n_obs_used": 23, "elements": [{"title": "eccentricity", "name": "e", "sigma": ".0011157", "units": null, "label": "e", "value": ".1699853025318635"}, {"label": "a", "units": "au", "value": "43.99788989301173", "title": "semi-major axis", "name": "a", "sigma": ".031201"}, {"name": "q", "sigma": ".036721", "title": "perihelion distance", "units": "au", "label": "q", "value": "36.51889526878451"}, {"value": "15.3882023222508", "label": "i", "units": "deg", "title": "inclination; angle with respect to x-y ecliptic plane", "name": "i", "sigma": ".00037658"}, {"title": "longitude of the ascending node", "sigma": ".0074209", "name": "om", "value": "118.5357138971489", "label": "node", "units": "deg"}, {"title": "argument of perihelion", "name": "w", "sigma": ".13836", "value": ".4778940833992905", "label": "peri", "units": "deg"}, {"sigma": ".14131", "name": "ma", "title": "mean anomaly", "units": "deg", "label": "M", "value": "311.4448774708177"}, {"title": "time of perihelion passage", "sigma": "26.685", "name": "tp", "label": "tp", "value": "2474577.846955896721", "units": "TDB"}, {"units": "d", "label": "period", "value": "106597.2987919466", "title": "sidereal orbital period", "sigma": "113.39", "name": "per"}, {"label": "n", "units": "deg/d", "value": ".003377196271198551", "title": "mean motion", "sigma": "3.5924E-6", "name": "n"}, {"units": "au", "label": "Q", "value": "51.47688451723894", "name": "ad", "sigma": ".036505", "title": "aphelion distance"}], "comment": null, "epoch": "2460200.5", "not_valid_before": null, "soln_date": "2021-04-15 07:24:49", "moid_jup": "31.2477", "model_pars": [], "not_valid_after": null, "equinox": "J2000", "condition_code": "4", "t_jup": "5.644", "last_obs": "2015-01-18", "producer": "Otto Matic"}, "object": {"neo": false, "spkid": "3717055", "orbit_class": {"code": "TNO", "name": "TransNeptunian Object"}, "pha": false, "kind": "au", "orbit_id": "5", "fullname": "(2012 YO9)", "des": "2012 YO9", "prefix": null}, "signature": {"version": "1.3", "source": "NASA/JPL Small-Body Database (SBDB) API"}}