{"object": {"des": "531015", "prefix": null, "fullname": "531015 (2012 BX154)", "kind": "an", "orbit_id": "6", "pha": false, "orbit_class": {"code": "TNO", "name": "TransNeptunian Object"}, "spkid": "20531015", "neo": false}, "orbit": {"two_body": null, "pe_used": "DE441", "orbit_id": "6", "rms": ".96084", "n_dop_obs_used": null, "data_arc": "4330", "first_obs": "2010-05-31", "n_del_obs_used": null, "covariance": {"data": [["1.894937937235103E-9", "-4.309179242444879E-9", "2.049017105370236E-6", "1.132824127273376E-10", "-1.543195402706422E-8", "-7.4091561954182E-11"], ["-4.309179242444879E-9", "5.339666662972056E-7", ".0003081707589134789", "8.565461481409119E-10", "2.214980221716715E-6", "-3.975528835531965E-10"], ["2.049017105370236E-6", ".0003081707589134789", ".1905089797800741", "7.752128807857603E-7", ".001290905471198097", "-4.108141431037421E-7"], ["1.132824127273376E-10", "8.565461481409119E-10", "7.752128807857603E-7", "1.212111766587267E-9", "2.476087898942989E-9", "-9.094574814217477E-10"], ["-1.543195402706422E-8", "2.214980221716715E-6", ".001290905471198097", "2.476087898942989E-9", "9.219914528718158E-6", "-8.313820174235883E-10"], ["-7.4091561954182E-11", "-3.975528835531965E-10", "-4.108141431037421E-7", "-9.094574814217477E-10", "-8.313820174235883E-10", "9.165187299810432E-9"]], "labels": ["e", "q", "tp", "node", "peri", "i"], "epoch": "2457023.5", "elements": [{"title": "eccentricity", "name": "e", "sigma": 4.35308848662085e-05, "label": "e", "units": null, "value": ".4995631589293689"}, {"units": "au", "label": "q", "value": "37.26197902184047", "name": "q", "sigma": 0.000730730228126089, "title": "perihelion distance"}, {"value": "2446927.380907832157", "label": "tp", "units": "TDB", "sigma": 0.436473343722242, "name": "tp", "title": "time of perihelion passage"}, {"title": "longitude of the ascending node", "name": "om", "sigma": 3.48153955397216e-05, "label": "node", "units": "deg", "value": "341.0192796796121"}, {"name": "w", "sigma": 0.00303643121587138, "title": "argument of perihelion", "units": "deg", "label": "peri", "value": "129.7891153511388"}, {"name": "i", "sigma": 9.57349847224641e-05, "title": "inclination", "label": "i", "value": "10.12128717900717", "units": "deg"}]}, "moid": "36.1107", "source": "JPL", "sb_used": "SB441-N16", "n_obs_used": 90, "comment": null, "elements": [{"label": "e", "value": ".492215272844312", "units": null, "sigma": "4.3371E-5", "name": "e", "title": "eccentricity"}, {"units": "au", "label": "a", "value": "73.03435159718333", "sigma": ".0062", "name": "a", "title": "semi-major axis"}, {"name": "q", "sigma": ".00074094", "title": "perihelion distance", "value": "37.08572829876832", "label": "q", "units": "au"}, {"sigma": "9.6137E-5", "name": "i", "title": "inclination; angle with respect to x-y ecliptic plane", "label": "i", "value": "10.16513141002231", "units": "deg"}, {"sigma": "3.4674E-5", "name": "om", "title": "longitude of the ascending node", "label": "node", "value": "341.0326147788685", "units": "deg"}, {"name": "w", "sigma": ".0030546", "title": "argument of perihelion", "value": "128.725391412344", "label": "peri", "units": "deg"}, {"title": "mean anomaly", "sigma": ".0030308", "name": "ma", "units": "deg", "label": "M", "value": "21.278013066318"}, {"title": "time of perihelion passage", "name": "tp", "sigma": ".43542", "label": "tp", "units": "TDB", "value": "2446725.841594728861"}, {"label": "period", "units": "d", "value": "227976.0337950116", "title": "sidereal orbital period", "name": "per", "sigma": "29.03"}, {"sigma": "2.0108E-7", "name": "n", "title": "mean motion", "label": "n", "units": "deg/d", "value": ".001579113356817585"}, {"label": "Q", "units": "au", "value": "108.9829748955983", "title": "aphelion distance", "sigma": ".0092517", "name": "ad"}], "epoch": "2460200.5", "not_valid_before": null, "soln_date": "2022-06-09 13:56:40", "moid_jup": "31.9076", "model_pars": [], "not_valid_after": null, "equinox": "J2000", "condition_code": "2", "t_jup": "6.491", "last_obs": "2022-04-08", "producer": "Otto Matic"}, "signature": {"version": "1.3", "source": "NASA/JPL Small-Body Database (SBDB) API"}}