{"orbit": {"not_valid_after": null, "condition_code": "4", "equinox": "J2000", "model_pars": [], "soln_date": "2021-05-04 15:38:24", "moid_jup": "33.1771", "producer": "Otto Matic", "last_obs": "2021-03-20", "t_jup": "5.536", "data_arc": "2223", "first_obs": "2015-02-17", "n_del_obs_used": null, "rms": ".13883", "n_dop_obs_used": null, "orbit_id": "3", "two_body": null, "pe_used": "DE441", "not_valid_before": null, "epoch": "2460200.5", "comment": null, "elements": [{"value": ".1091457220354555", "label": "e", "units": null, "name": "e", "sigma": ".00022501", "title": "eccentricity"}, {"title": "semi-major axis", "name": "a", "sigma": ".0046926", "value": "42.77223853518498", "label": "a", "units": "au"}, {"label": "q", "units": "au", "value": "38.10383167718948", "title": "perihelion distance", "name": "q", "sigma": ".011693"}, {"units": "deg", "label": "i", "value": "18.19946337602198", "title": "inclination; angle with respect to x-y ecliptic plane", "name": "i", "sigma": ".0014374"}, {"units": "deg", "label": "node", "value": "24.72333287107128", "sigma": ".00013157", "name": "om", "title": "longitude of the ascending node"}, {"name": "w", "sigma": ".20157", "title": "argument of perihelion", "label": "peri", "units": "deg", "value": "335.5104958908328"}, {"title": "mean anomaly", "name": "ma", "sigma": ".25496", "label": "M", "units": "deg", "value": "218.6116508994129"}, {"label": "tp", "units": "TDB", "value": "2500328.962461584932", "title": "time of perihelion passage", "sigma": "71.934", "name": "tp"}, {"title": "sidereal orbital period", "name": "per", "sigma": "16.815", "value": "102174.2355580739", "label": "period", "units": "d"}, {"sigma": "5.7984E-7", "name": "n", "title": "mean motion", "label": "n", "value": ".003523393133637714", "units": "deg/d"}, {"value": "47.44064539318047", "label": "Q", "units": "au", "title": "aphelion distance", "sigma": ".0052048", "name": "ad"}], "covariance": {"data": [["5.665954335555667E-8", "-2.778072193606072E-6", "-.01740622720148879", "-6.297549961453757E-10", "-4.654927547379438E-5", "9.622822735635153E-9"], ["-2.778072193606072E-6", ".0001529328575233726", ".7454199810965628", "1.133947428930089E-8", ".001885851669817435", "-4.125293839909959E-7"], ["-.01740622720148879", ".7454199810965628", "6065.805851900053", ".0003138243676391553", "16.92198646448096", "-.003347708249849417"], ["-6.297549961453757E-10", "1.133947428930089E-8", ".0003138243676391553", "1.751835852643561E-8", "9.469472446919346E-7", "-1.603873385112389E-7"], ["-4.654927547379438E-5", ".001885851669817435", "16.92198646448096", "9.469472446919346E-7", ".04782085855493615", "-9.184088691556095E-6"], ["9.622822735635153E-9", "-4.125293839909959E-7", "-.003347708249849417", "-1.603873385112389E-7", "-9.184088691556095E-6", "2.043234043313012E-6"]], "labels": ["e", "q", "tp", "node", "peri", "i"], "elements": [{"units": null, "label": "e", "value": ".09935332640302086", "title": "eccentricity", "name": "e", "sigma": 0.000238032651868513}, {"units": "au", "label": "q", "value": "38.89560678929087", "name": "q", "sigma": 0.0123666025052709, "title": "perihelion distance"}, {"label": "tp", "units": "TDB", "value": "2500453.089784758267", "name": "tp", "sigma": 77.8832835202783, "title": "time of perihelion passage"}, {"units": "deg", "label": "node", "value": "24.69905661186421", "name": "om", "sigma": 0.000132356936072257, "title": "longitude of the ascending node"}, {"value": "333.6098900774688", "label": "peri", "units": "deg", "title": "argument of perihelion", "sigma": 0.218679808292709, "name": "w"}, {"units": "deg", "label": "i", "value": "18.09458846654335", "sigma": 0.00142941737897404, "name": "i", "title": "inclination"}], "epoch": "2457303.5"}, "sb_used": "SB441-N16", "source": "JPL", "n_obs_used": 41, "moid": "37.1091"}, "object": {"fullname": "(2015 GQ56)", "prefix": null, "des": "2015 GQ56", "pha": false, "orbit_id": "3", "kind": "au", "orbit_class": {"name": "TransNeptunian Object", "code": "TNO"}, "spkid": "3835520", "neo": false}, "signature": {"version": "1.3", "source": "NASA/JPL Small-Body Database (SBDB) API"}}