{"object": {"pha": false, "fullname": "(2013 RE158)", "neo": false, "prefix": null, "orbit_class": {"code": "TNO", "name": "TransNeptunian Object"}, "orbit_id": "1", "kind": "au", "des": "2013 RE158", "spkid": "54196778"}, "signature": {"version": "1.3", "source": "NASA/JPL Small-Body Database (SBDB) API"}, "orbit": {"n_del_obs_used": null, "not_valid_after": null, "elements": [{"label": "e", "sigma": ".0015934", "units": null, "title": "eccentricity", "name": "e", "value": ".3966090378784095"}, {"label": "a", "sigma": ".10852", "units": "au", "title": "semi-major axis", "name": "a", "value": "48.27838795319484"}, {"label": "q", "sigma": ".024016", "units": "au", "title": "perihelion distance", "name": "q", "value": "29.13074295675764"}, {"units": "deg", "sigma": ".00099058", "label": "i", "name": "i", "title": "inclination; angle with respect to x-y ecliptic plane", "value": "28.21472323054181"}, {"title": "longitude of the ascending node", "name": "om", "label": "node", "units": "deg", "sigma": ".0011133", "value": "173.9481064702895"}, {"label": "peri", "units": "deg", "sigma": ".087816", "title": "argument of perihelion", "name": "w", "value": "85.06822726543049"}, {"units": "deg", "sigma": ".16736", "label": "M", "name": "ma", "title": "mean anomaly", "value": "40.55864930642428"}, {"sigma": "11.107", "units": "TDB", "label": "tp", "name": "tp", "title": "time of perihelion passage", "value": "2446396.385589441577"}, {"sigma": "413.12", "units": "d", "label": "period", "name": "per", "title": "sidereal orbital period", "value": "122525.805784511"}, {"name": "n", "title": "mean motion", "units": "deg/d", "sigma": "9.9067E-6", "label": "n", "value": ".002938156559713963"}, {"label": "Q", "sigma": ".15156", "units": "au", "title": "aphelion distance", "name": "ad", "value": "67.42603294963203"}], "producer": "Otto Matic", "soln_date": "2021-09-14 12:12:06", "n_obs_used": 7, "two_body": null, "epoch": "2460200.5", "orbit_id": "1", "n_dop_obs_used": null, "pe_used": "DE441", "covariance": {"elements": [{"value": ".3948416371845821", "sigma": 0.00158728735008639, "units": null, "label": "e", "name": "e", "title": "eccentricity"}, {"title": "perihelion distance", "name": "q", "label": "q", "sigma": 0.0240079440857074, "units": "au", "value": "28.92470793621126"}, {"title": "time of perihelion passage", "name": "tp", "label": "tp", "sigma": 11.5662426978987, "units": "TDB", "value": "2446265.529915423218"}, {"units": "deg", "sigma": 0.00111255022698238, "label": "node", "name": "om", "title": "longitude of the ascending node", "value": "173.8747762731208"}, {"title": "argument of perihelion", "name": "w", "label": "peri", "sigma": 0.0877472628631748, "units": "deg", "value": "83.92872578332226"}, {"value": "28.32210655333611", "sigma": 0.000995233616676329, "units": "deg", "label": "i", "name": "i", "title": "inclination"}], "labels": ["e", "q", "tp", "node", "peri", "i"], "data": [["2.519481131744287E-6", "-2.263279034453031E-5", ".01475513584577537", "-8.158191951496999E-7", "2.996339112042226E-6", "6.420541378337302E-7"], ["-2.263279034453031E-5", ".0005763813792224532", ".0002457752625511615", "4.793425822101998E-6", ".001667175002291206", "-4.991573361845106E-6"], [".01475513584577537", ".0002457752625511615", "133.7779701466961", "-.005676471233037137", ".6210479773838435", ".004034282315981574"], ["-8.158191951496999E-7", "4.793425822101998E-6", "-.005676471233037137", "1.237768007558535E-6", "-1.330564475653471E-5", "-1.094654359146565E-6"], ["2.996339112042226E-6", ".001667175002291206", ".6210479773838435", "-1.330564475653471E-5", ".007699582139979098", "5.05310320752488E-6"], ["6.420541378337302E-7", "-4.991573361845106E-6", ".004034282315981574", "-1.094654359146565E-6", "5.05310320752488E-6", "9.904899517626466E-7"]], "epoch": "2456934.5"}, "comment": null, "sb_used": "SB441-N16", "model_pars": [], "moid": "28.2387", "equinox": "J2000", "not_valid_before": null, "rms": ".25929", "data_arc": "1499", "condition_code": "5", "first_obs": "2013-09-13", "t_jup": "5.036", "source": "JPL", "last_obs": "2017-10-21", "moid_jup": "24.5298"}}