{"object": {"spkid": "3046132", "neo": false, "pha": false, "kind": "au", "orbit_id": "5", "orbit_class": {"code": "TNO", "name": "TransNeptunian Object"}, "fullname": "(2000 PX29)", "prefix": null, "des": "2000 PX29"}, "orbit": {"last_obs": "2019-09-04", "producer": "Otto Matic", "t_jup": "5.815", "model_pars": [], "condition_code": "5", "not_valid_after": null, "equinox": "J2000", "moid_jup": "35.2699", "soln_date": "2021-04-14 20:57:11", "elements": [{"label": "e", "units": null, "value": ".06154889455226872", "title": "eccentricity", "sigma": "7.9877E-5", "name": "e"}, {"title": "semi-major axis", "name": "a", "sigma": ".035957", "label": "a", "value": "42.86436354849502", "units": "au"}, {"name": "q", "sigma": ".036003", "title": "perihelion distance", "label": "q", "units": "au", "value": "40.22610935639859"}, {"name": "i", "sigma": ".00041553", "title": "inclination; angle with respect to x-y ecliptic plane", "value": "6.398104529327865", "label": "i", "units": "deg"}, {"name": "om", "sigma": ".00055294", "title": "longitude of the ascending node", "units": "deg", "label": "node", "value": "135.3178777837203"}, {"units": "deg", "label": "peri", "value": "266.1104427037411", "title": "argument of perihelion", "name": "w", "sigma": ".60911"}, {"sigma": ".56971", "name": "ma", "title": "mean anomaly", "label": "M", "units": "deg", "value": "301.0671081483915"}, {"units": "TDB", "label": "tp", "value": "2476980.743096718554", "title": "time of perihelion passage", "name": "tp", "sigma": "141.1"}, {"label": "period", "value": "102504.5153058072", "units": "d", "title": "sidereal orbital period", "name": "per", "sigma": "128.98"}, {"label": "n", "units": "deg/d", "value": ".003512040410376", "title": "mean motion", "sigma": "4.4192E-6", "name": "n"}, {"value": "45.50261774059145", "label": "Q", "units": "au", "title": "aphelion distance", "name": "ad", "sigma": ".038171"}], "comment": null, "epoch": "2460200.5", "not_valid_before": null, "source": "JPL", "moid": "39.24", "sb_used": "SB441-N16", "n_obs_used": 28, "covariance": {"epoch": "2453284.5", "elements": [{"title": "eccentricity", "sigma": 0.000153516130745156, "name": "e", "label": "e", "value": ".05541257625764585", "units": null}, {"label": "q", "units": "au", "value": "40.08324223516856", "sigma": 0.0393728554432305, "name": "q", "title": "perihelion distance"}, {"name": "tp", "sigma": 150.445340057638, "title": "time of perihelion passage", "label": "tp", "value": "2479025.058876428346", "units": "TDB"}, {"name": "om", "sigma": 0.000551838925954138, "title": "longitude of the ascending node", "units": "deg", "label": "node", "value": "135.3259102671497"}, {"label": "peri", "units": "deg", "value": "273.9342276298203", "title": "argument of perihelion", "name": "w", "sigma": 0.659501451997563}, {"value": "6.41877636150314", "label": "i", "units": "deg", "name": "i", "sigma": 0.000416415753833439, "title": "inclination"}], "labels": ["e", "q", "tp", "node", "peri", "i"], "data": [["2.356720239896395E-8", "-5.670339079428986E-6", ".02102546549864939", "-4.61658068517817E-9", "9.265393013807384E-5", "-4.95544230846519E-9"], ["-5.670339079428986E-6", ".001550221745753526", "-5.907565241912917", "1.365848013358193E-6", "-.02591737970223094", "1.35287902475705E-6"], [".02102546549864939", "-5.907565241912917", "22633.80034505833", "-.00528233247498521", "99.21198046095128", "-.005153627990076988"], ["-4.61658068517817E-9", "1.365848013358193E-6", "-.00528233247498521", "3.045262001982172E-7", "-2.342120514339833E-5", "-1.119995401311832E-7"], ["9.265393013807384E-5", "-.02591737970223094", "99.21198046095128", "-2.342120514339833E-5", ".4349421651868944", "-2.249868194661242E-5"], ["-4.95544230846519E-9", "1.35287902475705E-6", "-.005153627990076988", "-1.119995401311832E-7", "-2.249868194661242E-5", "1.734020800406712E-7"]]}, "rms": ".33164", "n_dop_obs_used": null, "n_del_obs_used": null, "first_obs": "2000-07-31", "data_arc": "6974", "pe_used": "DE441", "two_body": null, "orbit_id": "5"}, "signature": {"version": "1.3", "source": "NASA/JPL Small-Body Database (SBDB) API"}}