{"signature": {"version": "1.3", "source": "NASA/JPL Small-Body Database (SBDB) API"}, "orbit": {"n_del_obs_used": null, "not_valid_after": null, "producer": "Otto Matic", "soln_date": "2021-09-17 12:42:07", "elements": [{"name": "e", "title": "eccentricity", "units": null, "sigma": ".00047452", "label": "e", "value": ".2500722979721114"}, {"title": "semi-major axis", "name": "a", "label": "a", "sigma": ".017715", "units": "au", "value": "47.46985466015789"}, {"value": "35.59895902089006", "label": "q", "sigma": ".01372", "units": "au", "title": "perihelion distance", "name": "q"}, {"value": "30.77542331960591", "label": "i", "units": "deg", "sigma": ".00030242", "title": "inclination; angle with respect to x-y ecliptic plane", "name": "i"}, {"name": "om", "title": "longitude of the ascending node", "sigma": ".0019135", "units": "deg", "label": "node", "value": "95.12098793481826"}, {"name": "w", "title": "argument of perihelion", "units": "deg", "sigma": ".18406", "label": "peri", "value": "316.9166487870616"}, {"title": "mean anomaly", "name": "ma", "label": "M", "units": "deg", "sigma": ".097626", "value": "350.4429711960728"}, {"sigma": "33.181", "units": "TDB", "label": "tp", "name": "tp", "title": "time of perihelion passage", "value": "2463371.860948521140"}, {"label": "period", "sigma": "66.873", "units": "d", "title": "sidereal orbital period", "name": "per", "value": "119460.7618006199"}, {"value": ".003013541807148695", "name": "n", "title": "mean motion", "units": "deg/d", "sigma": "1.6869E-6", "label": "n"}, {"title": "aphelion distance", "name": "ad", "label": "Q", "sigma": ".022145", "units": "au", "value": "59.34075029942571"}], "two_body": null, "n_obs_used": 12, "orbit_id": "1", "n_dop_obs_used": null, "epoch": "2460200.5", "pe_used": "DE441", "sb_used": "SB441-N16", "comment": null, "covariance": {"epoch": "2457518.5", "data": [["2.381099852307511E-7", "-5.904315261357758E-6", ".01469771644267361", "-9.671700107862026E-8", "8.186707450593558E-5", "1.498659477830993E-8"], ["-5.904315261357758E-6", ".0002022545605057004", "-.4822673658410229", "4.273775361629064E-6", "-.002679157536364922", "-5.850439617219014E-7"], [".01469771644267361", "-.4822673658410229", "1156.797243726922", "-.009903992555411405", "6.42773128764768", ".001373389107081475"], ["-9.671700107862026E-8", "4.273775361629064E-6", "-.009903992555411405", "3.676067945768224E-6", "-5.801270243687889E-5", "-5.77976418121128E-7"], ["8.186707450593558E-5", "-.002679157536364922", "6.42773128764768", "-5.801270243687889E-5", ".03571945211956033", "8.109130997294629E-6"], ["1.498659477830993E-8", "-5.850439617219014E-7", ".001373389107081475", "-5.77976418121128E-7", "8.109130997294629E-6", "9.272237813227106E-8"]], "labels": ["e", "q", "tp", "node", "peri", "i"], "elements": [{"name": "e", "title": "eccentricity", "sigma": 0.000487965147557437, "units": null, "label": "e", "value": ".2393274800144781"}, {"label": "q", "sigma": 0.0142216229912658, "units": "au", "title": "perihelion distance", "name": "q", "value": "35.54390298631114"}, {"value": "2463628.086470649027", "title": "time of perihelion passage", "name": "tp", "label": "tp", "units": "TDB", "sigma": 34.0117221517365}, {"value": "95.08829723851393", "name": "om", "title": "longitude of the ascending node", "sigma": 0.00191730747293391, "units": "deg", "label": "node"}, {"value": "318.198825611443", "sigma": 0.18899590503384, "units": "deg", "label": "peri", "name": "w", "title": "argument of perihelion"}, {"value": "30.79706973365317", "title": "inclination", "name": "i", "label": "i", "units": "deg", "sigma": 0.000304503494450016}]}, "equinox": "J2000", "moid": "34.6728", "model_pars": [], "rms": ".22721", "not_valid_before": null, "first_obs": "2014-09-04", "condition_code": "4", "data_arc": "1231", "t_jup": "5.135", "source": "JPL", "last_obs": "2018-01-17", "moid_jup": "30.8662"}, "object": {"des": "2014 RT86", "kind": "au", "spkid": "54198366", "neo": false, "fullname": "(2014 RT86)", "prefix": null, "orbit_id": "1", "orbit_class": {"code": "TNO", "name": "TransNeptunian Object"}, "pha": false}}