{"signature": {"version": "1.3", "source": "NASA/JPL Small-Body Database (SBDB) API"}, "object": {"orbit_class": {"code": "TNO", "name": "TransNeptunian Object"}, "pha": false, "kind": "an", "orbit_id": "10", "fullname": "538691 (2016 FW59)", "des": "538691", "prefix": null, "neo": false, "spkid": "20538691"}, "orbit": {"orbit_id": "10", "pe_used": "DE441", "two_body": null, "n_del_obs_used": null, "first_obs": "2011-03-15", "data_arc": "4005", "rms": ".68953", "n_dop_obs_used": null, "sb_used": "SB441-N16", "source": "JPL", "moid": "38.9995", "n_obs_used": 113, "covariance": {"elements": [{"label": "e", "units": null, "value": ".06471387920879443", "title": "eccentricity", "name": "e", "sigma": 4.82413556764296e-05}, {"label": "q", "units": "au", "value": "40.76251406036665", "title": "perihelion distance", "name": "q", "sigma": 0.0031174772113378}, {"name": "tp", "sigma": 13.5227851012712, "title": "time of perihelion passage", "units": "TDB", "label": "tp", "value": "2495335.626539762205"}, {"title": "longitude of the ascending node", "sigma": 0.00151062400341542, "name": "om", "units": "deg", "label": "node", "value": "290.0473598595158"}, {"title": "argument of perihelion", "sigma": 0.0427802294732801, "name": "w", "units": "deg", "label": "peri", "value": "29.79546966247407"}, {"value": "6.29310494137624", "label": "i", "units": "deg", "sigma": 5.0117920463617e-05, "name": "i", "title": "inclination"}], "epoch": "2457020.5", "labels": ["e", "q", "tp", "node", "peri", "i"], "data": [["2.327228397499782E-9", "-1.320487710676807E-7", "-.000488745786715306", "-2.501681125946562E-9", "-1.212950560247676E-6", "-1.116764992998055E-10"], ["-1.320487710676807E-7", "9.718664163210478E-6", ".01439535109730326", "8.212411741344126E-8", "1.730024550265723E-5", "5.735728925580795E-9"], ["-.000488745786715306", ".01439535109730326", "182.8657168951622", ".0008837100448454192", ".5644270427535972", "2.714091850487447E-5"], ["-2.501681125946562E-9", "8.212411741344126E-8", ".0008837100448454192", "2.281984879694834E-6", "4.243079425394557E-7", "7.510620134978702E-8"], ["-1.212950560247676E-6", "1.730024550265723E-5", ".5644270427535972", "4.243079425394557E-7", ".001830148033786502", "-2.130437200518044E-9"], ["-1.116764992998055E-10", "5.735728925580795E-9", "2.714091850487447E-5", "7.510620134978702E-8", "-2.130437200518044E-9", "2.511805951597439E-9"]]}, "not_valid_before": null, "elements": [{"sigma": "4.4955E-5", "name": "e", "title": "eccentricity", "label": "e", "units": null, "value": ".07243170537504245"}, {"label": "a", "value": "43.13398941856761", "units": "au", "title": "semi-major axis", "sigma": ".0016943", "name": "a"}, {"name": "q", "sigma": ".0030146", "title": "perihelion distance", "label": "q", "value": "40.00972100535172", "units": "au"}, {"units": "deg", "label": "i", "value": "6.29944922176293", "name": "i", "sigma": "5.0617E-5", "title": "inclination; angle with respect to x-y ecliptic plane"}, {"title": "longitude of the ascending node", "sigma": ".0015163", "name": "om", "label": "node", "value": "290.1642346288747", "units": "deg"}, {"units": "deg", "label": "peri", "value": "35.53172679415727", "title": "argument of perihelion", "name": "w", "sigma": ".040216"}, {"sigma": ".046762", "name": "ma", "title": "mean anomaly", "label": "M", "value": "234.0026618616666", "units": "deg"}, {"title": "time of perihelion passage", "sigma": "12.783", "name": "tp", "label": "tp", "units": "TDB", "value": "2496415.353897295347"}, {"value": "103473.1970981206", "label": "period", "units": "d", "name": "per", "sigma": "6.0967", "title": "sidereal orbital period"}, {"name": "n", "sigma": "2.05E-7", "title": "mean motion", "label": "n", "units": "deg/d", "value": ".003479161851533615"}, {"units": "au", "label": "Q", "value": "46.2582578317835", "title": "aphelion distance", "name": "ad", "sigma": ".0018171"}], "comment": null, "epoch": "2460200.5", "moid_jup": "34.9822", "soln_date": "2022-04-13 12:19:06", "condition_code": "3", "not_valid_after": null, "equinox": "J2000", "model_pars": [], "t_jup": "5.829", "last_obs": "2022-03-02", "producer": "Otto Matic"}}