{"object": {"pha": false, "orbit_id": "7", "orbit_class": {"name": "TransNeptunian Object", "code": "TNO"}, "prefix": null, "neo": false, "fullname": "530055 (2010 VW224)", "spkid": "20530055", "des": "530055", "kind": "an"}, "orbit": {"t_jup": "5.814", "first_obs": "2006-01-31", "condition_code": "3", "data_arc": "6145", "not_valid_before": null, "rms": ".6926", "moid_jup": "32.8418", "last_obs": "2022-11-28", "source": "JPL", "orbit_id": "7", "n_dop_obs_used": null, "epoch": "2460200.5", "two_body": null, "n_obs_used": 100, "soln_date": "2023-02-09 15:45:54", "producer": "Otto Matic", "elements": [{"units": null, "sigma": "2.3651E-5", "label": "e", "name": "e", "title": "eccentricity", "value": ".132353410554423"}, {"title": "semi-major axis", "name": "a", "label": "a", "units": "au", "sigma": ".0013218", "value": "43.99643620014616"}, {"value": "38.17335781681673", "name": "q", "title": "perihelion distance", "sigma": ".0021863", "units": "au", "label": "q"}, {"title": "inclination; angle with respect to x-y ecliptic plane", "name": "i", "label": "i", "units": "deg", "sigma": ".00013753", "value": "8.884752241671956"}, {"sigma": ".0005437", "units": "deg", "label": "node", "name": "om", "title": "longitude of the ascending node", "value": "102.4420808974294"}, {"value": "148.457886533159", "label": "peri", "units": "deg", "sigma": ".028344", "title": "argument of perihelion", "name": "w"}, {"title": "mean anomaly", "name": "ma", "label": "M", "sigma": ".036589", "units": "deg", "value": "191.114137110393"}, {"title": "time of perihelion passage", "name": "tp", "label": "tp", "units": "TDB", "sigma": "10.631", "value": "2510205.734934293556"}, {"value": "106592.0158640673", "title": "sidereal orbital period", "name": "per", "label": "period", "units": "d", "sigma": "4.8036"}, {"title": "mean motion", "name": "n", "label": "n", "units": "deg/d", "sigma": "1.522E-7", "value": ".00337736365225604"}, {"value": "49.81951458347558", "title": "aphelion distance", "name": "ad", "label": "Q", "units": "au", "sigma": ".0014967"}], "not_valid_after": null, "n_del_obs_used": null, "equinox": "J2000", "moid": "37.1618", "model_pars": [], "sb_used": "SB441-N16", "covariance": {"elements": [{"value": ".1347692043143043", "name": "e", "title": "eccentricity", "sigma": 2.32570643966802e-05, "units": null, "label": "e"}, {"value": "38.0008499266829", "units": "au", "sigma": 0.00216165131774287, "label": "q", "name": "q", "title": "perihelion distance"}, {"value": "2509409.484537974451", "units": "TDB", "sigma": 10.3980346710842, "label": "tp", "name": "tp", "title": "time of perihelion passage"}, {"name": "om", "title": "longitude of the ascending node", "units": "deg", "sigma": 0.000545309661057109, "label": "node", "value": "102.4949656621202"}, {"name": "w", "title": "argument of perihelion", "units": "deg", "sigma": 0.0278636873346955, "label": "peri", "value": "146.7274867254233"}, {"title": "inclination", "name": "i", "label": "i", "units": "deg", "sigma": 0.000137711974160095, "value": "8.87634697630199"}], "labels": ["e", "q", "tp", "node", "peri", "i"], "data": [["5.408910443513279E-10", "-5.019097580236086E-8", "-1.778639425665148E-5", "5.533458244748927E-10", "9.764210256749951E-8", "-1.687101009640395E-10"], ["-5.019097580236086E-8", "4.672736419499507E-6", ".0006264780353223443", "-5.419340189272699E-8", "-1.180962294944354E-5", "1.641013492201994E-8"], ["-1.778639425665148E-5", ".0006264780353223443", "108.1191250210687", ".0002439798191465899", ".2823487961551379", "-6.238247083478234E-5"], ["5.533458244748927E-10", "-5.419340189272699E-8", ".0002439798191465899", "2.973626264422186E-7", "5.053831082124186E-7", "-7.48556340417401E-8"], ["9.764210256749951E-8", "-1.180962294944354E-5", ".2823487961551379", "5.053831082124186E-7", ".0007763850718856683", "-1.378045113875889E-7"], ["-1.687101009640395E-10", "1.641013492201994E-8", "-6.238247083478234E-5", "-7.48556340417401E-8", "-1.378045113875889E-7", "1.896458782707071E-8"]], "epoch": "2456959.5"}, "comment": null, "pe_used": "DE441"}, "signature": {"version": "1.3", "source": "NASA/JPL Small-Body Database (SBDB) API"}}