{"signature": {"version": "1.3", "source": "NASA/JPL Small-Body Database (SBDB) API"}, "orbit": {"first_obs": "2013-10-11", "n_del_obs_used": null, "data_arc": "1873", "rms": ".19087", "n_dop_obs_used": null, "orbit_id": "1", "pe_used": "DE441", "two_body": null, "not_valid_before": null, "epoch": "2460200.5", "comment": null, "elements": [{"label": "e", "value": ".2127654386876767", "units": null, "sigma": ".00042287", "name": "e", "title": "eccentricity"}, {"label": "a", "units": "au", "value": "46.3392193804924", "title": "semi-major axis", "sigma": ".015001", "name": "a"}, {"value": "36.47983504055745", "label": "q", "units": "au", "name": "q", "sigma": ".010997", "title": "perihelion distance"}, {"units": "deg", "label": "i", "value": "13.94978930745597", "title": "inclination; angle with respect to x-y ecliptic plane", "name": "i", "sigma": ".00053858"}, {"units": "deg", "label": "node", "value": "52.05027484192739", "title": "longitude of the ascending node", "sigma": ".0019992", "name": "om"}, {"title": "argument of perihelion", "name": "w", "sigma": ".065255", "units": "deg", "label": "peri", "value": "260.3960751920678"}, {"name": "ma", "sigma": ".034484", "title": "mean anomaly", "units": "deg", "label": "M", "value": "46.64365798485583"}, {"name": "tp", "sigma": "9.5932", "title": "time of perihelion passage", "value": "2445272.157222996768", "label": "tp", "units": "TDB"}, {"units": "d", "label": "period", "value": "115218.3090242633", "title": "sidereal orbital period", "name": "per", "sigma": "55.949"}, {"title": "mean motion", "sigma": "1.5172E-6", "name": "n", "value": ".003124503414853878", "label": "n", "units": "deg/d"}, {"title": "aphelion distance", "sigma": ".018193", "name": "ad", "label": "Q", "units": "au", "value": "56.19860372042736"}], "sb_used": "SB441-N16", "source": "JPL", "n_obs_used": 19, "moid": "35.495", "covariance": {"labels": ["e", "q", "tp", "node", "peri", "i"], "data": [["1.841609888709203E-7", "-4.12911973766875E-6", "-.002029461888995871", "6.648347593103292E-8", "-1.908388076336176E-5", "-1.500210370164084E-8"], ["-4.12911973766875E-6", ".000127060377743401", ".08825440323719408", "-1.764809644918757E-6", ".0006817350365869494", "4.740082156023636E-7"], ["-.002029461888995871", ".08825440323719408", "75.64728105937236", "-.001072298892244271", ".5261894324892585", ".000334995346901846"], ["6.648347593103292E-8", "-1.764809644918757E-6", "-.001072298892244271", "3.978300292469639E-6", "-1.274136333278361E-5", "-1.078101384365568E-6"], ["-1.908388076336176E-5", ".0006817350365869494", ".5261894324892585", "-1.274136333278361E-5", ".003854918407899219", "3.60361490127739E-6"], ["-1.500210370164084E-8", "4.740082156023636E-7", ".000334995346901846", "-1.078101384365568E-6", "3.60361490127739E-6", "2.945326779230344E-7"]], "epoch": "2457727.5", "elements": [{"sigma": 0.000429139824382357, "name": "e", "title": "eccentricity", "label": "e", "units": null, "value": ".2073376754290907"}, {"units": "au", "label": "q", "value": "36.22168960627528", "title": "perihelion distance", "name": "q", "sigma": 0.0112721061804527}, {"sigma": 8.69754454195967, "name": "tp", "title": "time of perihelion passage", "label": "tp", "value": "2444667.244915806066", "units": "TDB"}, {"value": "51.89411473928904", "label": "node", "units": "deg", "title": "longitude of the ascending node", "sigma": 0.00199456769563473, "name": "om"}, {"title": "argument of perihelion", "sigma": 0.0620879892402647, "name": "w", "value": "257.5488313092566", "label": "peri", "units": "deg"}, {"units": "deg", "label": "i", "value": "14.00434584462182", "sigma": 0.000542708649206031, "name": "i", "title": "inclination"}]}, "not_valid_after": null, "equinox": "J2000", "condition_code": "4", "model_pars": [], "moid_jup": "31.5455", "soln_date": "2021-09-15 10:42:08", "producer": "Otto Matic", "last_obs": "2018-11-27", "t_jup": "5.772"}, "object": {"fullname": "(2014 TD115)", "prefix": null, "des": "2014 TD115", "orbit_class": {"code": "TNO", "name": "TransNeptunian Object"}, "pha": false, "orbit_id": "1", "kind": "au", "neo": false, "spkid": "54197615"}}