{"signature": {"version": "1.3", "source": "NASA/JPL Small-Body Database (SBDB) API"}, "orbit": {"source": "JPL", "last_obs": "2018-11-29", "moid_jup": "29.1792", "rms": ".20872", "not_valid_before": null, "condition_code": "4", "first_obs": "2014-08-19", "data_arc": "1563", "t_jup": "5.682", "pe_used": "DE441", "sb_used": "SB441-N16", "comment": null, "covariance": {"elements": [{"label": "e", "units": null, "sigma": 0.000156750936397821, "title": "eccentricity", "name": "e", "value": ".4788569581965728"}, {"value": "33.69480515966303", "name": "q", "title": "perihelion distance", "sigma": 0.00136611472208863, "units": "au", "label": "q"}, {"label": "tp", "units": "TDB", "sigma": 6.34538121584199, "title": "time of perihelion passage", "name": "tp", "value": "2457822.378318338816"}, {"sigma": 0.00130446501798119, "units": "deg", "label": "node", "name": "om", "title": "longitude of the ascending node", "value": "66.77204237486919"}, {"name": "w", "title": "argument of perihelion", "sigma": 0.0389687636613688, "units": "deg", "label": "peri", "value": "292.9172782221509"}, {"value": "25.71416127137515", "label": "i", "sigma": 0.00022828582125067, "units": "deg", "title": "inclination", "name": "i"}], "labels": ["e", "q", "tp", "node", "peri", "i"], "data": [["2.457085606159372E-8", "2.043360770091609E-7", "-.0001856905337184582", "-3.190797279178749E-8", "-1.113263929244611E-6", "8.119731354779192E-9"], ["2.043360770091609E-7", "1.866269433907307E-6", "-.003555489220109686", "-2.384962140257543E-7", "-2.160958369569831E-5", "6.391754841687356E-8"], ["-.0001856905337184582", "-.003555489220109686", "40.26386277436035", "-.0004946216319092656", ".2471604400971347", "6.189503180519897E-5"], ["-3.190797279178749E-8", "-2.384962140257543E-7", "-.0004946216319092656", "1.701628983136658E-6", "-4.55692161007942E-6", "-2.942675528172695E-7"], ["-1.113263929244611E-6", "-2.160958369569831E-5", ".2471604400971347", "-4.55692161007942E-6", ".001518564541295619", "6.426717755841175E-7"], ["8.119731354779192E-9", "6.391754841687356E-8", "6.189503180519897E-5", "-2.942675528172695E-7", "6.426717755841175E-7", "5.211441618409304E-8"]], "epoch": "2457599.5"}, "moid": "32.7971", "equinox": "J2000", "model_pars": [], "n_del_obs_used": null, "not_valid_after": null, "soln_date": "2021-09-17 12:42:04", "producer": "Otto Matic", "elements": [{"value": ".4914721289409407", "name": "e", "title": "eccentricity", "sigma": ".00015738", "units": null, "label": "e"}, {"label": "a", "sigma": ".023107", "units": "au", "title": "semi-major axis", "name": "a", "value": "66.29896414163511"}, {"label": "q", "units": "au", "sigma": ".0013834", "title": "perihelion distance", "name": "q", "value": "33.71487108836661"}, {"label": "i", "sigma": ".0002264", "units": "deg", "title": "inclination; angle with respect to x-y ecliptic plane", "name": "i", "value": "25.67229072340525"}, {"label": "node", "sigma": ".0013037", "units": "deg", "title": "longitude of the ascending node", "name": "om", "value": "66.90205389864325"}, {"label": "peri", "units": "deg", "sigma": ".038169", "title": "argument of perihelion", "name": "w", "value": "293.0999711670787"}, {"title": "mean anomaly", "name": "ma", "label": "M", "units": "deg", "sigma": ".011053", "value": "4.247223246352582"}, {"value": "2457874.224589907127", "sigma": "6.1921", "units": "TDB", "label": "tp", "name": "tp", "title": "time of perihelion passage"}, {"value": "197178.0382283002", "name": "per", "title": "sidereal orbital period", "units": "d", "sigma": "103.08", "label": "period"}, {"sigma": "9.545E-7", "units": "deg/d", "label": "n", "name": "n", "title": "mean motion", "value": ".001825761140716789"}, {"value": "98.8830571949036", "title": "aphelion distance", "name": "ad", "label": "Q", "units": "au", "sigma": ".034464"}], "two_body": null, "n_obs_used": 23, "n_dop_obs_used": null, "orbit_id": "1", "epoch": "2460200.5"}, "object": {"prefix": null, "orbit_id": "1", "orbit_class": {"name": "TransNeptunian Object", "code": "TNO"}, "neo": false, "fullname": "(2014 QQ562)", "pha": false, "spkid": "54198351", "kind": "au", "des": "2014 QQ562"}}