{"signature": {"version": "1.3", "source": "NASA/JPL Small-Body Database (SBDB) API"}, "orbit": {"moid_jup": "24.7174", "source": "JPL", "last_obs": "2016-07-05", "t_jup": "4.281", "not_valid_before": null, "rms": ".18895", "data_arc": "767", "first_obs": "2014-05-30", "condition_code": "4", "model_pars": [], "moid": "28.3031", "equinox": "J2000", "pe_used": "DE441", "covariance": {"labels": ["e", "q", "tp", "node", "peri", "i"], "elements": [{"name": "e", "title": "eccentricity", "units": null, "sigma": 0.000727095420134112, "label": "e", "value": ".2566728579995089"}, {"value": "29.30034814886061", "sigma": 0.0168357095890511, "units": "au", "label": "q", "name": "q", "title": "perihelion distance"}, {"title": "time of perihelion passage", "name": "tp", "label": "tp", "sigma": 6.11995306459094, "units": "TDB", "value": "2467092.577846250389"}, {"sigma": 0.00027734128916125, "units": "deg", "label": "node", "name": "om", "title": "longitude of the ascending node", "value": "63.71374201785006"}, {"value": "235.4106667354816", "title": "argument of perihelion", "name": "w", "label": "peri", "sigma": 0.0823441886890723, "units": "deg"}, {"units": "deg", "sigma": 0.0011941450556231, "label": "i", "name": "i", "title": "inclination", "value": "38.55351900787458"}], "data": [["5.286677499800003E-7", "-1.165454656358063E-5", ".003186782156361377", "3.250660614611319E-8", "5.323522938956657E-5", "-1.497206063119445E-7"], ["-1.165454656358063E-5", ".0002834411173668669", "-.09209970838476962", "-7.240291594229933E-7", "-.001367111681715823", "3.054258158108132E-6"], [".003186782156361377", "-.09209970838476962", "37.45382551279603", ".000202652076102379", ".4816913143384923", "-.0007086122285939915"], ["3.250660614611319E-8", "-7.240291594229933E-7", ".000202652076102379", "7.691819067362435E-8", "3.272106738552687E-6", "-3.264750784181858E-7"], ["5.323522938956657E-5", "-.001367111681715823", ".4816913143384923", "3.272106738552687E-6", ".006780565410861548", "-1.307977188963527E-5"], ["-1.497206063119445E-7", "3.054258158108132E-6", "-.0007086122285939915", "-3.264750784181858E-7", "-1.307977188963527E-5", "1.425982413869107E-6"]], "epoch": "2457164.5"}, "comment": null, "sb_used": "SB441-N16", "n_obs_used": 25, "two_body": null, "epoch": "2460200.5", "n_dop_obs_used": null, "orbit_id": "2", "n_del_obs_used": null, "not_valid_after": null, "elements": [{"value": ".2576632976598776", "label": "e", "sigma": ".00073316", "units": null, "title": "eccentricity", "name": "e"}, {"value": "39.2948840321567", "title": "semi-major axis", "name": "a", "label": "a", "sigma": ".018495", "units": "au"}, {"label": "q", "units": "au", "sigma": ".016874", "title": "perihelion distance", "name": "q", "value": "29.17003463126874"}, {"value": "38.62745111533907", "label": "i", "units": "deg", "sigma": ".0012011", "title": "inclination; angle with respect to x-y ecliptic plane", "name": "i"}, {"label": "node", "sigma": ".00027778", "units": "deg", "title": "longitude of the ascending node", "name": "om", "value": "63.74864624140033"}, {"value": "236.6112697807239", "title": "argument of perihelion", "name": "w", "label": "peri", "sigma": ".078676", "units": "deg"}, {"title": "mean anomaly", "name": "ma", "label": "M", "units": "deg", "sigma": ".024271", "value": "331.828807723174"}, {"value": "2467241.027044218375", "name": "tp", "title": "time of perihelion passage", "sigma": "5.4786", "units": "TDB", "label": "tp"}, {"title": "sidereal orbital period", "name": "per", "label": "period", "sigma": "63.519", "units": "d", "value": "89970.97854475983"}, {"value": ".004001290258512671", "label": "n", "sigma": "2.8249E-6", "units": "deg/d", "title": "mean motion", "name": "n"}, {"value": "49.41973343304467", "name": "ad", "title": "aphelion distance", "units": "au", "sigma": ".02326", "label": "Q"}], "producer": "Otto Matic", "soln_date": "2021-04-15 13:49:22"}, "object": {"orbit_id": "2", "orbit_class": {"name": "TransNeptunian Object", "code": "TNO"}, "prefix": null, "fullname": "(2015 KQ173)", "neo": false, "pha": false, "spkid": "3830926", "kind": "au", "des": "2015 KQ173"}}