{"signature": {"version": "1.3", "source": "NASA/JPL Small-Body Database (SBDB) API"}, "orbit": {"not_valid_before": null, "rms": ".17162", "data_arc": "6961", "condition_code": "4", "first_obs": "2004-08-15", "t_jup": "5.927", "source": "JPL", "last_obs": "2023-09-06", "moid_jup": "34.8534", "not_valid_after": null, "n_del_obs_used": null, "elements": [{"title": "eccentricity", "name": "e", "label": "e", "sigma": ".00010305", "units": null, "value": ".09392519611330813"}, {"sigma": ".010943", "units": "au", "label": "a", "name": "a", "title": "semi-major axis", "value": "44.49154287133094"}, {"label": "q", "units": "au", "sigma": ".013901", "title": "perihelion distance", "name": "q", "value": "40.31266598175753"}, {"title": "inclination; angle with respect to x-y ecliptic plane", "name": "i", "label": "i", "units": "deg", "sigma": ".00041234", "value": "3.745146832732209"}, {"title": "longitude of the ascending node", "name": "om", "label": "node", "sigma": ".0018515", "units": "deg", "value": "120.0804102167871"}, {"sigma": ".10704", "units": "deg", "label": "peri", "name": "w", "title": "argument of perihelion", "value": "74.36088291853214"}, {"value": "132.6744281283993", "name": "ma", "title": "mean anomaly", "sigma": ".11719", "units": "deg", "label": "M"}, {"title": "time of perihelion passage", "name": "tp", "label": "tp", "units": "TDB", "sigma": "21.457", "value": "2420252.103652804093"}, {"value": "108396.3419919361", "label": "period", "sigma": "39.992", "units": "d", "title": "sidereal orbital period", "name": "per"}, {"value": ".003321145283913559", "title": "mean motion", "name": "n", "label": "n", "units": "deg/d", "sigma": "1.2253E-6"}, {"value": "48.67041976090435", "name": "ad", "title": "aphelion distance", "units": "au", "sigma": ".011971", "label": "Q"}], "soln_date": "2023-10-20 05:42:42", "producer": "Otto Matic", "two_body": null, "n_obs_used": 20, "epoch": "2460200.5", "orbit_id": "7", "n_dop_obs_used": null, "pe_used": "DE441", "covariance": {"elements": [{"title": "eccentricity", "name": "e", "label": "e", "units": null, "sigma": 0.000101942311498373, "value": ".101506203071691"}, {"value": "39.82472825122824", "name": "q", "title": "perihelion distance", "units": "au", "sigma": 0.0136764673729442, "label": "q"}, {"name": "tp", "title": "time of perihelion passage", "units": "TDB", "sigma": 19.1136652854371, "label": "tp", "value": "2420731.983648897221"}, {"value": "120.0826255007022", "title": "longitude of the ascending node", "name": "om", "label": "node", "sigma": 0.00185490907685323, "units": "deg"}, {"value": "74.52041970163705", "title": "argument of perihelion", "name": "w", "label": "peri", "units": "deg", "sigma": 0.0990959905459643}, {"name": "i", "title": "inclination", "units": "deg", "sigma": 0.000412926197295041, "label": "i", "value": "3.745817004895804"}], "labels": ["e", "q", "tp", "node", "peri", "i"], "epoch": "2453966.5", "data": [["1.039223487363132E-8", "-1.263848044830773E-6", "-.0008722308466220989", "1.498358732709789E-9", "-6.714907700093264E-6", "-3.441944257539798E-10"], ["-1.263848044830773E-6", ".000187045759803206", ".2046504322576881", "-1.039368229738643E-7", ".001243748537746702", "7.90801387701788E-8"], ["-.0008722308466220989", ".2046504322576881", "365.3322006437224", ".0001068727703096793", "1.828442150781287", ".0001388077395835282"], ["1.498358732709789E-9", "-1.039368229738643E-7", ".0001068727703096793", "3.44068768339252E-6", "-3.394652219287023E-6", "7.311199293923506E-7"], ["-6.714907700093264E-6", ".001243748537746702", "1.828442150781287", "-3.394652219287023E-6", ".009820015342285843", "-3.069332111775915E-8"], ["-3.441944257539798E-10", "7.90801387701788E-8", ".0001388077395835282", "7.311199293923506E-7", "-3.069332111775915E-8", "1.705080444125432E-7"]]}, "comment": null, "sb_used": "SB441-N16", "model_pars": [], "equinox": "J2000", "moid": "39.313"}, "object": {"pha": false, "prefix": null, "orbit_class": {"name": "TransNeptunian Object", "code": "TNO"}, "orbit_id": "7", "neo": false, "fullname": "(2004 PX117)", "spkid": "3564167", "des": "2004 PX117", "kind": "au"}}