{"signature": {"version": "1.3", "source": "NASA/JPL Small-Body Database (SBDB) API"}, "orbit": {"source": "JPL", "last_obs": "2021-11-05", "moid_jup": "26.1493", "not_valid_before": null, "rms": ".11429", "data_arc": "2269", "condition_code": "4", "first_obs": "2015-08-20", "t_jup": "5.520", "pe_used": "DE441", "covariance": {"labels": ["e", "q", "tp", "node", "peri", "i"], "elements": [{"units": null, "sigma": 0.000112262674353407, "label": "e", "name": "e", "title": "eccentricity", "value": ".2044951674237967"}, {"value": "31.16452409057898", "label": "q", "sigma": 0.0008382932037282, "units": "au", "title": "perihelion distance", "name": "q"}, {"value": "2458160.031257540696", "title": "time of perihelion passage", "name": "tp", "label": "tp", "units": "TDB", "sigma": 6.90247735388545}, {"sigma": 0.0150990466257165, "units": "deg", "label": "node", "name": "om", "title": "longitude of the ascending node", "value": "100.1617959326279"}, {"units": "deg", "sigma": 0.0455867546230541, "label": "peri", "name": "w", "title": "argument of perihelion", "value": "318.0049157352728"}, {"value": "1.654422735624529", "units": "deg", "sigma": 0.000422508293418915, "label": "i", "name": "i", "title": "inclination"}], "epoch": "2457533.5", "data": [["1.260290805297906E-8", "9.147878044316678E-8", "-.0004369073852476497", "1.919933757152507E-8", "-2.728862261482016E-6", "-4.230652147036593E-10"], ["9.147878044316678E-8", "7.027354954168894E-7", "-.00308399025147526", "1.431416111749544E-7", "-1.927593917424589E-5", "-3.114838121765002E-9"], ["-.0004369073852476497", "-.00308399025147526", "47.64419362090152", "-.001156950098250918", ".2969180440292957", "3.023092739505673E-5"], ["1.919933757152507E-8", "1.431416111749544E-7", "-.001156950098250918", ".0002279812090055601", "-.0002350665787787182", "-6.357198227160915E-6"], ["-2.728862261482016E-6", "-1.927593917424589E-5", ".2969180440292957", "-.0002350665787787182", ".002078152197062548", "6.542185665706473E-6"], ["-4.230652147036593E-10", "-3.114838121765002E-9", "3.023092739505673E-5", "-6.357198227160915E-6", "6.542185665706473E-6", "1.785132580077636E-7"]]}, "comment": null, "sb_used": "SB441-N16", "model_pars": [], "moid": "30.1802", "equinox": "J2000", "not_valid_after": null, "n_del_obs_used": null, "elements": [{"value": ".2127223452642831", "sigma": ".00011394", "units": null, "label": "e", "name": "e", "title": "eccentricity"}, {"value": "39.59074888221808", "title": "semi-major axis", "name": "a", "label": "a", "sigma": ".0067348", "units": "au"}, {"name": "q", "title": "perihelion distance", "sigma": ".00081385", "units": "au", "label": "q", "value": "31.16891192922336"}, {"value": "1.654038482787258", "sigma": ".00042062", "units": "deg", "label": "i", "name": "i", "title": "inclination; angle with respect to x-y ecliptic plane"}, {"value": "100.1655153244298", "label": "node", "sigma": ".015064", "units": "deg", "title": "longitude of the ascending node", "name": "om"}, {"units": "deg", "sigma": ".043974", "label": "peri", "name": "w", "title": "argument of perihelion", "value": "317.2686730085657"}, {"value": "8.514332607217007", "name": "ma", "title": "mean anomaly", "sigma": ".024991", "units": "deg", "label": "M"}, {"title": "time of perihelion passage", "name": "tp", "label": "tp", "sigma": "6.6074", "units": "TDB", "value": "2458048.525539363372"}, {"value": "90989.02304715202", "label": "period", "sigma": "23.217", "units": "d", "title": "sidereal orbital period", "name": "per"}, {"name": "n", "title": "mean motion", "units": "deg/d", "sigma": "1.0096E-6", "label": "n", "value": ".003956521214800186"}, {"label": "Q", "sigma": ".0081674", "units": "au", "title": "aphelion distance", "name": "ad", "value": "48.0125858352128"}], "soln_date": "2021-11-13 01:32:15", "producer": "Otto Matic", "two_body": null, "n_obs_used": 31, "epoch": "2460200.5", "orbit_id": "3", "n_dop_obs_used": null}, "object": {"spkid": "3830949", "des": "2015 VR164", "kind": "au", "pha": false, "orbit_id": "3", "orbit_class": {"name": "TransNeptunian Object", "code": "TNO"}, "prefix": null, "fullname": "(2015 VR164)", "neo": false}}