{"object": {"orbit_id": "7", "kind": "au", "pha": false, "orbit_class": {"code": "TNO", "name": "TransNeptunian Object"}, "des": "2013 TC172", "prefix": null, "fullname": "(2013 TC172)", "spkid": "3841666", "neo": false}, "orbit": {"model_pars": [], "equinox": "J2000", "not_valid_after": null, "condition_code": "4", "moid_jup": "36.8304", "soln_date": "2023-10-20 08:24:38", "producer": "Otto Matic", "last_obs": "2022-08-27", "t_jup": "5.881", "n_dop_obs_used": null, "rms": ".13594", "first_obs": "2000-09-19", "n_del_obs_used": null, "data_arc": "8012", "pe_used": "DE441", "two_body": null, "orbit_id": "7", "elements": [{"title": "eccentricity", "name": "e", "sigma": "5.2588E-5", "label": "e", "units": null, "value": ".04747297875443458"}, {"name": "a", "sigma": ".019492", "title": "semi-major axis", "label": "a", "value": "44.03987083225287", "units": "au"}, {"label": "q", "units": "au", "value": "41.94916697988528", "title": "perihelion distance", "name": "q", "sigma": ".019407"}, {"sigma": ".00029333", "name": "i", "title": "inclination; angle with respect to x-y ecliptic plane", "label": "i", "value": "7.461488389656045", "units": "deg"}, {"sigma": ".0034423", "name": "om", "title": "longitude of the ascending node", "value": "291.8936919453296", "label": "node", "units": "deg"}, {"value": "151.4664215120197", "label": "peri", "units": "deg", "sigma": ".40594", "name": "w", "title": "argument of perihelion"}, {"title": "mean anomaly", "name": "ma", "sigma": ".39892", "units": "deg", "label": "M", "value": "281.4616368052572"}, {"units": "TDB", "label": "tp", "value": "2483489.284749562481", "name": "tp", "sigma": "102.83", "title": "time of perihelion passage"}, {"title": "sidereal orbital period", "name": "per", "sigma": "70.871", "label": "period", "value": "106749.9011795512", "units": "d"}, {"name": "n", "sigma": "2.2389E-6", "title": "mean motion", "value": ".003372368461442295", "label": "n", "units": "deg/d"}, {"name": "ad", "sigma": ".020417", "title": "aphelion distance", "label": "Q", "units": "au", "value": "46.13057468462045"}], "comment": null, "epoch": "2460200.5", "not_valid_before": null, "moid": "40.9659", "source": "JPL", "sb_used": "SB441-N16", "n_obs_used": 33, "covariance": {"labels": ["e", "q", "tp", "node", "peri", "i"], "data": [["1.057705038167044E-8", "-2.106792690913261E-6", ".008230438850581164", "1.289295426923873E-8", "3.45959102440884E-5", "-6.667098441346501E-10"], ["-2.106792690913261E-6", ".0004916487143450394", "-2.057236272656205", "-3.548116438282099E-6", "-.008547147339412118", "1.239554102596821E-7"], [".008230438850581164", "-2.057236272656205", "8832.175894717804", ".01571071453787579", "36.54093786525343", "-.0004668365653283108"], ["1.289295426923873E-8", "-3.548116438282099E-6", ".01571071453787579", "1.191554251927669E-5", "5.289616948171409E-5", "1.002057803176374E-6"], ["3.45959102440884E-5", "-.008547147339412118", "36.54093786525343", "5.289616948171409E-5", ".1512938505266825", "-2.969401176775069E-6"], ["-6.667098441346501E-10", "1.239554102596821E-7", "-.0004668365653283108", "1.002057803176374E-6", "-2.969401176775069E-6", "8.72338607595389E-8"]], "elements": [{"label": "e", "value": ".04742576207099226", "units": null, "title": "eccentricity", "name": "e", "sigma": 0.000102844787819658}, {"name": "q", "sigma": 0.0221731530086508, "title": "perihelion distance", "label": "q", "units": "au", "value": "41.48152836228966"}, {"label": "tp", "units": "TDB", "value": "2486883.236966500619", "title": "time of perihelion passage", "name": "tp", "sigma": 93.9796568131519}, {"title": "longitude of the ascending node", "sigma": 0.00345188970265226, "name": "om", "value": "291.9979010846519", "label": "node", "units": "deg"}, {"units": "deg", "label": "peri", "value": "164.3463446776315", "name": "w", "sigma": 0.388965101939342, "title": "argument of perihelion"}, {"name": "i", "sigma": 0.00029535378914031, "title": "inclination", "value": "7.473380157627505", "label": "i", "units": "deg"}], "epoch": "2457044.5"}}, "signature": {"version": "1.3", "source": "NASA/JPL Small-Body Database (SBDB) API"}}