{"object": {"pha": false, "prefix": null, "orbit_class": {"name": "TransNeptunian Object", "code": "TNO"}, "orbit_id": "2", "neo": false, "fullname": "(2015 GF58)", "spkid": "3835561", "kind": "au", "des": "2015 GF58"}, "signature": {"version": "1.3", "source": "NASA/JPL Small-Body Database (SBDB) API"}, "orbit": {"elements": [{"sigma": ".00073179", "units": null, "label": "e", "name": "e", "title": "eccentricity", "value": ".07701576665622618"}, {"label": "a", "units": "au", "sigma": ".0073374", "title": "semi-major axis", "name": "a", "value": "43.68325447364662"}, {"value": "40.3189551403197", "label": "q", "sigma": ".027385", "units": "au", "title": "perihelion distance", "name": "q"}, {"value": "3.130741948570037", "title": "inclination; angle with respect to x-y ecliptic plane", "name": "i", "label": "i", "sigma": ".00083513", "units": "deg"}, {"title": "longitude of the ascending node", "name": "om", "label": "node", "units": "deg", "sigma": ".026965", "value": "83.57637491519768"}, {"title": "argument of perihelion", "name": "w", "label": "peri", "sigma": "1.1581", "units": "deg", "value": "144.9825644194202"}, {"title": "mean anomaly", "name": "ma", "label": "M", "sigma": ".97141", "units": "deg", "value": "348.1000322977612"}, {"value": "2463686.394094459732", "name": "tp", "title": "time of perihelion passage", "units": "TDB", "sigma": "285.11", "label": "tp"}, {"label": "period", "sigma": "26.57", "units": "d", "title": "sidereal orbital period", "name": "per", "value": "105455.9058819472"}, {"sigma": "8.6011E-7", "units": "deg/d", "label": "n", "name": "n", "title": "mean motion", "value": ".003413749064021153"}, {"value": "47.04755380697353", "title": "aphelion distance", "name": "ad", "label": "Q", "sigma": ".0079025", "units": "au"}], "producer": "Otto Matic", "soln_date": "2021-04-15 13:31:17", "not_valid_after": null, "n_del_obs_used": null, "epoch": "2460200.5", "n_dop_obs_used": null, "orbit_id": "2", "n_obs_used": 34, "two_body": null, "covariance": {"data": [["4.040768472108588E-7", "-1.474678362925605E-5", ".1638525116142027", "-8.659024116601988E-7", ".0006650271358888334", "2.709093205078779E-8"], ["-1.474678362925605E-5", ".0005592957192718935", "-6.179724082049838", "3.177430795646013E-5", "-.02507877503149513", "-9.889994271777879E-7"], [".1638525116142027", "-6.179724082049838", "68381.62073170276", "-.3536234362528647", "277.5094277944402", ".01101974621229326"], ["-8.659024116601988E-7", "3.177430795646013E-5", "-.3536234362528647", ".0007230002311467153", "-.002155208665177477", "-2.226572400429612E-5"], [".0006650271358888334", "-.02507877503149513", "277.5094277944402", "-.002155208665177477", "1.126921139976744", "6.689716713271402E-5"], ["2.709093205078779E-8", "-9.889994271777879E-7", ".01101974621229326", "-2.226572400429612E-5", "6.689716713271402E-5", "6.864486299469985E-7"]], "epoch": "2457291.5", "elements": [{"value": ".08681221952897111", "label": "e", "units": null, "sigma": 0.000635670391957073, "title": "eccentricity", "name": "e"}, {"label": "q", "units": "au", "sigma": 0.0236494338044676, "title": "perihelion distance", "name": "q", "value": "40.37963313422699"}, {"title": "time of perihelion passage", "name": "tp", "label": "tp", "units": "TDB", "sigma": 261.498796807371, "value": "2462768.815324694337"}, {"label": "node", "sigma": 0.0268886636177166, "units": "deg", "title": "longitude of the ascending node", "name": "om", "value": "83.63659066291991"}, {"value": "141.3015992949953", "sigma": 1.06156541954641, "units": "deg", "label": "peri", "name": "w", "title": "argument of perihelion"}, {"value": "3.127362981232388", "name": "i", "title": "inclination", "sigma": 0.00082852195501809, "units": "deg", "label": "i"}], "labels": ["e", "q", "tp", "node", "peri", "i"]}, "comment": null, "sb_used": "SB441-N16", "pe_used": "DE441", "model_pars": [], "equinox": "J2000", "moid": "39.3087", "data_arc": "771", "first_obs": "2015-02-17", "condition_code": "5", "not_valid_before": null, "rms": ".11076", "t_jup": "5.888", "last_obs": "2017-03-29", "source": "JPL", "moid_jup": "34.8982"}}