{"signature": {"version": "1.3", "source": "NASA/JPL Small-Body Database (SBDB) API"}, "object": {"spkid": "3027750", "neo": false, "prefix": null, "des": "1999 CQ133", "fullname": "(1999 CQ133)", "kind": "au", "orbit_id": "9", "pha": false, "orbit_class": {"code": "TNO", "name": "TransNeptunian Object"}}, "orbit": {"t_jup": "5.577", "last_obs": "2021-03-20", "producer": "Otto Matic", "moid_jup": "32.0602", "soln_date": "2021-05-04 13:45:04", "model_pars": [], "not_valid_after": null, "equinox": "J2000", "condition_code": "4", "source": "JPL", "sb_used": "SB441-N16", "n_obs_used": 32, "moid": "36.2882", "covariance": {"elements": [{"sigma": 0.000104481430653623, "name": "e", "title": "eccentricity", "value": ".09603561045649749", "label": "e", "units": null}, {"title": "perihelion distance", "name": "q", "sigma": 0.0120815441805161, "units": "au", "label": "q", "value": "37.24119753067919"}, {"label": "tp", "value": "2486809.382207720922", "units": "TDB", "title": "time of perihelion passage", "name": "tp", "sigma": 12.0215095839345}, {"label": "node", "value": "123.3118918592859", "units": "deg", "sigma": 0.000316534899386061, "name": "om", "title": "longitude of the ascending node"}, {"name": "w", "sigma": 0.080593578601415, "title": "argument of perihelion", "units": "deg", "label": "peri", "value": "138.8117549441431"}, {"title": "inclination", "sigma": 0.000263621504659067, "name": "i", "label": "i", "value": "13.29710640995148", "units": "deg"}], "epoch": "2455421.5", "data": [["1.091636935142777E-8", "-1.224650079118239E-6", ".0008712404627473757", "-2.873350966886817E-9", "7.210881521234469E-6", "-4.320997252357642E-9"], ["-1.224650079118239E-6", ".0001459637097857623", "-.1230579306361225", "3.552179356813585E-7", "-.0009307345770735472", "5.19779026594652E-7"], [".0008712404627473757", "-.1230579306361225", "144.5166926766289", "-.0003258103883140651", ".9358290131664877", "-.000447408084526455"], ["-2.873350966886817E-9", "3.552179356813585E-7", "-.0003258103883140651", "1.001943425293437E-7", "-2.459569110743249E-6", "6.599380616017758E-8"], ["7.210881521234469E-6", "-.0009307345770735472", ".9358290131664877", "-2.459569110743249E-6", ".00649532491178246", "-3.41175412895471E-6"], ["-4.320997252357642E-9", "5.19779026594652E-7", "-.000447408084526455", "6.599380616017758E-8", "-3.41175412895471E-6", "6.949629771871026E-8"]], "labels": ["e", "q", "tp", "node", "peri", "i"]}, "comment": null, "elements": [{"label": "e", "units": null, "value": ".09422125751041055", "sigma": ".00010539", "name": "e", "title": "eccentricity"}, {"title": "semi-major axis", "name": "a", "sigma": ".0088227", "value": "41.17217375025056", "label": "a", "units": "au"}, {"sigma": ".012138", "name": "q", "title": "perihelion distance", "label": "q", "value": "37.29287976506483", "units": "au"}, {"label": "i", "value": "13.28347817415423", "units": "deg", "sigma": ".00026352", "name": "i", "title": "inclination; angle with respect to x-y ecliptic plane"}, {"sigma": ".00031725", "name": "om", "title": "longitude of the ascending node", "label": "node", "units": "deg", "value": "123.3010104528523"}, {"name": "w", "sigma": ".08176", "title": "argument of perihelion", "value": "139.193756742336", "label": "peri", "units": "deg"}, {"name": "ma", "sigma": ".076129", "title": "mean anomaly", "label": "M", "value": "260.2573843793318", "units": "deg"}, {"label": "tp", "value": "2486935.634558078746", "units": "TDB", "title": "time of perihelion passage", "sigma": "12.279", "name": "tp"}, {"name": "per", "sigma": "31.016", "title": "sidereal orbital period", "units": "d", "label": "period", "value": "96494.84707230769"}, {"units": "deg/d", "label": "n", "value": ".003730769164598362", "sigma": "1.1992E-6", "name": "n", "title": "mean motion"}, {"title": "aphelion distance", "sigma": ".0096539", "name": "ad", "label": "Q", "value": "45.05146773543628", "units": "au"}], "epoch": "2460200.5", "not_valid_before": null, "pe_used": "DE441", "two_body": null, "orbit_id": "9", "n_dop_obs_used": null, "rms": ".3087", "n_del_obs_used": null, "first_obs": "1999-02-12", "data_arc": "8072"}}