{"signature": {"version": "1.3", "source": "NASA/JPL Small-Body Database (SBDB) API"}, "object": {"neo": false, "spkid": "3835639", "orbit_class": {"code": "TNO", "name": "TransNeptunian Object"}, "pha": false, "kind": "au", "orbit_id": "2", "fullname": "(2015 RE280)", "des": "2015 RE280", "prefix": null}, "orbit": {"not_valid_before": null, "comment": null, "elements": [{"title": "eccentricity", "sigma": ".0010956", "name": "e", "label": "e", "units": null, "value": ".0356890970801394"}, {"units": "au", "label": "a", "value": "44.67247244793806", "title": "semi-major axis", "sigma": ".0067133", "name": "a"}, {"title": "perihelion distance", "name": "q", "sigma": ".045592", "label": "q", "value": "43.07815224193375", "units": "au"}, {"units": "deg", "label": "i", "value": ".9941532061638098", "name": "i", "sigma": ".0016002", "title": "inclination; angle with respect to x-y ecliptic plane"}, {"units": "deg", "label": "node", "value": ".1866055056353672", "name": "om", "sigma": ".017312", "title": "longitude of the ascending node"}, {"units": "deg", "label": "peri", "value": "224.8295353721047", "sigma": "2.6584", "name": "w", "title": "argument of perihelion"}, {"sigma": "2.8918", "name": "ma", "title": "mean anomaly", "label": "M", "value": "152.3797966185998", "units": "deg"}, {"units": "TDB", "label": "tp", "value": "2414038.639932542064", "title": "time of perihelion passage", "name": "tp", "sigma": "869.38"}, {"sigma": "24.584", "name": "per", "title": "sidereal orbital period", "value": "109058.2215822198", "label": "period", "units": "d"}, {"units": "deg/d", "label": "n", "value": ".003300989093505373", "name": "n", "sigma": "7.441E-7", "title": "mean motion"}, {"value": "46.26679265394237", "label": "Q", "units": "au", "sigma": ".0069529", "name": "ad", "title": "aphelion distance"}], "epoch": "2460200.5", "sb_used": "SB441-N16", "source": "JPL", "n_obs_used": 30, "moid": "42.0683", "covariance": {"labels": ["e", "q", "tp", "node", "peri", "i"], "data": [["7.54569483782811E-7", "-3.024904692471678E-5", ".6116265556503798", "-7.127946402017264E-9", ".001871276613984681", "-2.114001674391224E-11"], ["-3.024904692471678E-5", ".001239947685621379", "-24.1406623133743", "8.529824910479463E-7", "-.07370951335470793", "5.620895315030257E-8"], [".6116265556503798", "-24.1406623133743", "501169.0075559296", ".001315137173584319", "1535.400329844746", ".0006757611324626925"], ["-7.127946402017264E-9", "8.529824910479463E-7", ".001315137173584319", ".000298566332966531", "-.0002914203178505213", "2.772414515685365E-5"], [".001871276613984681", "-.07370951335470793", "1535.400329844746", "-.0002914203178505213", "4.705013621387093", "-2.535211041218427E-5"], ["-2.114001674391224E-11", "5.620895315030257E-8", ".0006757611324626925", "2.772414515685365E-5", "-2.535211041218427E-5", "2.592855029973008E-6"]], "elements": [{"name": "e", "sigma": 0.0008686595902785, "title": "eccentricity", "value": ".04677595899405126", "label": "e", "units": null}, {"label": "q", "value": "42.06567537091756", "units": "au", "name": "q", "sigma": 0.0352128909012222, "title": "perihelion distance"}, {"title": "time of perihelion passage", "sigma": 707.932911762075, "name": "tp", "label": "tp", "value": "2412652.052552698238", "units": "TDB"}, {"value": ".2385657464585591", "label": "node", "units": "deg", "sigma": 0.0172790721095356, "name": "om", "title": "longitude of the ascending node"}, {"units": "deg", "label": "peri", "value": "217.3491440184023", "title": "argument of perihelion", "sigma": 2.16910433621509, "name": "w"}, {"title": "inclination", "sigma": 0.00161023446428556, "name": "i", "label": "i", "units": "deg", "value": ".9998149518363378"}], "epoch": "2457485.5"}, "n_del_obs_used": null, "first_obs": "2015-06-23", "data_arc": "914", "n_dop_obs_used": null, "rms": ".16953", "orbit_id": "2", "pe_used": "DE441", "two_body": null, "producer": "Otto Matic", "last_obs": "2017-12-23", "t_jup": "5.972", "not_valid_after": null, "condition_code": "5", "equinox": "J2000", "model_pars": [], "moid_jup": "37.6489", "soln_date": "2021-04-15 14:37:06"}}