{"signature": {"version": "1.3", "source": "NASA/JPL Small-Body Database (SBDB) API"}, "object": {"orbit_id": "23", "kind": "au", "pha": false, "orbit_class": {"name": "TransNeptunian Object", "code": "TNO"}, "des": "2010 RN64", "prefix": null, "fullname": "(2010 RN64)", "spkid": "3545971", "neo": false}, "orbit": {"soln_date": "2023-11-16 01:06:09", "moid_jup": "32.6543", "not_valid_after": null, "equinox": "J2000", "condition_code": "2", "model_pars": [], "t_jup": "5.403", "last_obs": "2023-11-12", "producer": "Otto Matic", "orbit_id": "23", "two_body": null, "pe_used": "DE441", "data_arc": "4811", "n_del_obs_used": null, "first_obs": "2010-09-10", "rms": ".56692", "n_dop_obs_used": null, "covariance": {"data": [["1.438318058005711E-10", "-6.768777531015659E-9", "-1.30213695796335E-6", "-1.147054469244932E-10", "1.47018020260741E-8", "2.416207157867789E-11"], ["-6.768777531015659E-9", "1.062962462531783E-6", "-.002029175233727308", "9.497745728109844E-9", "-1.112696496109155E-5", "-3.097746386592417E-10"], ["-1.30213695796335E-6", "-.002029175233727308", "5.889141669372889", "-1.043581479820018E-5", ".02919669164470378", "-2.537373146870977E-6"], ["-1.147054469244932E-10", "9.497745728109844E-9", "-1.043581479820018E-5", "1.543053967834972E-8", "-8.345040646049472E-8", "-3.807837859438895E-9"], ["1.47018020260741E-8", "-1.112696496109155E-5", ".02919669164470378", "-8.345040646049472E-8", ".0001478916442522261", "-5.543410032571039E-9"], ["2.416207157867789E-11", "-3.097746386592417E-10", "-2.537373146870977E-6", "-3.807837859438895E-9", "-5.543410032571039E-9", "9.791295006103871E-10"]], "labels": ["e", "q", "tp", "node", "peri", "i"], "epoch": "2458171.5", "elements": [{"label": "e", "units": null, "value": ".08214317954028282", "name": "e", "sigma": 1.19929898607716e-05, "title": "eccentricity"}, {"sigma": 0.00103100070927802, "name": "q", "title": "perihelion distance", "label": "q", "units": "au", "value": "37.4039349887139"}, {"value": "2481054.213045735392", "label": "tp", "units": "TDB", "sigma": 2.42675537897269, "name": "tp", "title": "time of perihelion passage"}, {"value": "68.40948396045707", "label": "node", "units": "deg", "title": "longitude of the ascending node", "sigma": 0.000124219723387028, "name": "om"}, {"units": "deg", "label": "peri", "value": "42.4746420652344", "name": "w", "sigma": 0.0121610708513776, "title": "argument of perihelion"}, {"sigma": 3.12910450546221e-05, "name": "i", "title": "inclination", "label": "i", "value": "19.90282557344158", "units": "deg"}]}, "source": "JPL", "sb_used": "SB441-N16", "moid": "36.7661", "n_obs_used": 174, "not_valid_before": null, "comment": null, "elements": [{"name": "e", "sigma": "1.1947E-5", "title": "eccentricity", "label": "e", "value": ".08484615371877004", "units": null}, {"name": "a", "sigma": ".00096817", "title": "semi-major axis", "label": "a", "value": "41.23017815765159", "units": "au"}, {"label": "q", "units": "au", "value": "37.73195612383521", "sigma": ".00096577", "name": "q", "title": "perihelion distance"}, {"title": "inclination; angle with respect to x-y ecliptic plane", "name": "i", "sigma": "3.0987E-5", "value": "19.83949480005028", "label": "i", "units": "deg"}, {"title": "longitude of the ascending node", "sigma": ".00012425", "name": "om", "label": "node", "units": "deg", "value": "68.62074466643824"}, {"value": "34.74401749513704", "label": "peri", "units": "deg", "name": "w", "sigma": ".011912", "title": "argument of perihelion"}, {"title": "mean anomaly", "sigma": ".011548", "name": "ma", "units": "deg", "label": "M", "value": "288.6563067990803"}, {"title": "time of perihelion passage", "sigma": "2.4272", "name": "tp", "label": "tp", "value": "2479363.977919462173", "units": "TDB"}, {"label": "period", "value": "96698.83547488472", "units": "d", "name": "per", "sigma": "3.406", "title": "sidereal orbital period"}, {"label": "n", "units": "deg/d", "value": ".003722899021813987", "sigma": "1.3113E-7", "name": "n", "title": "mean motion"}, {"sigma": ".0010503", "name": "ad", "title": "aphelion distance", "units": "au", "label": "Q", "value": "44.72840019146798"}], "epoch": "2460200.5"}}