{"object": {"spkid": "54199130", "kind": "au", "des": "2017 RZ137", "pha": false, "prefix": null, "orbit_class": {"name": "TransNeptunian Object", "code": "TNO"}, "orbit_id": "2", "fullname": "(2017 RZ137)", "neo": false}, "signature": {"version": "1.3", "source": "NASA/JPL Small-Body Database (SBDB) API"}, "orbit": {"model_pars": [], "moid": "35.3702", "equinox": "J2000", "covariance": {"elements": [{"value": ".2097896454494399", "label": "e", "units": null, "sigma": 0.000538121807113056, "title": "eccentricity", "name": "e"}, {"name": "q", "title": "perihelion distance", "units": "au", "sigma": 0.0140395531241951, "label": "q", "value": "36.21581084623733"}, {"sigma": 27.6828623073463, "units": "TDB", "label": "tp", "name": "tp", "title": "time of perihelion passage", "value": "2450491.518057822360"}, {"value": "114.5423247122134", "label": "node", "units": "deg", "sigma": 0.00494583323411417, "title": "longitude of the ascending node", "name": "om"}, {"name": "w", "title": "argument of perihelion", "sigma": 0.154863975519387, "units": "deg", "label": "peri", "value": "227.9183399960818"}, {"label": "i", "sigma": 0.000113152525173876, "units": "deg", "title": "inclination", "name": "i", "value": "16.8945175948467"}], "labels": ["e", "q", "tp", "node", "peri", "i"], "epoch": "2458340.5", "data": [["2.89575079290621E-7", "-6.404384933183757E-6", "-.01277963996910222", "4.663644891010387E-7", "-7.225976972085014E-5", "1.186242152111216E-8"], ["-6.404384933183757E-6", ".0001971090519270971", ".3880889162611612", "-1.237145472118291E-5", ".002169682237673849", "-1.405110081501374E-7"], ["-.01277963996910222", ".3880889162611612", "766.3408655274961", "-.02452277857254196", "4.284263800703495", "-.0002989127244642598"], ["4.663644891010387E-7", "-1.237145472118291E-5", "-.02452277857254196", "2.446126637966822E-5", "-.0001603258807156458", "4.983797132723909E-7"], ["-7.225976972085014E-5", ".002169682237673849", "4.284263800703495", "-.0001603258807156458", ".02398285091366936", "-2.19996713995143E-6"], ["1.186242152111216E-8", "-1.405110081501374E-7", "-.0002989127244642598", "4.983797132723909E-7", "-2.19996713995143E-6", "1.280349395322471E-8"]]}, "comment": null, "sb_used": "SB441-N16", "pe_used": "DE441", "epoch": "2460200.5", "orbit_id": "2", "n_dop_obs_used": null, "two_body": null, "n_obs_used": 11, "elements": [{"title": "eccentricity", "name": "e", "label": "e", "sigma": ".00052059", "units": null, "value": ".2175471454938866"}, {"value": "46.45962734887886", "label": "a", "sigma": ".019123", "units": "au", "title": "semi-major axis", "name": "a"}, {"value": "36.35246803842055", "title": "perihelion distance", "name": "q", "label": "q", "sigma": ".013367", "units": "au"}, {"title": "inclination; angle with respect to x-y ecliptic plane", "name": "i", "label": "i", "sigma": ".00011506", "units": "deg", "value": "16.89162088997311"}, {"value": "114.6324266030563", "label": "node", "sigma": ".0049241", "units": "deg", "title": "longitude of the ascending node", "name": "om"}, {"value": "230.1775283637096", "units": "deg", "sigma": ".15508", "label": "peri", "name": "w", "title": "argument of perihelion"}, {"sigma": ".080352", "units": "deg", "label": "M", "name": "ma", "title": "mean anomaly", "value": "28.70387407798463"}, {"label": "tp", "sigma": "28.157", "units": "TDB", "title": "time of perihelion passage", "name": "tp", "value": "2450977.971090319297"}, {"sigma": "71.413", "units": "d", "label": "period", "name": "per", "title": "sidereal orbital period", "value": "115667.6760239664"}, {"value": ".003112364770996245", "units": "deg/d", "sigma": "1.9216E-6", "label": "n", "name": "n", "title": "mean motion"}, {"value": "56.56678665933717", "name": "ad", "title": "aphelion distance", "units": "au", "sigma": ".023283", "label": "Q"}], "soln_date": "2021-11-13 01:56:49", "producer": "Otto Matic", "n_del_obs_used": null, "not_valid_after": null, "moid_jup": "31.4787", "last_obs": "2021-11-05", "source": "JPL", "t_jup": "5.693", "data_arc": "1513", "condition_code": "4", "first_obs": "2017-09-14", "not_valid_before": null, "rms": ".21245"}}