{"signature": {"version": "1.3", "source": "NASA/JPL Small-Body Database (SBDB) API"}, "object": {"spkid": "20500883", "neo": false, "pha": false, "orbit_id": "6", "kind": "an", "orbit_class": {"code": "TNO", "name": "TransNeptunian Object"}, "fullname": "500883 (2013 JJ65)", "des": "500883", "prefix": null}, "orbit": {"elements": [{"sigma": "4.551E-5", "name": "e", "title": "eccentricity", "label": "e", "units": null, "value": ".2552117641608477"}, {"sigma": ".002412", "name": "a", "title": "semi-major axis", "label": "a", "units": "au", "value": "39.23370832858843"}, {"name": "q", "sigma": ".0021504", "title": "perihelion distance", "label": "q", "units": "au", "value": "29.22080441147723"}, {"label": "i", "value": "19.86853992382333", "units": "deg", "title": "inclination; angle with respect to x-y ecliptic plane", "name": "i", "sigma": ".00012146"}, {"label": "node", "value": "215.032247864999", "units": "deg", "title": "longitude of the ascending node", "name": "om", "sigma": ".00021168"}, {"units": "deg", "label": "peri", "value": "272.9501844379503", "title": "argument of perihelion", "name": "w", "sigma": ".010707"}, {"title": "mean anomaly", "name": "ma", "sigma": ".016354", "label": "M", "value": "100.8371711300685", "units": "deg"}, {"title": "time of perihelion passage", "sigma": "2.1745", "name": "tp", "value": "2435058.164441661516", "label": "tp", "units": "TDB"}, {"value": "89760.95520695219", "label": "period", "units": "d", "sigma": "8.2775", "name": "per", "title": "sidereal orbital period"}, {"value": ".004010652506649319", "label": "n", "units": "deg/d", "sigma": "3.6985E-7", "name": "n", "title": "mean motion"}, {"title": "aphelion distance", "sigma": ".0030276", "name": "ad", "units": "au", "label": "Q", "value": "49.24661224569962"}], "comment": null, "epoch": "2460200.5", "not_valid_before": null, "covariance": {"data": [["2.133495458281224E-9", "-5.785053603231921E-8", "8.990425986091131E-5", "1.048005668662122E-9", "1.917014752732762E-7", "5.683959844629619E-10"], ["-5.785053603231921E-8", "4.591150446797279E-6", "-.0009346682698397193", "5.402256762437603E-9", "1.173825690458214E-5", "1.749926156576762E-8"], ["8.990425986091131E-5", "-.0009346682698397193", "4.542246997709391", "6.091520503848342E-5", ".01652235143149941", "4.023148279844595E-5"], ["1.048005668662122E-9", "5.402256762437603E-9", "6.091520503848342E-5", "4.53234087325146E-8", "2.4163267123615E-7", "2.546297524853745E-8"], ["1.917014752732762E-7", "1.173825690458214E-5", ".01652235143149941", "2.4163267123615E-7", ".0001122401832721202", "2.118336265020972E-7"], ["5.683959844629619E-10", "1.749926156576762E-8", "4.023148279844595E-5", "2.546297524853745E-8", "2.118336265020972E-7", "1.46224365516432E-8"]], "labels": ["e", "q", "tp", "node", "peri", "i"], "epoch": "2457450.5", "elements": [{"value": ".2565045858171527", "label": "e", "units": null, "name": "e", "sigma": 4.61897765558703e-05, "title": "eccentricity"}, {"title": "perihelion distance", "name": "q", "sigma": 0.00214269700303082, "label": "q", "value": "29.39055378197609", "units": "au"}, {"label": "tp", "units": "TDB", "value": "2435339.314388131908", "name": "tp", "sigma": 2.13125479417863, "title": "time of perihelion passage"}, {"label": "node", "units": "deg", "value": "214.8262351303341", "sigma": 0.000212892951345305, "name": "om", "title": "longitude of the ascending node"}, {"title": "argument of perihelion", "name": "w", "sigma": 0.0105943467600471, "units": "deg", "label": "peri", "value": "274.8098638648491"}, {"label": "i", "units": "deg", "value": "19.77813533919423", "title": "inclination", "name": "i", "sigma": 0.000120923267205461}]}, "source": "JPL", "n_obs_used": 72, "sb_used": "SB441-N16", "moid": "28.295", "n_dop_obs_used": null, "rms": ".77531", "data_arc": "3303", "n_del_obs_used": null, "first_obs": "2011-06-06", "two_body": null, "pe_used": "DE441", "orbit_id": "6", "producer": "Otto Matic", "last_obs": "2020-06-21", "t_jup": "5.127", "model_pars": [], "condition_code": "3", "not_valid_after": null, "equinox": "J2000", "soln_date": "2021-04-14 18:07:33", "moid_jup": "24.3172"}}