{"orbit": {"orbit_id": "13", "two_body": null, "pe_used": "DE441", "data_arc": "5113", "n_del_obs_used": null, "first_obs": "2008-09-24", "rms": ".5193", "n_dop_obs_used": null, "covariance": {"elements": [{"sigma": 5.39095789774473e-05, "name": "e", "title": "eccentricity", "units": null, "label": "e", "value": ".5708963972176694"}, {"title": "perihelion distance", "name": "q", "sigma": 0.00231646633491532, "label": "q", "units": "au", "value": "42.33102185109041"}, {"value": "2434831.651207587653", "label": "tp", "units": "TDB", "title": "time of perihelion passage", "name": "tp", "sigma": 0.820528660093948}, {"units": "deg", "label": "node", "value": "331.1427056430188", "title": "longitude of the ascending node", "name": "om", "sigma": 0.000259855535162413}, {"sigma": 0.00489604897775786, "name": "w", "title": "argument of perihelion", "label": "peri", "units": "deg", "value": "324.2639957412484"}, {"title": "inclination", "sigma": 9.84841692148835e-05, "name": "i", "value": "20.81983475320241", "label": "i", "units": "deg"}], "epoch": "2457504.5", "data": [["2.906242705525629E-9", "-1.172664714257145E-8", "4.240053744001034E-5", "3.36178075342099E-10", "7.793343280867284E-8", "2.359838766877664E-10"], ["-1.172664714257145E-8", "5.366016280796006E-6", ".000350705205286961", "-4.940794125979784E-8", "1.045482502561152E-5", "-1.015448889680041E-8"], ["4.240053744001034E-5", ".000350705205286961", ".6732672820355696", "2.530414428927926E-7", ".002201260149935049", "2.544095848576575E-6"], ["3.36178075342099E-10", "-4.940794125979784E-8", "2.530414428927926E-7", "6.752489915454425E-8", "-1.508131035304884E-7", "2.543661479533219E-8"], ["7.793343280867284E-8", "1.045482502561152E-5", ".002201260149935049", "-1.508131035304884E-7", "2.397129559260381E-5", "-3.596813401169663E-8"], ["2.359838766877664E-10", "-1.015448889680041E-8", "2.544095848576575E-6", "2.543661479533219E-8", "-3.596813401169663E-8", "9.699131585945796E-9"]], "labels": ["e", "q", "tp", "node", "peri", "i"]}, "moid": "41.7589", "source": "JPL", "sb_used": "SB441-N16", "n_obs_used": 103, "not_valid_before": null, "comment": null, "elements": [{"title": "eccentricity", "sigma": "5.4616E-5", "name": "e", "label": "e", "value": ".576791039675676", "units": null}, {"value": "101.0246728670966", "label": "a", "units": "au", "title": "semi-major axis", "name": "a", "sigma": ".013705"}, {"label": "q", "value": "42.75454677118889", "units": "au", "sigma": ".0023033", "name": "q", "title": "perihelion distance"}, {"sigma": "9.7584E-5", "name": "i", "title": "inclination; angle with respect to x-y ecliptic plane", "value": "20.7502692574981", "label": "i", "units": "deg"}, {"sigma": ".00025957", "name": "om", "title": "longitude of the ascending node", "label": "node", "units": "deg", "value": "330.9540933371909"}, {"sigma": ".0048489", "name": "w", "title": "argument of perihelion", "label": "peri", "value": "325.8234274782393", "units": "deg"}, {"units": "deg", "label": "M", "value": "24.34639225041833", "title": "mean anomaly", "sigma": ".0057283", "name": "ma"}, {"title": "time of perihelion passage", "name": "tp", "sigma": ".80217", "units": "TDB", "label": "tp", "value": "2435117.948069740964"}, {"title": "sidereal orbital period", "name": "per", "sigma": "75.473", "label": "period", "value": "370885.2877262791", "units": "d"}, {"label": "n", "value": ".0009706505270321947", "units": "deg/d", "title": "mean motion", "name": "n", "sigma": "1.9752E-7"}, {"label": "Q", "units": "au", "value": "159.2947989630043", "title": "aphelion distance", "sigma": ".02161", "name": "ad"}], "epoch": "2460200.5", "soln_date": "2022-11-25 09:56:48", "moid_jup": "37.7252", "condition_code": "2", "not_valid_after": null, "equinox": "J2000", "model_pars": [], "t_jup": "6.783", "producer": "Otto Matic", "last_obs": "2022-09-24"}, "object": {"neo": false, "spkid": "20528381", "des": "528381", "prefix": null, "fullname": "528381 (2008 ST291)", "orbit_class": {"name": "TransNeptunian Object", "code": "TNO"}, "orbit_id": "13", "kind": "an", "pha": false}, "signature": {"version": "1.3", "source": "NASA/JPL Small-Body Database (SBDB) API"}}