{"object": {"kind": "au", "des": "2015 GZ57", "spkid": "3835555", "pha": false, "fullname": "(2015 GZ57)", "neo": false, "prefix": null, "orbit_class": {"name": "TransNeptunian Object", "code": "TNO"}, "orbit_id": "2"}, "orbit": {"moid_jup": "36.004", "source": "JPL", "last_obs": "2017-03-29", "t_jup": "5.909", "rms": ".17126", "not_valid_before": null, "data_arc": "768", "condition_code": "4", "first_obs": "2015-02-20", "model_pars": [], "equinox": "J2000", "moid": "40.1981", "pe_used": "DE441", "covariance": {"labels": ["e", "q", "tp", "node", "peri", "i"], "elements": [{"label": "e", "units": null, "sigma": 0.00196907583832749, "title": "eccentricity", "name": "e", "value": ".06498352294393801"}, {"name": "q", "title": "perihelion distance", "sigma": 0.0764000332773003, "units": "au", "label": "q", "value": "41.60287953981524"}, {"value": "2476737.669874414263", "label": "tp", "units": "TDB", "sigma": 113.547935469325, "title": "time of perihelion passage", "name": "tp"}, {"name": "om", "title": "longitude of the ascending node", "units": "deg", "sigma": 0.0185159689885635, "label": "node", "value": "60.83205045506326"}, {"name": "w", "title": "argument of perihelion", "sigma": 0.584541787337807, "units": "deg", "label": "peri", "value": "213.4515385829195"}, {"value": "3.696538534686029", "label": "i", "units": "deg", "sigma": 0.00153036832099558, "title": "inclination", "name": "i"}], "data": [["3.877259657085108E-6", "-.0001500822940565811", ".2183268485060899", "-1.46289823411531E-6", ".001134232855887104", "1.225635712720977E-7"], ["-.0001500822940565811", ".005836965084772589", "-8.57758857571724", "5.571070236330874E-5", "-.04441098117744463", "-4.661940472669788E-6"], [".2183268485060899", "-8.57758857571724", "12893.13364934595", "-.07867916899203246", "66.25935085866925", ".00656905188252139"], ["-1.46289823411531E-6", "5.571070236330874E-5", "-.07867916899203246", ".0003428411075854437", "-.0007544242824464076", "-2.832690211191733E-5"], [".001134232855887104", "-.04441098117744463", "66.25935085866925", "-.0007544242824464076", ".341689101144078", "6.271775585678248E-5"], ["1.225635712720977E-7", "-4.661940472669788E-6", ".00656905188252139", "-2.832690211191733E-5", "6.271775585678248E-5", "2.342027197906842E-6"]], "epoch": "2457327.5"}, "comment": null, "sb_used": "SB441-N16", "two_body": null, "n_obs_used": 32, "epoch": "2460200.5", "n_dop_obs_used": null, "orbit_id": "2", "not_valid_after": null, "n_del_obs_used": null, "elements": [{"value": ".06288650497123441", "label": "e", "units": null, "sigma": ".002041", "title": "eccentricity", "name": "e"}, {"value": "43.97987065391494", "title": "semi-major axis", "name": "a", "label": "a", "sigma": ".013356", "units": "au"}, {"value": "41.21413029940327", "units": "au", "sigma": ".078562", "label": "q", "name": "q", "title": "perihelion distance"}, {"label": "i", "units": "deg", "sigma": ".0015413", "title": "inclination; angle with respect to x-y ecliptic plane", "name": "i", "value": "3.708088186564261"}, {"value": "60.73130103028941", "title": "longitude of the ascending node", "name": "om", "label": "node", "sigma": ".0185", "units": "deg"}, {"value": "223.5047746470884", "sigma": ".29132", "units": "deg", "label": "peri", "name": "w", "title": "argument of perihelion"}, {"value": "295.4574010410506", "sigma": ".1019", "units": "deg", "label": "M", "name": "ma", "title": "mean anomaly"}, {"value": "2479300.057123656272", "units": "TDB", "sigma": "31.51", "label": "tp", "name": "tp", "title": "time of perihelion passage"}, {"title": "sidereal orbital period", "name": "per", "label": "period", "sigma": "48.529", "units": "d", "value": "106531.8204630938"}, {"value": ".00337927201877411", "title": "mean motion", "name": "n", "label": "n", "units": "deg/d", "sigma": "1.5394E-6"}, {"name": "ad", "title": "aphelion distance", "units": "au", "sigma": ".014196", "label": "Q", "value": "46.7456110084266"}], "producer": "Otto Matic", "soln_date": "2021-04-15 13:31:17"}, "signature": {"version": "1.3", "source": "NASA/JPL Small-Body Database (SBDB) API"}}