{"signature": {"version": "1.3", "source": "NASA/JPL Small-Body Database (SBDB) API"}, "object": {"spkid": "3277498", "neo": false, "pha": false, "orbit_id": "8", "kind": "au", "orbit_class": {"code": "TNO", "name": "TransNeptunian Object"}, "fullname": "(2005 GD187)", "prefix": null, "des": "2005 GD187"}, "orbit": {"producer": "Otto Matic", "last_obs": "2020-02-18", "t_jup": "5.857", "equinox": "J2000", "not_valid_after": null, "condition_code": "4", "model_pars": [], "soln_date": "2021-04-14 22:38:08", "moid_jup": "36.7997", "not_valid_before": null, "comment": null, "epoch": "2460200.5", "elements": [{"units": null, "label": "e", "value": ".02406669929025605", "title": "eccentricity", "sigma": ".00034618", "name": "e"}, {"title": "semi-major axis", "name": "a", "sigma": ".019403", "label": "a", "units": "au", "value": "42.83011089698132"}, {"sigma": ".033761", "name": "q", "title": "perihelion distance", "label": "q", "units": "au", "value": "41.79933149745536"}, {"title": "inclination; angle with respect to x-y ecliptic plane", "sigma": ".00051207", "name": "i", "value": ".7036480218073462", "label": "i", "units": "deg"}, {"value": "354.4114661838272", "label": "node", "units": "deg", "name": "om", "sigma": ".014091", "title": "longitude of the ascending node"}, {"title": "argument of perihelion", "sigma": ".26904", "name": "w", "units": "deg", "label": "peri", "value": "347.6233246338331"}, {"sigma": ".28614", "name": "ma", "title": "mean anomaly", "label": "M", "units": "deg", "value": "191.1219459035959"}, {"sigma": "103.7", "name": "tp", "title": "time of perihelion passage", "units": "TDB", "label": "tp", "value": "2508228.327330140513"}, {"name": "per", "sigma": "69.573", "title": "sidereal orbital period", "value": "102381.6737548419", "label": "period", "units": "d"}, {"label": "n", "value": ".00351625429431871", "units": "deg/d", "name": "n", "sigma": "2.3894E-6", "title": "mean motion"}, {"label": "Q", "units": "au", "value": "43.86089029650729", "title": "aphelion distance", "name": "ad", "sigma": ".01987"}], "covariance": {"elements": [{"title": "eccentricity", "name": "e", "sigma": 0.000350669793466853, "value": ".02348767756340746", "label": "e", "units": null}, {"units": "au", "label": "q", "value": "41.87476428584157", "title": "perihelion distance", "name": "q", "sigma": 0.0340127128641231}, {"sigma": 89.0376744060312, "name": "tp", "title": "time of perihelion passage", "label": "tp", "value": "2506752.460146494792", "units": "TDB"}, {"title": "longitude of the ascending node", "sigma": 0.0140835412266879, "name": "om", "label": "node", "value": "354.3851766167074", "units": "deg"}, {"label": "peri", "value": "342.3605915926521", "units": "deg", "name": "w", "sigma": 0.24106988630732, "title": "argument of perihelion"}, {"sigma": 0.000512125803224612, "name": "i", "title": "inclination", "units": "deg", "label": "i", "value": ".7042232194700956"}], "epoch": "2455434.5", "labels": ["e", "q", "tp", "node", "peri", "i"], "data": [["1.22969304050085E-7", "-1.192679158754193E-5", "-.02022260110634939", "-5.095949034212829E-8", "-2.674793612534596E-5", "1.78792925011311E-9"], ["-1.192679158754193E-5", ".001156864636377288", "1.951062786066156", "4.943886653312749E-6", ".002559151838812787", "-1.734816509562083E-7"], ["-.02022260110634939", "1.951062786066156", "7927.707463634431", ".008603304663834552", "19.88255819363726", "-.0002915475779913735"], ["-5.095949034212829E-8", "4.943886653312749E-6", ".008603304663834552", ".0001983461334838164", "-.0001864867833159521", "-6.727731573502319E-6"], ["-2.674793612534596E-5", ".002559151838812787", "19.88255819363726", "-.0001864867833159521", ".05811469008422426", "6.346326824012115E-6"], ["1.78792925011311E-9", "-1.734816509562083E-7", "-.0002915475779913735", "-6.727731573502319E-6", "6.346326824012115E-6", "2.622728383284537E-7"]]}, "source": "JPL", "sb_used": "SB441-N16", "n_obs_used": 23, "moid": "40.7907", "data_arc": "5425", "first_obs": "2005-04-12", "n_del_obs_used": null, "n_dop_obs_used": null, "rms": ".16502", "orbit_id": "8", "two_body": null, "pe_used": "DE441"}}