{"orbit": {"covariance": {"labels": ["e", "q", "tp", "node", "peri", "i"], "data": [["1.17959837357742E-7", "-3.106825969579521E-6", "-.01595054806535366", "3.843120441013842E-8", "-7.822797711375016E-5", "6.648066675523595E-8"], ["-3.106825969579521E-6", "9.840292338795578E-5", ".4893266986344559", "-1.302186925541529E-6", ".002398400095497648", "-2.187007133715584E-6"], ["-.01595054806535366", ".4893266986344559", "2449.837408794149", "-.006390681994188001", "12.00797219966291", "-.01079195889445533"], ["3.843120441013842E-8", "-1.302186925541529E-6", "-.006390681994188001", "4.699067718539637E-7", "-3.17223691507195E-5", "7.940212392200148E-7"], ["-7.822797711375016E-5", ".002398400095497648", "12.00797219966291", "-3.17223691507195E-5", ".05885822799810304", "-5.357275180339456E-5"], ["6.648066675523595E-8", "-2.187007133715584E-6", "-.01079195889445533", "7.940212392200148E-7", "-5.357275180339456E-5", "1.35155171435675E-6"]], "elements": [{"name": "e", "sigma": 0.000343452816785278, "title": "eccentricity", "units": null, "label": "e", "value": ".185218435742623"}, {"title": "perihelion distance", "sigma": 0.00991982476599036, "name": "q", "label": "q", "value": "36.94898684193879", "units": "au"}, {"sigma": 49.495832236605, "name": "tp", "title": "time of perihelion passage", "label": "tp", "value": "2452588.080581974536", "units": "TDB"}, {"title": "longitude of the ascending node", "sigma": 0.00068549746305436, "name": "om", "label": "node", "value": "221.6032833744045", "units": "deg"}, {"title": "argument of perihelion", "name": "w", "sigma": 0.242607147458815, "label": "peri", "units": "deg", "value": "353.0691092755695"}, {"value": "27.46440637772119", "label": "i", "units": "deg", "sigma": 0.0011625625636312, "name": "i", "title": "inclination"}], "epoch": "2457250.5"}, "moid": "35.9763", "source": "JPL", "sb_used": "SB441-N16", "n_obs_used": 28, "not_valid_before": null, "elements": [{"units": null, "label": "e", "value": ".1782285750185387", "title": "eccentricity", "name": "e", "sigma": ".00033631"}, {"value": "45.0035266491825", "label": "a", "units": "au", "title": "semi-major axis", "name": "a", "sigma": ".009065"}, {"name": "q", "sigma": ".009795", "title": "perihelion distance", "units": "au", "label": "q", "value": "36.98261222368987"}, {"name": "i", "sigma": ".0011691", "title": "inclination; angle with respect to x-y ecliptic plane", "label": "i", "value": "27.5567263531054", "units": "deg"}, {"title": "longitude of the ascending node", "sigma": ".00068488", "name": "om", "units": "deg", "label": "node", "value": "221.7075587602144"}, {"label": "peri", "value": "353.4189036321661", "units": "deg", "title": "argument of perihelion", "sigma": ".25236", "name": "w"}, {"title": "mean anomaly", "name": "ma", "sigma": ".16482", "units": "deg", "label": "M", "value": "24.63282470963566"}, {"value": "2452655.140014151384", "label": "tp", "units": "TDB", "title": "time of perihelion passage", "name": "tp", "sigma": "51.803"}, {"value": "110272.7611195541", "label": "period", "units": "d", "title": "sidereal orbital period", "name": "per", "sigma": "33.318"}, {"label": "n", "units": "deg/d", "value": ".003264632138935017", "title": "mean motion", "name": "n", "sigma": "9.8639E-7"}, {"title": "aphelion distance", "name": "ad", "sigma": ".010681", "label": "Q", "value": "53.02444107467513", "units": "au"}], "comment": null, "epoch": "2460200.5", "orbit_id": "2", "two_body": null, "pe_used": "DE441", "data_arc": "1189", "first_obs": "2014-05-30", "n_del_obs_used": null, "n_dop_obs_used": null, "rms": ".22872", "t_jup": "5.247", "last_obs": "2017-08-31", "producer": "Otto Matic", "soln_date": "2021-04-15 13:49:32", "moid_jup": "31.5531", "not_valid_after": null, "equinox": "J2000", "condition_code": "4", "model_pars": []}, "object": {"spkid": "3835615", "neo": false, "pha": false, "kind": "au", "orbit_id": "2", "orbit_class": {"name": "TransNeptunian Object", "code": "TNO"}, "fullname": "(2015 KB176)", "prefix": null, "des": "2015 KB176"}, "signature": {"version": "1.3", "source": "NASA/JPL Small-Body Database (SBDB) API"}}