{"signature": {"version": "1.3", "source": "NASA/JPL Small-Body Database (SBDB) API"}, "orbit": {"data_arc": "1125", "n_del_obs_used": null, "first_obs": "2014-11-17", "n_dop_obs_used": null, "rms": ".15352", "orbit_id": "2", "two_body": null, "pe_used": "DE441", "not_valid_before": null, "comment": null, "epoch": "2460200.5", "elements": [{"label": "e", "units": null, "value": ".07314488718731271", "title": "eccentricity", "name": "e", "sigma": ".00015932"}, {"label": "a", "value": "44.30608928729988", "units": "au", "name": "a", "sigma": ".005181", "title": "semi-major axis"}, {"label": "q", "units": "au", "value": "41.06532538466933", "title": "perihelion distance", "name": "q", "sigma": ".010707"}, {"name": "i", "sigma": ".00087109", "title": "inclination; angle with respect to x-y ecliptic plane", "units": "deg", "label": "i", "value": "2.08102676417154"}, {"label": "node", "value": "104.935172879467", "units": "deg", "sigma": ".035197", "name": "om", "title": "longitude of the ascending node"}, {"units": "deg", "label": "peri", "value": "130.0366609961126", "title": "argument of perihelion", "sigma": ".87533", "name": "w"}, {"name": "ma", "sigma": "1.0117", "title": "mean anomaly", "value": "182.3885051505421", "label": "M", "units": "deg"}, {"name": "tp", "sigma": "302.77", "title": "time of perihelion passage", "label": "tp", "value": "2513345.464727175960", "units": "TDB"}, {"units": "d", "label": "period", "value": "107719.3079085317", "sigma": "18.894", "name": "per", "title": "sidereal orbital period"}, {"units": "deg/d", "label": "n", "value": ".003342019244179408", "title": "mean motion", "sigma": "5.8621E-7", "name": "n"}, {"label": "Q", "units": "au", "value": "47.54685318993043", "sigma": ".00556", "name": "ad", "title": "aphelion distance"}], "covariance": {"elements": [{"title": "eccentricity", "sigma": 0.000124274345475887, "name": "e", "label": "e", "units": null, "value": ".0827131647104925"}, {"value": "40.27018727109343", "label": "q", "units": "au", "title": "perihelion distance", "name": "q", "sigma": 0.00964835611893409}, {"label": "tp", "units": "TDB", "value": "2405500.959491989226", "title": "time of perihelion passage", "name": "tp", "sigma": 269.295910970598}, {"value": "104.9479242610599", "label": "node", "units": "deg", "name": "om", "sigma": 0.0353761386805925, "title": "longitude of the ascending node"}, {"title": "argument of perihelion", "name": "w", "sigma": 0.773050664655651, "value": "127.5481129503042", "label": "peri", "units": "deg"}, {"title": "inclination", "sigma": 0.000876194610471861, "name": "i", "units": "deg", "label": "i", "value": "2.080987821110643"}], "epoch": "2457495.5", "labels": ["e", "q", "tp", "node", "peri", "i"], "data": [["1.544411294346022E-8", "-1.15126111609081E-6", ".02189540084249882", "7.15375234258813E-8", "6.028013250856531E-5", "-1.866178668845361E-9"], ["-1.15126111609081E-6", "9.30907757977729E-5", "-1.09823534613455", "-3.846589104822113E-6", "-.002915951527385655", "1.034480691073609E-7"], [".02189540084249882", "-1.09823534613455", "72520.28766548428", ".2190978746373712", "207.8389355950142", "-.005495040062661091"], ["7.15375234258813E-8", "-3.846589104822113E-6", ".2190978746373712", ".001251471187948513", "-.0006237263089407072", "-3.098179287663294E-5"], ["6.028013250856531E-5", "-.002915951527385655", "207.8389355950142", "-.0006237263089407072", ".5976073301245438", "1.525976455311095E-5"], ["-1.866178668845361E-9", "1.034480691073609E-7", "-.005495040062661091", "-3.098179287663294E-5", "1.525976455311095E-5", "7.67716995419937E-7"]]}, "source": "JPL", "moid": "40.0536", "sb_used": "SB441-N16", "n_obs_used": 38, "not_valid_after": null, "condition_code": "5", "equinox": "J2000", "model_pars": [], "soln_date": "2021-04-15 15:18:41", "moid_jup": "35.6611", "producer": "Otto Matic", "last_obs": "2017-12-16", "t_jup": "5.934"}, "object": {"fullname": "(2015 VB169)", "prefix": null, "des": "2015 VB169", "pha": false, "orbit_id": "2", "kind": "au", "orbit_class": {"name": "TransNeptunian Object", "code": "TNO"}, "spkid": "3835687", "neo": false}}