{"object": {"neo": false, "spkid": "3379057", "des": "2007 HV90", "prefix": null, "fullname": "(2007 HV90)", "orbit_class": {"name": "TransNeptunian Object", "code": "TNO"}, "kind": "au", "orbit_id": "9", "pha": false}, "orbit": {"first_obs": "2007-04-21", "n_del_obs_used": null, "data_arc": "3341", "n_dop_obs_used": null, "rms": ".65439", "orbit_id": "9", "pe_used": "DE441", "two_body": null, "not_valid_before": null, "comment": null, "elements": [{"sigma": "9.4679E-5", "name": "e", "title": "eccentricity", "units": null, "label": "e", "value": ".05673091875192669"}, {"label": "a", "units": "au", "value": "43.8732017275594", "sigma": ".0062599", "name": "a", "title": "semi-major axis"}, {"sigma": ".0025901", "name": "q", "title": "perihelion distance", "label": "q", "value": "41.38423468496634", "units": "au"}, {"name": "i", "sigma": ".0002993", "title": "inclination; angle with respect to x-y ecliptic plane", "units": "deg", "label": "i", "value": "2.947161033070622"}, {"title": "longitude of the ascending node", "name": "om", "sigma": ".0022799", "label": "node", "units": "deg", "value": "88.94203116485569"}, {"units": "deg", "label": "peri", "value": "136.0053858112279", "title": "argument of perihelion", "name": "w", "sigma": ".1193"}, {"units": "deg", "label": "M", "value": "32.00160443211675", "sigma": ".10941", "name": "ma", "title": "mean anomaly"}, {"label": "tp", "units": "TDB", "value": "2450764.961907963096", "title": "time of perihelion passage", "name": "tp", "sigma": "31.119"}, {"label": "period", "units": "d", "value": "106144.4816099367", "title": "sidereal orbital period", "sigma": "22.717", "name": "per"}, {"units": "deg/d", "label": "n", "value": ".00339160354395945", "title": "mean motion", "sigma": "7.2588E-7", "name": "n"}, {"title": "aphelion distance", "sigma": ".006615", "name": "ad", "label": "Q", "value": "46.36216877015246", "units": "au"}], "epoch": "2460200.5", "source": "JPL", "moid": "40.375", "sb_used": "SB441-N16", "n_obs_used": 31, "covariance": {"data": [["8.810795936208324E-9", "1.129156613589964E-7", ".0004481783058733397", "-1.545472251315154E-9", "1.706113221367007E-6", "2.546739087712102E-10"], ["1.129156613589964E-7", "7.859598969032613E-6", ".07953046467091665", "-7.220928845290592E-8", ".0003066539673350359", "1.088631959751937E-8"], [".0004481783058733397", ".07953046467091665", "875.1292299564293", "-.0006796430221966099", "3.376197882651893", ".0001003123760579503"], ["-1.545472251315154E-9", "-7.220928845290592E-8", "-.0006796430221966099", "5.20362573097166E-6", "-7.815215488993446E-6", "-6.783183565614753E-7"], ["1.706113221367007E-6", ".0003066539673350359", "3.376197882651893", "-7.815215488993446E-6", ".01303044775692982", "1.063826218869473E-6"], ["2.546739087712102E-10", "1.088631959751937E-8", ".0001003123760579503", "-6.783183565614753E-7", "1.063826218869473E-6", "8.939093899902075E-8"]], "labels": ["e", "q", "tp", "node", "peri", "i"], "epoch": "2456745.5", "elements": [{"name": "e", "sigma": 9.38658400921673e-05, "title": "eccentricity", "units": null, "label": "e", "value": ".05963823921761357"}, {"title": "perihelion distance", "sigma": 0.00280349763135848, "name": "q", "label": "q", "value": "41.30970512781021", "units": "au"}, {"units": "TDB", "label": "tp", "value": "2450029.478170103631", "name": "tp", "sigma": 29.5825832198006, "title": "time of perihelion passage"}, {"name": "om", "sigma": 0.00228114570577411, "title": "longitude of the ascending node", "label": "node", "value": "88.92482994963771", "units": "deg"}, {"value": "133.1070398291782", "label": "peri", "units": "deg", "title": "argument of perihelion", "sigma": 0.114150986666475, "name": "w"}, {"sigma": 0.000298983175110274, "name": "i", "title": "inclination", "units": "deg", "label": "i", "value": "2.946358367322062"}]}, "not_valid_after": null, "condition_code": "4", "equinox": "J2000", "model_pars": [], "moid_jup": "35.9546", "soln_date": "2021-04-15 00:38:24", "last_obs": "2016-06-13", "producer": "Otto Matic", "t_jup": "5.909"}, "signature": {"version": "1.3", "source": "NASA/JPL Small-Body Database (SBDB) API"}}