{"object": {"orbit_id": "2", "kind": "au", "pha": false, "orbit_class": {"name": "TransNeptunian Object", "code": "TNO"}, "des": "2016 CN323", "prefix": null, "fullname": "(2016 CN323)", "spkid": "3840679", "neo": false}, "orbit": {"covariance": {"labels": ["e", "q", "tp", "node", "peri", "i"], "data": [[".000192750302084365", "-.004125244659108928", "-3.270058343605577", "9.347898414873278E-7", "-.0004066952210448057", "-3.348377615128055E-5"], ["-.004125244659108928", ".08880228376249345", "70.04679374947276", "-2.223958065807011E-5", ".007772522338923162", ".0007301035980701577"], ["-3.270058343605577", "70.04679374947276", "55486.37986616237", "-.01614850412915018", "6.793025529184323", ".5698021252379374"], ["9.347898414873278E-7", "-2.223958065807011E-5", "-.01614850412915018", "6.180203709909523E-8", "1.977262288384897E-6", "-1.085372707437286E-7"], ["-.0004066952210448057", ".007772522338923162", "6.793025529184323", "1.977262288384897E-6", ".0025558970526796", "4.639826166257892E-5"], ["-3.348377615128055E-5", ".0007301035980701577", ".5698021252379374", "-1.085372707437286E-7", "4.639826166257892E-5", "1.817298442867656E-5"]], "epoch": "2457776.5", "elements": [{"label": "e", "value": ".6484651229289521", "units": null, "sigma": 0.0138834542562132, "name": "e", "title": "eccentricity"}, {"label": "q", "value": "34.80963393296472", "units": "au", "title": "perihelion distance", "sigma": 0.297997120392955, "name": "q"}, {"value": "2479713.388337145676", "label": "tp", "units": "TDB", "name": "tp", "sigma": 235.5554708899, "title": "time of perihelion passage"}, {"title": "longitude of the ascending node", "sigma": 0.000248600155066515, "name": "om", "units": "deg", "label": "node", "value": "295.484426750746"}, {"label": "peri", "units": "deg", "value": "271.5799035475677", "title": "argument of perihelion", "name": "w", "sigma": 0.0505558804955428}, {"units": "deg", "label": "i", "value": "13.06817276124276", "title": "inclination", "name": "i", "sigma": 0.00426297835188927}]}, "source": "JPL", "n_obs_used": 25, "sb_used": "SB441-N16", "moid": "33.9354", "comment": null, "epoch": "2460200.5", "elements": [{"title": "eccentricity", "name": "e", "sigma": ".013872", "label": "e", "units": null, "value": ".6412582545197109"}, {"label": "a", "units": "au", "value": "97.32309003262058", "sigma": "2.9297", "name": "a", "title": "semi-major axis"}, {"sigma": ".30016", "name": "q", "title": "perihelion distance", "value": "34.91385519383764", "label": "q", "units": "au"}, {"label": "i", "value": "13.07065227982015", "units": "deg", "sigma": ".0042373", "name": "i", "title": "inclination; angle with respect to x-y ecliptic plane"}, {"sigma": ".00024734", "name": "om", "title": "longitude of the ascending node", "units": "deg", "label": "node", "value": "295.4697374747413"}, {"value": "271.6892271636002", "label": "peri", "units": "deg", "sigma": ".052144", "name": "w", "title": "argument of perihelion"}, {"title": "mean anomaly", "name": "ma", "sigma": "1.1544", "label": "M", "units": "deg", "value": "339.848994409817"}, {"label": "tp", "value": "2479830.327525625366", "units": "TDB", "name": "tp", "sigma": "238.27", "title": "time of perihelion passage"}, {"value": "350689.0947748944", "label": "period", "units": "d", "name": "per", "sigma": "15835.", "title": "sidereal orbital period"}, {"title": "mean motion", "name": "n", "sigma": "4.6353E-5", "label": "n", "units": "deg/d", "value": ".001026550312980454"}, {"label": "Q", "units": "au", "value": "159.7323248714035", "sigma": "4.8084", "name": "ad", "title": "aphelion distance"}], "not_valid_before": null, "two_body": null, "pe_used": "DE441", "orbit_id": "2", "rms": ".23467", "n_dop_obs_used": null, "data_arc": "830", "first_obs": "2016-02-05", "n_del_obs_used": null, "t_jup": "6.519", "last_obs": "2018-05-15", "producer": "Otto Matic", "soln_date": "2021-04-15 16:25:57", "moid_jup": "29.6564", "model_pars": [], "condition_code": "6", "not_valid_after": null, "equinox": "J2000"}, "signature": {"version": "1.3", "source": "NASA/JPL Small-Body Database (SBDB) API"}}