{"object": {"spkid": "20491768", "des": "491768", "kind": "an", "orbit_id": "11", "orbit_class": {"code": "TNO", "name": "TransNeptunian Object"}, "prefix": null, "fullname": "491768 (2012 VV113)", "neo": false, "pha": false}, "signature": {"version": "1.3", "source": "NASA/JPL Small-Body Database (SBDB) API"}, "orbit": {"two_body": null, "n_obs_used": 82, "n_dop_obs_used": null, "orbit_id": "11", "epoch": "2460200.5", "n_del_obs_used": null, "not_valid_after": null, "soln_date": "2021-10-08 06:42:25", "producer": "Otto Matic", "elements": [{"name": "e", "title": "eccentricity", "sigma": "9.4423E-5", "units": null, "label": "e", "value": ".1236038461625528"}, {"name": "a", "title": "semi-major axis", "units": "au", "sigma": ".0064636", "label": "a", "value": "46.50828686593382"}, {"label": "q", "units": "au", "sigma": ".0025924", "title": "perihelion distance", "name": "q", "value": "40.75968373087306"}, {"units": "deg", "sigma": ".00011397", "label": "i", "name": "i", "title": "inclination; angle with respect to x-y ecliptic plane", "value": "15.66662436347855"}, {"title": "longitude of the ascending node", "name": "om", "label": "node", "units": "deg", "sigma": ".0018863", "value": "116.027552623448"}, {"value": "294.1651210247908", "sigma": ".11475", "units": "deg", "label": "peri", "name": "w", "title": "argument of perihelion"}, {"value": "359.9447607552662", "label": "M", "units": "deg", "sigma": ".088272", "title": "mean anomaly", "name": "ma"}, {"name": "tp", "title": "time of perihelion passage", "units": "TDB", "sigma": "28.405", "label": "tp", "value": "2460218.276209989825"}, {"value": "115849.4405051237", "title": "sidereal orbital period", "name": "per", "label": "period", "sigma": "24.151", "units": "d"}, {"value": ".003107481559085113", "name": "n", "title": "mean motion", "units": "deg/d", "sigma": "6.478E-7", "label": "n"}, {"sigma": ".0072625", "units": "au", "label": "Q", "name": "ad", "title": "aphelion distance", "value": "52.25689000099458"}], "moid": "39.8008", "equinox": "J2000", "model_pars": [], "pe_used": "DE441", "sb_used": "SB441-N16", "comment": null, "covariance": {"labels": ["e", "q", "tp", "node", "peri", "i"], "elements": [{"sigma": 9.53426208552633e-05, "units": null, "label": "e", "name": "e", "title": "eccentricity", "value": ".1145181361703422"}, {"name": "q", "title": "perihelion distance", "units": "au", "sigma": 0.00285608397558376, "label": "q", "value": "40.73106971592817"}, {"units": "TDB", "sigma": 30.4959657201017, "label": "tp", "name": "tp", "title": "time of perihelion passage", "value": "2460676.171100385329"}, {"label": "node", "units": "deg", "sigma": 0.00189484324912895, "title": "longitude of the ascending node", "name": "om", "value": "116.123307712761"}, {"value": "295.9046389787268", "name": "w", "title": "argument of perihelion", "units": "deg", "sigma": 0.122953416566654, "label": "peri"}, {"value": "15.66479452769152", "units": "deg", "sigma": 0.000114004520769471, "label": "i", "name": "i", "title": "inclination"}], "epoch": "2457265.5", "data": [["9.090215351550481E-9", "3.994271138085711E-8", ".000612297409428787", "-1.476484221916391E-8", "2.483674890520832E-6", "1.55688529326299E-9"], ["3.994271138085711E-8", "8.157215675586336E-6", "-.08119483640749141", "2.795003922464831E-7", "-.0003271865879906628", "1.266438812765446E-9"], [".000612297409428787", "-.08119483640749141", "930.0039252016209", "-.004708816959276095", "3.749170229737588", ".0001727830845635381"], ["-1.476484221916391E-8", "2.795003922464831E-7", "-.004708816959276095", "3.590430938769539E-6", "-2.241934350123027E-5", "-2.109738980685518E-7"], ["2.483674890520832E-6", "-.0003271865879906628", "3.749170229737588", "-2.241934350123027E-5", ".01511754264541305", "8.990993393306802E-7"], ["1.55688529326299E-9", "1.266438812765446E-9", ".0001727830845635381", "-2.109738980685518E-7", "8.990993393306802E-7", "1.299703075587682E-8"]]}, "t_jup": "5.825", "rms": ".24583", "not_valid_before": null, "first_obs": "2012-11-15", "condition_code": "4", "data_arc": "1867", "moid_jup": "35.9034", "source": "JPL", "last_obs": "2017-12-26"}}