{"object": {"fullname": "120216 (2004 EW95)", "neo": false, "orbit_class": {"code": "TNO", "name": "TransNeptunian Object"}, "orbit_id": "9", "prefix": null, "pha": false, "kind": "an", "des": "120216", "spkid": "20120216"}, "orbit": {"soln_date": "2023-07-27 13:14:53", "producer": "Otto Matic", "elements": [{"value": ".312128209915298", "label": "e", "units": null, "sigma": "1.1261E-5", "title": "eccentricity", "name": "e"}, {"value": "39.20851024563141", "label": "a", "sigma": ".00075619", "units": "au", "title": "semi-major axis", "name": "a"}, {"sigma": "7.9458E-5", "units": "au", "label": "q", "name": "q", "title": "perihelion distance", "value": "26.97042812921686"}, {"value": "29.32907139349075", "label": "i", "sigma": "2.4327E-5", "units": "deg", "title": "inclination; angle with respect to x-y ecliptic plane", "name": "i"}, {"value": "25.82318599704092", "units": "deg", "sigma": "1.6095E-5", "label": "node", "name": "om", "title": "longitude of the ascending node"}, {"value": "204.6634738695104", "name": "w", "title": "argument of perihelion", "units": "deg", "sigma": ".00052277", "label": "peri"}, {"label": "M", "sigma": ".00016682", "units": "deg", "title": "mean anomaly", "name": "ma", "value": "7.949045542823747"}, {"title": "time of perihelion passage", "name": "tp", "label": "tp", "units": "TDB", "sigma": ".064914", "value": "2458220.425990450079"}, {"label": "period", "sigma": "2.5942", "units": "d", "title": "sidereal orbital period", "name": "per", "value": "89674.49483057727"}, {"value": ".004014519409115722", "title": "mean motion", "name": "n", "label": "n", "sigma": "1.1614E-7", "units": "deg/d"}, {"value": "51.44659236204596", "label": "Q", "units": "au", "sigma": ".00099222", "title": "aphelion distance", "name": "ad"}], "not_valid_after": null, "n_del_obs_used": null, "orbit_id": "9", "n_dop_obs_used": null, "epoch": "2460200.5", "two_body": null, "n_obs_used": 284, "sb_used": "SB441-N16", "comment": null, "covariance": {"epoch": "2457096.5", "data": [["1.280742172895283E-10", "8.839783285805236E-10", "-5.293802417930004E-7", "1.248970476261414E-11", "-4.258163817627219E-9", "3.700917254916386E-11"], ["8.839783285805236E-10", "6.242935831741059E-9", "-4.018557290624003E-6", "8.794855567145889E-11", "-3.236702704969341E-8", "2.611675738220738E-10"], ["-5.293802417930004E-7", "-4.018557290624003E-6", ".003879176574315756", "-5.639725187312682E-8", "3.126751115971985E-5", "-1.688508491598406E-7"], ["1.248970476261414E-11", "8.794855567145889E-11", "-5.639725187312682E-8", "2.607614997698578E-10", "-6.805712840989151E-10", "3.301331848189606E-10"], ["-4.258163817627219E-9", "-3.236702704969341E-8", "3.126751115971985E-5", "-6.805712840989151E-10", "2.522556769686021E-7", "-1.644674188226992E-9"], ["3.700917254916386E-11", "2.611675738220738E-10", "-1.688508491598406E-7", "3.301331848189606E-10", "-1.644674188226992E-9", "5.900992501793366E-10"]], "labels": ["e", "q", "tp", "node", "peri", "i"], "elements": [{"units": null, "sigma": 1.13169879954663e-05, "label": "e", "name": "e", "title": "eccentricity", "value": ".3176227255703138"}, {"label": "q", "units": "au", "sigma": 7.9012251149686e-05, "title": "perihelion distance", "name": "q", "value": "26.97912155299366"}, {"value": "2458153.567129707514", "sigma": 0.0622830360075338, "units": "TDB", "label": "tp", "name": "tp", "title": "time of perihelion passage"}, {"value": "25.71534523528885", "label": "node", "sigma": 1.61481113375484e-05, "units": "deg", "title": "longitude of the ascending node", "name": "om"}, {"value": "204.1736127568089", "label": "peri", "sigma": 0.000502250611715508, "units": "deg", "title": "argument of perihelion", "name": "w"}, {"value": "29.253764878215", "title": "inclination", "name": "i", "label": "i", "sigma": 2.42919585496793e-05, "units": "deg"}]}, "pe_used": "DE441", "equinox": "J2000", "moid": "25.9815", "model_pars": [], "condition_code": "2", "first_obs": "2001-03-12", "data_arc": "8132", "rms": ".45503", "not_valid_before": null, "t_jup": "4.680", "last_obs": "2023-06-17", "source": "JPL", "moid_jup": "21.6785"}, "signature": {"version": "1.3", "source": "NASA/JPL Small-Body Database (SBDB) API"}}