{"object": {"fullname": "(2015 VV172)", "neo": false, "orbit_class": {"name": "TransNeptunian Object", "code": "TNO"}, "orbit_id": "2", "prefix": null, "pha": false, "kind": "au", "des": "2015 VV172", "spkid": "3835782"}, "signature": {"version": "1.3", "source": "NASA/JPL Small-Body Database (SBDB) API"}, "orbit": {"source": "JPL", "last_obs": "2017-09-23", "moid_jup": "30.8177", "rms": ".13105", "not_valid_before": null, "data_arc": "1041", "condition_code": "4", "first_obs": "2014-11-17", "t_jup": "5.443", "pe_used": "DE441", "comment": null, "covariance": {"labels": ["e", "q", "tp", "node", "peri", "i"], "elements": [{"sigma": 0.000830558181355731, "units": null, "label": "e", "name": "e", "title": "eccentricity", "value": ".1672932662244146"}, {"label": "q", "sigma": 0.0249304347115424, "units": "au", "title": "perihelion distance", "name": "q", "value": "35.40845271502734"}, {"sigma": 37.9059273854699, "units": "TDB", "label": "tp", "name": "tp", "title": "time of perihelion passage", "value": "2481214.643493659321"}, {"title": "longitude of the ascending node", "name": "om", "label": "node", "units": "deg", "sigma": 0.000272640007210195, "value": "226.0716082576196"}, {"value": "287.3062624340614", "sigma": 0.0788578830072207, "units": "deg", "label": "peri", "name": "w", "title": "argument of perihelion"}, {"value": "20.06328339913552", "name": "i", "title": "inclination", "sigma": 0.00138656116848965, "units": "deg", "label": "i"}], "epoch": "2457459.5", "data": [["6.898268926169399E-7", "-2.042164361745827E-5", "-.03119378770306246", "3.660097588100002E-9", "-6.001811339031104E-5", "2.062425858069199E-8"], ["-2.042164361745827E-5", ".0006215265749064773", ".9028122681923673", "-1.169736188487405E-7", ".001647632854941445", "-6.485674200990555E-7"], ["-.03119378770306246", ".9028122681923673", "1436.859330952517", "-.0001560632622757496", "2.875140094227675", "-.0008909943494907104"], ["3.660097588100002E-9", "-1.169736188487405E-7", "-.0001560632622757496", "7.433257353157491E-8", "-3.262077417351646E-7", "3.674979022313006E-7"], ["-6.001811339031104E-5", ".001647632854941445", "2.875140094227675", "-3.262077417351646E-7", ".006218565712380503", "-1.866010731237817E-6"], ["2.062425858069199E-8", "-6.485674200990555E-7", "-.0008909943494907104", "3.674979022313006E-7", "-1.866010731237817E-6", "1.922551873963383E-6"]]}, "sb_used": "SB441-N16", "model_pars": [], "moid": "34.897", "equinox": "J2000", "not_valid_after": null, "n_del_obs_used": null, "elements": [{"value": ".1637223452827975", "sigma": ".00084346", "units": null, "label": "e", "name": "e", "title": "eccentricity"}, {"value": "42.84511650670751", "name": "a", "title": "semi-major axis", "units": "au", "sigma": ".013794", "label": "a"}, {"value": "35.83041354831465", "label": "q", "sigma": ".025714", "units": "au", "title": "perihelion distance", "name": "q"}, {"name": "i", "title": "inclination; angle with respect to x-y ecliptic plane", "sigma": ".0013807", "units": "deg", "label": "i", "value": "19.96843023378105"}, {"title": "longitude of the ascending node", "name": "om", "label": "node", "sigma": ".00027409", "units": "deg", "value": "226.0137112271888"}, {"name": "w", "title": "argument of perihelion", "sigma": ".068055", "units": "deg", "label": "peri", "value": "284.6051703065137"}, {"label": "M", "sigma": ".15823", "units": "deg", "title": "mean anomaly", "name": "ma", "value": "287.5800879150584"}, {"units": "TDB", "sigma": "35.262", "label": "tp", "name": "tp", "title": "time of perihelion passage", "value": "2480807.079624645048"}, {"name": "per", "title": "sidereal orbital period", "units": "d", "sigma": "49.467", "label": "period", "value": "102435.482884475"}, {"value": ".003514407213816739", "units": "deg/d", "sigma": "1.6971E-6", "label": "n", "name": "n", "title": "mean motion"}, {"value": "49.85981946510037", "title": "aphelion distance", "name": "ad", "label": "Q", "sigma": ".016052", "units": "au"}], "soln_date": "2021-04-15 15:18:56", "producer": "Otto Matic", "two_body": null, "n_obs_used": 40, "epoch": "2460200.5", "orbit_id": "2", "n_dop_obs_used": null}}