{"signature": {"version": "1.3", "source": "NASA/JPL Small-Body Database (SBDB) API"}, "object": {"kind": "au", "orbit_id": "2", "pha": false, "orbit_class": {"code": "TNO", "name": "TransNeptunian Object"}, "prefix": null, "des": "2015 VZ170", "fullname": "(2015 VZ170)", "spkid": "3835735", "neo": false}, "orbit": {"pe_used": "DE441", "two_body": null, "orbit_id": "2", "rms": ".14729", "n_dop_obs_used": null, "first_obs": "2015-09-07", "n_del_obs_used": null, "data_arc": "828", "moid": "39.7157", "source": "JPL", "sb_used": "SB441-N16", "n_obs_used": 34, "covariance": {"data": [["2.688821246417402E-6", "-9.79410172381481E-5", ".2693457949837675", "4.124417708659992E-8", ".0006492406696964704", "-4.075748325646462E-8"], ["-9.79410172381481E-5", ".003594065141673851", "-9.727154785016509", "-1.485123790232658E-6", "-.0232855249933654", "1.492810876827235E-6"], [".2693457949837675", "-9.727154785016509", "27253.70789256292", ".004181836839185208", "66.20870699481563", "-.004060044735011472"], ["4.124417708659992E-8", "-1.485123790232658E-6", ".004181836839185208", "3.252824297452266E-6", "6.937822355456575E-6", "-3.000311114691769E-6"], [".0006492406696964704", "-.0232855249933654", "66.20870699481563", "6.937822355456575E-6", ".1618210846896971", "-6.747551965345902E-6"], ["-4.075748325646462E-8", "1.492810876827235E-6", "-.004060044735011472", "-3.000311114691769E-6", "-6.747551965345902E-6", "2.85820258280637E-6"]], "labels": ["e", "q", "tp", "node", "peri", "i"], "epoch": "2457562.5", "elements": [{"sigma": 0.00163976255793862, "name": "e", "title": "eccentricity", "label": "e", "units": null, "value": ".08587600266836144"}, {"value": "40.33071053766594", "label": "q", "units": "au", "sigma": 0.0599505224470467, "name": "q", "title": "perihelion distance"}, {"name": "tp", "sigma": 165.086970692914, "title": "time of perihelion passage", "label": "tp", "value": "2428013.966165932983", "units": "TDB"}, {"name": "om", "sigma": 0.00180355878680243, "title": "longitude of the ascending node", "label": "node", "units": "deg", "value": "56.6893364500386"}, {"name": "w", "sigma": 0.402269915218249, "title": "argument of perihelion", "label": "peri", "units": "deg", "value": "246.7312560954428"}, {"title": "inclination", "sigma": 0.00169062195147418, "name": "i", "value": "4.197140795531301", "label": "i", "units": "deg"}]}, "elements": [{"label": "e", "units": null, "value": ".08624374511413625", "name": "e", "sigma": ".0017076", "title": "eccentricity"}, {"label": "a", "value": "44.57225226661946", "units": "au", "sigma": ".015714", "name": "a", "title": "semi-major axis"}, {"label": "q", "value": "40.72817430297415", "units": "au", "title": "perihelion distance", "sigma": ".062931", "name": "q"}, {"name": "i", "sigma": ".0016821", "title": "inclination; angle with respect to x-y ecliptic plane", "label": "i", "units": "deg", "value": "4.177673173336253"}, {"title": "longitude of the ascending node", "sigma": ".0018142", "name": "om", "label": "node", "value": "56.68241223643502", "units": "deg"}, {"title": "argument of perihelion", "sigma": ".27262", "name": "w", "label": "peri", "value": "253.6027705360034", "units": "deg"}, {"value": "100.9281210761357", "label": "M", "units": "deg", "title": "mean anomaly", "name": "ma", "sigma": ".47622"}, {"value": "2429728.217621081389", "label": "tp", "units": "TDB", "title": "time of perihelion passage", "name": "tp", "sigma": "128.1"}, {"label": "period", "units": "d", "value": "108691.4285081697", "title": "sidereal orbital period", "sigma": "57.48", "name": "per"}, {"label": "n", "value": ".003312128701785724", "units": "deg/d", "sigma": "1.7516E-6", "name": "n", "title": "mean motion"}, {"value": "48.41633023026478", "label": "Q", "units": "au", "title": "aphelion distance", "name": "ad", "sigma": ".01707"}], "comment": null, "epoch": "2460200.5", "not_valid_before": null, "moid_jup": "35.64", "soln_date": "2021-04-15 15:18:49", "model_pars": [], "not_valid_after": null, "equinox": "J2000", "condition_code": "5", "t_jup": "5.933", "producer": "Otto Matic", "last_obs": "2017-12-13"}}