{"object": {"kind": "an", "des": "612237", "spkid": "20612237", "pha": false, "neo": false, "fullname": "612237 (2001 QP297)", "orbit_class": {"name": "TransNeptunian Object", "code": "TNO"}, "orbit_id": "12", "prefix": null}, "orbit": {"pe_used": "DE441", "covariance": {"data": [["1.762955142439319E-9", "-4.55008449810855E-8", "6.233191917872273E-5", "1.318648597503533E-9", "1.018132429330611E-7", "1.590099550501489E-11"], ["-4.55008449810855E-8", "2.584519061624637E-5", ".0446589176914225", "2.145155852640669E-7", ".0002226394991341043", "5.020348730444761E-9"], ["6.233191917872273E-5", ".0446589176914225", "89.0420250014589", ".0005118996628481213", ".426290862889634", "1.072995391847338E-5"], ["1.318648597503533E-9", "2.145155852640669E-7", ".0005118996628481213", "5.956438177622542E-5", "-5.7199504664961E-5", "3.917513560368037E-7"], ["1.018132429330611E-7", ".0002226394991341043", ".426290862889634", "-5.7199504664961E-5", ".002123046308896836", "-3.41113094032718E-7"], ["1.590099550501489E-11", "5.020348730444761E-9", "1.072995391847338E-5", "3.917513560368037E-7", "-3.41113094032718E-7", "3.094241776874655E-9"]], "epoch": "2456558.5", "elements": [{"name": "e", "title": "eccentricity", "units": null, "sigma": 4.19875593770264e-05, "label": "e", "value": ".1183002784614651"}, {"value": "39.87917996349397", "sigma": 0.0050838165403805, "units": "au", "label": "q", "name": "q", "title": "perihelion distance"}, {"value": "2432817.546114854471", "name": "tp", "title": "time of perihelion passage", "units": "TDB", "sigma": 9.43620818981114, "label": "tp"}, {"value": "111.818622318759", "label": "node", "sigma": 0.00771779643267594, "units": "deg", "title": "longitude of the ascending node", "name": "om"}, {"units": "deg", "sigma": 0.0460765266583413, "label": "peri", "name": "w", "title": "argument of perihelion", "value": "164.5971934753077"}, {"value": "1.43076108897019", "title": "inclination", "name": "i", "label": "i", "units": "deg", "sigma": 5.56259092229031e-05}], "labels": ["e", "q", "tp", "node", "peri", "i"]}, "comment": null, "sb_used": "SB441-N16", "model_pars": [], "moid": "39.1414", "equinox": "J2000", "not_valid_after": null, "n_del_obs_used": null, "elements": [{"value": ".1191692624656135", "units": null, "sigma": "4.2801E-5", "label": "e", "name": "e", "title": "eccentricity"}, {"value": "45.59164886415188", "sigma": ".0058087", "units": "au", "label": "a", "name": "a", "title": "semi-major axis"}, {"value": "40.15852569441967", "title": "perihelion distance", "name": "q", "label": "q", "units": "au", "sigma": ".004909"}, {"label": "i", "units": "deg", "sigma": "5.5511E-5", "title": "inclination; angle with respect to x-y ecliptic plane", "name": "i", "value": "1.430766845573223"}, {"value": "111.7956932042993", "units": "deg", "sigma": ".0076905", "label": "node", "name": "om", "title": "longitude of the ascending node"}, {"value": "168.1007450602971", "label": "peri", "sigma": ".045832", "units": "deg", "title": "argument of perihelion", "name": "w"}, {"value": "85.05814275954849", "title": "mean anomaly", "name": "ma", "label": "M", "sigma": ".046992", "units": "deg"}, {"label": "tp", "sigma": "9.6044", "units": "TDB", "title": "time of perihelion passage", "name": "tp", "value": "2433633.667934031746"}, {"label": "period", "units": "d", "sigma": "21.489", "title": "sidereal orbital period", "name": "per", "value": "112441.4339822265"}, {"value": ".00320166674552465", "name": "n", "title": "mean motion", "sigma": "6.1187E-7", "units": "deg/d", "label": "n"}, {"value": "51.02477203388408", "units": "au", "sigma": ".0065009", "label": "Q", "name": "ad", "title": "aphelion distance"}], "soln_date": "2022-04-13 12:01:01", "producer": "Otto Matic", "n_obs_used": 57, "two_body": null, "epoch": "2460200.5", "n_dop_obs_used": null, "orbit_id": "12", "source": "JPL", "last_obs": "2018-11-26", "moid_jup": "34.93", "rms": ".31634", "not_valid_before": null, "data_arc": "6308", "condition_code": "3", "first_obs": "2001-08-19", "t_jup": "5.990"}, "signature": {"version": "1.3", "source": "NASA/JPL Small-Body Database (SBDB) API"}}