{"orbit": {"elements": [{"value": ".1129494242067978", "title": "eccentricity", "name": "e", "label": "e", "sigma": ".00026244", "units": null}, {"value": "36.82557569887425", "name": "a", "title": "semi-major axis", "sigma": ".015232", "units": "au", "label": "a"}, {"value": "32.66614812760256", "name": "q", "title": "perihelion distance", "sigma": ".010578", "units": "au", "label": "q"}, {"label": "i", "units": "deg", "sigma": ".0008329", "title": "inclination; angle with respect to x-y ecliptic plane", "name": "i", "value": "11.67888295588736"}, {"label": "node", "units": "deg", "sigma": ".0022036", "title": "longitude of the ascending node", "name": "om", "value": "175.3371673241038"}, {"value": "172.289455474433", "name": "w", "title": "argument of perihelion", "units": "deg", "sigma": ".2377", "label": "peri"}, {"value": "40.61906768893248", "units": "deg", "sigma": ".19906", "label": "M", "name": "ma", "title": "mean anomaly"}, {"value": "2450990.700097898554", "label": "tp", "units": "TDB", "sigma": "41.03", "title": "time of perihelion passage", "name": "tp"}, {"value": "81624.91542512449", "sigma": "50.642", "units": "d", "label": "period", "name": "per", "title": "sidereal orbital period"}, {"value": ".004410418046071145", "title": "mean motion", "name": "n", "label": "n", "units": "deg/d", "sigma": "2.7363E-6"}, {"value": "40.98500327014595", "title": "aphelion distance", "name": "ad", "label": "Q", "units": "au", "sigma": ".016952"}], "producer": "Otto Matic", "soln_date": "2021-09-21 14:12:05", "not_valid_after": null, "n_del_obs_used": null, "epoch": "2460200.5", "orbit_id": "1", "n_dop_obs_used": null, "two_body": null, "n_obs_used": 12, "covariance": {"epoch": "2457465.5", "data": [["7.065103481183396E-8", "-6.519398463550319E-7", "-.00237233696027843", "-5.344358084430527E-8", "-1.461607412909902E-5", "-1.824180345156014E-8"], ["-6.519398463550319E-7", ".0001303307130026831", ".4979494867534693", "-6.496030732411346E-6", ".002899450869216612", "-2.182789976402154E-6"], ["-.00237233696027843", ".4979494867534693", "1904.195077888457", "-.02491161126790283", "11.08551877838092", "-.008371142982921746"], ["-5.344358084430527E-8", "-6.496030732411346E-6", "-.02491161126790283", "4.855060133897009E-6", "-.0001483894259508196", "1.839079318583647E-6"], ["-1.461607412909902E-5", ".002899450869216612", "11.08551877838092", "-.0001483894259508196", ".06454998748693302", "-5.006349539967705E-5"], ["-1.824180345156014E-8", "-2.182789976402154E-6", "-.008371142982921746", "1.839079318583647E-6", "-5.006349539967705E-5", "7.044847788440305E-7"]], "elements": [{"sigma": 0.000265802623786587, "units": null, "label": "e", "name": "e", "title": "eccentricity", "value": ".1044816355954753"}, {"title": "perihelion distance", "name": "q", "label": "q", "units": "au", "sigma": 0.0114162477637218, "value": "32.57794848340185"}, {"name": "tp", "title": "time of perihelion passage", "units": "TDB", "sigma": 43.6370837463786, "label": "tp", "value": "2450349.582362533059"}, {"value": "175.4914809403135", "sigma": 0.00220342009927681, "units": "deg", "label": "node", "name": "om", "title": "longitude of the ascending node"}, {"value": "168.7069920383842", "sigma": 0.254066895692715, "units": "deg", "label": "peri", "name": "w", "title": "argument of perihelion"}, {"value": "11.72462485275191", "name": "i", "title": "inclination", "units": "deg", "sigma": 0.000839335915378361, "label": "i"}], "labels": ["e", "q", "tp", "node", "peri", "i"]}, "comment": null, "sb_used": "SB441-N16", "pe_used": "DE441", "model_pars": [], "moid": "31.6595", "equinox": "J2000", "data_arc": "1419", "condition_code": "4", "first_obs": "2014-10-23", "not_valid_before": null, "rms": ".2192", "t_jup": "5.318", "last_obs": "2018-09-11", "source": "JPL", "moid_jup": "27.6955"}, "signature": {"version": "1.3", "source": "NASA/JPL Small-Body Database (SBDB) API"}, "object": {"fullname": "(2014 UO277)", "neo": false, "orbit_class": {"name": "TransNeptunian Object", "code": "TNO"}, "orbit_id": "1", "prefix": null, "pha": false, "des": "2014 UO277", "kind": "au", "spkid": "54198947"}}