{"signature": {"version": "1.3", "source": "NASA/JPL Small-Body Database (SBDB) API"}, "object": {"pha": false, "orbit_id": "2", "kind": "au", "orbit_class": {"name": "TransNeptunian Object", "code": "TNO"}, "fullname": "(2014 UV277)", "des": "2014 UV277", "prefix": null, "spkid": "54198956", "neo": false}, "orbit": {"condition_code": "3", "not_valid_after": null, "equinox": "J2000", "model_pars": [], "moid_jup": "32.4461", "soln_date": "2023-01-06 22:27:10", "producer": "Otto Matic", "last_obs": "2022-12-26", "t_jup": "5.361", "first_obs": "2014-10-29", "n_del_obs_used": null, "data_arc": "2980", "n_dop_obs_used": null, "rms": ".22753", "orbit_id": "2", "pe_used": "DE441", "two_body": null, "not_valid_before": null, "epoch": "2460200.5", "comment": null, "elements": [{"sigma": ".00022128", "name": "e", "title": "eccentricity", "label": "e", "units": null, "value": ".4004801509522493"}, {"name": "a", "sigma": ".02517", "title": "semi-major axis", "units": "au", "label": "a", "value": "62.02191573045857"}, {"sigma": ".0024992", "name": "q", "title": "perihelion distance", "units": "au", "label": "q", "value": "37.18336955637684"}, {"title": "inclination; angle with respect to x-y ecliptic plane", "sigma": ".0003635", "name": "i", "label": "i", "units": "deg", "value": "33.48060789139897"}, {"title": "longitude of the ascending node", "sigma": ".00098088", "name": "om", "value": "166.4562725717549", "label": "node", "units": "deg"}, {"label": "peri", "value": "214.1329202093154", "units": "deg", "sigma": ".020995", "name": "w", "title": "argument of perihelion"}, {"units": "deg", "label": "M", "value": "13.81420515219818", "sigma": ".011741", "name": "ma", "title": "mean anomaly"}, {"name": "tp", "sigma": "3.848", "title": "time of perihelion passage", "units": "TDB", "label": "tp", "value": "2453354.457477591869"}, {"label": "period", "value": "178408.7669839442", "units": "d", "sigma": "108.6", "name": "per", "title": "sidereal orbital period"}, {"units": "deg/d", "label": "n", "value": ".002017838058554589", "title": "mean motion", "sigma": "1.2283E-6", "name": "n"}, {"label": "Q", "value": "86.86046190454032", "units": "au", "title": "aphelion distance", "name": "ad", "sigma": ".03525"}], "sb_used": "SB441-N16", "source": "JPL", "n_obs_used": 17, "moid": "36.2333", "covariance": {"elements": [{"label": "e", "value": ".3891139803906585", "units": null, "title": "eccentricity", "sigma": 0.000220083135687474, "name": "e"}, {"sigma": 0.00253255542173712, "name": "q", "title": "perihelion distance", "units": "au", "label": "q", "value": "37.15452729019737"}, {"title": "time of perihelion passage", "sigma": 3.94569863907241, "name": "tp", "units": "TDB", "label": "tp", "value": "2453236.656358659352"}, {"title": "longitude of the ascending node", "sigma": 0.000981856104245659, "name": "om", "label": "node", "value": "166.6541442758681", "units": "deg"}, {"title": "argument of perihelion", "name": "w", "sigma": 0.021484799026486, "units": "deg", "label": "peri", "value": "213.4806407378734"}, {"value": "33.5443291359118", "label": "i", "units": "deg", "name": "i", "sigma": 0.000365869905150523, "title": "inclination"}], "epoch": "2457746.5", "labels": ["e", "q", "tp", "node", "peri", "i"], "data": [["4.843658661403118E-8", "2.618983637072108E-7", "-7.223761178953865E-5", "1.093587007847453E-8", "-4.852459243396988E-7", "1.216374743292133E-8"], ["2.618983637072108E-7", "6.413836964170102E-6", ".008312147173984357", "-2.119863772794423E-7", "4.472863484098523E-5", "7.23140790656443E-10"], ["-7.223761178953865E-5", ".008312147173984357", "15.5685377503779", "-.0004943701121385687", ".08468830847703293", "-.0001359640941032956"], ["1.093587007847453E-8", "-2.119863772794423E-7", "-.0004943701121385687", "9.640414094444619E-7", "-3.496714243839034E-6", "3.545692200524612E-7"], ["-4.852459243396988E-7", "4.472863484098523E-5", ".08468830847703293", "-3.496714243839034E-6", ".0004615965892084953", "-1.050797279935851E-6"], ["1.216374743292133E-8", "7.23140790656443E-10", "-.0001359640941032956", "3.545692200524612E-7", "-1.050797279935851E-6", "1.338607874948529E-7"]]}}}