{"signature": {"version": "1.3", "source": "NASA/JPL Small-Body Database (SBDB) API"}, "orbit": {"model_pars": [], "condition_code": "4", "not_valid_after": null, "equinox": "J2000", "moid_jup": "33.6807", "soln_date": "2021-09-08 23:44:30", "last_obs": "2018-12-02", "producer": "Otto Matic", "t_jup": "5.407", "rms": ".16965", "n_dop_obs_used": null, "n_del_obs_used": null, "first_obs": "2014-09-30", "data_arc": "1524", "pe_used": "DE441", "two_body": null, "orbit_id": "3", "comment": null, "epoch": "2460200.5", "elements": [{"label": "e", "units": null, "value": ".1698765164703397", "title": "eccentricity", "name": "e", "sigma": ".00019059"}, {"title": "semi-major axis", "name": "a", "sigma": ".0080865", "label": "a", "value": "46.01694519232336", "units": "au"}, {"name": "q", "sigma": ".0041229", "title": "perihelion distance", "value": "38.19974684444492", "label": "q", "units": "au"}, {"title": "inclination; angle with respect to x-y ecliptic plane", "sigma": "7.0767E-5", "name": "i", "label": "i", "units": "deg", "value": "25.41040758824684"}, {"title": "longitude of the ascending node", "name": "om", "sigma": ".0015262", "label": "node", "units": "deg", "value": "106.1657930507612"}, {"label": "peri", "value": "254.0980455448514", "units": "deg", "sigma": ".11076", "name": "w", "title": "argument of perihelion"}, {"sigma": ".072936", "name": "ma", "title": "mean anomaly", "units": "deg", "label": "M", "value": "23.47055018015455"}, {"sigma": "23.929", "name": "tp", "title": "time of perihelion passage", "label": "tp", "units": "TDB", "value": "2452766.956732604408"}, {"title": "sidereal orbital period", "sigma": "30.055", "name": "per", "label": "period", "units": "d", "value": "114018.4425043926"}, {"units": "deg/d", "label": "n", "value": ".003157383946778003", "title": "mean motion", "sigma": "8.3227E-7", "name": "n"}, {"units": "au", "label": "Q", "value": "53.8341435402018", "title": "aphelion distance", "sigma": ".0094602", "name": "ad"}], "not_valid_before": null, "source": "JPL", "sb_used": "SB441-N16", "moid": "37.287", "n_obs_used": 39, "covariance": {"labels": ["e", "q", "tp", "node", "peri", "i"], "data": [["3.892971022842955E-8", "-6.231774774119898E-7", "-.0040688682898665", "5.567361133969912E-8", "-1.887403109502332E-5", "-5.340248986671134E-10"], ["-6.231774774119898E-7", "1.990709519722466E-5", ".1102997951521996", "-1.118627553385324E-6", ".0005100926114605886", "4.412518726560696E-8"], ["-.0040688682898665", ".1102997951521996", "632.3594033111254", "-.006884693208312062", "2.925877144335545", ".0002158843364562798"], ["5.567361133969912E-8", "-1.118627553385324E-6", "-.006884693208312062", "2.347693127927737E-6", "-3.393648848936735E-5", "-1.016987872456509E-7"], ["-1.887403109502332E-5", ".0005100926114605886", "2.925877144335545", "-3.393648848936735E-5", ".01353988472459575", "1.086697662421719E-6"], ["-5.340248986671134E-10", "4.412518726560696E-8", ".0002158843364562798", "-1.016987872456509E-7", "1.086697662421719E-6", "5.110092168197374E-9"]], "elements": [{"value": ".1584041037973117", "label": "e", "units": null, "name": "e", "sigma": 0.000197306133276261, "title": "eccentricity"}, {"value": "38.14555303446992", "label": "q", "units": "au", "title": "perihelion distance", "name": "q", "sigma": 0.00446173679156723}, {"units": "TDB", "label": "tp", "value": "2452349.055733542799", "name": "tp", "sigma": 25.1467573120497, "title": "time of perihelion passage"}, {"label": "node", "value": "106.1563173652292", "units": "deg", "title": "longitude of the ascending node", "name": "om", "sigma": 0.00153221836822554}, {"sigma": 0.116361010328184, "name": "w", "title": "argument of perihelion", "label": "peri", "units": "deg", "value": "252.3485106815821"}, {"label": "i", "value": "25.42076351450544", "units": "deg", "title": "inclination", "name": "i", "sigma": 7.14849086744704e-05}], "epoch": "2457618.5"}}, "object": {"prefix": null, "des": "2014 SM373", "fullname": "(2014 SM373)", "orbit_id": "3", "kind": "au", "pha": false, "orbit_class": {"code": "TNO", "name": "TransNeptunian Object"}, "spkid": "3989603", "neo": false}}