{"signature": {"version": "1.3", "source": "NASA/JPL Small-Body Database (SBDB) API"}, "orbit": {"orbit_id": "1", "pe_used": "DE441", "two_body": null, "first_obs": "2013-09-02", "n_del_obs_used": null, "data_arc": "1838", "rms": ".23505", "n_dop_obs_used": null, "sb_used": "SB441-N16", "source": "JPL", "moid": "35.6289", "n_obs_used": 16, "covariance": {"data": [["3.399880161671023E-7", "-1.219678938630746E-5", ".0212735862263987", "2.654683745979774E-8", "3.765271550821282E-5", "-1.539194247651651E-8"], ["-1.219678938630746E-5", ".0005052264733291762", "-.698265599046052", "-5.234702346879361E-7", "-.0009264087035277985", "3.512676155917675E-7"], [".0212735862263987", "-.698265599046052", "1393.997866525773", ".002067600404728184", "2.764785508363452", "-.001153608652018424"], ["2.654683745979774E-8", "-5.234702346879361E-7", ".002067600404728184", "2.364979699232096E-6", "3.297905890013402E-6", "-1.328223781960856E-6"], ["3.765271550821282E-5", "-.0009264087035277985", "2.764785508363452", "3.297905890013402E-6", ".006838257653752823", "-1.656367148284023E-6"], ["-1.539194247651651E-8", "3.512676155917675E-7", "-.001153608652018424", "-1.328223781960856E-6", "-1.656367148284023E-6", "7.575303641246529E-7"]], "labels": ["e", "q", "tp", "node", "peri", "i"], "elements": [{"title": "eccentricity", "name": "e", "sigma": 0.000583084913342047, "value": ".1972575288016557", "label": "e", "units": null}, {"sigma": 0.0224772434548629, "name": "q", "title": "perihelion distance", "label": "q", "value": "35.97105493445765", "units": "au"}, {"units": "TDB", "label": "tp", "value": "2428333.239368026327", "title": "time of perihelion passage", "name": "tp", "sigma": 37.33628083414}, {"label": "node", "units": "deg", "value": "19.6435033616007", "title": "longitude of the ascending node", "name": "om", "sigma": 0.00153784904955984}, {"label": "peri", "units": "deg", "value": "224.3807757822695", "title": "argument of perihelion", "sigma": 0.0826937582514716, "name": "w"}, {"title": "inclination", "sigma": 0.000870362202835494, "name": "i", "value": "10.92874044396678", "label": "i", "units": "deg"}], "epoch": "2457484.5"}, "not_valid_before": null, "comment": null, "elements": [{"label": "e", "value": ".1914356562203605", "units": null, "title": "eccentricity", "sigma": ".0005981", "name": "e"}, {"title": "semi-major axis", "name": "a", "sigma": ".012357", "units": "au", "label": "a", "value": "45.30628866971485"}, {"name": "q", "sigma": ".023262", "title": "perihelion distance", "label": "q", "units": "au", "value": "36.63304956731891"}, {"name": "i", "sigma": ".00086448", "title": "inclination; angle with respect to x-y ecliptic plane", "label": "i", "units": "deg", "value": "10.86090847244871"}, {"units": "deg", "label": "node", "value": "19.73555121834404", "sigma": ".0015469", "name": "om", "title": "longitude of the ascending node"}, {"sigma": ".078752", "name": "w", "title": "argument of perihelion", "value": "227.3017552231229", "label": "peri", "units": "deg"}, {"title": "mean anomaly", "sigma": ".14982", "name": "ma", "value": "101.8223753681195", "label": "M", "units": "deg"}, {"label": "tp", "units": "TDB", "value": "2428695.688749414261", "title": "time of perihelion passage", "sigma": "36.223", "name": "tp"}, {"title": "sidereal orbital period", "name": "per", "sigma": "45.571", "value": "111387.42353247", "label": "period", "units": "d"}, {"sigma": "1.3223E-6", "name": "n", "title": "mean motion", "value": ".003231962717003308", "label": "n", "units": "deg/d"}, {"name": "ad", "sigma": ".014723", "title": "aphelion distance", "label": "Q", "units": "au", "value": "53.9795277721108"}], "epoch": "2460200.5", "moid_jup": "31.3366", "soln_date": "2021-09-10 07:42:05", "not_valid_after": null, "equinox": "J2000", "condition_code": "4", "model_pars": [], "t_jup": "5.804", "last_obs": "2018-09-14", "producer": "Otto Matic"}, "object": {"fullname": "(2013 RY155)", "des": "2013 RY155", "prefix": null, "orbit_class": {"name": "TransNeptunian Object", "code": "TNO"}, "pha": false, "orbit_id": "1", "kind": "au", "neo": false, "spkid": "54194320"}}