{"signature": {"version": "1.3", "source": "NASA/JPL Small-Body Database (SBDB) API"}, "object": {"pha": false, "orbit_id": "22", "kind": "an", "orbit_class": {"code": "TNO", "name": "TransNeptunian Object"}, "fullname": "144897 (2004 UX10)", "prefix": null, "des": "144897", "spkid": "20144897", "neo": false}, "orbit": {"t_jup": "5.548", "last_obs": "2023-09-10", "producer": "Otto Matic", "moid_jup": "32.5904", "soln_date": "2023-10-10 20:34:07", "model_pars": [], "not_valid_after": null, "condition_code": "1", "equinox": "J2000", "source": "JPL", "n_obs_used": 629, "sb_used": "SB441-N16", "moid": "36.6629", "covariance": {"elements": [{"title": "eccentricity", "name": "e", "sigma": 2.09439669089716e-06, "units": null, "label": "e", "value": ".04278588281507308"}, {"value": "37.16586251081733", "label": "q", "units": "au", "title": "perihelion distance", "name": "q", "sigma": 0.000132323569428434}, {"label": "tp", "units": "TDB", "value": "2432969.757541872015", "title": "time of perihelion passage", "name": "tp", "sigma": 0.767013130508813}, {"value": "148.0013129255609", "label": "node", "units": "deg", "title": "longitude of the ascending node", "sigma": 0.000123601921571144, "name": "om"}, {"sigma": 0.00341154254253807, "name": "w", "title": "argument of perihelion", "units": "deg", "label": "peri", "value": "147.1042621928653"}, {"sigma": 6.87491565634009e-06, "name": "i", "title": "inclination", "units": "deg", "label": "i", "value": "9.535840739351627"}], "epoch": "2458080.5", "labels": ["e", "q", "tp", "node", "peri", "i"], "data": [["4.386497498840962E-12", "-1.405706174550838E-10", "6.134825650692406E-7", "1.183689779722644E-11", "2.074101343810451E-9", "8.18064480663571E-13"], ["-1.405706174550838E-10", "1.750952702628155E-8", "6.087675415555181E-5", "2.039789575517664E-9", "3.044822337992298E-7", "1.255332573708535E-10"], ["6.134825650692406E-7", "6.087675415555181E-5", ".5883091423729297", "1.632369004481378E-5", ".002602647957454886", "1.043567165386855E-6"], ["1.183689779722644E-11", "2.039789575517664E-9", "1.632369004481378E-5", "1.527743501607925E-8", "5.877666427956466E-8", "8.424377170321942E-10"], ["2.074101343810451E-9", "3.044822337992298E-7", ".002602647957454886", "5.877666427956466E-8", "1.163862251954709E-5", "3.873278766304783E-9"], ["8.18064480663571E-13", "1.255332573708535E-10", "1.043567165386855E-6", "8.424377170321942E-10", "3.873278766304783E-9", "4.726446528179013E-11"]]}, "comment": null, "elements": [{"title": "eccentricity", "sigma": "2.3328E-6", "name": "e", "label": "e", "value": ".04114381085475389", "units": null}, {"label": "a", "value": "39.29316279731642", "units": "au", "title": "semi-major axis", "name": "a", "sigma": ".00012335"}, {"label": "q", "units": "au", "value": "37.67649233929858", "title": "perihelion distance", "sigma": ".00011652", "name": "q"}, {"value": "9.528997507813886", "label": "i", "units": "deg", "title": "inclination; angle with respect to x-y ecliptic plane", "name": "i", "sigma": "6.8005E-6"}, {"label": "node", "units": "deg", "value": "147.8546702807145", "name": "om", "sigma": ".00012306", "title": "longitude of the ascending node"}, {"title": "argument of perihelion", "name": "w", "sigma": ".0032956", "label": "peri", "units": "deg", "value": "163.2007661355341"}, {"value": "94.81625361581098", "label": "M", "units": "deg", "title": "mean anomaly", "sigma": ".0034524", "name": "ma"}, {"title": "time of perihelion passage", "name": "tp", "sigma": ".75153", "units": "TDB", "label": "tp", "value": "2436505.637168181020"}, {"title": "sidereal orbital period", "name": "per", "sigma": ".42362", "label": "period", "value": "89965.06710778117", "units": "d"}, {"label": "n", "units": "deg/d", "value": ".004001553175842218", "sigma": "1.8842E-8", "name": "n", "title": "mean motion"}, {"title": "aphelion distance", "sigma": ".00012842", "name": "ad", "label": "Q", "value": "40.90983325533426", "units": "au"}], "epoch": "2460200.5", "not_valid_before": null, "pe_used": "DE441", "two_body": null, "orbit_id": "22", "n_dop_obs_used": null, "rms": ".4168", "n_del_obs_used": null, "first_obs": "1953-08-15", "data_arc": "25593"}}