{"object": {"spkid": "20523778", "kind": "an", "des": "523778", "prefix": null, "orbit_id": "14", "orbit_class": {"code": "TNO", "name": "TransNeptunian Object"}, "neo": false, "fullname": "523778 (2014 YK50)", "pha": false}, "signature": {"version": "1.3", "source": "NASA/JPL Small-Body Database (SBDB) API"}, "orbit": {"n_obs_used": 159, "two_body": null, "n_dop_obs_used": null, "orbit_id": "14", "epoch": "2460200.5", "n_del_obs_used": null, "not_valid_after": null, "soln_date": "2023-07-28 05:32:15", "producer": "Otto Matic", "elements": [{"title": "eccentricity", "name": "e", "label": "e", "units": null, "sigma": "3.0798E-5", "value": ".6647620387841157"}, {"name": "a", "title": "semi-major axis", "units": "au", "sigma": ".011418", "label": "a", "value": "116.2207461219705"}, {"units": "au", "sigma": ".00025568", "label": "q", "name": "q", "title": "perihelion distance", "value": "38.96160598091829"}, {"title": "inclination; angle with respect to x-y ecliptic plane", "name": "i", "label": "i", "units": "deg", "sigma": "4.2315E-5", "value": "29.69813160700747"}, {"value": "27.85274460453116", "sigma": "3.3664E-5", "units": "deg", "label": "node", "name": "om", "title": "longitude of the ascending node"}, {"label": "peri", "units": "deg", "sigma": ".0010385", "title": "argument of perihelion", "name": "w", "value": "169.2653938153625"}, {"name": "ma", "title": "mean anomaly", "units": "deg", "sigma": ".00014845", "label": "M", "value": ".2360029849939933"}, {"label": "tp", "sigma": ".19719", "units": "TDB", "title": "time of perihelion passage", "name": "tp", "value": "2459900.487803256635"}, {"title": "sidereal orbital period", "name": "per", "label": "period", "sigma": "67.439", "units": "d", "value": "457639.9354879363"}, {"label": "n", "sigma": "1.1592E-7", "units": "deg/d", "title": "mean motion", "name": "n", "value": ".0007866446349708696"}, {"value": "193.4798862630227", "title": "aphelion distance", "name": "ad", "label": "Q", "sigma": ".019008", "units": "au"}], "moid": "37.963", "equinox": "J2000", "model_pars": [], "pe_used": "DE441", "sb_used": "SB441-N16", "comment": null, "covariance": {"data": [["9.584353023926973E-10", "7.674447050007747E-9", "-1.712021443772503E-6", "3.783266691528818E-12", "-8.96991409574958E-9", "1.687468366993577E-10"], ["7.674447050007747E-9", "6.543193312840494E-8", "-2.473931797900461E-5", "1.086915384560884E-10", "-1.303279829735902E-7", "1.265329161720309E-9"], ["-1.712021443772503E-6", "-2.473931797900461E-5", ".03741380609200544", "-2.486660321069069E-7", ".0001977074268455992", "-6.231829822368819E-9"], ["3.783266691528818E-12", "1.086915384560884E-10", "-2.486660321069069E-7", "1.140975044685283E-9", "-2.305803003328359E-9", "-1.346751095139543E-9"], ["-8.96991409574958E-9", "-1.303279829735902E-7", ".0001977074268455992", "-2.305803003328359E-9", "1.045710042093221E-6", "1.148443310365474E-9"], ["1.687468366993577E-10", "1.265329161720309E-9", "-6.231829822368819E-9", "-1.346751095139543E-9", "1.148443310365474E-9", "1.783472480948553E-9"]], "epoch": "2457908.5", "elements": [{"value": ".6780589883954262", "label": "e", "sigma": 3.09586062734209e-05, "units": null, "title": "eccentricity", "name": "e"}, {"name": "q", "title": "perihelion distance", "sigma": 0.000255796663638142, "units": "au", "label": "q", "value": "38.97135113883288"}, {"value": "2459910.029904350769", "title": "time of perihelion passage", "name": "tp", "label": "tp", "units": "TDB", "sigma": 0.193426487565704}, {"title": "longitude of the ascending node", "name": "om", "label": "node", "units": "deg", "sigma": 3.37783221117521e-05, "value": "27.91992323097309"}, {"sigma": 0.00102259964897961, "units": "deg", "label": "peri", "name": "w", "title": "argument of perihelion", "value": "169.2763102611453"}, {"value": "29.57511564813212", "sigma": 4.22311790144267e-05, "units": "deg", "label": "i", "name": "i", "title": "inclination"}], "labels": ["e", "q", "tp", "node", "peri", "i"]}, "t_jup": "6.179", "rms": ".51278", "not_valid_before": null, "first_obs": "2011-01-27", "condition_code": "2", "data_arc": "4471", "moid_jup": "33.5122", "source": "JPL", "last_obs": "2023-04-25"}}