{"orbit": {"producer": "Otto Matic", "last_obs": "2021-05-12", "t_jup": "5.830", "not_valid_after": null, "equinox": "J2000", "condition_code": "4", "model_pars": [], "soln_date": "2021-07-07 18:52:30", "moid_jup": "34.0523", "not_valid_before": null, "elements": [{"label": "e", "units": null, "value": ".125948014545119", "title": "eccentricity", "name": "e", "sigma": ".00029736"}, {"sigma": ".0067682", "name": "a", "title": "semi-major axis", "units": "au", "label": "a", "value": "44.67498019219115"}, {"title": "perihelion distance", "name": "q", "sigma": ".014003", "value": "39.04825513714216", "label": "q", "units": "au"}, {"units": "deg", "label": "i", "value": "10.63258925718293", "title": "inclination; angle with respect to x-y ecliptic plane", "sigma": ".00081479", "name": "i"}, {"label": "node", "value": "189.566243493953", "units": "deg", "name": "om", "sigma": ".0048145", "title": "longitude of the ascending node"}, {"units": "deg", "label": "peri", "value": "124.9455350872508", "name": "w", "sigma": ".082151", "title": "argument of perihelion"}, {"name": "ma", "sigma": ".055807", "title": "mean anomaly", "units": "deg", "label": "M", "value": "305.8744290574777"}, {"name": "tp", "sigma": "13.795", "title": "time of perihelion passage", "value": "2476598.654335423464", "label": "tp", "units": "TDB"}, {"value": "109067.4048874494", "label": "period", "units": "d", "sigma": "24.785", "name": "per", "title": "sidereal orbital period"}, {"name": "n", "sigma": "7.5008E-7", "title": "mean motion", "label": "n", "units": "deg/d", "value": ".003300711155376778"}, {"label": "Q", "units": "au", "value": "50.30170524724014", "sigma": ".0076207", "name": "ad", "title": "aphelion distance"}], "comment": null, "epoch": "2460200.5", "covariance": {"elements": [{"name": "e", "sigma": 0.000290088824261069, "title": "eccentricity", "units": null, "label": "e", "value": ".1244183023369735"}, {"sigma": 0.0137909656877523, "name": "q", "title": "perihelion distance", "value": "39.36062091259992", "label": "q", "units": "au"}, {"label": "tp", "units": "TDB", "value": "2475858.325181271910", "title": "time of perihelion passage", "name": "tp", "sigma": 15.8751252036329}, {"label": "node", "units": "deg", "value": "189.3188147802897", "name": "om", "sigma": 0.00482830617307525, "title": "longitude of the ascending node"}, {"label": "peri", "value": "121.6957815631107", "units": "deg", "name": "w", "sigma": 0.0896000462473295, "title": "argument of perihelion"}, {"value": "10.59960523806402", "label": "i", "units": "deg", "title": "inclination", "sigma": 0.0008088611249556, "name": "i"}], "epoch": "2457298.5", "data": [["8.415152596116959E-8", "-3.604166773568045E-6", ".002804077613176692", "-6.042561043469141E-8", "1.922203424850597E-5", "-1.015846201884604E-8"], ["-3.604166773568045E-6", ".0001901907346007619", "-.1950584527151437", "2.214468392426676E-6", "-.001182019672374148", "4.034903045622419E-7"], [".002804077613176692", "-.1950584527151437", "252.0196002310191", "-.001273408787379694", "1.397407653496191", "-.0002772413671235564"], ["-6.042561043469141E-8", "2.214468392426676E-6", "-.001273408787379694", "2.331254050095658E-5", "-3.307896695817161E-5", "3.90163907417284E-6"], ["1.922203424850597E-5", "-.001182019672374148", "1.397407653496191", "-3.307896695817161E-5", ".008028168287523578", "-5.848988026903643E-6"], ["-1.015846201884604E-8", "4.034903045622419E-7", "-.0002772413671235564", "3.90163907417284E-6", "-5.848988026903643E-6", "6.542563194644395E-7"]], "labels": ["e", "q", "tp", "node", "peri", "i"]}, "source": "JPL", "moid": "38.046", "sb_used": "SB441-N16", "n_obs_used": 29, "data_arc": "2538", "first_obs": "2014-05-31", "n_del_obs_used": null, "n_dop_obs_used": null, "rms": ".16749", "orbit_id": "3", "two_body": null, "pe_used": "DE441"}, "object": {"fullname": "(2015 KP175)", "des": "2015 KP175", "prefix": null, "orbit_class": {"code": "TNO", "name": "TransNeptunian Object"}, "pha": false, "kind": "au", "orbit_id": "3", "neo": false, "spkid": "3835603"}, "signature": {"version": "1.3", "source": "NASA/JPL Small-Body Database (SBDB) API"}}