{"signature": {"version": "1.3", "source": "NASA/JPL Small-Body Database (SBDB) API"}, "orbit": {"moid_jup": "41.2377", "soln_date": "2022-07-09 19:42:03", "model_pars": [], "condition_code": "4", "not_valid_after": null, "equinox": "J2000", "t_jup": "5.612", "producer": "Otto Matic", "last_obs": "2022-03-28", "pe_used": "DE441", "two_body": null, "orbit_id": "2", "rms": ".32653", "n_dop_obs_used": null, "first_obs": "2013-04-16", "n_del_obs_used": null, "data_arc": "3268", "n_obs_used": 31, "source": "JPL", "sb_used": "SB441-N16", "moid": "45.6668", "covariance": {"epoch": "2457295.5", "elements": [{"sigma": 0.000235549809982966, "name": "e", "title": "eccentricity", "label": "e", "units": null, "value": ".0241961725727038"}, {"value": "46.72911094438177", "label": "q", "units": "au", "title": "perihelion distance", "sigma": 0.00443195803729741, "name": "q"}, {"sigma": 143.798918917396, "name": "tp", "title": "time of perihelion passage", "value": "2462903.894660917050", "label": "tp", "units": "TDB"}, {"value": "201.9016361230446", "label": "node", "units": "deg", "title": "longitude of the ascending node", "sigma": 0.000248035587309018, "name": "om"}, {"title": "argument of perihelion", "sigma": 0.449721556214642, "name": "w", "label": "peri", "value": "9.561252152922695", "units": "deg"}, {"units": "deg", "label": "i", "value": "24.05933886548821", "title": "inclination", "sigma": 0.000695513797640239, "name": "i"}], "labels": ["e", "q", "tp", "node", "peri", "i"], "data": [["5.548371298301126E-8", "7.560048515390495E-7", "-.003985873170583823", "6.875472951023364E-9", "-1.240876928350783E-5", "-2.115339499705034E-8"], ["7.560048515390495E-7", "1.964225204436508E-5", "-.4877337180872799", "1.271010505127358E-7", "-.001524741051202337", "-3.789712390113731E-7"], ["-.003985873170583823", "-.4877337180872799", "20678.12908181191", "-.002011985742909883", "64.66944921235054", ".005623553913376702"], ["6.875472951023364E-9", "1.271010505127358E-7", "-.002011985742909883", "6.152165257172945E-8", "-6.341563031613673E-6", "-1.652689726557761E-7"], ["-1.240876928350783E-5", "-.001524741051202337", "64.66944921235054", "-6.341563031613673E-6", ".2022494781241191", "1.771668047197191E-5"], ["-2.115339499705034E-8", "-3.789712390113731E-7", ".005623553913376702", "-1.652689726557761E-7", "1.771668047197191E-5", "4.837394427079474E-7"]]}, "comment": null, "elements": [{"title": "eccentricity", "name": "e", "sigma": ".00022591", "value": ".01424359680540683", "label": "e", "units": null}, {"label": "a", "units": "au", "value": "47.33790351813767", "title": "semi-major axis", "sigma": ".014793", "name": "a"}, {"sigma": ".0064678", "name": "q", "title": "perihelion distance", "value": "46.66364150681207", "label": "q", "units": "au"}, {"name": "i", "sigma": ".00070065", "title": "inclination; angle with respect to x-y ecliptic plane", "label": "i", "units": "deg", "value": "24.18950940737231"}, {"title": "longitude of the ascending node", "name": "om", "sigma": ".00024705", "units": "deg", "label": "node", "value": "201.8923971119946"}, {"units": "deg", "label": "peri", "value": "24.14707279955708", "name": "w", "sigma": ".79768", "title": "argument of perihelion"}, {"label": "M", "value": "337.5999048130839", "units": "deg", "title": "mean anomaly", "sigma": ".77892", "name": "ma"}, {"sigma": "255.36", "name": "tp", "title": "time of perihelion passage", "value": "2467602.674519922853", "label": "tp", "units": "TDB"}, {"units": "d", "label": "period", "value": "118963.0135468675", "title": "sidereal orbital period", "name": "per", "sigma": "55.763"}, {"label": "n", "units": "deg/d", "value": ".003026150643520576", "title": "mean motion", "name": "n", "sigma": "1.4185E-6"}, {"sigma": ".015003", "name": "ad", "title": "aphelion distance", "value": "48.01216552946327", "label": "Q", "units": "au"}], "epoch": "2460200.5", "not_valid_before": null}, "object": {"neo": false, "spkid": "54278651", "orbit_class": {"name": "TransNeptunian Object", "code": "TNO"}, "kind": "au", "orbit_id": "2", "pha": false, "prefix": null, "des": "2022 FK12", "fullname": "(2022 FK12)"}}