{"signature": {"version": "1.3", "source": "NASA/JPL Small-Body Database (SBDB) API"}, "object": {"fullname": "(2010 TN182)", "prefix": null, "des": "2010 TN182", "pha": false, "kind": "au", "orbit_id": "6", "orbit_class": {"code": "TNO", "name": "TransNeptunian Object"}, "spkid": "3755950", "neo": false}, "orbit": {"source": "JPL", "n_obs_used": 60, "sb_used": "SB441-N16", "moid": "33.0925", "covariance": {"epoch": "2456242.5", "elements": [{"title": "eccentricity", "sigma": 2.34193817130945e-05, "name": "e", "value": ".145125208367759", "label": "e", "units": null}, {"value": "34.00791735620275", "label": "q", "units": "au", "name": "q", "sigma": 0.00157638723331536, "title": "perihelion distance"}, {"label": "tp", "units": "TDB", "value": "2441510.141611350246", "sigma": 3.1299653281703, "name": "tp", "title": "time of perihelion passage"}, {"label": "node", "units": "deg", "value": "27.45963140867265", "title": "longitude of the ascending node", "sigma": 5.26611975112567e-05, "name": "om"}, {"units": "deg", "label": "peri", "value": "284.5082937276733", "title": "argument of perihelion", "name": "w", "sigma": 0.0181969740825653}, {"title": "inclination", "name": "i", "sigma": 0.000118886750922243, "value": "13.28321042567827", "label": "i", "units": "deg"}], "labels": ["e", "q", "tp", "node", "peri", "i"], "data": [["5.484674398236235E-10", "2.735659922098165E-8", "6.329968691230074E-5", "1.252162828868977E-10", "3.565682621859791E-7", "-5.14875206403998E-11"], ["2.735659922098165E-8", "2.484996709359647E-6", ".004824705783578687", "9.339929739722196E-9", "2.832397050096296E-5", "-1.985068764970123E-9"], ["6.329968691230074E-5", ".004824705783578687", "9.796682955548215", "1.901720737388561E-5", ".0568786622946961", "-5.06643326493118E-6"], ["1.252162828868977E-10", "9.339929739722196E-9", "1.901720737388561E-5", "2.773201723319586E-9", "1.076752060523259E-7", "-2.494034367702561E-9"], ["3.565682621859791E-7", "2.832397050096296E-5", ".0568786622946961", "1.076752060523259E-7", ".0003311298657615528", "-2.553553823857312E-8"], ["-5.14875206403998E-11", "-1.985068764970123E-9", "-5.06643326493118E-6", "-2.494034367702561E-9", "-2.553553823857312E-8", "1.413405954484751E-8"]]}, "not_valid_before": null, "comment": null, "epoch": "2460200.5", "elements": [{"sigma": "2.428E-5", "name": "e", "title": "eccentricity", "label": "e", "units": null, "value": ".1465062164760803"}, {"name": "a", "sigma": ".0027739", "title": "semi-major axis", "label": "a", "value": "39.93131523582303", "units": "au"}, {"name": "q", "sigma": ".0015496", "title": "perihelion distance", "label": "q", "value": "34.08112932170894", "units": "au"}, {"title": "inclination; angle with respect to x-y ecliptic plane", "sigma": ".0001187", "name": "i", "value": "13.26057262636833", "label": "i", "units": "deg"}, {"title": "longitude of the ascending node", "sigma": "5.2842E-5", "name": "om", "label": "node", "value": "27.40749315956314", "units": "deg"}, {"sigma": ".017906", "name": "w", "title": "argument of perihelion", "label": "peri", "units": "deg", "value": "285.6761652807938"}, {"units": "deg", "label": "M", "value": "72.147912429066", "title": "mean anomaly", "name": "ma", "sigma": ".0196"}, {"value": "2441729.512344924740", "label": "tp", "units": "TDB", "title": "time of perihelion passage", "name": "tp", "sigma": "3.0966"}, {"label": "period", "units": "d", "value": "92165.59886420508", "sigma": "9.6037", "name": "per", "title": "sidereal orbital period"}, {"sigma": "4.0701E-7", "name": "n", "title": "mean motion", "label": "n", "value": ".003906012703616419", "units": "deg/d"}, {"label": "Q", "units": "au", "value": "45.78150114993711", "sigma": ".0031803", "name": "ad", "title": "aphelion distance"}], "orbit_id": "6", "pe_used": "DE441", "two_body": null, "n_del_obs_used": null, "first_obs": "2002-09-05", "data_arc": "6587", "rms": ".5023", "n_dop_obs_used": null, "t_jup": "5.465", "producer": "Otto Matic", "last_obs": "2020-09-17", "moid_jup": "29.134", "soln_date": "2021-04-15 04:19:12", "not_valid_after": null, "condition_code": "3", "equinox": "J2000", "model_pars": []}}