{"signature": {"version": "1.3", "source": "NASA/JPL Small-Body Database (SBDB) API"}, "orbit": {"last_obs": "2017-08-26", "producer": "Otto Matic", "t_jup": "5.942", "not_valid_after": null, "equinox": "J2000", "condition_code": "4", "model_pars": [], "moid_jup": "34.8907", "soln_date": "2021-04-15 13:49:27", "not_valid_before": null, "elements": [{"title": "eccentricity", "sigma": ".00047202", "name": "e", "label": "e", "units": null, "value": ".1193696406443582"}, {"label": "a", "units": "au", "value": "45.54354847261546", "name": "a", "sigma": ".0060216", "title": "semi-major axis"}, {"label": "q", "value": "40.10703145777044", "units": "au", "sigma": ".018402", "name": "q", "title": "perihelion distance"}, {"title": "inclination; angle with respect to x-y ecliptic plane", "sigma": "8.2147E-5", "name": "i", "label": "i", "units": "deg", "value": "7.22123827687512"}, {"value": "149.9915555919368", "label": "node", "units": "deg", "name": "om", "sigma": ".0070853", "title": "longitude of the ascending node"}, {"units": "deg", "label": "peri", "value": "125.3340808401893", "name": "w", "sigma": ".28874", "title": "argument of perihelion"}, {"name": "ma", "sigma": ".20816", "title": "mean anomaly", "units": "deg", "label": "M", "value": "337.200207017311"}, {"title": "time of perihelion passage", "name": "tp", "sigma": "65.586", "label": "tp", "value": "2467310.459510587747", "units": "TDB"}, {"value": "112263.5379082159", "label": "period", "units": "d", "title": "sidereal orbital period", "sigma": "22.265", "name": "per"}, {"units": "deg/d", "label": "n", "value": ".003206740199959918", "title": "mean motion", "sigma": "6.3597E-7", "name": "n"}, {"label": "Q", "value": "50.98006548746049", "units": "au", "title": "aphelion distance", "name": "ad", "sigma": ".0067404"}], "comment": null, "epoch": "2460200.5", "sb_used": "SB441-N16", "source": "JPL", "moid": "39.0955", "n_obs_used": 41, "covariance": {"elements": [{"value": ".123097650703987", "label": "e", "units": null, "name": "e", "sigma": 0.000436514976020685, "title": "eccentricity"}, {"value": "40.24313441410315", "label": "q", "units": "au", "title": "perihelion distance", "name": "q", "sigma": 0.0171427955889033}, {"sigma": 67.7718075198523, "name": "tp", "title": "time of perihelion passage", "units": "TDB", "label": "tp", "value": "2466465.897787937378"}, {"sigma": 0.00706310642441717, "name": "om", "title": "longitude of the ascending node", "value": "149.7637451752193", "label": "node", "units": "deg"}, {"sigma": 0.293716527220303, "name": "w", "title": "argument of perihelion", "units": "deg", "label": "peri", "value": "122.0734623001635"}, {"name": "i", "sigma": 7.91364084282153e-05, "title": "inclination", "value": "7.220398869868261", "label": "i", "units": "deg"}], "epoch": "2457292.5", "labels": ["e", "q", "tp", "node", "peri", "i"], "data": [["1.90545324290339E-7", "-7.277427056366012E-6", ".02881217898952972", "-2.048273377076242E-7", ".0001249646525910412", "-2.313497722388857E-9"], ["-7.277427056366012E-6", ".0002938754406029233", "-1.161439089271207", "7.14232740577894E-6", "-.005032159091051243", "9.132931148531481E-8"], [".02881217898952972", "-1.161439089271207", "4593.017894507913", "-.02851174840600624", "19.89983448620399", "-.0003613602649245686"], ["-2.048273377076242E-7", "7.14232740577894E-6", "-.02851174840600624", "4.988747236264315E-5", "-.0001730682418935905", "5.377123000356651E-7"], [".0001249646525910412", "-.005032159091051243", "19.89983448620399", "-.0001730682418935905", ".08626939836235478", "-2.097357562003489E-6"], ["-2.313497722388857E-9", "9.132931148531481E-8", "-.0003613602649245686", "5.377123000356651E-7", "-2.097357562003489E-6", "6.262571138917309E-9"]]}, "n_del_obs_used": null, "first_obs": "2014-05-30", "data_arc": "1184", "n_dop_obs_used": null, "rms": ".12686", "orbit_id": "2", "pe_used": "DE441", "two_body": null}, "object": {"spkid": "3835594", "neo": false, "fullname": "(2015 KE175)", "des": "2015 KE175", "prefix": null, "pha": false, "orbit_id": "2", "kind": "au", "orbit_class": {"name": "TransNeptunian Object", "code": "TNO"}}}