{"signature": {"version": "1.3", "source": "NASA/JPL Small-Body Database (SBDB) API"}, "orbit": {"not_valid_after": null, "n_del_obs_used": null, "elements": [{"value": ".1036890926308556", "units": null, "sigma": ".00055807", "label": "e", "name": "e", "title": "eccentricity"}, {"value": "41.82259408529851", "label": "a", "units": "au", "sigma": ".0080513", "title": "semi-major axis", "name": "a"}, {"name": "q", "title": "perihelion distance", "sigma": ".019335", "units": "au", "label": "q", "value": "37.48604725312532"}, {"title": "inclination; angle with respect to x-y ecliptic plane", "name": "i", "label": "i", "sigma": ".0010506", "units": "deg", "value": "11.05802552371651"}, {"units": "deg", "sigma": ".0034504", "label": "node", "name": "om", "title": "longitude of the ascending node", "value": "205.0093622701178"}, {"name": "w", "title": "argument of perihelion", "units": "deg", "sigma": ".22506", "label": "peri", "value": "87.44003116452677"}, {"value": "324.8534187045008", "label": "M", "units": "deg", "sigma": ".15439", "title": "mean anomaly", "name": "ma"}, {"value": "2469845.349694650156", "name": "tp", "title": "time of perihelion passage", "sigma": "43.152", "units": "TDB", "label": "tp"}, {"value": "98790.43030904091", "name": "per", "title": "sidereal orbital period", "units": "d", "sigma": "28.527", "label": "period"}, {"label": "n", "sigma": "1.0523E-6", "units": "deg/d", "title": "mean motion", "name": "n", "value": ".003644077658876785"}, {"label": "Q", "sigma": ".0088862", "units": "au", "title": "aphelion distance", "name": "ad", "value": "46.1591409174717"}], "producer": "Otto Matic", "soln_date": "2021-04-15 13:49:32", "two_body": null, "n_obs_used": 28, "epoch": "2460200.5", "orbit_id": "2", "n_dop_obs_used": null, "pe_used": "DE441", "covariance": {"data": [["2.829374940654752E-7", "-9.402915335263242E-6", ".02378142957753718", "-1.327963945821922E-7", ".0001207957865882432", "-3.895879253997174E-8"], ["-9.402915335263242E-6", ".0003419081119931792", "-.888294099782834", "3.378096336134528E-6", "-.00447901805221065", "1.010506979262351E-6"], [".02378142957753718", "-.888294099782834", "2327.773207650616", "-.007835610048895303", "11.71150711016723", "-.00236175359988544"], ["-1.327963945821922E-7", "3.378096336134528E-6", "-.007835610048895303", "1.199239121800003E-5", "-5.252571526062973E-5", "3.61676045928664E-6"], [".0001207957865882432", "-.00447901805221065", "11.71150711016723", "-5.252571526062973E-5", ".05896809838013811", "-1.580681087765355E-5"], ["-3.895879253997174E-8", "1.010506979262351E-6", "-.00236175359988544", "3.61676045928664E-6", "-1.580681087765355E-5", "1.093124490679451E-6"]], "epoch": "2457244.5", "labels": ["e", "q", "tp", "node", "peri", "i"], "elements": [{"title": "eccentricity", "name": "e", "label": "e", "sigma": 0.000531918691216501, "units": null, "value": ".1047614787615274"}, {"title": "perihelion distance", "name": "q", "label": "q", "units": "au", "sigma": 0.0184907574748353, "value": "37.66767405561664"}, {"value": "2468993.054257187287", "title": "time of perihelion passage", "name": "tp", "label": "tp", "sigma": 48.2470020586836, "units": "TDB"}, {"title": "longitude of the ascending node", "name": "om", "label": "node", "units": "deg", "sigma": 0.00346300320791073, "value": "204.8298291908112"}, {"title": "argument of perihelion", "name": "w", "label": "peri", "units": "deg", "sigma": 0.242833478705343, "value": "83.66976815170494"}, {"value": "11.01976910173896", "name": "i", "title": "inclination", "sigma": 0.0010455259397449, "units": "deg", "label": "i"}]}, "comment": null, "sb_used": "SB441-N16", "model_pars": [], "moid": "36.4886", "equinox": "J2000", "not_valid_before": null, "rms": ".22969", "data_arc": "1087", "first_obs": "2014-05-30", "condition_code": "4", "t_jup": "5.659", "source": "JPL", "last_obs": "2017-05-21", "moid_jup": "32.4234"}, "object": {"pha": false, "orbit_class": {"name": "TransNeptunian Object", "code": "TNO"}, "orbit_id": "2", "prefix": null, "neo": false, "fullname": "(2015 KC176)", "spkid": "3835616", "kind": "au", "des": "2015 KC176"}}