{"orbit": {"n_obs_used": 14, "two_body": null, "n_dop_obs_used": null, "orbit_id": "1", "epoch": "2460200.5", "n_del_obs_used": null, "not_valid_after": null, "soln_date": "2021-09-24 15:12:02", "producer": "Otto Matic", "elements": [{"label": "e", "units": null, "sigma": ".00018658", "title": "eccentricity", "name": "e", "value": ".1503641771003548"}, {"title": "semi-major axis", "name": "a", "label": "a", "sigma": ".014991", "units": "au", "value": "42.99720017724364"}, {"name": "q", "title": "perihelion distance", "units": "au", "sigma": ".005049", "label": "q", "value": "36.53196155497317"}, {"name": "i", "title": "inclination; angle with respect to x-y ecliptic plane", "sigma": ".00044357", "units": "deg", "label": "i", "value": "23.15751829753255"}, {"value": "167.3603190431764", "label": "node", "units": "deg", "sigma": ".00043277", "title": "longitude of the ascending node", "name": "om"}, {"title": "argument of perihelion", "name": "w", "label": "peri", "sigma": ".062983", "units": "deg", "value": "246.3524376359051"}, {"title": "mean anomaly", "name": "ma", "label": "M", "sigma": ".055915", "units": "deg", "value": "337.4693976446491"}, {"value": "2466645.590115474502", "label": "tp", "units": "TDB", "sigma": "12.678", "title": "time of perihelion passage", "name": "tp"}, {"value": "102981.3763953707", "name": "per", "title": "sidereal orbital period", "sigma": "53.858", "units": "d", "label": "period"}, {"title": "mean motion", "name": "n", "label": "n", "sigma": "1.8282E-6", "units": "deg/d", "value": ".003495777708562293"}, {"value": "49.46243879951411", "title": "aphelion distance", "name": "ad", "label": "Q", "units": "au", "sigma": ".017245"}], "equinox": "J2000", "moid": "35.6096", "model_pars": [], "pe_used": "DE441", "sb_used": "SB441-N16", "covariance": {"labels": ["e", "q", "tp", "node", "peri", "i"], "elements": [{"value": ".1438261606132732", "name": "e", "title": "eccentricity", "sigma": 0.000179671685302343, "units": null, "label": "e"}, {"title": "perihelion distance", "name": "q", "label": "q", "units": "au", "sigma": 0.00525804101872761, "value": "36.4330222464406"}, {"value": "2467124.123198476696", "title": "time of perihelion passage", "name": "tp", "label": "tp", "units": "TDB", "sigma": 13.6590467232603}, {"value": "167.4731935250195", "units": "deg", "sigma": 0.000431219312613403, "label": "node", "name": "om", "title": "longitude of the ascending node"}, {"value": "248.5036945836791", "title": "argument of perihelion", "name": "w", "label": "peri", "sigma": 0.0680447665209753, "units": "deg"}, {"sigma": 0.000444024063012417, "units": "deg", "label": "i", "name": "i", "title": "inclination", "value": "23.23892788792058"}], "data": [["3.228191449938436E-8", "8.395489304302193E-7", "-.002283895535350089", "3.525137380102531E-9", "-1.12610552375906E-5", "1.746592940308752E-8"], ["8.395489304302193E-7", "2.764699535462208E-5", "-.07138705942775034", "1.021128616245582E-7", "-.0003565042915243863", "5.25953560697604E-7"], ["-.002283895535350089", "-.07138705942775034", "186.5695573882074", "-.0002705602483563966", ".9290961157641221", "-.001381163259278821"], ["3.525137380102531E-9", "1.021128616245582E-7", "-.0002705602483563966", "1.859500955707757E-7", "-1.512832842910391E-6", "1.826228244921697E-7"], ["-1.12610552375906E-5", "-.0003565042915243863", ".9290961157641221", "-1.512832842910391E-6", ".004630090250894035", "-7.033020556357327E-6"], ["1.746592940308752E-8", "5.25953560697604E-7", "-.001381163259278821", "1.826228244921697E-7", "-7.033020556357327E-6", "1.971573685340552E-7"]], "epoch": "2456913.5"}, "comment": null, "t_jup": "5.347", "not_valid_before": null, "rms": ".28031", "first_obs": "2001-08-19", "condition_code": "4", "data_arc": "6308", "moid_jup": "31.8772", "source": "JPL", "last_obs": "2018-11-26"}, "signature": {"version": "1.3", "source": "NASA/JPL Small-Body Database (SBDB) API"}, "object": {"spkid": "54199498", "kind": "au", "des": "2013 TP229", "pha": false, "prefix": null, "orbit_class": {"name": "TransNeptunian Object", "code": "TNO"}, "orbit_id": "1", "fullname": "(2013 TP229)", "neo": false}}