{"orbit": {"rms": ".43511", "n_dop_obs_used": null, "data_arc": "4706", "n_del_obs_used": null, "first_obs": "2010-05-06", "two_body": null, "pe_used": "DE441", "orbit_id": "11", "comment": null, "elements": [{"sigma": "1.093E-5", "name": "e", "title": "eccentricity", "label": "e", "units": null, "value": ".1382794597271828"}, {"title": "semi-major axis", "name": "a", "sigma": ".001015", "units": "au", "label": "a", "value": "42.87957513368533"}, {"name": "q", "sigma": ".00064936", "title": "perihelion distance", "value": "36.95021065086818", "label": "q", "units": "au"}, {"title": "inclination; angle with respect to x-y ecliptic plane", "name": "i", "sigma": "5.0848E-5", "value": "20.91512119297218", "label": "i", "units": "deg"}, {"label": "node", "value": "100.2888413095443", "units": "deg", "name": "om", "sigma": "6.8925E-5", "title": "longitude of the ascending node"}, {"sigma": ".0067433", "name": "w", "title": "argument of perihelion", "label": "peri", "value": "94.35531251830149", "units": "deg"}, {"sigma": ".0061279", "name": "ma", "title": "mean anomaly", "label": "M", "units": "deg", "value": "315.1878624198776"}, {"label": "tp", "units": "TDB", "value": "2472966.866176348902", "title": "time of perihelion passage", "sigma": "1.3025", "name": "tp"}, {"label": "period", "value": "102559.0849190875", "units": "d", "sigma": "3.6416", "name": "per", "title": "sidereal orbital period"}, {"name": "n", "sigma": "1.2464E-7", "title": "mean motion", "label": "n", "value": ".003510171724757653", "units": "deg/d"}, {"title": "aphelion distance", "sigma": ".0011554", "name": "ad", "value": "48.80893961650248", "label": "Q", "units": "au"}], "epoch": "2460200.5", "not_valid_before": null, "covariance": {"data": [["1.244504387054345E-10", "1.644120262108239E-9", "-6.990411096902168E-6", "-2.291793123677281E-11", "-3.138030753926204E-8", "-1.082148454695428E-12"], ["1.644120262108239E-9", "4.034759189986802E-7", "-.0007441567568972256", "5.692405603455383E-10", "-3.95583069643536E-6", "1.70447037239916E-9"], ["-6.990411096902168E-6", "-.0007441567568972256", "1.508582702400162", "-2.071662910424787E-7", ".007821100622618723", "-2.866797172894831E-6"], ["-2.291793123677281E-11", "5.692405603455383E-10", "-2.071662910424787E-7", "4.726735023645564E-9", "-6.742194625639591E-9", "3.409771909327143E-9"], ["-3.138030753926204E-8", "-3.95583069643536E-6", ".007821100622618723", "-6.742194625639591E-9", "4.081484435348883E-5", "-1.882417892297501E-8"], ["-1.082148454695428E-12", "1.70447037239916E-9", "-2.866797172894831E-6", "3.409771909327143E-9", "-1.882417892297501E-8", "2.57469383240972E-9"]], "labels": ["e", "q", "tp", "node", "peri", "i"], "epoch": "2457392.5", "elements": [{"title": "eccentricity", "name": "e", "sigma": 1.11557356864276e-05, "label": "e", "value": ".1453099159389068", "units": null}, {"title": "perihelion distance", "sigma": 0.000635197543287661, "name": "q", "label": "q", "value": "36.9451710471514", "units": "au"}, {"value": "2472628.476372018424", "label": "tp", "units": "TDB", "name": "tp", "sigma": 1.22824374714474, "title": "time of perihelion passage"}, {"title": "longitude of the ascending node", "sigma": 6.87512547059729e-05, "name": "om", "value": "100.3116653369787", "label": "node", "units": "deg"}, {"title": "argument of perihelion", "sigma": 0.00638864965023821, "name": "w", "label": "peri", "value": "93.03596832058115", "units": "deg"}, {"units": "deg", "label": "i", "value": "20.91114111284841", "sigma": 5.07414409768753e-05, "name": "i", "title": "inclination"}]}, "sb_used": "SB441-N16", "source": "JPL", "moid": "36.0157", "n_obs_used": 173, "model_pars": [], "condition_code": "2", "not_valid_after": null, "equinox": "J2000", "soln_date": "2023-04-26 17:46:47", "moid_jup": "31.8531", "producer": "Otto Matic", "last_obs": "2023-03-25", "t_jup": "5.433"}, "object": {"spkid": "20523758", "neo": false, "kind": "an", "orbit_id": "11", "pha": false, "orbit_class": {"name": "TransNeptunian Object", "code": "TNO"}, "des": "523758", "prefix": null, "fullname": "523758 (2014 WJ509)"}, "signature": {"version": "1.3", "source": "NASA/JPL Small-Body Database (SBDB) API"}}