{"object": {"pha": false, "prefix": null, "orbit_id": "13", "orbit_class": {"name": "TransNeptunian Object", "code": "TNO"}, "neo": false, "fullname": "523693 (2014 FT71)", "spkid": "20523693", "kind": "an", "des": "523693"}, "signature": {"version": "1.3", "source": "NASA/JPL Small-Body Database (SBDB) API"}, "orbit": {"moid_jup": "32.0044", "source": "JPL", "last_obs": "2023-05-16", "t_jup": "5.162", "rms": ".60094", "not_valid_before": null, "condition_code": "3", "first_obs": "2010-02-26", "data_arc": "4827", "moid": "35.986", "equinox": "J2000", "model_pars": [], "pe_used": "DE441", "sb_used": "SB441-N16", "covariance": {"elements": [{"value": ".1381606441671937", "name": "e", "title": "eccentricity", "sigma": 2.83054836805045e-05, "units": null, "label": "e"}, {"title": "perihelion distance", "name": "q", "label": "q", "units": "au", "sigma": 0.00232044554251469, "value": "37.70139314242994"}, {"value": "2494677.472274729844", "label": "tp", "units": "TDB", "sigma": 2.76478184414797, "title": "time of perihelion passage", "name": "tp"}, {"value": "346.328772117209", "units": "deg", "sigma": 0.000125541655078853, "label": "node", "name": "om", "title": "longitude of the ascending node"}, {"label": "peri", "units": "deg", "sigma": 0.0092483984285559, "title": "argument of perihelion", "name": "w", "value": "350.3488123674587"}, {"value": "27.84650474431347", "units": "deg", "sigma": 9.40340506803389e-05, "label": "i", "name": "i", "title": "inclination"}], "labels": ["e", "q", "tp", "node", "peri", "i"], "data": [["8.012004063873089E-10", "-6.120777767182786E-8", "-5.325747649195737E-5", "-5.174950498516654E-10", "1.851444826310904E-8", "-4.824693039956168E-10"], ["-6.120777767182786E-8", "5.384467515776277E-6", ".002370709409965233", "3.865079063094941E-8", "-9.166320484968213E-6", "3.811213004316541E-8"], ["-5.325747649195737E-5", ".002370709409965233", "7.644018645730244", "3.679354153870291E-5", ".01744485847008734", "2.934677283897687E-5"], ["-5.174950498516654E-10", "3.865079063094941E-8", "3.679354153870291E-5", "1.57607071599378E-8", "-1.514945709454468E-8", "1.169280313375334E-8"], ["1.851444826310904E-8", "-9.166320484968213E-6", ".01744485847008734", "-1.514945709454468E-8", "8.553287349331531E-5", "-3.414007603852664E-8"], ["-4.824693039956168E-10", "3.811213004316541E-8", "2.934677283897687E-5", "1.169280313375334E-8", "-3.414007603852664E-8", "8.842402687352549E-9"]], "epoch": "2457388.5"}, "comment": null, "two_body": null, "n_obs_used": 105, "orbit_id": "13", "n_dop_obs_used": null, "epoch": "2460200.5", "n_del_obs_used": null, "not_valid_after": null, "soln_date": "2023-07-27 23:04:31", "producer": "Otto Matic", "elements": [{"value": ".1459225705702397", "name": "e", "title": "eccentricity", "units": null, "sigma": "2.8151E-5", "label": "e"}, {"sigma": ".0014182", "units": "au", "label": "a", "name": "a", "title": "semi-major axis", "value": "43.31379105893372"}, {"sigma": ".0022828", "units": "au", "label": "q", "name": "q", "title": "perihelion distance", "value": "36.99333132647185"}, {"value": "27.9757017622409", "title": "inclination; angle with respect to x-y ecliptic plane", "name": "i", "label": "i", "sigma": "9.4536E-5", "units": "deg"}, {"title": "longitude of the ascending node", "name": "om", "label": "node", "units": "deg", "sigma": ".00012506", "value": "346.5177687885042"}, {"label": "peri", "units": "deg", "sigma": ".0086677", "title": "argument of perihelion", "name": "w", "value": "353.0981564185129"}, {"units": "deg", "sigma": ".01062", "label": "M", "name": "ma", "title": "mean anomaly", "value": "239.8492016819558"}, {"units": "TDB", "sigma": "2.7378", "label": "tp", "name": "tp", "title": "time of perihelion passage", "value": "2494951.066007809648"}, {"value": "104120.8542759445", "label": "period", "units": "d", "sigma": "5.1139", "title": "sidereal orbital period", "name": "per"}, {"value": ".003457520613938839", "label": "n", "sigma": "1.6981E-7", "units": "deg/d", "title": "mean motion", "name": "n"}, {"name": "ad", "title": "aphelion distance", "sigma": ".0016252", "units": "au", "label": "Q", "value": "49.63425079139559"}]}}