{"object": {"spkid": "3835638", "des": "2015 RD280", "kind": "au", "prefix": null, "orbit_class": {"name": "TransNeptunian Object", "code": "TNO"}, "orbit_id": "3", "neo": false, "fullname": "(2015 RD280)", "pha": false}, "signature": {"version": "1.3", "source": "NASA/JPL Small-Body Database (SBDB) API"}, "orbit": {"t_jup": "5.963", "not_valid_before": null, "rms": ".12446", "condition_code": "4", "first_obs": "2015-06-23", "data_arc": "2685", "moid_jup": "34.9815", "source": "JPL", "last_obs": "2022-10-29", "two_body": null, "n_obs_used": 31, "n_dop_obs_used": null, "orbit_id": "3", "epoch": "2460200.5", "n_del_obs_used": null, "not_valid_after": null, "soln_date": "2022-11-05 01:29:32", "producer": "Otto Matic", "elements": [{"units": null, "sigma": ".0003686", "label": "e", "name": "e", "title": "eccentricity", "value": ".1044717952331635"}, {"label": "a", "units": "au", "sigma": ".0059923", "title": "semi-major axis", "name": "a", "value": "45.003038748763"}, {"units": "au", "sigma": ".015326", "label": "q", "name": "q", "title": "perihelion distance", "value": "40.30149049973211"}, {"title": "inclination; angle with respect to x-y ecliptic plane", "name": "i", "label": "i", "sigma": ".0010347", "units": "deg", "value": "1.4859467634894"}, {"value": "13.17503910337859", "label": "node", "units": "deg", "sigma": ".0019459", "title": "longitude of the ascending node", "name": "om"}, {"name": "w", "title": "argument of perihelion", "units": "deg", "sigma": ".10008", "label": "peri", "value": "244.7892442797421"}, {"name": "ma", "title": "mean anomaly", "sigma": ".14481", "units": "deg", "label": "M", "value": "110.1754083837433"}, {"label": "tp", "sigma": "39.761", "units": "TDB", "title": "time of perihelion passage", "name": "tp", "value": "2426452.864119645717"}, {"sigma": "22.024", "units": "d", "label": "period", "name": "per", "title": "sidereal orbital period", "value": "110270.9678607388"}, {"sigma": "6.5205E-7", "units": "deg/d", "label": "n", "name": "n", "title": "mean motion", "value": ".003264685229340181"}, {"name": "ad", "title": "aphelion distance", "units": "au", "sigma": ".0066183", "label": "Q", "value": "49.7045869977939"}], "equinox": "J2000", "moid": "39.286", "model_pars": [], "pe_used": "DE441", "sb_used": "SB441-N16", "covariance": {"elements": [{"value": ".1103849671949647", "title": "eccentricity", "name": "e", "label": "e", "sigma": 0.000348905446775754, "units": null}, {"value": "39.55332147985952", "title": "perihelion distance", "name": "q", "label": "q", "units": "au", "sigma": 0.0144400397082706}, {"label": "tp", "units": "TDB", "sigma": 42.5831677822514, "title": "time of perihelion passage", "name": "tp", "value": "2425319.450720574154"}, {"value": "13.16695893929278", "units": "deg", "sigma": 0.00192328955284706, "label": "node", "name": "om", "title": "longitude of the ascending node"}, {"name": "w", "title": "argument of perihelion", "units": "deg", "sigma": 0.110286747885714, "label": "peri", "value": "239.0145805004466"}, {"value": "1.49488791320946", "title": "inclination", "name": "i", "label": "i", "units": "deg", "sigma": 0.00104125224442132}], "labels": ["e", "q", "tp", "node", "peri", "i"], "data": [["1.217350107897884E-7", "-4.746954211869622E-6", ".01432918358037979", "2.93879865965981E-9", "3.392889826403337E-5", "-2.555089640360621E-9"], ["-4.746954211869622E-6", ".0002085147467764325", "-.5050766736193473", "-2.188637054937132E-7", "-.001073011699441687", "1.61355643872259E-7"], [".01432918358037979", "-.5050766736193473", "1813.326178371377", ".0001198219930026893", "4.577850479065926", "-.0001671157627409008"], ["2.93879865965981E-9", "-2.188637054937132E-7", ".0001198219930026893", "3.699042704090654E-6", "-3.952283211444034E-6", "-1.722229731954366E-6"], ["3.392889826403337E-5", "-.001073011699441687", "4.577850479065926", "-3.952283211444034E-6", ".01216316675920709", "1.644390155571888E-6"], ["-2.555089640360621E-9", "1.61355643872259E-7", "-.0001671157627409008", "-1.722229731954366E-6", "1.644390155571888E-6", "1.08420623651244E-6"]], "epoch": "2457527.5"}, "comment": null}}