{"object": {"spkid": "3020098", "des": "1998 HN151", "kind": "au", "pha": false, "prefix": null, "orbit_id": "9", "orbit_class": {"name": "TransNeptunian Object", "code": "TNO"}, "fullname": "(1998 HN151)", "neo": false}, "signature": {"version": "1.3", "source": "NASA/JPL Small-Body Database (SBDB) API"}, "orbit": {"not_valid_after": null, "n_del_obs_used": null, "elements": [{"title": "eccentricity", "name": "e", "label": "e", "sigma": ".0002118", "units": null, "value": ".05575330019264435"}, {"name": "a", "title": "semi-major axis", "sigma": ".011245", "units": "au", "label": "a", "value": "37.78732866738719"}, {"name": "q", "title": "perihelion distance", "sigma": ".018582", "units": "au", "label": "q", "value": "35.68056038871624"}, {"value": "25.05187042668723", "label": "i", "units": "deg", "sigma": ".00024759", "title": "inclination; angle with respect to x-y ecliptic plane", "name": "i"}, {"value": "37.306196584456", "title": "longitude of the ascending node", "name": "om", "label": "node", "sigma": ".00024372", "units": "deg"}, {"value": "309.5848985274818", "label": "peri", "units": "deg", "sigma": ".11363", "title": "argument of perihelion", "name": "w"}, {"sigma": ".1066", "units": "deg", "label": "M", "name": "ma", "title": "mean anomaly", "value": "233.6066789783972"}, {"units": "TDB", "sigma": "15.811", "label": "tp", "name": "tp", "title": "time of perihelion passage", "value": "2489988.362321397781"}, {"title": "sidereal orbital period", "name": "per", "label": "period", "sigma": "37.872", "units": "d", "value": "84843.33150697373"}, {"sigma": "1.894E-6", "units": "deg/d", "label": "n", "name": "n", "title": "mean motion", "value": ".004243114851877424"}, {"value": "39.89409694605814", "title": "aphelion distance", "name": "ad", "label": "Q", "units": "au", "sigma": ".011872"}], "soln_date": "2021-04-14 20:48:06", "producer": "Otto Matic", "two_body": null, "n_obs_used": 31, "epoch": "2460200.5", "n_dop_obs_used": null, "orbit_id": "9", "pe_used": "DE441", "comment": null, "covariance": {"elements": [{"value": ".05523683423101849", "name": "e", "title": "eccentricity", "units": null, "sigma": 0.000208124062685467, "label": "e"}, {"sigma": 0.0184985661577897, "units": "au", "label": "q", "name": "q", "title": "perihelion distance", "value": "35.76530564180277"}, {"title": "time of perihelion passage", "name": "tp", "label": "tp", "sigma": 17.1485462348241, "units": "TDB", "value": "2489488.242811694297"}, {"name": "om", "title": "longitude of the ascending node", "sigma": 0.000244991216347026, "units": "deg", "label": "node", "value": "37.27493299559822"}, {"units": "deg", "sigma": 0.122454609385797, "label": "peri", "name": "w", "title": "argument of perihelion", "value": "307.2369364521728"}, {"title": "inclination", "name": "i", "label": "i", "sigma": 0.000247334634532645, "units": "deg", "value": "25.01805383692312"}], "labels": ["e", "q", "tp", "node", "peri", "i"], "data": [["4.331562546870431E-8", "-3.83690928321019E-6", ".001726925930068084", "-1.228782573180455E-8", "2.140116255047829E-5", "4.654587670917014E-9"], ["-3.83690928321019E-6", ".0003421969498941208", "-.1757703822054276", "1.084507496451456E-6", "-.00199681048273478", "-4.048006835213002E-7"], [".001726925930068084", "-.1757703822054276", "294.072637967901", "-.0004485202084895966", "1.851067360310239", ".0001107041959801705"], ["-1.228782573180455E-8", "1.084507496451456E-6", "-.0004485202084895966", "6.002069608719508E-8", "-5.940323147807658E-6", "-5.09515674090801E-8"], ["2.140116255047829E-5", "-.00199681048273478", "1.851067360310239", "-5.940323147807658E-6", ".01499513135982803", "2.013395820481316E-6"], ["4.654587670917014E-9", "-4.048006835213002E-7", ".0001107041959801705", "-5.09515674090801E-8", "2.013395820481316E-6", "6.117442143939717E-8"]], "epoch": "2455483.5"}, "sb_used": "SB441-N16", "model_pars": [], "moid": "34.7289", "equinox": "J2000", "rms": ".25584", "not_valid_before": null, "data_arc": "6920", "condition_code": "4", "first_obs": "1998-04-21", "t_jup": "5.013", "source": "JPL", "last_obs": "2017-04-01", "moid_jup": "30.9338"}}