{"signature": {"version": "1.3", "source": "NASA/JPL Small-Body Database (SBDB) API"}, "object": {"fullname": "(2015 VH168)", "des": "2015 VH168", "prefix": null, "pha": false, "kind": "au", "orbit_id": "2", "orbit_class": {"name": "TransNeptunian Object", "code": "TNO"}, "spkid": "3831157", "neo": false}, "orbit": {"n_del_obs_used": null, "first_obs": "2014-11-17", "data_arc": "1125", "n_dop_obs_used": null, "rms": ".097351", "orbit_id": "2", "pe_used": "DE441", "two_body": null, "not_valid_before": null, "epoch": "2460200.5", "comment": null, "elements": [{"sigma": ".00014287", "name": "e", "title": "eccentricity", "label": "e", "value": ".2593628368314331", "units": null}, {"title": "semi-major axis", "sigma": ".0081545", "name": "a", "value": "49.25017397047694", "label": "a", "units": "au"}, {"value": "36.47650913505244", "label": "q", "units": "au", "title": "perihelion distance", "name": "q", "sigma": ".0030557"}, {"value": "15.83248895908736", "label": "i", "units": "deg", "sigma": ".00083323", "name": "i", "title": "inclination; angle with respect to x-y ecliptic plane"}, {"title": "longitude of the ascending node", "sigma": ".00017404", "name": "om", "label": "node", "value": "226.3376858188898", "units": "deg"}, {"label": "peri", "value": "172.1045581978546", "units": "deg", "title": "argument of perihelion", "name": "w", "sigma": ".12181"}, {"label": "M", "units": "deg", "value": "13.76046382056007", "sigma": ".0675", "name": "ma", "title": "mean anomaly"}, {"label": "tp", "units": "TDB", "value": "2455375.018529481969", "title": "time of perihelion passage", "name": "tp", "sigma": "24.096"}, {"title": "sidereal orbital period", "name": "per", "sigma": "31.354", "units": "d", "label": "period", "value": "126243.8063163909"}, {"value": ".002851625046045995", "label": "n", "units": "deg/d", "title": "mean motion", "name": "n", "sigma": "7.0823E-7"}, {"name": "ad", "sigma": ".010269", "title": "aphelion distance", "units": "au", "label": "Q", "value": "62.02383880590145"}], "source": "JPL", "sb_used": "SB441-N16", "moid": "35.4842", "n_obs_used": 35, "covariance": {"data": [["1.9829551897587E-8", "-2.191299431631247E-7", "-.002586732752774867", "1.520205495885987E-9", "-1.30222987870134E-5", "1.015844185739567E-8"], ["-2.191299431631247E-7", "9.236007115610562E-6", ".07275118377553838", "2.467807298955113E-9", ".0003661428625523281", "-4.197512789126985E-8"], ["-.002586732752774867", ".07275118377553838", "629.462699350258", "-8.32993806646977E-5", "3.16780389512209", "-.0009265968834532372"], ["1.520205495885987E-9", "2.467807298955113E-9", "-8.32993806646977E-5", "2.997495285346003E-8", "-4.476291138022802E-7", "1.266006256205538E-7"], ["-1.30222987870134E-5", ".0003661428625523281", "3.16780389512209", "-4.476291138022802E-7", ".01594219294457973", "-4.78268790494487E-6"], ["1.015844185739567E-8", "-4.197512789126985E-8", "-.0009265968834532372", "1.266006256205538E-7", "-4.78268790494487E-6", "6.99933055489843E-7"]], "labels": ["e", "q", "tp", "node", "peri", "i"], "epoch": "2457522.5", "elements": [{"name": "e", "sigma": 0.000140817441737829, "title": "eccentricity", "label": "e", "units": null, "value": ".249375855173943"}, {"value": "36.48026585456554", "label": "q", "units": "au", "title": "perihelion distance", "name": "q", "sigma": 0.00303907997848207}, {"title": "time of perihelion passage", "sigma": 25.0890952278128, "name": "tp", "units": "TDB", "label": "tp", "value": "2455387.885992591383"}, {"label": "node", "value": "226.3952259525803", "units": "deg", "sigma": 0.000173132760774673, "name": "om", "title": "longitude of the ascending node"}, {"label": "peri", "value": "172.1977746721635", "units": "deg", "title": "argument of perihelion", "name": "w", "sigma": 0.126262397191641}, {"name": "i", "sigma": 0.000836620018580624, "title": "inclination", "value": "15.8975387383167", "label": "i", "units": "deg"}]}, "equinox": "J2000", "not_valid_after": null, "condition_code": "4", "model_pars": [], "moid_jup": "31.5107", "soln_date": "2021-04-15 15:18:38", "producer": "Otto Matic", "last_obs": "2017-12-16", "t_jup": "5.823"}}