{"orbit": {"t_jup": "4.752", "data_arc": "1526", "condition_code": "4", "first_obs": "2014-09-25", "rms": ".231", "not_valid_before": null, "moid_jup": "30.0769", "last_obs": "2018-11-29", "source": "JPL", "epoch": "2460200.5", "orbit_id": "1", "n_dop_obs_used": null, "n_obs_used": 12, "two_body": null, "elements": [{"value": ".1900936310583516", "name": "e", "title": "eccentricity", "sigma": ".0001824", "units": null, "label": "e"}, {"value": "42.9676547712884", "label": "a", "sigma": ".013407", "units": "au", "title": "semi-major axis", "name": "a"}, {"value": "34.79977725775248", "name": "q", "title": "perihelion distance", "units": "au", "sigma": ".0049118", "label": "q"}, {"units": "deg", "sigma": ".00069901", "label": "i", "name": "i", "title": "inclination; angle with respect to x-y ecliptic plane", "value": "34.84589853110086"}, {"value": "43.70539345899679", "sigma": ".0013451", "units": "deg", "label": "node", "name": "om", "title": "longitude of the ascending node"}, {"title": "argument of perihelion", "name": "w", "label": "peri", "sigma": ".15113", "units": "deg", "value": "324.1670650309252"}, {"units": "deg", "sigma": ".10019", "label": "M", "name": "ma", "title": "mean anomaly", "value": ".479764217204411"}, {"value": "2460063.400378926424", "title": "time of perihelion passage", "name": "tp", "label": "tp", "units": "TDB", "sigma": "28.663"}, {"value": "102875.249584232", "sigma": "48.149", "units": "d", "label": "period", "name": "per", "title": "sidereal orbital period"}, {"value": ".003499383976757595", "title": "mean motion", "name": "n", "label": "n", "sigma": "1.6378E-6", "units": "deg/d"}, {"value": "51.13553228482432", "label": "Q", "sigma": ".015956", "units": "au", "title": "aphelion distance", "name": "ad"}], "soln_date": "2021-09-20 15:12:06", "producer": "Otto Matic", "not_valid_after": null, "n_del_obs_used": null, "model_pars": [], "moid": "33.8569", "equinox": "J2000", "covariance": {"elements": [{"units": null, "sigma": 0.000181537695445151, "label": "e", "name": "e", "title": "eccentricity", "value": ".1798809236910023"}, {"name": "q", "title": "perihelion distance", "units": "au", "sigma": 0.00486861710273721, "label": "q", "value": "34.78944368158776"}, {"value": "2460028.587870502609", "label": "tp", "sigma": 30.2887830150422, "units": "TDB", "title": "time of perihelion passage", "name": "tp"}, {"label": "node", "sigma": 0.00134336157239423, "units": "deg", "title": "longitude of the ascending node", "name": "om", "value": "43.5401931746841"}, {"value": "324.0916575079127", "name": "w", "title": "argument of perihelion", "sigma": 0.158992325173928, "units": "deg", "label": "peri"}, {"sigma": 0.000703052647488005, "units": "deg", "label": "i", "name": "i", "title": "inclination", "value": "34.96100916876028"}], "labels": ["e", "q", "tp", "node", "peri", "i"], "epoch": "2457703.5", "data": [["3.295593486753655E-8", "3.805956169757195E-7", "-.0005530992780307605", "-6.336652072048659E-8", "-2.853909330665172E-6", "3.741019253376685E-8"], ["3.805956169757195E-7", "2.370343249306522E-5", "-.1382049227435033", "-1.902712842593077E-6", "-.0007250682480111646", "1.09574568515691E-6"], ["-.0005530992780307605", "-.1382049227435033", "917.410376532309", ".00891160363163513", "4.815571323807831", "-.005071081005212083"], ["-6.336652072048659E-8", "-1.902712842593077E-6", ".00891160363163513", "1.804620314185487E-6", "4.53836103014221E-5", "-9.40991413308584E-7"], ["-2.853909330665172E-6", "-.0007250682480111646", "4.815571323807831", "4.53836103014221E-5", ".02527855946421192", "-2.58959133014885E-5"], ["3.741019253376685E-8", "1.09574568515691E-6", "-.005071081005212083", "-9.40991413308584E-7", "-2.58959133014885E-5", "4.942830251398924E-7"]]}, "comment": null, "sb_used": "SB441-N16", "pe_used": "DE441"}, "signature": {"version": "1.3", "source": "NASA/JPL Small-Body Database (SBDB) API"}, "object": {"spkid": "54198857", "kind": "au", "des": "2014 SW403", "pha": false, "orbit_class": {"name": "TransNeptunian Object", "code": "TNO"}, "orbit_id": "1", "prefix": null, "neo": false, "fullname": "(2014 SW403)"}}