{"orbit": {"n_obs_used": 370, "two_body": null, "n_dop_obs_used": null, "orbit_id": "36", "epoch": "2460200.5", "n_del_obs_used": null, "not_valid_after": null, "soln_date": "2023-08-24 21:18:55", "producer": "Otto Matic", "elements": [{"title": "eccentricity", "name": "e", "label": "e", "units": null, "sigma": "1.5742E-6", "value": ".08112832241633931"}, {"sigma": "7.7719E-5", "units": "au", "label": "a", "name": "a", "title": "semi-major axis", "value": "39.62414176340711"}, {"value": "36.40950161495469", "name": "q", "title": "perihelion distance", "sigma": "3.4443E-5", "units": "au", "label": "q"}, {"value": "14.79248502384613", "label": "i", "units": "deg", "sigma": "1.0675E-5", "title": "inclination; angle with respect to x-y ecliptic plane", "name": "i"}, {"value": "302.6997394212696", "name": "om", "title": "longitude of the ascending node", "units": "deg", "sigma": "4.5039E-5", "label": "node"}, {"sigma": ".0018821", "units": "deg", "label": "peri", "name": "w", "title": "argument of perihelion", "value": "112.6551606410489"}, {"value": "27.88172831298165", "title": "mean anomaly", "name": "ma", "label": "M", "units": "deg", "sigma": ".0016063"}, {"name": "tp", "title": "time of perihelion passage", "sigma": ".40224", "units": "TDB", "label": "tp", "value": "2453144.551208662986"}, {"name": "per", "title": "sidereal orbital period", "sigma": ".26804", "units": "d", "label": "period", "value": "91104.1645757176"}, {"label": "n", "units": "deg/d", "sigma": "1.1626E-8", "title": "mean motion", "name": "n", "value": ".003951520785867042"}, {"name": "ad", "title": "aphelion distance", "units": "au", "sigma": "8.4024E-5", "label": "Q", "value": "42.83878191185953"}], "moid": "35.449", "equinox": "J2000", "model_pars": [], "pe_used": "DE441", "sb_used": "SB441-N16", "covariance": {"data": [["2.387543915261511E-12", "4.406099436450024E-12", "-1.716624122074384E-7", "7.788826276048476E-12", "-8.162285743311155E-10", "-1.886480336556285E-12"], ["4.406099436450024E-12", "1.007822484312954E-9", "1.194991567866369E-5", "2.184584233969547E-10", "5.568997065558701E-8", "-5.207642685882872E-11"], ["-1.716624122074384E-7", "1.194991567866369E-5", ".1716437729974479", "3.363166394615473E-6", ".0007997181763761459", "-7.950638291824764E-7"], ["7.788826276048476E-12", "2.184584233969547E-10", "3.363166394615473E-6", "2.0409891870666E-9", "1.365903224596436E-8", "-4.813808651469014E-10"], ["-8.162285743311155E-10", "5.568997065558701E-8", ".0007997181763761459", "1.365903224596436E-8", "3.728110676929887E-6", "-3.230041982677387E-9"], ["-1.886480336556285E-12", "-5.207642685882872E-11", "-7.950638291824764E-7", "-4.813808651469014E-10", "-3.230041982677387E-9", "1.136633982981534E-10"]], "epoch": "2456783.5", "labels": ["e", "q", "tp", "node", "peri", "i"], "elements": [{"value": ".07957864944047709", "title": "eccentricity", "name": "e", "label": "e", "sigma": 1.5451679246158e-06, "units": null}, {"title": "perihelion distance", "name": "q", "label": "q", "sigma": 3.17462200003867e-05, "units": "au", "value": "36.45399481078155"}, {"value": "2453546.765996072995", "units": "TDB", "sigma": 0.414299134681027, "label": "tp", "name": "tp", "title": "time of perihelion passage"}, {"value": "302.8269479302608", "units": "deg", "sigma": 4.51773083202906e-05, "label": "node", "name": "om", "title": "longitude of the ascending node"}, {"value": "114.4812733278319", "label": "peri", "sigma": 0.00193083160242676, "units": "deg", "title": "argument of perihelion", "name": "w"}, {"value": "14.76873620718962", "label": "i", "units": "deg", "sigma": 1.06613037804085e-05, "title": "inclination", "name": "i"}]}, "comment": null, "t_jup": "5.450", "rms": ".45994", "not_valid_before": null, "condition_code": "1", "first_obs": "1991-09-17", "data_arc": "11398", "moid_jup": "31.5573", "source": "JPL", "last_obs": "2022-12-01"}, "signature": {"version": "1.3", "source": "NASA/JPL Small-Body Database (SBDB) API"}, "object": {"orbit_id": "36", "orbit_class": {"code": "TNO", "name": "TransNeptunian Object"}, "prefix": null, "neo": false, "fullname": "84922 (2003 VS2)", "pha": false, "spkid": "20084922", "kind": "an", "des": "84922"}}