{"object": {"prefix": null, "orbit_class": {"code": "TNO", "name": "TransNeptunian Object"}, "orbit_id": "7", "neo": false, "fullname": "(2011 UM411)", "pha": false, "spkid": "3696040", "kind": "au", "des": "2011 UM411"}, "orbit": {"moid_jup": "31.141", "last_obs": "2022-11-28", "source": "JPL", "t_jup": "5.708", "data_arc": "4053", "first_obs": "2011-10-24", "condition_code": "4", "not_valid_before": null, "rms": ".17479", "model_pars": [], "moid": "35.5796", "equinox": "J2000", "covariance": {"epoch": "2456336.5", "data": [["3.972229781510583E-8", "-3.21287255092787E-6", "-.008262728587775395", "-9.902507725505791E-9", "-1.371947519957436E-5", "-6.076930149061208E-9"], ["-3.21287255092787E-6", ".0002633494517915358", ".6079426655031372", "6.912369754857624E-7", ".0009270251187394166", "4.536262806384462E-7"], ["-.008262728587775395", ".6079426655031372", "2810.633971066171", ".00403669200056646", "6.142964920749407", ".001957898273638927"], ["-9.902507725505791E-9", "6.912369754857624E-7", ".00403669200056646", "3.271612448316193E-6", "6.155438362287057E-6", "1.382156111645706E-6"], ["-1.371947519957436E-5", ".0009270251187394166", "6.142964920749407", "6.155438362287057E-6", ".01465402786272336", "2.825413077521896E-6"], ["-6.076930149061208E-9", "4.536262806384462E-7", ".001957898273638927", "1.382156111645706E-6", "2.825413077521896E-6", "5.948331980161621E-7"]], "labels": ["e", "q", "tp", "node", "peri", "i"], "elements": [{"value": ".1426099045474723", "label": "e", "units": null, "sigma": 0.000199304535360101, "title": "eccentricity", "name": "e"}, {"value": "36.33471621353029", "title": "perihelion distance", "name": "q", "label": "q", "units": "au", "sigma": 0.0162280452239799}, {"value": "2505155.215745937705", "sigma": 53.0154125803636, "units": "TDB", "label": "tp", "name": "tp", "title": "time of perihelion passage"}, {"title": "longitude of the ascending node", "name": "om", "label": "node", "sigma": 0.00180875992003256, "units": "deg", "value": "11.43309090463239"}, {"value": "196.5553206089484", "name": "w", "title": "argument of perihelion", "sigma": 0.121053822173128, "units": "deg", "label": "peri"}, {"name": "i", "title": "inclination", "units": "deg", "sigma": 0.000771254301781301, "label": "i", "value": "9.378744800393529"}]}, "comment": null, "sb_used": "SB441-N16", "pe_used": "DE441", "epoch": "2460200.5", "orbit_id": "7", "n_dop_obs_used": null, "two_body": null, "n_obs_used": 20, "elements": [{"value": ".1392506367991013", "name": "e", "title": "eccentricity", "sigma": ".00019892", "units": null, "label": "e"}, {"sigma": ".0092961", "units": "au", "label": "a", "name": "a", "title": "semi-major axis", "value": "42.50249778138723"}, {"label": "q", "sigma": ".016351", "units": "au", "title": "perihelion distance", "name": "q", "value": "36.58399789977667"}, {"value": "9.354334495139485", "units": "deg", "sigma": ".0007695", "label": "i", "name": "i", "title": "inclination; angle with respect to x-y ecliptic plane"}, {"value": "11.33445844606156", "name": "om", "title": "longitude of the ascending node", "sigma": ".0018143", "units": "deg", "label": "node"}, {"value": "197.0043035637959", "sigma": ".12455", "units": "deg", "label": "peri", "name": "w", "title": "argument of perihelion"}, {"value": "198.7786367945361", "units": "deg", "sigma": ".166", "label": "M", "name": "ma", "title": "mean anomaly"}, {"value": "2505525.748637557816", "label": "tp", "units": "TDB", "sigma": "54.385", "title": "time of perihelion passage", "name": "tp"}, {"value": "101209.2267742828", "label": "period", "sigma": "33.205", "units": "d", "title": "sidereal orbital period", "name": "per"}, {"units": "deg/d", "sigma": "1.167E-6", "label": "n", "name": "n", "title": "mean motion", "value": ".003556987949358346"}, {"value": "48.4209976629978", "title": "aphelion distance", "name": "ad", "label": "Q", "units": "au", "sigma": ".010591"}], "producer": "Otto Matic", "soln_date": "2022-12-21 23:22:27", "n_del_obs_used": null, "not_valid_after": null}, "signature": {"version": "1.3", "source": "NASA/JPL Small-Body Database (SBDB) API"}}