{"signature": {"version": "1.3", "source": "NASA/JPL Small-Body Database (SBDB) API"}, "object": {"fullname": "432949 (2012 HH2)", "prefix": null, "des": "432949", "pha": false, "orbit_id": "22", "kind": "an", "orbit_class": {"name": "TransNeptunian Object", "code": "TNO"}, "spkid": "20432949", "neo": false}, "orbit": {"orbit_id": "22", "two_body": null, "pe_used": "DE441", "data_arc": "7742", "n_del_obs_used": null, "first_obs": "2002-04-09", "rms": ".45639", "n_dop_obs_used": null, "covariance": {"epoch": "2457865.5", "elements": [{"label": "e", "units": null, "value": ".1684102149975107", "title": "eccentricity", "name": "e", "sigma": 8.9501653888158e-06}, {"title": "perihelion distance", "sigma": 0.000128343279142988, "name": "q", "label": "q", "value": "29.21428284436777", "units": "au"}, {"label": "tp", "units": "TDB", "value": "2451148.414308453106", "name": "tp", "sigma": 0.267935357564739, "title": "time of perihelion passage"}, {"value": "56.51378724374494", "label": "node", "units": "deg", "title": "longitude of the ascending node", "name": "om", "sigma": 2.92806328755825e-05}, {"sigma": 0.00184730717007836, "name": "w", "title": "argument of perihelion", "value": "101.637840292616", "label": "peri", "units": "deg"}, {"label": "i", "units": "deg", "value": "28.5370447524609", "sigma": 2.02876199954386e-05, "name": "i", "title": "inclination"}], "labels": ["e", "q", "tp", "node", "peri", "i"], "data": [["8.010546048715632E-11", "1.006390974775945E-9", "2.129309664363995E-6", "-6.223821629706526E-12", "1.446105219356007E-8", "2.197379134774982E-11"], ["1.006390974775945E-9", "1.647199730117496E-8", "3.428489933161916E-5", "-1.358512202805825E-10", "2.365790641153243E-7", "3.423370270014657E-10"], ["2.129309664363995E-6", "3.428489933161916E-5", ".07178935583334464", "-2.787747754398925E-7", ".0004946878612176868", "7.117105851636256E-7"], ["-6.223821629706526E-12", "-1.358512202805825E-10", "-2.787747754398925E-7", "8.573554615946416E-10", "-2.701620022969301E-9", "-5.627648063631443E-10"], ["1.446105219356007E-8", "2.365790641153243E-7", ".0004946878612176868", "-2.701620022969301E-9", "3.412543780622904E-6", "5.391871213528086E-9"], ["2.197379134774982E-11", "3.423370270014657E-10", "7.117105851636256E-7", "-5.627648063631443E-10", "5.391871213528086E-9", "4.11587525079322E-10"]]}, "source": "JPL", "n_obs_used": 371, "sb_used": "SB441-N16", "moid": "28.2431", "not_valid_before": null, "comment": null, "epoch": "2460200.5", "elements": [{"label": "e", "units": null, "value": ".1610211100793076", "title": "eccentricity", "sigma": "8.6771E-6", "name": "e"}, {"title": "semi-major axis", "sigma": ".00050502", "name": "a", "label": "a", "units": "au", "value": "34.70066400742144"}, {"name": "q", "sigma": ".00013485", "title": "perihelion distance", "units": "au", "label": "q", "value": "29.11312456845737"}, {"label": "i", "value": "28.64531724647254", "units": "deg", "name": "i", "sigma": "2.0371E-5", "title": "inclination; angle with respect to x-y ecliptic plane"}, {"sigma": "2.9212E-5", "name": "om", "title": "longitude of the ascending node", "value": "56.41104197243847", "label": "node", "units": "deg"}, {"sigma": ".002042", "name": "w", "title": "argument of perihelion", "units": "deg", "label": "peri", "value": "99.15877855461355"}, {"value": "45.5626497404391", "label": "M", "units": "deg", "title": "mean anomaly", "name": "ma", "sigma": ".002391"}, {"name": "tp", "sigma": ".29517", "title": "time of perihelion passage", "value": "2450750.940218011829", "label": "tp", "units": "TDB"}, {"sigma": "1.6299", "name": "per", "title": "sidereal orbital period", "label": "period", "units": "d", "value": "74662.94302230714"}, {"title": "mean motion", "sigma": "1.0526E-7", "name": "n", "label": "n", "units": "deg/d", "value": ".004821669029205591"}, {"value": "40.28820344638552", "label": "Q", "units": "au", "sigma": ".00058634", "name": "ad", "title": "aphelion distance"}], "soln_date": "2023-07-27 17:16:45", "moid_jup": "24.3903", "not_valid_after": null, "condition_code": "2", "equinox": "J2000", "model_pars": [], "t_jup": "4.623", "producer": "Otto Matic", "last_obs": "2023-06-20"}}