{"object": {"des": "2020 UA74", "prefix": null, "fullname": "(2020 UA74)", "orbit_class": {"code": "TNO", "name": "TransNeptunian Object"}, "orbit_id": "1", "kind": "au", "pha": false, "neo": false, "spkid": "54410365"}, "orbit": {"orbit_id": "1", "pe_used": "DE441", "two_body": null, "first_obs": "2019-09-27", "n_del_obs_used": null, "data_arc": "736", "rms": ".11258", "n_dop_obs_used": null, "source": "JPL", "moid": "39.4513", "sb_used": "SB441-N16", "n_obs_used": 10, "covariance": {"labels": ["e", "q", "tp", "node", "peri", "i"], "data": [["3.756731939086205E-5", "-.001773014573639895", "-3.223701748078807", "4.909716129797093E-5", "-.01607668157883505", "1.262760211922502E-6"], ["-.001773014573639895", ".08448031457559692", "154.7031242996645", "-.002335598028070806", ".7699266626681663", "-5.982591865531609E-5"], ["-3.223701748078807", "154.7031242996645", "284811.4824328861", "-4.271729352463567", "1415.291221128149", "-.1090911788642834"], ["4.909716129797093E-5", "-.002335598028070806", "-4.271729352463567", ".002661886331308814", "-.02386228373825031", "7.520767844341038E-5"], ["-.01607668157883505", ".7699266626681663", "1415.291221128149", "-.02386228373825031", "7.038550064281075", "-.0006170798211396605"], ["1.262760211922502E-6", "-5.982591865531609E-5", "-.1090911788642834", "7.520767844341038E-5", "-.0006170798211396605", "2.128176224468283E-6"]], "elements": [{"label": "e", "value": ".0886265966986319", "units": null, "sigma": 0.00612921849756248, "name": "e", "title": "eccentricity"}, {"title": "perihelion distance", "sigma": 0.290654975143377, "name": "q", "label": "q", "units": "au", "value": "40.30001825542512"}, {"units": "TDB", "label": "tp", "value": "2442064.463869657371", "name": "tp", "sigma": 533.677320515765, "title": "time of perihelion passage"}, {"sigma": 0.0515934717896442, "name": "om", "title": "longitude of the ascending node", "units": "deg", "label": "node", "value": "116.4934897600788"}, {"name": "w", "sigma": 2.65302658567174, "title": "argument of perihelion", "value": "168.3370625845876", "label": "peri", "units": "deg"}, {"units": "deg", "label": "i", "value": "2.304312690897263", "title": "inclination", "name": "i", "sigma": 0.00145882700292676}], "epoch": "2459198.5"}, "not_valid_before": null, "elements": [{"name": "e", "sigma": ".0060196", "title": "eccentricity", "units": null, "label": "e", "value": ".08498508245172305"}, {"sigma": ".038674", "name": "a", "title": "semi-major axis", "label": "a", "units": "au", "value": "44.22692792730577"}, {"label": "q", "units": "au", "value": "40.46829881081728", "title": "perihelion distance", "name": "q", "sigma": ".2885"}, {"name": "i", "sigma": ".0014601", "title": "inclination; angle with respect to x-y ecliptic plane", "label": "i", "value": "2.305480097105496", "units": "deg"}, {"sigma": ".05153", "name": "om", "title": "longitude of the ascending node", "label": "node", "units": "deg", "value": "116.5389510253857"}, {"value": "169.8879952010066", "label": "peri", "units": "deg", "name": "w", "sigma": "2.8814", "title": "argument of perihelion"}, {"label": "M", "units": "deg", "value": "59.67863939975779", "name": "ma", "sigma": "2.0689", "title": "mean anomaly"}, {"label": "tp", "units": "TDB", "value": "2442391.275862594026", "title": "time of perihelion passage", "name": "tp", "sigma": "600.52"}, {"label": "period", "units": "d", "value": "107430.7449692322", "title": "sidereal orbital period", "sigma": "140.91", "name": "per"}, {"title": "mean motion", "sigma": "4.3954E-6", "name": "n", "label": "n", "units": "deg/d", "value": ".003350996031006793"}, {"label": "Q", "value": "47.98555704379427", "units": "au", "name": "ad", "sigma": ".04196", "title": "aphelion distance"}], "comment": null, "epoch": "2460200.5", "moid_jup": "35.2666", "soln_date": "2023-11-29 14:42:03", "not_valid_after": null, "equinox": "J2000", "condition_code": "6", "model_pars": [], "t_jup": "5.923", "producer": "Otto Matic", "last_obs": "2021-10-02"}, "signature": {"version": "1.3", "source": "NASA/JPL Small-Body Database (SBDB) API"}}