{"object": {"pha": false, "fullname": "(2014 UW229)", "neo": false, "prefix": null, "orbit_id": "2", "orbit_class": {"code": "TNO", "name": "TransNeptunian Object"}, "kind": "au", "des": "2014 UW229", "spkid": "3790108"}, "orbit": {"elements": [{"value": ".1648381549703549", "name": "e", "title": "eccentricity", "units": null, "sigma": ".0019375", "label": "e"}, {"value": "48.07550415539959", "sigma": ".033271", "units": "au", "label": "a", "name": "a", "title": "semi-major axis"}, {"label": "q", "sigma": ".067581", "units": "au", "title": "perihelion distance", "name": "q", "value": "40.15082675115389"}, {"value": "14.55907560515311", "name": "i", "title": "inclination; angle with respect to x-y ecliptic plane", "units": "deg", "sigma": ".0022024", "label": "i"}, {"value": "6.905062539460529", "label": "node", "sigma": ".0029099", "units": "deg", "title": "longitude of the ascending node", "name": "om"}, {"name": "w", "title": "argument of perihelion", "units": "deg", "sigma": ".75667", "label": "peri", "value": "156.7220104171383"}, {"title": "mean anomaly", "name": "ma", "label": "M", "units": "deg", "sigma": "1.1116", "value": "245.3819102125551"}, {"value": "2498965.060396505127", "name": "tp", "title": "time of perihelion passage", "sigma": "337.11", "units": "TDB", "label": "tp"}, {"value": "121754.2690566675", "name": "per", "title": "sidereal orbital period", "sigma": "126.39", "units": "d", "label": "period"}, {"label": "n", "sigma": "3.0694E-6", "units": "deg/d", "title": "mean motion", "name": "n", "value": ".00295677517338178"}, {"name": "ad", "title": "aphelion distance", "sigma": ".038755", "units": "au", "label": "Q", "value": "56.00018155964528"}], "soln_date": "2021-04-15 11:41:22", "producer": "Otto Matic", "n_del_obs_used": null, "not_valid_after": null, "epoch": "2460200.5", "orbit_id": "2", "n_dop_obs_used": null, "two_body": null, "n_obs_used": 30, "comment": null, "covariance": {"data": [["3.507653201744338E-6", "-.0001185405625855412", "-.6126383491782449", "-8.294106477523952E-7", "-.001379107785414605", "-6.305590685965338E-7"], ["-.0001185405625855412", ".004089758060744829", "20.52604757931171", "2.785790006162666E-5", ".04587170172446582", "2.13715166809107E-5"], ["-.6126383491782449", "20.52604757931171", "107393.9772907551", ".1452497702565361", "242.466622936672", ".1100455164814981"], ["-8.294106477523952E-7", "2.785790006162666E-5", ".1452497702565361", "8.410659038246948E-6", ".0003197123992831928", "6.423230941322873E-6"], ["-.001379107785414605", ".04587170172446582", "242.466622936672", ".0003197123992831928", ".5487633685997947", ".0002414098245385762"], ["-6.305590685965338E-7", "2.13715166809107E-5", ".1100455164814981", "6.423230941322873E-6", ".0002414098245385762", "4.91228074775003E-6"]], "epoch": "2456834.5", "labels": ["e", "q", "tp", "node", "peri", "i"], "elements": [{"title": "eccentricity", "name": "e", "label": "e", "units": null, "sigma": 0.0018728729806755, "value": ".1713771489187763"}, {"value": "39.57103567289818", "sigma": 0.0639512162569628, "units": "au", "label": "q", "name": "q", "title": "perihelion distance"}, {"name": "tp", "title": "time of perihelion passage", "sigma": 327.710203214296, "units": "TDB", "label": "tp", "value": "2498935.439361311939"}, {"units": "deg", "sigma": 0.00290011362505798, "label": "node", "name": "om", "title": "longitude of the ascending node", "value": "7.029412822393979"}, {"units": "deg", "sigma": 0.740785642814299, "label": "peri", "name": "w", "title": "argument of perihelion", "value": "158.038621414006"}, {"value": "14.62996332315683", "title": "inclination", "name": "i", "label": "i", "sigma": 0.00221636656439092, "units": "deg"}]}, "sb_used": "SB441-N16", "pe_used": "DE441", "model_pars": [], "moid": "39.1623", "equinox": "J2000", "data_arc": "827", "condition_code": "6", "first_obs": "2013-09-01", "rms": ".25651", "not_valid_before": null, "t_jup": "5.912", "last_obs": "2015-12-07", "source": "JPL", "moid_jup": "34.7373"}, "signature": {"version": "1.3", "source": "NASA/JPL Small-Body Database (SBDB) API"}}