{"orbit": {"soln_date": "2021-09-22 11:42:08", "producer": "Otto Matic", "elements": [{"value": ".3142003820880287", "title": "eccentricity", "name": "e", "label": "e", "sigma": ".00020749", "units": null}, {"title": "semi-major axis", "name": "a", "label": "a", "sigma": ".016536", "units": "au", "value": "51.26224111038952"}, {"label": "q", "units": "au", "sigma": ".0030113", "title": "perihelion distance", "name": "q", "value": "35.15562536681648"}, {"value": "36.02178933651737", "title": "inclination; angle with respect to x-y ecliptic plane", "name": "i", "label": "i", "sigma": ".00064131", "units": "deg"}, {"title": "longitude of the ascending node", "name": "om", "label": "node", "units": "deg", "sigma": ".001625", "value": "73.97215323000543"}, {"value": "312.9712874774256", "name": "w", "title": "argument of perihelion", "units": "deg", "sigma": ".094695", "label": "peri"}, {"title": "mean anomaly", "name": "ma", "label": "M", "units": "deg", "sigma": ".046672", "value": "1.848832647446545"}, {"label": "tp", "sigma": "17.325", "units": "TDB", "title": "time of perihelion passage", "name": "tp", "value": "2459512.022247404072"}, {"value": "134058.6403408913", "name": "per", "title": "sidereal orbital period", "units": "d", "sigma": "64.867", "label": "period"}, {"name": "n", "title": "mean motion", "units": "deg/d", "sigma": "1.2994E-6", "label": "n", "value": ".002685391997744967"}, {"value": "67.36885685396255", "name": "ad", "title": "aphelion distance", "units": "au", "sigma": ".021732", "label": "Q"}], "n_del_obs_used": null, "not_valid_after": null, "orbit_id": "1", "n_dop_obs_used": null, "epoch": "2460200.5", "n_obs_used": 11, "two_body": null, "sb_used": "SB441-N16", "covariance": {"elements": [{"title": "eccentricity", "name": "e", "label": "e", "units": null, "sigma": 0.000206857011840152, "value": ".3020875914668689"}, {"label": "q", "sigma": 0.00303894276246634, "units": "au", "title": "perihelion distance", "name": "q", "value": "35.14323113501309"}, {"value": "2459536.723572315647", "label": "tp", "units": "TDB", "sigma": 17.9988457183332, "title": "time of perihelion passage", "name": "tp"}, {"title": "longitude of the ascending node", "name": "om", "label": "node", "units": "deg", "sigma": 0.00162613680573715, "value": "73.84371339749366"}, {"label": "peri", "sigma": 0.0979562371860812, "units": "deg", "title": "argument of perihelion", "name": "w", "value": "313.1963114391171"}, {"name": "i", "title": "inclination", "sigma": 0.000646044731913962, "units": "deg", "label": "i", "value": "36.09840148686555"}], "labels": ["e", "q", "tp", "node", "peri", "i"], "data": [["4.27898233474366E-8", "5.543087763513569E-8", ".001542246358819142", "-5.625289457256882E-9", "8.397849668114813E-6", "2.988176435066538E-9"], ["5.543087763513569E-8", "9.235173113546544E-6", "-.04700814935453111", "2.122776744330662E-7", "-.0002558619996146123", "-7.420879917538448E-8"], [".001542246358819142", "-.04700814935453111", "323.9584471923628", "-.001398752505775527", "1.762937196934319", ".0005361513555906099"], ["-5.625289457256882E-9", "2.122776744330662E-7", "-.001398752505775527", "2.64432091097301E-6", "-9.743881860435031E-6", "-1.047394282860784E-6"], ["8.397849668114813E-6", "-.0002558619996146123", "1.762937196934319", "-9.743881860435031E-6", ".009595424403655805", "3.762100912510557E-6"], ["2.988176435066538E-9", "-7.420879917538448E-8", ".0005361513555906099", "-1.047394282860784E-6", "3.762100912510557E-6", "4.173737956337827E-7"]], "epoch": "2457821.5"}, "comment": null, "pe_used": "DE441", "moid": "34.2586", "equinox": "J2000", "model_pars": [], "condition_code": "4", "first_obs": "2014-12-23", "data_arc": "1397", "rms": ".15737", "not_valid_before": null, "t_jup": "4.922", "last_obs": "2018-10-20", "source": "JPL", "moid_jup": "30.6294"}, "signature": {"version": "1.3", "source": "NASA/JPL Small-Body Database (SBDB) API"}, "object": {"neo": false, "fullname": "(2016 SX105)", "orbit_class": {"name": "TransNeptunian Object", "code": "TNO"}, "orbit_id": "1", "prefix": null, "pha": false, "kind": "au", "des": "2016 SX105", "spkid": "54199093"}}