{"signature": {"version": "1.3", "source": "NASA/JPL Small-Body Database (SBDB) API"}, "object": {"neo": false, "spkid": "20523955", "orbit_class": {"name": "TransNeptunian Object", "code": "TNO"}, "orbit_id": "7", "kind": "an", "pha": false, "des": "523955", "prefix": null, "fullname": "523955 (1998 UU43)"}, "orbit": {"sb_used": "SB441-N16", "source": "JPL", "moid": "30.9294", "n_obs_used": 65, "covariance": {"elements": [{"name": "e", "sigma": 7.09954650070922e-06, "title": "eccentricity", "label": "e", "units": null, "value": ".1315731587793361"}, {"sigma": 0.00132654322969272, "name": "q", "title": "perihelion distance", "units": "au", "label": "q", "value": "31.7071156747083"}, {"label": "tp", "value": "2473108.922284844750", "units": "TDB", "title": "time of perihelion passage", "sigma": 2.24778895602615, "name": "tp"}, {"title": "longitude of the ascending node", "sigma": 0.000114445222218055, "name": "om", "label": "node", "units": "deg", "value": "231.3259805409864"}, {"value": "278.6186361025564", "label": "peri", "units": "deg", "title": "argument of perihelion", "sigma": 0.0151781236112185, "name": "w"}, {"name": "i", "sigma": 7.50347137716712e-05, "title": "inclination", "units": "deg", "label": "i", "value": "9.582372371006366"}], "epoch": "2457188.5", "labels": ["e", "q", "tp", "node", "peri", "i"], "data": [["5.040356051573248E-11", "5.300354932334803E-9", "-1.081791345206899E-5", "-1.295610846272526E-11", "-6.975760823798238E-8", "5.653669531738794E-12"], ["5.300354932334803E-9", "1.759716940243602E-6", "-.002948272991889877", "-3.268509814517185E-9", "-2.001601256465406E-5", "2.028869039501026E-9"], ["-1.081791345206899E-5", "-.002948272991889877", "5.052555190833124", "5.640741599727002E-6", ".03408642521110476", "-3.368592965814669E-6"], ["-1.295610846272526E-11", "-3.268509814517185E-9", "5.640741599727002E-6", "1.309770888854005E-8", "2.507578298996086E-8", "7.541949279628367E-9"], ["-6.975760823798238E-8", "-2.001601256465406E-5", ".03408642521110476", "2.507578298996086E-8", ".0002303754363574284", "-3.036928785736404E-8"], ["5.653669531738794E-12", "2.028869039501026E-9", "-3.368592965814669E-6", "7.541949279628367E-9", "-3.036928785736404E-8", "5.630208270796624E-9"]]}, "not_valid_before": null, "epoch": "2460200.5", "comment": null, "elements": [{"value": ".1290702976068827", "label": "e", "units": null, "title": "eccentricity", "name": "e", "sigma": "7.8921E-6"}, {"label": "a", "value": "36.63335656062932", "units": "au", "title": "semi-major axis", "sigma": ".0017278", "name": "a"}, {"label": "q", "value": "31.90507832700984", "units": "au", "sigma": ".0013014", "name": "q", "title": "perihelion distance"}, {"name": "i", "sigma": "7.4857E-5", "title": "inclination; angle with respect to x-y ecliptic plane", "label": "i", "value": "9.555971170194404", "units": "deg"}, {"label": "node", "value": "231.2343581237409", "units": "deg", "name": "om", "sigma": ".00011486", "title": "longitude of the ascending node"}, {"name": "w", "sigma": ".015445", "title": "argument of perihelion", "value": "276.6752437323197", "label": "peri", "units": "deg"}, {"label": "M", "units": "deg", "value": "303.8782290976181", "sigma": ".014364", "name": "ma", "title": "mean anomaly"}, {"label": "tp", "value": "2472825.819063125804", "units": "TDB", "title": "time of perihelion passage", "sigma": "2.3383", "name": "tp"}, {"title": "sidereal orbital period", "name": "per", "sigma": "5.7296", "value": "80986.66149774662", "label": "period", "units": "d"}, {"units": "deg/d", "label": "n", "value": ".004445176444395311", "name": "n", "sigma": "3.1449E-7", "title": "mean motion"}, {"label": "Q", "value": "41.36163479424879", "units": "au", "name": "ad", "sigma": ".0019508", "title": "aphelion distance"}], "orbit_id": "7", "pe_used": "DE441", "two_body": null, "n_del_obs_used": null, "first_obs": "1998-10-22", "data_arc": "8806", "n_dop_obs_used": null, "rms": ".5711", "t_jup": "5.331", "last_obs": "2022-12-01", "producer": "Otto Matic", "moid_jup": "26.6264", "soln_date": "2023-02-09 15:47:44", "condition_code": "3", "not_valid_after": null, "equinox": "J2000", "model_pars": []}}