{"object": {"pha": false, "fullname": "(2015 KK199)", "neo": false, "orbit_id": "1", "orbit_class": {"code": "TNO", "name": "TransNeptunian Object"}, "prefix": null, "kind": "au", "des": "2015 KK199", "spkid": "54144099"}, "signature": {"version": "1.3", "source": "NASA/JPL Small-Body Database (SBDB) API"}, "orbit": {"first_obs": "2014-05-29", "condition_code": "4", "data_arc": "1041", "rms": ".23631", "not_valid_before": null, "t_jup": "6.287", "last_obs": "2017-04-04", "source": "JPL", "moid_jup": "30.5001", "producer": "Otto Matic", "soln_date": "2021-05-07 19:12:02", "elements": [{"sigma": ".00052254", "units": null, "label": "e", "name": "e", "title": "eccentricity", "value": ".4025015927817534"}, {"units": "au", "sigma": ".035979", "label": "a", "name": "a", "title": "semi-major axis", "value": "60.18302618923961"}, {"value": "35.95926228964468", "label": "q", "units": "au", "sigma": ".012015", "title": "perihelion distance", "name": "q"}, {"value": "5.252289234766605", "label": "i", "units": "deg", "sigma": ".00024063", "title": "inclination; angle with respect to x-y ecliptic plane", "name": "i"}, {"title": "longitude of the ascending node", "name": "om", "label": "node", "sigma": ".01044", "units": "deg", "value": "160.4162818115358"}, {"value": "23.30963045769536", "sigma": ".052195", "units": "deg", "label": "peri", "name": "w", "title": "argument of perihelion"}, {"value": "28.5667302903456", "sigma": ".021755", "units": "deg", "label": "M", "name": "ma", "title": "mean anomaly"}, {"value": "2446668.328505474736", "name": "tp", "title": "time of perihelion passage", "sigma": "5.7889", "units": "TDB", "label": "tp"}, {"title": "sidereal orbital period", "name": "per", "label": "period", "units": "d", "sigma": "152.93", "value": "170533.4033162168"}, {"title": "mean motion", "name": "n", "label": "n", "units": "deg/d", "sigma": "1.8931E-6", "value": ".002111023371371173"}, {"title": "aphelion distance", "name": "ad", "label": "Q", "sigma": ".050461", "units": "au", "value": "84.40679008883453"}], "n_del_obs_used": null, "not_valid_after": null, "orbit_id": "1", "n_dop_obs_used": null, "epoch": "2460200.5", "two_body": null, "n_obs_used": 36, "sb_used": "SB441-N16", "comment": null, "covariance": {"epoch": "2457229.5", "data": [["2.729842591862021E-7", "-5.512118916789898E-6", "-.002202814390983952", "1.805761132683172E-7", "-2.230218515301944E-5", "4.61283568050942E-9"], ["-5.512118916789898E-6", ".0001415081351499419", ".06573319898323028", "-5.926979523359599E-6", ".0005996892121760883", "-1.273398922307244E-7"], ["-.002202814390983952", ".06573319898323028", "32.86304048022134", "-.003039332331843638", ".2856039538868978", "-6.102513173160597E-5"], ["1.805761132683172E-7", "-5.926979523359599E-6", "-.003039332331843638", ".0001086045245430763", "-.0001337924170280766", "2.453643344094685E-6"], ["-2.230218515301944E-5", ".0005996892121760883", ".2856039538868978", "-.0001337924170280766", ".002670221596130567", "-2.982587605341811E-6"], ["4.61283568050942E-9", "-1.273398922307244E-7", "-6.102513173160597E-5", "2.453643344094685E-6", "-2.982587605341811E-6", "5.599309779830551E-8"]], "labels": ["e", "q", "tp", "node", "peri", "i"], "elements": [{"label": "e", "sigma": 0.000522478955735255, "units": null, "title": "eccentricity", "name": "e", "value": ".4111634829419542"}, {"label": "q", "units": "au", "sigma": 0.0118957191943128, "title": "perihelion distance", "name": "q", "value": "35.95875925898184"}, {"sigma": 5.73262945603685, "units": "TDB", "label": "tp", "name": "tp", "title": "time of perihelion passage", "value": "2446793.521218060268"}, {"value": "160.1762988860809", "sigma": 0.010421349458831, "units": "deg", "label": "node", "name": "om", "title": "longitude of the ascending node"}, {"value": "23.96030918115677", "label": "peri", "sigma": 0.0516741869421336, "units": "deg", "title": "argument of perihelion", "name": "w"}, {"label": "i", "sigma": 0.000236628607311765, "units": "deg", "title": "inclination", "name": "i", "value": "5.249071739752352"}]}, "pe_used": "DE441", "equinox": "J2000", "moid": "34.9613", "model_pars": []}}