{"signature": {"version": "1.3", "source": "NASA/JPL Small-Body Database (SBDB) API"}, "orbit": {"soln_date": "2021-09-08 23:30:13", "producer": "Otto Matic", "elements": [{"value": ".210038545442724", "title": "eccentricity", "name": "e", "label": "e", "units": null, "sigma": ".00017063"}, {"value": "39.70554840783536", "sigma": ".010162", "units": "au", "label": "a", "name": "a", "title": "semi-major axis"}, {"value": "31.36585277424795", "name": "q", "title": "perihelion distance", "sigma": ".0012747", "units": "au", "label": "q"}, {"value": "18.79896416927836", "sigma": ".000567", "units": "deg", "label": "i", "name": "i", "title": "inclination; angle with respect to x-y ecliptic plane"}, {"label": "node", "units": "deg", "sigma": ".00037703", "title": "longitude of the ascending node", "name": "om", "value": "25.06103434743126"}, {"value": "348.8599239097446", "title": "argument of perihelion", "name": "w", "label": "peri", "units": "deg", "sigma": ".13138"}, {"sigma": ".085857", "units": "deg", "label": "M", "name": "ma", "title": "mean anomaly", "value": "11.64257853745643"}, {"title": "time of perihelion passage", "name": "tp", "label": "tp", "units": "TDB", "sigma": "21.3", "value": "2457245.061676495095"}, {"value": "91385.06500418331", "title": "sidereal orbital period", "name": "per", "label": "period", "sigma": "35.084", "units": "d"}, {"label": "n", "sigma": "1.5124E-6", "units": "deg/d", "title": "mean motion", "name": "n", "value": ".003939374557358146"}, {"value": "48.04524404142276", "label": "Q", "sigma": ".012297", "units": "au", "title": "aphelion distance", "name": "ad"}], "not_valid_after": null, "n_del_obs_used": null, "n_dop_obs_used": null, "orbit_id": "3", "epoch": "2460200.5", "two_body": null, "n_obs_used": 21, "sb_used": "SB441-N16", "covariance": {"epoch": "2457143.5", "data": [["2.871556148502962E-8", "2.14326818014268E-7", ".001630724159025478", "6.821775933372461E-9", "1.002002523639367E-5", "-1.249254673791332E-8"], ["2.14326818014268E-7", "1.654372946140021E-6", ".009497801504285745", "5.23505068533005E-8", "5.834184741834059E-5", "-9.46523518067078E-8"], [".001630724159025478", ".009497801504285745", "497.4342923842883", ".0003431909111648199", "3.058799416170362", "-.000796049259960768"], ["6.821775933372461E-9", "5.23505068533005E-8", ".0003431909111648199", "1.413303666773059E-7", "1.976256837448341E-6", "-2.075400766154584E-7"], ["1.002002523639367E-5", "5.834184741834059E-5", "3.058799416170362", "1.976256837448341E-6", ".01880915317613018", "-4.698179845852352E-6"], ["-1.249254673791332E-8", "-9.46523518067078E-8", "-.000796049259960768", "-2.075400766154584E-7", "-4.698179845852352E-6", "3.249196591572733E-7"]], "labels": ["e", "q", "tp", "node", "peri", "i"], "elements": [{"value": ".2003922369728366", "name": "e", "title": "eccentricity", "sigma": 0.000169456665507821, "units": null, "label": "e"}, {"label": "q", "units": "au", "sigma": 0.00128622429853429, "title": "perihelion distance", "name": "q", "value": "31.34624649565558"}, {"value": "2457218.515512524095", "title": "time of perihelion passage", "name": "tp", "label": "tp", "units": "TDB", "sigma": 22.3032350206038}, {"name": "om", "title": "longitude of the ascending node", "sigma": 0.000375939312492463, "units": "deg", "label": "node", "value": "25.06801768192184"}, {"label": "peri", "units": "deg", "sigma": 0.13714646614525, "title": "argument of perihelion", "name": "w", "value": "348.7333380148559"}, {"value": "18.87094498587325", "name": "i", "title": "inclination", "units": "deg", "sigma": 0.000570017244613944, "label": "i"}]}, "comment": null, "pe_used": "DE441", "equinox": "J2000", "moid": "30.3683", "model_pars": [], "condition_code": "4", "first_obs": "2013-10-04", "data_arc": "1129", "rms": ".181", "not_valid_before": null, "t_jup": "5.244", "last_obs": "2016-11-06", "source": "JPL", "moid_jup": "26.4187"}, "object": {"kind": "au", "des": "2013 TL187", "spkid": "3989555", "pha": false, "fullname": "(2013 TL187)", "neo": false, "prefix": null, "orbit_class": {"code": "TNO", "name": "TransNeptunian Object"}, "orbit_id": "3"}}