{"signature": {"version": "1.3", "source": "NASA/JPL Small-Body Database (SBDB) API"}, "orbit": {"last_obs": "2023-08-18", "source": "JPL", "moid_jup": "29.6953", "first_obs": "2010-10-29", "condition_code": "2", "data_arc": "4676", "not_valid_before": null, "rms": ".56864", "t_jup": "5.421", "sb_used": "SB441-N16", "covariance": {"elements": [{"units": null, "sigma": 1.12076580275196e-05, "label": "e", "name": "e", "title": "eccentricity", "value": ".04523150463351384"}, {"units": "au", "sigma": 0.000233969506042994, "label": "q", "name": "q", "title": "perihelion distance", "value": "34.74110186335479"}, {"label": "tp", "units": "TDB", "sigma": 2.14099335860326, "title": "time of perihelion passage", "name": "tp", "value": "2465028.398341508070"}, {"title": "longitude of the ascending node", "name": "om", "label": "node", "sigma": 0.000307568342156838, "units": "deg", "value": "104.1109413322481"}, {"label": "peri", "units": "deg", "sigma": 0.0106364604955037, "title": "argument of perihelion", "name": "w", "value": "348.0452495101464"}, {"title": "inclination", "name": "i", "label": "i", "units": "deg", "sigma": 2.59475294918417e-05, "value": "5.52288137301513"}], "labels": ["e", "q", "tp", "node", "peri", "i"], "epoch": "2457492.5", "data": [["1.256115984618251E-10", "1.855146724388302E-9", "-1.529268475461883E-5", "3.150546583415821E-11", "-7.529968331800409E-8", "2.174170834046804E-12"], ["1.855146724388302E-9", "5.474172975800281E-8", "-.0004974406054206394", "1.358499460273078E-9", "-2.468910329773002E-6", "-2.31040942497318E-11"], ["-1.529268475461883E-5", "-.0004974406054206394", "4.583852561583246", "-1.270752097191332E-5", ".0227625407426354", "2.897523295226327E-7"], ["3.150546583415821E-11", "1.358499460273078E-9", "-1.270752097191332E-5", "9.45982850971058E-8", "-1.573317955445708E-7", "-7.82095127575507E-9"], ["-7.529968331800409E-8", "-2.468910329773002E-6", ".0227625407426354", "-1.573317955445708E-7", ".0001131342918724104", "9.24906553493701E-9"], ["2.174170834046804E-12", "-2.31040942497318E-11", "2.897523295226327E-7", "-7.82095127575507E-9", "9.24906553493701E-9", "6.732742867299936E-10"]]}, "comment": null, "pe_used": "DE441", "moid": "33.8424", "equinox": "J2000", "model_pars": [], "producer": "Otto Matic", "soln_date": "2023-10-11 05:00:06", "elements": [{"title": "eccentricity", "name": "e", "label": "e", "sigma": "1.1883E-5", "units": null, "value": ".0506425917197317"}, {"value": "36.68477060217189", "name": "a", "title": "semi-major axis", "sigma": ".00063647", "units": "au", "label": "a"}, {"title": "perihelion distance", "name": "q", "label": "q", "sigma": ".00020001", "units": "au", "value": "34.82695874223408"}, {"label": "i", "units": "deg", "sigma": "2.5835E-5", "title": "inclination; angle with respect to x-y ecliptic plane", "name": "i", "value": "5.521602621632964"}, {"units": "deg", "sigma": ".00030659", "label": "node", "name": "om", "title": "longitude of the ascending node", "value": "104.0944563614942"}, {"title": "argument of perihelion", "name": "w", "label": "peri", "sigma": ".0085306", "units": "deg", "value": "340.5118270060505"}, {"sigma": ".0079204", "units": "deg", "label": "M", "name": "ma", "title": "mean anomaly", "value": "345.4041241978946"}, {"title": "time of perihelion passage", "name": "tp", "label": "tp", "units": "TDB", "sigma": "1.722", "value": "2463490.946219360168"}, {"value": "81157.21557447025", "title": "sidereal orbital period", "name": "per", "label": "period", "sigma": "2.1121", "units": "d"}, {"name": "n", "title": "mean motion", "units": "deg/d", "sigma": "1.1544E-7", "label": "n", "value": ".004435834786244759"}, {"value": "38.5425824621097", "units": "au", "sigma": ".0006687", "label": "Q", "name": "ad", "title": "aphelion distance"}], "n_del_obs_used": null, "not_valid_after": null, "orbit_id": "17", "n_dop_obs_used": null, "epoch": "2460200.5", "two_body": null, "n_obs_used": 250}, "object": {"spkid": "20523646", "kind": "an", "des": "523646", "pha": false, "orbit_class": {"code": "TNO", "name": "TransNeptunian Object"}, "orbit_id": "17", "prefix": null, "neo": false, "fullname": "523646 (2010 VL201)"}}