{"orbit": {"model_pars": [], "not_valid_after": null, "equinox": "J2000", "condition_code": "2", "moid_jup": "28.9358", "soln_date": "2022-09-21 17:36:44", "producer": "Otto Matic", "last_obs": "2022-09-01", "t_jup": "5.635", "rms": ".55357", "n_dop_obs_used": null, "first_obs": "2005-07-07", "n_del_obs_used": null, "data_arc": "6265", "pe_used": "DE441", "two_body": null, "orbit_id": "14", "elements": [{"units": null, "label": "e", "value": ".224838782078274", "name": "e", "sigma": "1.4483E-5", "title": "eccentricity"}, {"value": "44.05113947552694", "label": "a", "units": "au", "sigma": ".0012477", "name": "a", "title": "semi-major axis"}, {"label": "q", "units": "au", "value": "34.14673492668929", "name": "q", "sigma": ".00041345", "title": "perihelion distance"}, {"units": "deg", "label": "i", "value": "13.34560428870431", "name": "i", "sigma": "4.8439E-5", "title": "inclination; angle with respect to x-y ecliptic plane"}, {"value": "302.0228251067719", "label": "node", "units": "deg", "title": "longitude of the ascending node", "name": "om", "sigma": "7.5798E-5"}, {"units": "deg", "label": "peri", "value": "328.5437234674301", "title": "argument of perihelion", "name": "w", "sigma": ".0036332"}, {"value": "42.27197300773562", "label": "M", "units": "deg", "sigma": ".0037953", "name": "ma", "title": "mean anomaly"}, {"label": "tp", "units": "TDB", "value": "2447660.886088827045", "sigma": ".61301", "name": "tp", "title": "time of perihelion passage"}, {"sigma": "4.5373", "name": "per", "title": "sidereal orbital period", "label": "period", "value": "106790.8755334455", "units": "d"}, {"units": "deg/d", "label": "n", "value": ".003371074524875982", "sigma": "1.4323E-7", "name": "n", "title": "mean motion"}, {"name": "ad", "sigma": ".0015283", "title": "aphelion distance", "label": "Q", "value": "53.9555440243646", "units": "au"}], "comment": null, "epoch": "2460200.5", "not_valid_before": null, "source": "JPL", "sb_used": "SB441-N16", "n_obs_used": 173, "moid": "33.1374", "covariance": {"epoch": "2457417.5", "elements": [{"sigma": 1.40305253218522e-05, "name": "e", "title": "eccentricity", "units": null, "label": "e", "value": ".223252790951448"}, {"sigma": 0.000428049375164004, "name": "q", "title": "perihelion distance", "value": "33.9197213781266", "label": "q", "units": "au"}, {"label": "tp", "value": "2447269.874661385193", "units": "TDB", "title": "time of perihelion passage", "sigma": 0.621780673130976, "name": "tp"}, {"title": "longitude of the ascending node", "name": "om", "sigma": 7.58369680871916e-05, "label": "node", "units": "deg", "value": "302.0415664246523"}, {"label": "peri", "units": "deg", "value": "326.2138406082071", "title": "argument of perihelion", "sigma": 0.00374235659585319, "name": "w"}, {"label": "i", "units": "deg", "value": "13.36950797791893", "title": "inclination", "sigma": 4.85869395352686e-05, "name": "i"}], "data": [["1.968556408071353E-10", "3.976547967933628E-9", "6.740072170077215E-6", "3.22950639693735E-11", "3.843126143049059E-8", "3.85888232134761E-11"], ["3.976547967933628E-9", "1.832262675782945E-7", ".000262305406870407", "9.343241094639808E-10", "1.592296417291167E-6", "1.134165190114026E-9"], ["6.740072170077215E-6", ".000262305406870407", ".3866112054792093", "1.444458507272338E-6", ".002321794067857515", "1.747566145013751E-6"], ["3.22950639693735E-11", "9.343241094639808E-10", "1.444458507272338E-6", "5.751245728657722E-9", "2.918246296079538E-9", "3.536119037491001E-9"], ["3.843126143049059E-8", "1.592296417291167E-6", ".002321794067857515", "2.918246296079538E-9", "1.400523289052586E-5", "6.87258446083655E-9"], ["3.85888232134761E-11", "1.134165190114026E-9", "1.747566145013751E-6", "3.536119037491001E-9", "6.87258446083655E-9", "2.360690693403846E-9"]], "labels": ["e", "q", "tp", "node", "peri", "i"]}}, "object": {"fullname": "(2005 NV125)", "des": "2005 NV125", "prefix": null, "orbit_class": {"name": "TransNeptunian Object", "code": "TNO"}, "pha": false, "kind": "au", "orbit_id": "14", "neo": false, "spkid": "3508219"}, "signature": {"version": "1.3", "source": "NASA/JPL Small-Body Database (SBDB) API"}}