{"object": {"spkid": "3755532", "neo": false, "des": "2015 BL518", "prefix": null, "fullname": "(2015 BL518)", "orbit_id": "9", "kind": "au", "pha": false, "orbit_class": {"code": "TNO", "name": "TransNeptunian Object"}}, "orbit": {"data_arc": "4429", "n_del_obs_used": null, "first_obs": "2011-03-25", "n_dop_obs_used": null, "rms": ".51993", "orbit_id": "9", "two_body": null, "pe_used": "DE441", "not_valid_before": null, "comment": null, "elements": [{"title": "eccentricity", "name": "e", "sigma": "2.6293E-5", "label": "e", "units": null, "value": ".2575345965701961"}, {"title": "semi-major axis", "sigma": ".0019147", "name": "a", "units": "au", "label": "a", "value": "45.55515860001728"}, {"label": "q", "units": "au", "value": "33.82312920827053", "name": "q", "sigma": ".0002251", "title": "perihelion distance"}, {"value": "15.33241323856955", "label": "i", "units": "deg", "sigma": "3.6645E-5", "name": "i", "title": "inclination; angle with respect to x-y ecliptic plane"}, {"value": "314.5627579108649", "label": "node", "units": "deg", "name": "om", "sigma": ".0002028", "title": "longitude of the ascending node"}, {"title": "argument of perihelion", "sigma": ".0025128", "name": "w", "label": "peri", "value": "239.2355317520266", "units": "deg"}, {"title": "mean anomaly", "sigma": ".0013643", "name": "ma", "value": "7.309198664121302", "label": "M", "units": "deg"}, {"label": "tp", "units": "TDB", "value": "2457920.304749483154", "title": "time of perihelion passage", "sigma": ".4457", "name": "tp"}, {"title": "sidereal orbital period", "name": "per", "sigma": "7.0803", "label": "period", "value": "112306.468589433", "units": "d"}, {"title": "mean motion", "name": "n", "sigma": "2.0209E-7", "units": "deg/d", "label": "n", "value": ".003205514379728904"}, {"value": "57.28718799176403", "label": "Q", "units": "au", "sigma": ".0024078", "name": "ad", "title": "aphelion distance"}], "epoch": "2460200.5", "covariance": {"elements": [{"units": null, "label": "e", "value": ".2694657763518986", "name": "e", "sigma": 2.64608716198874e-05, "title": "eccentricity"}, {"title": "perihelion distance", "sigma": 0.000225139819290047, "name": "q", "label": "q", "value": "33.8403047539383", "units": "au"}, {"name": "tp", "sigma": 0.426509486860654, "title": "time of perihelion passage", "label": "tp", "value": "2457925.284330059307", "units": "TDB"}, {"title": "longitude of the ascending node", "name": "om", "sigma": 0.000202407414676621, "value": "314.4459096993183", "label": "node", "units": "deg"}, {"title": "argument of perihelion", "sigma": 0.00241499345123116, "name": "w", "value": "239.3492103544478", "label": "peri", "units": "deg"}, {"title": "inclination", "sigma": 3.64365688789353e-05, "name": "i", "label": "i", "value": "15.30942201295067", "units": "deg"}], "epoch": "2457384.5", "data": [["7.001777268841603E-10", "5.917380178740131E-9", "-3.431012208457681E-6", "1.939545258953331E-10", "-1.939914251117211E-8", "8.798470160476592E-11"], ["5.917380178740131E-9", "5.068793822995502E-8", "-2.579250768675459E-5", "1.579058295901779E-9", "-1.459621456664844E-7", "7.398561651968042E-10"], ["-3.431012208457681E-6", "-2.579250768675459E-5", ".1819103423821386", "-4.570977066811666E-6", ".001026652140911774", "-1.000674227827726E-6"], ["1.939545258953331E-10", "1.579058295901779E-9", "-4.570977066811666E-6", "4.096876151607346E-8", "-6.519124456601083E-8", "7.177333877870987E-9"], ["-1.939914251117211E-8", "-1.459621456664844E-7", ".001026652140911774", "-6.519124456601083E-8", "5.83219336948941E-6", "-1.253946131880592E-8"], ["8.798470160476592E-11", "7.398561651968042E-10", "-1.000674227827726E-6", "7.177333877870987E-9", "-1.253946131880592E-8", "1.327623551669399E-9"]], "labels": ["e", "q", "tp", "node", "peri", "i"]}, "n_obs_used": 94, "source": "JPL", "sb_used": "SB441-N16", "moid": "32.8488", "not_valid_after": null, "condition_code": "2", "equinox": "J2000", "model_pars": [], "soln_date": "2023-05-12 21:52:02", "moid_jup": "28.5605", "last_obs": "2023-05-10", "producer": "Otto Matic", "t_jup": "5.629"}, "signature": {"version": "1.3", "source": "NASA/JPL Small-Body Database (SBDB) API"}}