{"object": {"orbit_id": "4", "orbit_class": {"name": "TransNeptunian Object", "code": "TNO"}, "prefix": null, "neo": false, "fullname": "(2013 VQ46)", "pha": false, "spkid": "3989584", "des": "2013 VQ46", "kind": "au"}, "signature": {"version": "1.3", "source": "NASA/JPL Small-Body Database (SBDB) API"}, "orbit": {"equinox": "J2000", "moid": "29.1457", "model_pars": [], "sb_used": "SB441-N16", "covariance": {"elements": [{"label": "e", "units": null, "sigma": 0.000277870207502118, "title": "eccentricity", "name": "e", "value": ".2374503774198839"}, {"sigma": 0.0207641394922013, "units": "au", "label": "q", "name": "q", "title": "perihelion distance", "value": "29.88337301789862"}, {"value": "2439403.012223606260", "name": "tp", "title": "time of perihelion passage", "sigma": 16.5143714300306, "units": "TDB", "label": "tp"}, {"value": "70.35453850127546", "label": "node", "sigma": 0.00391691067419429, "units": "deg", "title": "longitude of the ascending node", "name": "om"}, {"title": "argument of perihelion", "name": "w", "label": "peri", "sigma": 0.134453826711643, "units": "deg", "value": "217.8158448696598"}, {"name": "i", "title": "inclination", "sigma": 0.000673956427955116, "units": "deg", "label": "i", "value": "9.469187544629023"}], "labels": ["e", "q", "tp", "node", "peri", "i"], "epoch": "2457106.5", "data": [["7.721185221726989E-8", "1.356785966772783E-8", ".003239159381522476", "3.537616555088607E-8", "1.510055640576223E-5", "-4.286134896040958E-9"], ["1.356785966772783E-8", ".0004311494888515936", ".2432620767981816", "3.260720854897164E-7", ".002554685201155009", "5.739195500675616E-7"], [".003239159381522476", ".2432620767981816", "272.7244637290109", ".001664349016896585", "2.070950488171828", ".0001429535152347039"], ["3.537616555088607E-8", "3.260720854897164E-7", ".001664349016896585", "1.534218922961716E-5", "-6.304131133899926E-6", "-2.625513143004353E-6"], ["1.510055640576223E-5", ".002554685201155009", "2.070950488171828", "-6.304131133899926E-6", ".01807783151740444", "5.148609507114359E-6"], ["-4.286134896040958E-9", "5.739195500675616E-7", ".0001429535152347039", "-2.625513143004353E-6", "5.148609507114359E-6", "4.542172667820197E-7"]]}, "comment": null, "pe_used": "DE441", "n_dop_obs_used": null, "orbit_id": "4", "epoch": "2460200.5", "n_obs_used": 13, "two_body": null, "soln_date": "2022-12-21 23:46:15", "producer": "Otto Matic", "elements": [{"units": null, "sigma": ".00028878", "label": "e", "name": "e", "title": "eccentricity", "value": ".2383650642116484"}, {"value": "39.59469874768844", "title": "semi-major axis", "name": "a", "label": "a", "sigma": ".031501", "units": "au"}, {"value": "30.15670583825481", "name": "q", "title": "perihelion distance", "sigma": ".020405", "units": "au", "label": "q"}, {"units": "deg", "sigma": ".00066988", "label": "i", "name": "i", "title": "inclination; angle with respect to x-y ecliptic plane", "value": "9.450770936062327"}, {"value": "70.40641376875234", "units": "deg", "sigma": ".0039132", "label": "node", "name": "om", "title": "longitude of the ascending node"}, {"title": "argument of perihelion", "name": "w", "label": "peri", "sigma": ".13369", "units": "deg", "value": "219.9934116163051"}, {"value": "81.04171210128132", "label": "M", "sigma": ".16167", "units": "deg", "title": "mean anomaly", "name": "ma"}, {"value": "2439714.361803631513", "title": "time of perihelion passage", "name": "tp", "label": "tp", "sigma": "16.758", "units": "TDB"}, {"label": "period", "units": "d", "sigma": "108.6", "title": "sidereal orbital period", "name": "per", "value": "91002.63999205481"}, {"value": ".00395592919097106", "label": "n", "units": "deg/d", "sigma": "4.721E-6", "title": "mean motion", "name": "n"}, {"name": "ad", "title": "aphelion distance", "sigma": ".03901", "units": "au", "label": "Q", "value": "49.03269165712207"}], "n_del_obs_used": null, "not_valid_after": null, "moid_jup": "25.0056", "last_obs": "2022-11-28", "source": "JPL", "t_jup": "5.417", "condition_code": "4", "first_obs": "2013-11-08", "data_arc": "3307", "rms": ".13271", "not_valid_before": null}}