{"signature": {"version": "1.3", "source": "NASA/JPL Small-Body Database (SBDB) API"}, "orbit": {"moid_jup": "33.693", "soln_date": "2021-09-08 23:30:28", "model_pars": [], "equinox": "J2000", "not_valid_after": null, "condition_code": "5", "t_jup": "5.966", "last_obs": "2020-09-21", "producer": "Otto Matic", "pe_used": "DE441", "two_body": null, "orbit_id": "5", "rms": ".33015", "n_dop_obs_used": null, "n_del_obs_used": null, "first_obs": "2013-10-13", "data_arc": "2535", "sb_used": "SB441-N16", "source": "JPL", "moid": "38.0751", "n_obs_used": 24, "covariance": {"elements": [{"title": "eccentricity", "name": "e", "sigma": 0.000448677599579883, "value": ".2005271832730863", "label": "e", "units": null}, {"sigma": 0.0259929658567288, "name": "q", "title": "perihelion distance", "value": "38.20251463670331", "label": "q", "units": "au"}, {"value": "2500741.343417891272", "label": "tp", "units": "TDB", "title": "time of perihelion passage", "name": "tp", "sigma": 66.0181039809397}, {"label": "node", "value": "119.5736813762486", "units": "deg", "name": "om", "sigma": 0.00716891267155585, "title": "longitude of the ascending node"}, {"title": "argument of perihelion", "name": "w", "sigma": 0.135759354566619, "units": "deg", "label": "peri", "value": "34.63243782848826"}, {"name": "i", "sigma": 0.000522155462584248, "title": "inclination", "value": "11.70579225049712", "label": "i", "units": "deg"}], "epoch": "2457471.5", "data": [["2.013115883647663E-7", "-1.056270292174322E-5", "-.02792968434426612", "-2.917265626283987E-7", "-4.539346704862694E-5", "-2.592303174170796E-8"], ["-1.056270292174322E-5", ".0006756342740290707", "1.224552558624592", "1.372751516351709E-5", ".001388895743578098", "1.387343446272512E-6"], ["-.02792968434426612", "1.224552558624592", "4358.390053238164", ".04368467183150108", "8.279932671178766", ".00355386239129421"], ["-2.917265626283987E-7", "1.372751516351709E-5", ".04368467183150108", "5.139330889239405E-5", "2.897726674899962E-5", "3.732560755631046E-6"], ["-4.539346704862694E-5", ".001388895743578098", "8.279932671178766", "2.897726674899962E-5", ".01843060235234499", "2.029663931473454E-6"], ["-2.592303174170796E-8", "1.387343446272512E-6", ".00355386239129421", "3.732560755631046E-6", "2.029663931473454E-6", "2.726463271065698E-7"]], "labels": ["e", "q", "tp", "node", "peri", "i"]}, "epoch": "2460200.5", "comment": null, "elements": [{"value": ".1918531834122514", "label": "e", "units": null, "title": "eccentricity", "name": "e", "sigma": ".00046867"}, {"units": "au", "label": "a", "value": "48.33209655050987", "name": "a", "sigma": ".014404", "title": "semi-major axis"}, {"label": "q", "value": "39.05942996630625", "units": "au", "name": "q", "sigma": ".027035", "title": "perihelion distance"}, {"name": "i", "sigma": ".00051659", "title": "inclination; angle with respect to x-y ecliptic plane", "value": "11.69629182424051", "label": "i", "units": "deg"}, {"title": "longitude of the ascending node", "sigma": ".0071284", "name": "om", "label": "node", "units": "deg", "value": "119.4694158685879"}, {"name": "w", "sigma": ".13823", "title": "argument of perihelion", "units": "deg", "label": "peri", "value": "32.10956478170746"}, {"label": "M", "units": "deg", "value": "241.5868328999042", "name": "ma", "sigma": ".2132", "title": "mean anomaly"}, {"value": "2500569.628576559189", "label": "tp", "units": "TDB", "name": "tp", "sigma": "67.311", "title": "time of perihelion passage"}, {"title": "sidereal orbital period", "name": "per", "sigma": "54.863", "label": "period", "units": "d", "value": "122730.3233539604"}, {"sigma": "1.3112E-6", "name": "n", "title": "mean motion", "value": ".002933260421401661", "label": "n", "units": "deg/d"}, {"title": "aphelion distance", "name": "ad", "sigma": ".017167", "value": "57.60476313471348", "label": "Q", "units": "au"}], "not_valid_before": null}, "object": {"kind": "au", "orbit_id": "5", "pha": false, "orbit_class": {"name": "TransNeptunian Object", "code": "TNO"}, "des": "2013 UK15", "prefix": null, "fullname": "(2013 UK15)", "spkid": "3757916", "neo": false}}