{"orbit": {"rms": ".48027", "not_valid_before": null, "data_arc": "7756", "condition_code": "2", "first_obs": "2002-04-11", "t_jup": "5.134", "source": "JPL", "last_obs": "2023-07-06", "moid_jup": "31.623", "not_valid_after": null, "n_del_obs_used": null, "elements": [{"units": null, "sigma": "6.7108E-6", "label": "e", "name": "e", "title": "eccentricity", "value": ".1541012939006131"}, {"name": "a", "title": "semi-major axis", "units": "au", "sigma": ".00073411", "label": "a", "value": "42.91501222851024"}, {"title": "perihelion distance", "name": "q", "label": "q", "sigma": ".00043715", "units": "au", "value": "36.30175331633617"}, {"value": "27.9521729052325", "label": "i", "sigma": "3.397E-5", "units": "deg", "title": "inclination; angle with respect to x-y ecliptic plane", "name": "i"}, {"value": "57.05995668210201", "title": "longitude of the ascending node", "name": "om", "label": "node", "units": "deg", "sigma": "2.0634E-5"}, {"value": "82.33113388766625", "label": "peri", "sigma": ".0042444", "units": "deg", "title": "argument of perihelion", "name": "w"}, {"units": "deg", "sigma": ".0046628", "label": "M", "name": "ma", "title": "mean anomaly", "value": "73.23874054904643"}, {"label": "tp", "sigma": ".7945", "units": "TDB", "title": "time of perihelion passage", "name": "tp", "value": "2439309.912467599464"}, {"value": "102686.248497512", "label": "period", "sigma": "2.6348", "units": "d", "title": "sidereal orbital period", "name": "per"}, {"label": "n", "units": "deg/d", "sigma": "8.9957E-8", "title": "mean motion", "name": "n", "value": ".003505824833095566"}, {"value": "49.5282711406843", "name": "ad", "title": "aphelion distance", "units": "au", "sigma": ".00084724", "label": "Q"}], "producer": "Otto Matic", "soln_date": "2023-10-11 13:35:30", "two_body": null, "n_obs_used": 395, "epoch": "2460200.5", "orbit_id": "19", "n_dop_obs_used": null, "pe_used": "DE441", "comment": null, "covariance": {"elements": [{"label": "e", "sigma": 7.288570281229e-06, "units": null, "title": "eccentricity", "name": "e", "value": ".1577463461954034"}, {"name": "q", "title": "perihelion distance", "units": "au", "sigma": 0.000415268711952822, "label": "q", "value": "36.58559687507201"}, {"sigma": 0.773222400467954, "units": "TDB", "label": "tp", "name": "tp", "title": "time of perihelion passage", "value": "2440120.167705365748"}, {"name": "om", "title": "longitude of the ascending node", "units": "deg", "sigma": 2.07200642509727e-05, "label": "node", "value": "57.11069367661228"}, {"value": "86.15986270954083", "name": "w", "title": "argument of perihelion", "units": "deg", "sigma": 0.00405649474684892, "label": "peri"}, {"value": "27.81121807242026", "name": "i", "title": "inclination", "sigma": 3.38215238431275e-05, "units": "deg", "label": "i"}], "labels": ["e", "q", "tp", "node", "peri", "i"], "data": [["5.312325674441459E-11", "1.506831615408905E-9", "4.37516430246542E-6", "-2.311533644201084E-12", "2.102971205146184E-8", "1.48552468135351E-11"], ["1.506831615408905E-9", "1.724481031269562E-7", ".0002992821205772591", "-2.616588795032766E-10", "1.622533163686544E-6", "1.23677922683329E-9"], ["4.37516430246542E-6", ".0002992821205772591", ".5978728805854252", "-4.537283348690427E-7", ".003121304380757033", "2.317303919437526E-6"], ["-2.311533644201084E-12", "-2.616588795032766E-10", "-4.537283348690427E-7", "4.29321062564435E-10", "-2.839942168544082E-9", "-6.579527340859597E-10"], ["2.102971205146184E-8", "1.622533163686544E-6", ".003121304380757033", "-2.839942168544082E-9", "1.645514963121285E-5", "1.288288456090123E-8"], ["1.48552468135351E-11", "1.23677922683329E-9", "2.317303919437526E-6", "-6.579527340859597E-10", "1.288288456090123E-8", "1.143895475071243E-9"]], "epoch": "2457959.5"}, "sb_used": "SB441-N16", "model_pars": [], "equinox": "J2000", "moid": "35.4299"}, "signature": {"version": "1.3", "source": "NASA/JPL Small-Body Database (SBDB) API"}, "object": {"pha": false, "prefix": null, "orbit_id": "19", "orbit_class": {"name": "TransNeptunian Object", "code": "TNO"}, "fullname": "543454 (2014 HZ199)", "neo": false, "spkid": "20543454", "kind": "an", "des": "543454"}}