{"object": {"pha": false, "neo": false, "fullname": "(2015 GJ58)", "orbit_class": {"code": "TNO", "name": "TransNeptunian Object"}, "orbit_id": "2", "prefix": null, "kind": "au", "des": "2015 GJ58", "spkid": "3835563"}, "orbit": {"moid": "38.7639", "equinox": "J2000", "model_pars": [], "sb_used": "SB441-N16", "comment": null, "covariance": {"elements": [{"value": ".1199739118699702", "title": "eccentricity", "name": "e", "label": "e", "sigma": 0.00171579821818418, "units": null}, {"value": "40.12040614723012", "label": "q", "units": "au", "sigma": 0.0613471671789031, "title": "perihelion distance", "name": "q"}, {"value": "2475285.050980415279", "title": "time of perihelion passage", "name": "tp", "label": "tp", "sigma": 42.9952557540245, "units": "TDB"}, {"sigma": 0.0154043972521894, "units": "deg", "label": "node", "name": "om", "title": "longitude of the ascending node", "value": "58.7536418152423"}, {"value": "215.3584771290303", "units": "deg", "sigma": 0.303341911408082, "label": "peri", "name": "w", "title": "argument of perihelion"}, {"units": "deg", "sigma": 0.00139186588730892, "label": "i", "name": "i", "title": "inclination", "value": "3.559421178099859"}], "labels": ["e", "q", "tp", "node", "peri", "i"], "data": [["2.943963525524012E-6", "-.0001049943627779419", ".07170699344580994", "-8.950720916770826E-7", ".0005138333215555005", "8.23383652571824E-8"], ["-.0001049943627779419", ".003763474920876283", "-2.600243571214443", "3.096776765071257E-5", "-.01852163163925444", "-2.84565123207902E-6"], [".07170699344580994", "-2.600243571214443", "1848.592017353979", "-.01997395011730854", "12.97759433851332", ".001831422342055463"], ["-8.950720916770826E-7", "3.096776765071257E-5", "-.01997395011730854", ".0002372954547032607", "-.000384036519538277", "-2.143135584285996E-5"], [".0005138333215555005", "-.01852163163925444", "12.97759433851332", "-.000384036519538277", ".09201631521670878", "3.490230445212909E-5"], ["8.23383652571824E-8", "-2.84565123207902E-6", ".001831422342055463", "-2.143135584285996E-5", "3.490230445212909E-5", "1.937290648254237E-6"]], "epoch": "2457371.5"}, "pe_used": "DE441", "n_dop_obs_used": null, "orbit_id": "2", "epoch": "2460200.5", "n_obs_used": 34, "two_body": null, "producer": "Otto Matic", "soln_date": "2021-04-15 13:31:19", "elements": [{"value": ".1168240613968899", "name": "e", "title": "eccentricity", "sigma": ".0017573", "units": null, "label": "e"}, {"name": "a", "title": "semi-major axis", "sigma": ".019748", "units": "au", "label": "a", "value": "45.04220030617686"}, {"value": "39.78018753215704", "name": "q", "title": "perihelion distance", "sigma": ".062407", "units": "au", "label": "q"}, {"title": "inclination; angle with respect to x-y ecliptic plane", "name": "i", "label": "i", "units": "deg", "sigma": ".0014015", "value": "3.571457139419062"}, {"value": "58.65718090069416", "sigma": ".015382", "units": "deg", "label": "node", "name": "om", "title": "longitude of the ascending node"}, {"title": "argument of perihelion", "name": "w", "label": "peri", "sigma": ".23095", "units": "deg", "value": "220.8181600937501"}, {"value": "306.6792721799122", "title": "mean anomaly", "name": "ma", "label": "M", "sigma": ".049922", "units": "deg"}, {"value": "2476554.402015101576", "name": "tp", "title": "time of perihelion passage", "units": "TDB", "sigma": "21.697", "label": "tp"}, {"sigma": "72.615", "units": "d", "label": "period", "name": "per", "title": "sidereal orbital period", "value": "110414.9355444202"}, {"value": ".003260428475776009", "title": "mean motion", "name": "n", "label": "n", "sigma": "2.1442E-6", "units": "deg/d"}, {"value": "50.30421308019667", "label": "Q", "sigma": ".022055", "units": "au", "title": "aphelion distance", "name": "ad"}], "n_del_obs_used": null, "not_valid_after": null, "moid_jup": "34.5543", "last_obs": "2017-05-18", "source": "JPL", "t_jup": "5.948", "first_obs": "2015-02-17", "condition_code": "4", "data_arc": "821", "not_valid_before": null, "rms": ".16279"}, "signature": {"version": "1.3", "source": "NASA/JPL Small-Body Database (SBDB) API"}}