{"object": {"kind": "au", "des": "2015 VB170", "spkid": "3835712", "pha": false, "neo": false, "fullname": "(2015 VB170)", "prefix": null, "orbit_id": "2", "orbit_class": {"name": "TransNeptunian Object", "code": "TNO"}}, "signature": {"version": "1.3", "source": "NASA/JPL Small-Body Database (SBDB) API"}, "orbit": {"moid_jup": "38.3177", "source": "JPL", "last_obs": "2017-12-13", "t_jup": "5.932", "not_valid_before": null, "rms": ".1587", "data_arc": "846", "condition_code": "5", "first_obs": "2015-08-20", "model_pars": [], "equinox": "J2000", "moid": "42.4373", "pe_used": "DE441", "covariance": {"labels": ["e", "q", "tp", "node", "peri", "i"], "elements": [{"value": ".009001471223091223", "title": "eccentricity", "name": "e", "label": "e", "units": null, "sigma": 0.001384948474336}, {"value": "43.28068220928176", "label": "q", "units": "au", "sigma": 0.061380711969244, "title": "perihelion distance", "name": "q"}, {"name": "tp", "title": "time of perihelion passage", "sigma": 1741.83059630536, "units": "TDB", "label": "tp", "value": "2473939.304579366941"}, {"title": "longitude of the ascending node", "name": "om", "label": "node", "units": "deg", "sigma": 0.031400938994133, "value": "115.6343377223133"}, {"label": "peri", "units": "deg", "sigma": 6.14362901734874, "title": "argument of perihelion", "name": "w", "value": "354.6714200464942"}, {"value": "2.937218613187546", "title": "inclination", "name": "i", "label": "i", "sigma": 0.000852911162765415, "units": "deg"}], "epoch": "2457571.5", "data": [["1.918082276565623E-6", "-8.456884222634999E-5", "2.385629738983643", "-1.884494085751976E-6", ".008415892271350495", "5.104843190008552E-8"], ["-8.456884222634999E-5", ".003767591801851296", "-106.7853149605762", "8.443158645442848E-5", "-.3766627085092801", "-2.278310712483153E-6"], ["2.385629738983643", "-106.7853149605762", "3033973.826225496", "-2.397119740746339", "10701.01263078522", ".06459244416140619"], ["-1.884494085751976E-6", "8.443158645442848E-5", "-2.397119740746339", ".000986018969713261", "-.009437736828650262", "-2.676695852316414E-5"], [".008415892271350495", "-.3766627085092801", "10701.01263078522", "-.009437736828650262", "37.74417750280941", ".0002545146606034528"], ["5.104843190008552E-8", "-2.278310712483153E-6", ".06459244416140619", "-2.676695852316414E-5", ".0002545146606034528", "7.274574515698527E-7"]]}, "comment": null, "sb_used": "SB441-N16", "two_body": null, "n_obs_used": 29, "epoch": "2460200.5", "n_dop_obs_used": null, "orbit_id": "2", "not_valid_after": null, "n_del_obs_used": null, "elements": [{"title": "eccentricity", "name": "e", "label": "e", "sigma": ".00050067", "units": null, "value": ".01537932416836356"}, {"value": "44.10141983922497", "label": "a", "sigma": ".0065564", "units": "au", "title": "semi-major axis", "name": "a"}, {"name": "q", "title": "perihelion distance", "units": "au", "sigma": ".022956", "label": "q", "value": "43.42316980723243"}, {"value": "2.9384695372062", "sigma": ".00084947", "units": "deg", "label": "i", "name": "i", "title": "inclination; angle with respect to x-y ecliptic plane"}, {"value": "115.5758536051893", "name": "om", "title": "longitude of the ascending node", "units": "deg", "sigma": ".031231", "label": "node"}, {"label": "peri", "sigma": "6.0393", "units": "deg", "title": "argument of perihelion", "name": "w", "value": "316.2898774764913"}, {"value": "351.0470940572446", "title": "mean anomaly", "name": "ma", "label": "M", "sigma": "5.8457", "units": "deg"}, {"name": "tp", "title": "time of perihelion passage", "sigma": "1736.9", "units": "TDB", "label": "tp", "value": "2462860.850176135169"}, {"value": "106973.7657842416", "title": "sidereal orbital period", "name": "per", "label": "period", "sigma": "23.855", "units": "d"}, {"value": ".003365311086889229", "title": "mean motion", "name": "n", "label": "n", "units": "deg/d", "sigma": "7.5046E-7"}, {"value": "44.77966987121751", "name": "ad", "title": "aphelion distance", "units": "au", "sigma": ".0066572", "label": "Q"}], "producer": "Otto Matic", "soln_date": "2021-04-15 15:18:46"}}