{"object": {"pha": false, "orbit_id": "12", "orbit_class": {"code": "TNO", "name": "TransNeptunian Object"}, "prefix": null, "neo": false, "fullname": "(2015 BY518)", "spkid": "3755672", "kind": "au", "des": "2015 BY518"}, "signature": {"version": "1.3", "source": "NASA/JPL Small-Body Database (SBDB) API"}, "orbit": {"elements": [{"units": null, "sigma": "2.7867E-5", "label": "e", "name": "e", "title": "eccentricity", "value": ".2112772632093486"}, {"name": "a", "title": "semi-major axis", "units": "au", "sigma": ".0020555", "label": "a", "value": "47.33794417952217"}, {"name": "q", "title": "perihelion distance", "sigma": ".00050544", "units": "au", "label": "q", "value": "37.33651288731581"}, {"title": "inclination; angle with respect to x-y ecliptic plane", "name": "i", "label": "i", "units": "deg", "sigma": "4.4876E-5", "value": "26.21491449337847"}, {"name": "om", "title": "longitude of the ascending node", "units": "deg", "sigma": ".00014492", "label": "node", "value": "194.0712215125516"}, {"title": "argument of perihelion", "name": "w", "label": "peri", "units": "deg", "sigma": ".0065917", "value": "334.5566975967175"}, {"value": "348.5427764273522", "title": "mean anomaly", "name": "ma", "label": "M", "sigma": ".00442", "units": "deg"}, {"value": "2463986.576664469623", "title": "time of perihelion passage", "name": "tp", "label": "tp", "units": "TDB", "sigma": "1.3368"}, {"name": "per", "title": "sidereal orbital period", "units": "d", "sigma": "7.7483", "label": "period", "value": "118963.1668236768"}, {"value": ".003026146744509416", "sigma": "1.971E-7", "units": "deg/d", "label": "n", "name": "n", "title": "mean motion"}, {"value": "57.33937547172853", "label": "Q", "sigma": ".0024897", "units": "au", "title": "aphelion distance", "name": "ad"}], "soln_date": "2023-01-20 21:57:11", "producer": "Otto Matic", "not_valid_after": null, "n_del_obs_used": null, "epoch": "2460200.5", "orbit_id": "12", "n_dop_obs_used": null, "n_obs_used": 148, "two_body": null, "comment": null, "covariance": {"data": [["7.820379087760343E-10", "6.658033823256036E-9", "-6.15681143809868E-6", "1.506390019572699E-10", "-2.807621981749706E-8", "7.173401190195664E-11"], ["6.658033823256036E-9", "2.588737445003411E-7", "-.0006204250535345031", "1.116688895384729E-8", "-3.064811857580268E-6", "-1.872367817720318E-9"], ["-6.15681143809868E-6", "-.0006204250535345031", "1.653648500559244", "-2.8968550657486E-5", ".008202563947852995", "6.454406790658644E-6"], ["1.506390019572699E-10", "1.116688895384729E-8", "-2.8968550657486E-5", "2.10958305936671E-8", "-1.620974480899317E-7", "-6.373525217417953E-9"], ["-2.807621981749706E-8", "-3.064811857580268E-6", ".008202563947852995", "-1.620974480899317E-7", "4.071337958361868E-5", "3.795111124285374E-8"], ["7.173401190195664E-11", "-1.872367817720318E-9", "6.454406790658644E-6", "-6.373525217417953E-9", "3.795111124285374E-8", "1.987021988484438E-9"]], "epoch": "2457681.5", "labels": ["e", "q", "tp", "node", "peri", "i"], "elements": [{"name": "e", "title": "eccentricity", "units": null, "sigma": 2.79649407075365e-05, "label": "e", "value": ".2188588271597021"}, {"value": "37.310860830938", "label": "q", "units": "au", "sigma": 0.000508796368403255, "title": "perihelion distance", "name": "q"}, {"title": "time of perihelion passage", "name": "tp", "label": "tp", "sigma": 1.28594265057165, "units": "TDB", "value": "2464049.130233873669"}, {"value": "194.2963870593425", "units": "deg", "sigma": 0.000145244038065826, "label": "node", "name": "om", "title": "longitude of the ascending node"}, {"value": "334.7512936155766", "title": "argument of perihelion", "name": "w", "label": "peri", "sigma": 0.00638070369031651, "units": "deg"}, {"name": "i", "title": "inclination", "units": "deg", "sigma": 4.45760248169847e-05, "label": "i", "value": "26.12921663743825"}]}, "sb_used": "SB441-N16", "pe_used": "DE441", "model_pars": [], "moid": "36.3593", "equinox": "J2000", "data_arc": "5519", "first_obs": "2007-12-06", "condition_code": "2", "rms": ".49824", "not_valid_before": null, "t_jup": "5.400", "last_obs": "2023-01-15", "source": "JPL", "moid_jup": "32.0108"}}