{"orbit": {"pe_used": "DE441", "two_body": null, "orbit_id": "5", "rms": ".17598", "n_dop_obs_used": null, "n_del_obs_used": null, "first_obs": "2013-09-03", "data_arc": "3655", "moid": "38.5921", "source": "JPL", "sb_used": "SB441-N16", "n_obs_used": 31, "covariance": {"elements": [{"label": "e", "units": null, "value": ".2191920477091519", "name": "e", "sigma": 0.000295148336443826, "title": "eccentricity"}, {"value": "39.49746959477868", "label": "q", "units": "au", "title": "perihelion distance", "name": "q", "sigma": 0.00744503394313697}, {"title": "time of perihelion passage", "name": "tp", "sigma": 13.0024044729626, "label": "tp", "units": "TDB", "value": "2472099.887928878759"}, {"units": "deg", "label": "node", "value": "261.0243929141782", "title": "longitude of the ascending node", "name": "om", "sigma": 0.00201752823409811}, {"sigma": 0.0598532408926399, "name": "w", "title": "argument of perihelion", "value": "129.0435241906474", "label": "peri", "units": "deg"}, {"sigma": 0.00019786190651537, "name": "i", "title": "inclination", "label": "i", "value": "14.28729348392944", "units": "deg"}], "epoch": "2457349.5", "labels": ["e", "q", "tp", "node", "peri", "i"], "data": [["8.711254050555768E-8", "1.472485977001291E-6", "-.003254411537954912", "-5.871324632523612E-8", "-1.405429439188751E-5", "3.626512854079233E-9"], ["1.472485977001291E-6", "5.542853041446159E-5", "-.09301626588619741", "-6.052000861744615E-7", "-.0004374842722247288", "1.569890480872441E-7"], ["-.003254411537954912", "-.09301626588619741", "169.0625220785178", ".001708637268628729", ".7745184416419191", "-.0002541856101370784"], ["-5.871324632523612E-8", "-6.052000861744615E-7", ".001708637268628729", "4.07042017538303E-6", "3.02558831303068E-6", "3.868483555293672E-7"], ["-1.405429439188751E-5", "-.0004374842722247288", ".7745184416419191", "3.02558831303068E-6", ".003582410445352379", "-1.586199955702278E-6"], ["3.626512854079233E-9", "1.569890480872441E-7", "-.0002541856101370784", "3.868483555293672E-7", "-1.586199955702278E-6", "3.914933404989691E-8"]]}, "comment": null, "elements": [{"label": "e", "value": ".2288228441801971", "units": null, "title": "eccentricity", "name": "e", "sigma": ".00030205"}, {"sigma": ".02732", "name": "a", "title": "semi-major axis", "label": "a", "value": "51.30830107134226", "units": "au"}, {"label": "q", "value": "39.56778969014388", "units": "au", "name": "q", "sigma": ".0072315", "title": "perihelion distance"}, {"title": "inclination; angle with respect to x-y ecliptic plane", "name": "i", "sigma": ".0001979", "value": "14.28668248983289", "label": "i", "units": "deg"}, {"sigma": ".0020087", "name": "om", "title": "longitude of the ascending node", "units": "deg", "label": "node", "value": "261.1144980330278"}, {"label": "peri", "value": "127.4358552377384", "units": "deg", "title": "argument of perihelion", "sigma": ".056027", "name": "w"}, {"name": "ma", "sigma": ".056543", "title": "mean anomaly", "label": "M", "units": "deg", "value": "329.1608340073655"}, {"label": "tp", "value": "2471700.027664959503", "units": "TDB", "title": "time of perihelion passage", "sigma": "12.152", "name": "tp"}, {"title": "sidereal orbital period", "name": "per", "sigma": "107.22", "value": "134239.3617380626", "label": "period", "units": "d"}, {"name": "n", "sigma": "2.1419E-6", "title": "mean motion", "label": "n", "units": "deg/d", "value": ".00268177675563191"}, {"label": "Q", "units": "au", "value": "63.04881245254066", "title": "aphelion distance", "name": "ad", "sigma": ".033572"}], "epoch": "2460200.5", "not_valid_before": null, "moid_jup": "34.7381", "soln_date": "2023-10-20 08:22:39", "model_pars": [], "condition_code": "4", "not_valid_after": null, "equinox": "J2000", "t_jup": "6.026", "last_obs": "2023-09-06", "producer": "Otto Matic"}, "object": {"spkid": "3841822", "neo": false, "prefix": null, "des": "2013 RM109", "fullname": "(2013 RM109)", "orbit_id": "5", "kind": "au", "pha": false, "orbit_class": {"code": "TNO", "name": "TransNeptunian Object"}}, "signature": {"version": "1.3", "source": "NASA/JPL Small-Body Database (SBDB) API"}}