{"object": {"pha": false, "orbit_id": "15", "orbit_class": {"name": "TransNeptunian Object", "code": "TNO"}, "prefix": null, "fullname": "523715 (2014 KU101)", "neo": false, "spkid": "20523715", "kind": "an", "des": "523715"}, "signature": {"version": "1.3", "source": "NASA/JPL Small-Body Database (SBDB) API"}, "orbit": {"source": "JPL", "last_obs": "2023-05-12", "moid_jup": "28.6439", "rms": ".54562", "not_valid_before": null, "data_arc": "4778", "condition_code": "2", "first_obs": "2010-04-12", "t_jup": "5.552", "pe_used": "DE441", "covariance": {"epoch": "2457388.5", "data": [["1.230611545146322E-10", "1.854851940636541E-9", "6.046750449251736E-6", "2.929637472213324E-11", "3.155089469732824E-8", "-8.661617277593836E-13"], ["1.854851940636541E-9", "1.005190323174088E-7", ".0002284677868355431", "6.21717503752715E-10", "1.288592284063127E-6", "4.454569457492812E-11"], ["6.046750449251736E-6", ".0002284677868355431", ".5583897053706234", "1.772095470248378E-6", ".00309547418790669", "6.640726261346375E-8"], ["2.929637472213324E-11", "6.21717503752715E-10", "1.772095470248378E-6", "1.638412387122952E-8", "-6.791020110312739E-9", "-4.574411553646349E-9"], ["3.155089469732824E-8", "1.288592284063127E-6", ".00309547418790669", "-6.791020110312739E-9", "1.724560987890087E-5", "4.970860767165237E-9"], ["-8.661617277593836E-13", "4.454569457492812E-11", "6.640726261346375E-8", "-4.574411553646349E-9", "4.970860767165237E-9", "1.396567956633067E-9"]], "elements": [{"label": "e", "sigma": 1.10932932222416e-05, "units": null, "title": "eccentricity", "name": "e", "value": ".1431345867134218"}, {"value": "34.13099987148691", "title": "perihelion distance", "name": "q", "label": "q", "units": "au", "sigma": 0.000317047366047108}, {"title": "time of perihelion passage", "name": "tp", "label": "tp", "units": "TDB", "sigma": 0.747254779423072, "value": "2446125.190511215425"}, {"value": "62.00526788327543", "label": "node", "units": "deg", "sigma": 0.000128000483871076, "title": "longitude of the ascending node", "name": "om"}, {"value": "103.2760841437501", "sigma": 0.00415278338935477, "units": "deg", "label": "peri", "name": "w", "title": "argument of perihelion"}, {"value": "6.182743661172617", "sigma": 3.73706831170246e-05, "units": "deg", "label": "i", "name": "i", "title": "inclination"}], "labels": ["e", "q", "tp", "node", "peri", "i"]}, "comment": null, "sb_used": "SB441-N16", "model_pars": [], "moid": "33.0598", "equinox": "J2000", "n_del_obs_used": null, "not_valid_after": null, "elements": [{"name": "e", "title": "eccentricity", "sigma": "1.0679E-5", "units": null, "label": "e", "value": ".1357645446959514"}, {"value": "39.39561616692309", "label": "a", "units": "au", "sigma": ".00075798", "title": "semi-major axis", "name": "a"}, {"value": "34.04708827500431", "label": "q", "sigma": ".00033221", "units": "au", "title": "perihelion distance", "name": "q"}, {"value": "6.203109815386617", "sigma": "3.755E-5", "units": "deg", "label": "i", "name": "i", "title": "inclination; angle with respect to x-y ecliptic plane"}, {"title": "longitude of the ascending node", "name": "om", "label": "node", "units": "deg", "sigma": ".0001277", "value": "61.97995976048276"}, {"value": "100.627323090533", "name": "w", "title": "argument of perihelion", "units": "deg", "sigma": ".0045037", "label": "peri"}, {"name": "ma", "title": "mean anomaly", "units": "deg", "sigma": ".0048594", "label": "M", "value": "58.30372848650857"}, {"value": "2445573.202287120292", "name": "tp", "title": "time of perihelion passage", "sigma": ".80954", "units": "TDB", "label": "tp"}, {"name": "per", "title": "sidereal orbital period", "sigma": "2.6066", "units": "d", "label": "period", "value": "90317.16003986268"}, {"value": ".003985953498107216", "sigma": "1.1504E-7", "units": "deg/d", "label": "n", "name": "n", "title": "mean motion"}, {"label": "Q", "units": "au", "sigma": ".00086089", "title": "aphelion distance", "name": "ad", "value": "44.74414405884187"}], "soln_date": "2023-07-27 23:04:29", "producer": "Otto Matic", "n_obs_used": 280, "two_body": null, "epoch": "2460200.5", "orbit_id": "15", "n_dop_obs_used": null}}