{"signature": {"version": "1.3", "source": "NASA/JPL Small-Body Database (SBDB) API"}, "orbit": {"last_obs": "2018-11-29", "producer": "Otto Matic", "t_jup": "5.392", "model_pars": [], "condition_code": "4", "not_valid_after": null, "equinox": "J2000", "moid_jup": "28.1798", "soln_date": "2021-09-08 23:30:15", "epoch": "2460200.5", "comment": null, "elements": [{"label": "e", "value": ".1679633313144273", "units": null, "sigma": "8.8188E-5", "name": "e", "title": "eccentricity"}, {"title": "semi-major axis", "sigma": ".0049517", "name": "a", "label": "a", "value": "39.65622489024341", "units": "au"}, {"value": "32.99543325032402", "label": "q", "units": "au", "title": "perihelion distance", "sigma": ".0012762", "name": "q"}, {"label": "i", "value": "14.8673495011173", "units": "deg", "name": "i", "sigma": ".00018818", "title": "inclination; angle with respect to x-y ecliptic plane"}, {"name": "om", "sigma": ".001106", "title": "longitude of the ascending node", "units": "deg", "label": "node", "value": "84.41629920852569"}, {"title": "argument of perihelion", "name": "w", "sigma": ".052648", "label": "peri", "units": "deg", "value": "291.64308253613"}, {"name": "ma", "sigma": ".037231", "title": "mean anomaly", "label": "M", "value": "19.7468603792737", "units": "deg"}, {"value": "2455197.148265375793", "label": "tp", "units": "TDB", "title": "time of perihelion passage", "name": "tp", "sigma": "9.2977"}, {"label": "period", "value": "91214.83566852281", "units": "d", "name": "per", "sigma": "17.084", "title": "sidereal orbital period"}, {"units": "deg/d", "label": "n", "value": ".003946726399949344", "sigma": "7.3922E-7", "name": "n", "title": "mean motion"}, {"value": "46.31701653016281", "label": "Q", "units": "au", "title": "aphelion distance", "sigma": ".0057834", "name": "ad"}], "not_valid_before": null, "moid": "32.0262", "source": "JPL", "sb_used": "SB441-N16", "n_obs_used": 37, "covariance": {"data": [["7.726741943975885E-9", "3.680613407185734E-8", "-.0001775104547461842", "1.127517827178837E-8", "-1.018043745412581E-6", "-1.504776973888981E-9"], ["3.680613407185734E-8", "1.730875305628925E-6", ".01113492213888881", "-8.863801039785333E-9", "6.270089125769406E-5", "5.140751965826978E-9"], ["-.0001775104547461842", ".01113492213888881", "97.21895474557955", "-.0007612805377655986", ".5485037151810045", ".000132211406174683"], ["1.127517827178837E-8", "-8.863801039785333E-9", "-.0007612805377655986", "1.227979126328343E-6", "-5.484338926932714E-6", "-2.075404209530847E-7"], ["-1.018043745412581E-6", "6.270089125769406E-5", ".5485037151810045", "-5.484338926932714E-6", ".003095794918596664", "9.465611765965076E-7"], ["-1.504776973888981E-9", "5.140751965826978E-9", ".000132211406174683", "-2.075404209530847E-7", "9.465611765965076E-7", "3.582335668227659E-8"]], "labels": ["e", "q", "tp", "node", "peri", "i"], "epoch": "2457310.5", "elements": [{"label": "e", "units": null, "value": ".1580505998306113", "sigma": 8.79018881707093e-05, "name": "e", "title": "eccentricity"}, {"sigma": 0.00131562734299228, "name": "q", "title": "perihelion distance", "label": "q", "value": "32.97915446189534", "units": "au"}, {"label": "tp", "units": "TDB", "value": "2455088.713521498466", "title": "time of perihelion passage", "sigma": 9.85996727913331, "name": "tp"}, {"title": "longitude of the ascending node", "sigma": 0.00110814219589741, "name": "om", "label": "node", "value": "84.39005541593055", "units": "deg"}, {"label": "peri", "units": "deg", "value": "291.1526412201122", "name": "w", "sigma": 0.0556398680677503, "title": "argument of perihelion"}, {"label": "i", "units": "deg", "value": "14.88385159935932", "title": "inclination", "name": "i", "sigma": 0.00018927059117115}]}, "n_dop_obs_used": null, "rms": ".18371", "n_del_obs_used": null, "first_obs": "2013-09-12", "data_arc": "1904", "pe_used": "DE441", "two_body": null, "orbit_id": "3"}, "object": {"spkid": "3989565", "neo": false, "prefix": null, "des": "2013 TU187", "fullname": "(2013 TU187)", "kind": "au", "orbit_id": "3", "pha": false, "orbit_class": {"name": "TransNeptunian Object", "code": "TNO"}}}