{"orbit": {"moid_jup": "35.943", "source": "JPL", "last_obs": "2022-03-26", "t_jup": "5.829", "rms": ".41945", "not_valid_before": null, "data_arc": "1084", "first_obs": "2019-04-07", "condition_code": "6", "model_pars": [], "equinox": "J2000", "moid": "40.374", "pe_used": "DE441", "comment": null, "covariance": {"labels": ["e", "q", "tp", "node", "peri", "i"], "elements": [{"value": ".03395480767879525", "title": "eccentricity", "name": "e", "label": "e", "units": null, "sigma": 0.000669235718365441}, {"value": "41.35214962093767", "sigma": 0.0500026541889452, "units": "au", "label": "q", "name": "q", "title": "perihelion distance"}, {"value": "2465106.818220525706", "name": "tp", "title": "time of perihelion passage", "units": "TDB", "sigma": 1202.47495310278, "label": "tp"}, {"name": "om", "title": "longitude of the ascending node", "sigma": 0.00531912003233709, "units": "deg", "label": "node", "value": "25.93518443638807"}, {"title": "argument of perihelion", "name": "w", "label": "peri", "units": "deg", "sigma": 4.5550820726838, "value": "196.6310611062078"}, {"sigma": 0.00264094357615118, "units": "deg", "label": "i", "name": "i", "title": "inclination", "value": "3.168449395398661"}], "data": [["4.478764467361076E-7", "-2.51195790949987E-5", ".6426594626966259", "-8.701035564763401E-8", ".002434823307117322", "3.2332719193616E-8"], ["-2.51195790949987E-5", ".002500265425939234", "-59.93461671897192", "9.227918801157432E-6", "-.2270354240201573", "-1.394334949842348E-6"], [".6426594626966259", "-59.93461671897192", "1445946.012839535", "-.2199143494670814", "5477.368115019955", ".03747106083855078"], ["-8.701035564763401E-8", "9.227918801157432E-6", "-.2199143494670814", "2.829303791840977E-5", "-.000861255161020552", "-1.380338907720123E-5"], [".002434823307117322", "-.2270354240201573", "5477.368115019955", "-.000861255161020552", "20.74877268888534", ".0001557475959534406"], ["3.2332719193616E-8", "-1.394334949842348E-6", ".03747106083855078", "-1.380338907720123E-5", ".0001557475959534406", "6.974582972414161E-6"]], "epoch": "2459024.5"}, "sb_used": "SB441-N16", "two_body": null, "n_obs_used": 26, "epoch": "2460200.5", "orbit_id": "4", "n_dop_obs_used": null, "n_del_obs_used": null, "not_valid_after": null, "elements": [{"label": "e", "sigma": ".00058631", "units": null, "title": "eccentricity", "name": "e", "value": ".02688901965104425"}, {"value": "42.52618226322204", "title": "semi-major axis", "name": "a", "label": "a", "units": "au", "sigma": ".035525"}, {"title": "perihelion distance", "name": "q", "label": "q", "sigma": ".045949", "units": "au", "value": "41.38269491266237"}, {"title": "inclination; angle with respect to x-y ecliptic plane", "name": "i", "label": "i", "units": "deg", "sigma": ".0026487", "value": "3.173450829220826"}, {"title": "longitude of the ascending node", "name": "om", "label": "node", "units": "deg", "sigma": ".0053148", "value": "25.92604000131166"}, {"value": "194.397038473462", "label": "peri", "units": "deg", "sigma": "5.7766", "title": "argument of perihelion", "name": "w"}, {"name": "ma", "title": "mean anomaly", "units": "deg", "sigma": "5.4697", "label": "M", "value": "344.6089702762707"}, {"value": "2464531.101253939645", "label": "tp", "units": "TDB", "sigma": "1534.7", "title": "time of perihelion passage", "name": "tp"}, {"value": "101293.8366959707", "label": "period", "units": "d", "sigma": "126.93", "title": "sidereal orbital period", "name": "per"}, {"value": ".003554016826122651", "name": "n", "title": "mean motion", "units": "deg/d", "sigma": "4.4534E-6", "label": "n"}, {"value": "43.66966961378171", "label": "Q", "units": "au", "sigma": ".036481", "title": "aphelion distance", "name": "ad"}], "soln_date": "2022-05-11 22:51:59", "producer": "Otto Matic"}, "signature": {"version": "1.3", "source": "NASA/JPL Small-Body Database (SBDB) API"}, "object": {"kind": "au", "des": "2020 BQ63", "spkid": "54132970", "pha": false, "neo": false, "fullname": "(2020 BQ63)", "prefix": null, "orbit_class": {"code": "TNO", "name": "TransNeptunian Object"}, "orbit_id": "4"}}