{"object": {"pha": false, "fullname": "(2011 WJ157)", "neo": false, "prefix": null, "orbit_id": "16", "orbit_class": {"name": "TransNeptunian Object", "code": "TNO"}, "kind": "au", "des": "2011 WJ157", "spkid": "3755992"}, "signature": {"version": "1.3", "source": "NASA/JPL Small-Body Database (SBDB) API"}, "orbit": {"pe_used": "DE441", "sb_used": "SB441-N16", "comment": null, "covariance": {"labels": ["e", "q", "tp", "node", "peri", "i"], "elements": [{"title": "eccentricity", "name": "e", "label": "e", "sigma": 2.98421071915186e-05, "units": null, "value": ".6227257640237595"}, {"title": "perihelion distance", "name": "q", "label": "q", "sigma": 0.000369074597827009, "units": "au", "value": "37.38219869185836"}, {"value": "2464758.083894400048", "units": "TDB", "sigma": 0.24207208775949, "label": "tp", "name": "tp", "title": "time of perihelion passage"}, {"label": "node", "sigma": 3.96642498449815e-05, "units": "deg", "title": "longitude of the ascending node", "name": "om", "value": "76.51356145369488"}, {"value": "58.9724484982788", "sigma": 0.00149484970613058, "units": "deg", "label": "peri", "name": "w", "title": "argument of perihelion"}, {"value": "27.14033149002229", "title": "inclination", "name": "i", "label": "i", "units": "deg", "sigma": 3.92456869032837e-05}], "epoch": "2457999.5", "data": [["8.90551361630089E-10", "6.973390215172431E-9", "-3.386229862179023E-6", "-9.022638825373773E-11", "-1.769529190704568E-8", "-3.418337357644713E-11"], ["6.973390215172431E-9", "1.362160587611684E-7", "-8.736764281393341E-5", "-6.67801240691218E-10", "-5.296189227832494E-7", "-7.037357060608041E-11"], ["-3.386229862179023E-6", "-8.736764281393341E-5", ".05859889567223799", "3.105111945306694E-7", ".0003605288481837858", "-1.871568840299355E-8"], ["-9.022638825373773E-11", "-6.67801240691218E-10", "3.105111945306694E-7", "1.573252715765114E-9", "1.979190354688269E-10", "1.465849677140175E-9"], ["-1.769529190704568E-8", "-5.296189227832494E-7", ".0003605288481837858", "1.979190354688269E-10", "2.23457564391869E-6", "-1.574946477193752E-9"], ["-3.418337357644713E-11", "-7.037357060608041E-11", "-1.871568840299355E-8", "1.465849677140175E-9", "-1.574946477193752E-9", "1.540223940510571E-9"]]}, "equinox": "J2000", "moid": "36.5571", "model_pars": [], "not_valid_after": null, "n_del_obs_used": null, "producer": "Otto Matic", "soln_date": "2023-11-02 00:43:52", "elements": [{"value": ".6226134585163323", "sigma": "2.9909E-5", "units": null, "label": "e", "name": "e", "title": "eccentricity"}, {"label": "a", "units": "au", "sigma": ".0085193", "title": "semi-major axis", "name": "a", "value": "99.27488041699016"}, {"units": "au", "sigma": ".00036579", "label": "q", "name": "q", "title": "perihelion distance", "value": "37.4650037767726"}, {"title": "inclination; angle with respect to x-y ecliptic plane", "name": "i", "label": "i", "units": "deg", "sigma": "3.916E-5", "value": "27.06781993667299"}, {"value": "76.41240754328093", "title": "longitude of the ascending node", "name": "om", "label": "node", "units": "deg", "sigma": "3.9772E-5"}, {"title": "argument of perihelion", "name": "w", "label": "peri", "units": "deg", "sigma": ".0014903", "value": "58.43551586777486"}, {"value": "355.5634054875444", "name": "ma", "title": "mean anomaly", "sigma": ".00072942", "units": "deg", "label": "M"}, {"label": "tp", "sigma": ".24291", "units": "TDB", "title": "time of perihelion passage", "name": "tp", "value": "2464653.008146113998"}, {"value": "361291.2850387706", "label": "period", "units": "d", "sigma": "46.507", "title": "sidereal orbital period", "name": "per"}, {"label": "n", "units": "deg/d", "sigma": "1.2826E-7", "title": "mean motion", "name": "n", "value": ".0009964259170031403"}, {"value": "161.0847570572077", "name": "ad", "title": "aphelion distance", "sigma": ".013824", "units": "au", "label": "Q"}], "two_body": null, "n_obs_used": 111, "n_dop_obs_used": null, "orbit_id": "16", "epoch": "2460200.5", "source": "JPL", "last_obs": "2023-10-20", "moid_jup": "32.5928", "rms": ".42866", "not_valid_before": null, "first_obs": "2010-02-26", "condition_code": "2", "data_arc": "4984", "t_jup": "6.140"}}