{"orbit": {"rms": ".097957", "not_valid_before": null, "condition_code": "7", "first_obs": "2020-01-24", "data_arc": "806", "t_jup": "5.998", "source": "JPL", "last_obs": "2022-04-09", "moid_jup": "29.0278", "n_del_obs_used": null, "not_valid_after": null, "soln_date": "2023-02-13 09:12:21", "producer": "Otto Matic", "elements": [{"name": "e", "title": "eccentricity", "units": null, "sigma": ".035068", "label": "e", "value": ".3772048248624132"}, {"value": "55.08675436694237", "label": "a", "units": "au", "sigma": "1.7038", "title": "semi-major axis", "name": "a"}, {"units": "au", "sigma": ".87137", "label": "q", "name": "q", "title": "perihelion distance", "value": "34.3077648337211"}, {"value": "11.60290624623817", "name": "i", "title": "inclination; angle with respect to x-y ecliptic plane", "units": "deg", "sigma": ".006397", "label": "i"}, {"units": "deg", "sigma": ".04228", "label": "node", "name": "om", "title": "longitude of the ascending node", "value": "91.32526355602381"}, {"value": "175.7012248001778", "name": "w", "title": "argument of perihelion", "units": "deg", "sigma": "3.3755", "label": "peri"}, {"value": "282.0388984608105", "name": "ma", "title": "mean anomaly", "units": "deg", "sigma": "8.5771", "label": "M"}, {"value": "2492540.846638561845", "name": "tp", "title": "time of perihelion passage", "sigma": "2057.9", "units": "TDB", "label": "tp"}, {"value": "149337.6127328036", "title": "sidereal orbital period", "name": "per", "label": "period", "units": "d", "sigma": "6928.3"}, {"title": "mean motion", "name": "n", "label": "n", "sigma": ".00011184", "units": "deg/d", "value": ".002410645204595012"}, {"name": "ad", "title": "aphelion distance", "sigma": "2.3464", "units": "au", "label": "Q", "value": "75.86574390016364"}], "two_body": null, "n_obs_used": 9, "orbit_id": "1", "n_dop_obs_used": null, "epoch": "2460200.5", "pe_used": "DE441", "sb_used": "SB441-N16", "covariance": {"elements": [{"units": null, "sigma": 0.0349718263925313, "label": "e", "name": "e", "title": "eccentricity", "value": ".3818975918481988"}, {"units": "au", "sigma": 0.859730719221821, "label": "q", "name": "q", "title": "perihelion distance", "value": "34.06678186594443"}, {"value": "2492360.612679926642", "label": "tp", "sigma": 2028.94584971204, "units": "TDB", "title": "time of perihelion passage", "name": "tp"}, {"units": "deg", "sigma": 0.0422696209488934, "label": "node", "name": "om", "title": "longitude of the ascending node", "value": "91.55653779389456"}, {"value": "175.5567361407454", "sigma": 3.33531042841833, "units": "deg", "label": "peri", "name": "w", "title": "argument of perihelion"}, {"name": "i", "title": "inclination", "sigma": 0.00646565635401923, "units": "deg", "label": "i", "value": "11.63663438496468"}], "labels": ["e", "q", "tp", "node", "peri", "i"], "data": [[".001223028641229351", "-.0300531462892874", "-70.95555491720893", "-.001058456099967498", "-.116608294449067", "-.0001617756170515009"], ["-.0300531462892874", ".7391369095736697", "1743.580951481025", ".02608345796217143", "2.863503405863129", ".003987609580681216"], ["-70.95555491720893", "1743.580951481025", "4116621.261063693", "61.41645690875374", "6765.228517016294", "9.387070345607819"], ["-.001058456099967498", ".02608345796217143", "61.41645690875374", ".001786720855163126", ".09987242554857483", ".0002732696145201162"], ["-.116608294449067", "2.863503405863129", "6765.228517016294", ".09987242554857483", "11.12429565391607", ".01526187487309294"], ["-.0001617756170515009", ".003987609580681216", "9.387070345607819", ".0002732696145201162", ".01526187487309294", "4.18047120882692E-5"]], "epoch": "2459107.5"}, "comment": null, "moid": "33.2912", "equinox": "J2000", "model_pars": []}, "signature": {"version": "1.3", "source": "NASA/JPL Small-Body Database (SBDB) API"}, "object": {"pha": false, "orbit_id": "1", "orbit_class": {"name": "TransNeptunian Object", "code": "TNO"}, "prefix": null, "fullname": "(2021 BK15)", "neo": false, "spkid": "54341536", "des": "2021 BK15", "kind": "au"}}