{"orbit": {"source": "JPL", "last_obs": "2023-09-09", "moid_jup": "32.3261", "not_valid_before": null, "rms": ".61325", "data_arc": "4745", "condition_code": "2", "first_obs": "2010-09-12", "t_jup": "5.039", "pe_used": "DE441", "covariance": {"elements": [{"title": "eccentricity", "name": "e", "label": "e", "units": null, "sigma": 1.11196485389546e-05, "value": ".03821487795769284"}, {"value": "36.91078299515213", "units": "au", "sigma": 0.000280843254944531, "label": "q", "name": "q", "title": "perihelion distance"}, {"value": "2450902.106916777154", "name": "tp", "title": "time of perihelion passage", "sigma": 3.31811262559389, "units": "TDB", "label": "tp"}, {"value": "43.8324966379757", "label": "node", "sigma": 4.78132913485898e-05, "units": "deg", "title": "longitude of the ascending node", "name": "om"}, {"label": "peri", "sigma": 0.0149730807579622, "units": "deg", "title": "argument of perihelion", "name": "w", "value": "293.4537812247478"}, {"name": "i", "title": "inclination", "sigma": 3.07782456736447e-05, "units": "deg", "label": "i", "value": "26.04021518400337"}], "labels": ["e", "q", "tp", "node", "peri", "i"], "data": [["1.236465836298742E-10", "2.118899446570366E-9", "2.063445254992078E-5", "7.417131114864791E-12", "9.258743921824651E-8", "1.365578994713795E-11"], ["2.118899446570366E-9", "7.887293384783872E-8", ".000919385683798194", "-4.3494640304572E-10", "4.146590816626929E-6", "7.203436856469878E-10"], ["2.063445254992078E-5", ".000919385683798194", "11.00987139612557", "-6.282565017321713E-6", ".04968175550557755", "8.747211050615665E-6"], ["7.417131114864791E-12", "-4.3494640304572E-10", "-6.282565017321713E-6", "2.286110829585134E-9", "-3.051502349434218E-8", "-1.431344448372983E-9"], ["9.258743921824651E-8", "4.146590816626929E-6", ".04968175550557755", "-3.051502349434218E-8", ".000224193147384458", "4.077293824106772E-8"], ["1.365578994713795E-11", "7.203436856469878E-10", "8.747211050615665E-6", "-1.431344448372983E-9", "4.077293824106772E-8", "9.473004067472264E-10"]], "epoch": "2458177.5"}, "comment": null, "sb_used": "SB441-N16", "model_pars": [], "equinox": "J2000", "moid": "36.0777", "n_del_obs_used": null, "not_valid_after": null, "elements": [{"label": "e", "units": null, "sigma": "1.2042E-5", "title": "eccentricity", "name": "e", "value": ".04536483477109796"}, {"value": "38.77328675239809", "title": "semi-major axis", "name": "a", "label": "a", "units": "au", "sigma": ".00069235"}, {"value": "37.01434300534315", "sigma": ".00022596", "units": "au", "label": "q", "name": "q", "title": "perihelion distance"}, {"value": "25.92228991175818", "units": "deg", "sigma": "3.0629E-5", "label": "i", "name": "i", "title": "inclination; angle with respect to x-y ecliptic plane"}, {"value": "43.98402374525849", "name": "om", "title": "longitude of the ascending node", "sigma": "4.8003E-5", "units": "deg", "label": "node"}, {"value": "302.9746054442135", "units": "deg", "sigma": ".011372", "label": "peri", "name": "w", "title": "argument of perihelion"}, {"value": "29.09127688383183", "name": "ma", "title": "mean anomaly", "units": "deg", "sigma": ".010868", "label": "M"}, {"sigma": "2.5293", "units": "TDB", "label": "tp", "name": "tp", "title": "time of perihelion passage", "value": "2453074.306092837095"}, {"value": "88185.53468185665", "units": "d", "sigma": "2.362", "label": "period", "name": "per", "title": "sidereal orbital period"}, {"value": ".004082302174599919", "sigma": "1.0934E-7", "units": "deg/d", "label": "n", "name": "n", "title": "mean motion"}, {"name": "ad", "title": "aphelion distance", "units": "au", "sigma": ".00072376", "label": "Q", "value": "40.53223049945304"}], "producer": "Otto Matic", "soln_date": "2023-10-11 03:43:29", "n_obs_used": 233, "two_body": null, "epoch": "2460200.5", "n_dop_obs_used": null, "orbit_id": "17"}, "signature": {"version": "1.3", "source": "NASA/JPL Small-Body Database (SBDB) API"}, "object": {"pha": false, "fullname": "523735 (2014 QX441)", "neo": false, "prefix": null, "orbit_class": {"code": "TNO", "name": "TransNeptunian Object"}, "orbit_id": "17", "kind": "an", "des": "523735", "spkid": "20523735"}}