{"signature": {"version": "1.3", "source": "NASA/JPL Small-Body Database (SBDB) API"}, "orbit": {"source": "JPL", "n_obs_used": 91, "sb_used": "SB441-N16", "moid": "33.2083", "covariance": {"epoch": "2457143.5", "elements": [{"label": "e", "units": null, "value": ".1221457531355119", "name": "e", "sigma": 1.33989484576476e-05, "title": "eccentricity"}, {"value": "33.78874302216564", "label": "q", "units": "au", "sigma": 0.000920235152132593, "name": "q", "title": "perihelion distance"}, {"value": "2441495.730725805222", "label": "tp", "units": "TDB", "name": "tp", "sigma": 2.2865475291613, "title": "time of perihelion passage"}, {"label": "node", "value": "127.4159989778371", "units": "deg", "sigma": 4.32934699089135e-05, "name": "om", "title": "longitude of the ascending node"}, {"title": "argument of perihelion", "sigma": 0.0130218799567865, "name": "w", "value": "125.4180114681603", "label": "peri", "units": "deg"}, {"sigma": 5.29238603654438e-05, "name": "i", "title": "inclination", "label": "i", "value": "33.79305565235502", "units": "deg"}], "labels": ["e", "q", "tp", "node", "peri", "i"], "data": [["1.795318197706983E-10", "1.084305640466494E-8", "2.848212216696834E-5", "-5.93195692768494E-11", "1.606114777147618E-7", "-4.276087877428085E-11"], ["1.084305640466494E-8", "8.468327352204961E-7", ".002088509524904169", "-4.488467911429741E-9", "1.1926712674174E-5", "-3.385102380023728E-9"], ["2.848212216696834E-5", ".002088509524904169", "5.228299603113637", "-1.113686296716554E-5", ".0297657529055343", "-8.315904028214693E-6"], ["-5.93195692768494E-11", "-4.488467911429741E-9", "-1.113686296716554E-5", "1.874324536753995E-9", "-6.505895373830045E-8", "2.174499059380836E-9"], ["1.606114777147618E-7", "1.1926712674174E-5", ".0297657529055343", "-6.505895373830045E-8", ".0001695693576089582", "-4.932038599328463E-8"], ["-4.276087877428085E-11", "-3.385102380023728E-9", "-8.315904028214693E-6", "2.174499059380836E-9", "-4.932038599328463E-8", "2.800934995980991E-9"]]}, "not_valid_before": null, "elements": [{"value": ".1211772736839998", "label": "e", "units": null, "title": "eccentricity", "sigma": "1.5294E-5", "name": "e"}, {"value": "38.83472782986607", "label": "a", "units": "au", "title": "semi-major axis", "sigma": ".0016189", "name": "a"}, {"units": "au", "label": "q", "value": "34.12884138718274", "title": "perihelion distance", "name": "q", "sigma": ".0008647"}, {"name": "i", "sigma": "5.2652E-5", "title": "inclination; angle with respect to x-y ecliptic plane", "value": "33.70845842155734", "label": "i", "units": "deg"}, {"label": "node", "units": "deg", "value": "127.3560850588077", "title": "longitude of the ascending node", "name": "om", "sigma": "4.3209E-5"}, {"label": "peri", "units": "deg", "value": "129.6978575251577", "name": "w", "sigma": ".012739", "title": "argument of perihelion"}, {"label": "M", "units": "deg", "value": "73.22373654125752", "title": "mean anomaly", "sigma": ".013922", "name": "ma"}, {"name": "tp", "sigma": "2.2965", "title": "time of perihelion passage", "value": "2442220.975099541392", "label": "tp", "units": "TDB"}, {"title": "sidereal orbital period", "sigma": "5.5275", "name": "per", "units": "d", "label": "period", "value": "88395.22905961143"}, {"title": "mean motion", "name": "n", "sigma": "2.5467E-7", "label": "n", "units": "deg/d", "value": ".004072617988887447"}, {"sigma": ".0018151", "name": "ad", "title": "aphelion distance", "value": "43.54061427254939", "label": "Q", "units": "au"}], "comment": null, "epoch": "2460200.5", "orbit_id": "12", "pe_used": "DE441", "two_body": null, "n_del_obs_used": null, "first_obs": "2000-07-31", "data_arc": "7272", "n_dop_obs_used": null, "rms": ".68867", "t_jup": "4.646", "producer": "Otto Matic", "last_obs": "2020-06-28", "moid_jup": "29.3306", "soln_date": "2021-04-13 13:27:18", "not_valid_after": null, "condition_code": "3", "equinox": "J2000", "model_pars": []}, "object": {"fullname": "76803 (2000 PK30)", "prefix": null, "des": "76803", "pha": false, "orbit_id": "12", "kind": "an", "orbit_class": {"name": "TransNeptunian Object", "code": "TNO"}, "spkid": "20076803", "neo": false}}