{"orbit": {"elements": [{"value": ".2687203062810096", "name": "e", "title": "eccentricity", "sigma": "1.3426E-5", "units": null, "label": "e"}, {"label": "a", "sigma": ".0010023", "units": "au", "title": "semi-major axis", "name": "a", "value": "39.84435571312649"}, {"name": "q", "title": "perihelion distance", "sigma": ".00023664", "units": "au", "label": "q", "value": "29.13736824232565"}, {"value": "17.55460484298366", "sigma": "4.5165E-5", "units": "deg", "label": "i", "name": "i", "title": "inclination; angle with respect to x-y ecliptic plane"}, {"value": "199.4814208544228", "sigma": "2.7988E-5", "units": "deg", "label": "node", "name": "om", "title": "longitude of the ascending node"}, {"value": "234.7411581465604", "label": "peri", "sigma": ".0021983", "units": "deg", "title": "argument of perihelion", "name": "w"}, {"value": "344.7992630986569", "name": "ma", "title": "mean anomaly", "sigma": ".0016783", "units": "deg", "label": "M"}, {"title": "time of perihelion passage", "name": "tp", "label": "tp", "units": "TDB", "sigma": ".29137", "value": "2464079.419629951012"}, {"name": "per", "title": "sidereal orbital period", "units": "d", "sigma": "3.4665", "label": "period", "value": "91864.69549768853"}, {"value": ".003918806871885383", "name": "n", "title": "mean motion", "sigma": "1.4788E-7", "units": "deg/d", "label": "n"}, {"title": "aphelion distance", "name": "ad", "label": "Q", "units": "au", "sigma": ".0012717", "value": "50.55134318392733"}], "producer": "Otto Matic", "soln_date": "2022-11-23 20:05:15", "n_del_obs_used": null, "not_valid_after": null, "epoch": "2460200.5", "orbit_id": "6", "n_dop_obs_used": null, "two_body": null, "n_obs_used": 122, "comment": null, "covariance": {"elements": [{"value": ".2625525702585222", "units": null, "sigma": 1.31962291950385e-05, "label": "e", "name": "e", "title": "eccentricity"}, {"value": "29.05791018164252", "title": "perihelion distance", "name": "q", "label": "q", "sigma": 0.000241877810464322, "units": "au"}, {"name": "tp", "title": "time of perihelion passage", "units": "TDB", "sigma": 0.301914970677001, "label": "tp", "value": "2464266.607162755911"}, {"name": "om", "title": "longitude of the ascending node", "sigma": 2.78777576432698e-05, "units": "deg", "label": "node", "value": "199.5670576579394"}, {"sigma": 0.00228505937267964, "units": "deg", "label": "peri", "name": "w", "title": "argument of perihelion", "value": "235.9716940559031"}, {"units": "deg", "sigma": 4.5302866274722e-05, "label": "i", "name": "i", "title": "inclination", "value": "17.61836253738425"}], "labels": ["e", "q", "tp", "node", "peri", "i"], "epoch": "2457208.5", "data": [["1.741404649679863E-10", "2.438286016463745E-9", "-3.198211863897411E-6", "9.888463559440844E-12", "-2.328784032472551E-8", "4.562299392989616E-11"], ["2.438286016463745E-9", "5.850487519501457E-8", "-7.264753763292075E-5", "2.11135343747359E-10", "-5.515150084989682E-7", "9.251126897151384E-10"], ["-3.198211863897411E-6", "-7.264753763292075E-5", ".09115264951889465", "-2.634299254826313E-7", ".0006888800402618815", "-1.158746393555909E-6"], ["9.888463559440844E-12", "2.11135343747359E-10", "-2.634299254826313E-7", "7.771693712168898E-10", "-2.726830647400564E-9", "1.00696615351971E-9"], ["-2.328784032472551E-8", "-5.515150084989682E-7", ".0006888800402618815", "-2.726830647400564E-9", "5.221496336671088E-6", "-9.666176839282252E-9"], ["4.562299392989616E-11", "9.251126897151384E-10", "-1.158746393555909E-6", "1.00696615351971E-9", "-9.666176839282252E-9", "2.052349692705345E-9"]]}, "sb_used": "SB441-N16", "pe_used": "DE441", "model_pars": [], "equinox": "J2000", "moid": "28.1822", "data_arc": "4513", "first_obs": "2010-06-15", "condition_code": "2", "not_valid_before": null, "rms": ".77931", "t_jup": "5.213", "last_obs": "2022-10-23", "source": "JPL", "moid_jup": "24.2419"}, "signature": {"version": "1.3", "source": "NASA/JPL Small-Body Database (SBDB) API"}, "object": {"pha": false, "fullname": "547616 (2010 TR195)", "neo": false, "prefix": null, "orbit_class": {"code": "TNO", "name": "TransNeptunian Object"}, "orbit_id": "6", "kind": "an", "des": "547616", "spkid": "20547616"}}