{"orbit": {"t_jup": "5.050", "producer": "Otto Matic", "last_obs": "2021-09-08", "soln_date": "2021-10-06 17:34:52", "moid_jup": "31.9452", "model_pars": [], "equinox": "J2000", "not_valid_after": null, "condition_code": "4", "covariance": {"epoch": "2458127.5", "elements": [{"title": "eccentricity", "sigma": 0.000175884671063963, "name": "e", "value": ".1889097379578208", "label": "e", "units": null}, {"label": "q", "value": "36.84959616771241", "units": "au", "title": "perihelion distance", "name": "q", "sigma": 0.00203483591001825}, {"name": "tp", "sigma": 6.12845807366318, "title": "time of perihelion passage", "value": "2456368.883078581077", "label": "tp", "units": "TDB"}, {"units": "deg", "label": "node", "value": "28.63501726150427", "sigma": 6.7573051842652e-05, "name": "om", "title": "longitude of the ascending node"}, {"units": "deg", "label": "peri", "value": "345.9434212475921", "title": "argument of perihelion", "sigma": 0.0294532345706878, "name": "w"}, {"value": "32.29776030249328", "label": "i", "units": "deg", "sigma": 0.000234886004424984, "name": "i", "title": "inclination"}], "data": [["3.093541751527838E-8", "3.475650323597067E-7", ".0006495211144362785", "7.170838911553299E-9", "3.112928610183168E-6", "-2.099902731641329E-8"], ["3.475650323597067E-7", "4.140557180699813E-6", ".009637341995192306", "7.873232991028382E-8", "4.623949527052131E-5", "-2.307111621123303E-7"], [".0006495211144362785", ".009637341995192306", "37.55799836064742", ".00013015411670907", ".180502186789264", "-.0003826885611221059"], ["7.170838911553299E-9", "7.873232991028382E-8", ".00013015411670907", "4.566117335329742E-9", "6.209733949492212E-7", "-1.240879448464659E-8"], ["3.112928610183168E-6", "4.623949527052131E-5", ".180502186789264", "6.209733949492212E-7", ".00086749302667596", "-1.826709336832673E-6"], ["-2.099902731641329E-8", "-2.307111621123303E-7", "-.0003826885611221059", "-1.240879448464659E-8", "-1.826709336832673E-6", "5.517143507473355E-8"]], "labels": ["e", "q", "tp", "node", "peri", "i"]}, "sb_used": "SB441-N16", "source": "JPL", "n_obs_used": 38, "moid": "35.8841", "epoch": "2460200.5", "comment": null, "elements": [{"label": "e", "units": null, "value": ".1991436825665314", "title": "eccentricity", "sigma": ".00017792", "name": "e"}, {"value": "46.04521316118905", "label": "a", "units": "au", "title": "semi-major axis", "name": "a", "sigma": ".012672"}, {"name": "q", "sigma": ".0019935", "title": "perihelion distance", "value": "36.87559984770894", "label": "q", "units": "au"}, {"title": "inclination; angle with respect to x-y ecliptic plane", "name": "i", "sigma": ".0002298", "units": "deg", "label": "i", "value": "32.14273126802622"}, {"label": "node", "value": "28.63990949096207", "units": "deg", "title": "longitude of the ascending node", "name": "om", "sigma": "6.7612E-5"}, {"units": "deg", "label": "peri", "value": "346.9318859493588", "title": "argument of perihelion", "name": "w", "sigma": ".027573"}, {"units": "deg", "label": "M", "value": "11.40495400884923", "name": "ma", "sigma": ".021299", "title": "mean anomaly"}, {"title": "time of perihelion passage", "name": "tp", "sigma": "5.7217", "label": "tp", "units": "TDB", "value": "2456585.018062911658"}, {"units": "d", "label": "period", "value": "114123.5200371608", "sigma": "47.111", "name": "per", "title": "sidereal orbital period"}, {"label": "n", "value": ".003154476832494977", "units": "deg/d", "sigma": "1.3022E-6", "name": "n", "title": "mean motion"}, {"title": "aphelion distance", "sigma": ".015195", "name": "ad", "value": "55.21482647466915", "label": "Q", "units": "au"}], "not_valid_before": null, "two_body": null, "pe_used": "DE441", "orbit_id": "6", "n_dop_obs_used": null, "rms": ".17129", "data_arc": "2921", "n_del_obs_used": null, "first_obs": "2013-09-09"}, "object": {"neo": false, "spkid": "3989530", "orbit_class": {"name": "TransNeptunian Object", "code": "TNO"}, "orbit_id": "6", "kind": "au", "pha": false, "des": "2013 RP124", "prefix": null, "fullname": "(2013 RP124)"}, "signature": {"version": "1.3", "source": "NASA/JPL Small-Body Database (SBDB) API"}}