{"orbit": {"source": "JPL", "last_obs": "2022-05-23", "moid_jup": "35.3739", "rms": ".14451", "not_valid_before": null, "first_obs": "2001-03-27", "condition_code": "3", "data_arc": "7727", "t_jup": "6.031", "pe_used": "DE441", "sb_used": "SB441-N16", "comment": null, "covariance": {"labels": ["e", "q", "tp", "node", "peri", "i"], "elements": [{"label": "e", "units": null, "sigma": 6.67199256009231e-05, "title": "eccentricity", "name": "e", "value": ".1281033407018514"}, {"sigma": 0.00342060328119476, "units": "au", "label": "q", "name": "q", "title": "perihelion distance", "value": "40.89825212537863"}, {"value": "2439390.404494294995", "sigma": 8.71528281733436, "units": "TDB", "label": "tp", "name": "tp", "title": "time of perihelion passage"}, {"value": "154.8286641254678", "sigma": 0.00496175641845352, "units": "deg", "label": "node", "name": "om", "title": "longitude of the ascending node"}, {"value": "340.0372737142679", "title": "argument of perihelion", "name": "w", "label": "peri", "sigma": 0.0378336187477055, "units": "deg"}, {"value": "2.810454115195207", "sigma": 0.000225566215380112, "units": "deg", "label": "i", "name": "i", "title": "inclination"}], "epoch": "2457037.5", "data": [["4.451548472192712E-9", "7.815834800495211E-8", ".0003269046217312404", "1.470663117156438E-9", "1.285563071077735E-6", "1.645867013872143E-10"], ["7.815834800495211E-8", "1.170052680732038E-5", ".02885883360054659", "-2.210944408801608E-8", ".0001258712914241486", "3.543225691803206E-9"], [".0003269046217312404", ".02885883360054659", "75.95615458612349", "1.832599855051624E-8", ".3263268381736006", "1.344059621995427E-5"], ["1.470663117156438E-9", "-2.210944408801608E-8", "1.832599855051624E-8", "2.461902675606466E-5", "-2.464578004420736E-5", "1.108807331196202E-6"], ["1.285563071077735E-6", ".0001258712914241486", ".3263268381736006", "-2.464578004420736E-5", ".001431382707546737", "-1.053732665358498E-6"], ["1.645867013872143E-10", "3.543225691803206E-9", "1.344059621995427E-5", "1.108807331196202E-6", "-1.053732665358498E-6", "5.088011752090728E-8"]]}, "equinox": "J2000", "moid": "39.7076", "model_pars": [], "not_valid_after": null, "n_del_obs_used": null, "producer": "Otto Matic", "soln_date": "2022-08-01 22:22:00", "elements": [{"label": "e", "units": null, "sigma": "6.3361E-5", "title": "eccentricity", "name": "e", "value": ".1226124711541067"}, {"value": "46.38092551627758", "title": "semi-major axis", "name": "a", "label": "a", "units": "au", "sigma": ".0060054"}, {"value": "40.69404562431222", "units": "au", "sigma": ".0036255", "label": "q", "name": "q", "title": "perihelion distance"}, {"name": "i", "title": "inclination; angle with respect to x-y ecliptic plane", "sigma": ".00022723", "units": "deg", "label": "i", "value": "2.817158879008847"}, {"title": "longitude of the ascending node", "name": "om", "label": "node", "units": "deg", "sigma": ".0049613", "value": "155.0145479170779"}, {"value": "335.9338555444718", "label": "peri", "units": "deg", "sigma": ".040308", "title": "argument of perihelion", "name": "w"}, {"value": "68.09732492320549", "sigma": ".041575", "units": "deg", "label": "M", "name": "ma", "title": "mean anomaly"}, {"value": "2438376.462772855557", "label": "tp", "units": "TDB", "sigma": "9.2019", "title": "time of perihelion passage", "name": "tp"}, {"name": "per", "title": "sidereal orbital period", "units": "d", "sigma": "22.408", "label": "period", "value": "115373.8918618621"}, {"label": "n", "units": "deg/d", "sigma": "6.0602E-7", "title": "mean motion", "name": "n", "value": ".003120289991006199"}, {"value": "52.06780540824293", "label": "Q", "sigma": ".0067418", "units": "au", "title": "aphelion distance", "name": "ad"}], "two_body": null, "n_obs_used": 61, "n_dop_obs_used": null, "orbit_id": "12", "epoch": "2460200.5"}, "signature": {"version": "1.3", "source": "NASA/JPL Small-Body Database (SBDB) API"}, "object": {"pha": false, "neo": false, "fullname": "455206 (2001 FE193)", "prefix": null, "orbit_id": "12", "orbit_class": {"name": "TransNeptunian Object", "code": "TNO"}, "kind": "an", "des": "455206", "spkid": "20455206"}}