{"signature": {"version": "1.3", "source": "NASA/JPL Small-Body Database (SBDB) API"}, "orbit": {"covariance": {"labels": ["e", "q", "tp", "node", "peri", "i"], "data": [["1.186761821985605E-7", "-6.247219702629781E-6", ".002910707471711469", "-6.811241678008056E-8", "2.661334570983337E-5", "6.761037249482478E-9"], ["-6.247219702629781E-6", ".0003352066770836999", "-.1833130641181176", "3.785497901004295E-6", "-.001522131375194926", "-3.755874310059566E-7"], [".002910707471711469", "-.1833130641181176", "215.6327654283013", "-.002582104975450107", "1.232516492836402", ".0002555231423029958"], ["-6.811241678008056E-8", "3.785497901004295E-6", "-.002582104975450107", "2.35665558601066E-5", "-4.243026119096281E-5", "-2.369180877102896E-6"], ["2.661334570983337E-5", "-.001522131375194926", "1.232516492836402", "-4.243026119096281E-5", ".008322693465559784", "4.238396169055838E-6"], ["6.761037249482478E-9", "-3.755874310059566E-7", ".0002555231423029958", "-2.369180877102896E-6", "4.238396169055838E-6", "2.385011430854937E-7"]], "elements": [{"label": "e", "units": null, "value": ".05825729369341569", "title": "eccentricity", "sigma": 0.000344494096028597, "name": "e"}, {"title": "perihelion distance", "sigma": 0.0183086503348472, "name": "q", "label": "q", "value": "41.5187090739912", "units": "au"}, {"units": "TDB", "label": "tp", "value": "2482933.017739296978", "title": "time of perihelion passage", "sigma": 14.68443956807, "name": "tp"}, {"title": "longitude of the ascending node", "name": "om", "sigma": 0.00485453971660616, "label": "node", "units": "deg", "value": "136.2704430166864"}, {"label": "peri", "units": "deg", "value": "238.5549486083171", "name": "w", "sigma": 0.0912287973479854, "title": "argument of perihelion"}, {"title": "inclination", "name": "i", "sigma": 0.000488365788201317, "units": "deg", "label": "i", "value": "4.120198148294233"}], "epoch": "2456972.5"}, "source": "JPL", "n_obs_used": 39, "sb_used": "SB441-N16", "moid": "40.4863", "epoch": "2460200.5", "comment": null, "elements": [{"units": null, "label": "e", "value": ".06306286359744784", "title": "eccentricity", "sigma": ".00034025", "name": "e"}, {"title": "semi-major axis", "name": "a", "sigma": ".0040354", "label": "a", "value": "44.27718160029733", "units": "au"}, {"title": "perihelion distance", "sigma": ".018037", "name": "q", "value": "41.48493573655835", "label": "q", "units": "au"}, {"label": "i", "value": "4.108777403523407", "units": "deg", "title": "inclination; angle with respect to x-y ecliptic plane", "sigma": ".00048728", "name": "i"}, {"label": "node", "units": "deg", "value": "136.3721033997617", "name": "om", "sigma": ".0048712", "title": "longitude of the ascending node"}, {"label": "peri", "value": "235.4151623040663", "units": "deg", "title": "argument of perihelion", "sigma": ".098705", "name": "w"}, {"label": "M", "units": "deg", "value": "287.0036706610867", "name": "ma", "sigma": ".064423", "title": "mean anomaly"}, {"value": "2482021.110696644235", "label": "tp", "units": "TDB", "title": "time of perihelion passage", "name": "tp", "sigma": "16.281"}, {"label": "period", "value": "107613.9022596622", "units": "d", "title": "sidereal orbital period", "name": "per", "sigma": "14.712"}, {"name": "n", "sigma": "4.5734E-7", "title": "mean motion", "label": "n", "units": "deg/d", "value": ".003345292684688209"}, {"label": "Q", "value": "47.06942746403629", "units": "au", "title": "aphelion distance", "name": "ad", "sigma": ".0042899"}], "not_valid_before": null, "two_body": null, "pe_used": "DE441", "orbit_id": "4", "n_dop_obs_used": null, "rms": ".13031", "data_arc": "2241", "first_obs": "2014-06-25", "n_del_obs_used": null, "t_jup": "5.925", "last_obs": "2020-08-13", "producer": "Otto Matic", "soln_date": "2023-03-22 12:12:02", "moid_jup": "36.537", "model_pars": [], "not_valid_after": null, "equinox": "J2000", "condition_code": "3"}, "object": {"neo": false, "spkid": "3713013", "orbit_class": {"name": "TransNeptunian Object", "code": "TNO"}, "pha": false, "orbit_id": "4", "kind": "au", "fullname": "(2014 PN70)", "des": "2014 PN70", "prefix": null}}