{"object": {"neo": false, "spkid": "20055637", "orbit_class": {"name": "TransNeptunian Object", "code": "TNO"}, "orbit_id": "44", "kind": "an", "pha": false, "des": "55637", "prefix": null, "fullname": "55637 (2002 UX25)"}, "orbit": {"pe_used": "DE441", "two_body": null, "orbit_id": "44", "rms": ".44269", "n_dop_obs_used": null, "first_obs": "1991-10-12", "n_del_obs_used": null, "data_arc": "11723", "source": "JPL", "sb_used": "SB441-N16", "moid": "35.8697", "n_obs_used": 699, "covariance": {"epoch": "2457970.5", "elements": [{"title": "eccentricity", "name": "e", "sigma": 2.67184198790661e-06, "label": "e", "value": ".1413555965780294", "units": null}, {"label": "q", "value": "36.480023440068", "units": "au", "name": "q", "sigma": 0.000119687624564666, "title": "perihelion distance"}, {"label": "tp", "units": "TDB", "value": "2476068.659124638398", "title": "time of perihelion passage", "sigma": 0.16261457896328, "name": "tp"}, {"units": "deg", "label": "node", "value": "204.6757301448007", "name": "om", "sigma": 1.85417713094043e-05, "title": "longitude of the ascending node"}, {"label": "peri", "units": "deg", "value": "279.0275457873524", "sigma": 0.000891658386403654, "name": "w", "title": "argument of perihelion"}, {"sigma": 1.99252492730522e-05, "name": "i", "title": "inclination", "label": "i", "value": "19.48400717895", "units": "deg"}], "data": [["7.138739608340751E-12", "-1.724667400412106E-10", "-1.236965685337877E-7", "6.061718704301872E-12", "-2.538076698820165E-11", "5.448420697442717E-12"], ["-1.724667400412106E-10", "1.432512747393253E-8", "-1.260488218533204E-5", "3.227901666692458E-10", "-8.896513317454496E-8", "2.722618289632025E-10"], ["-1.236965685337877E-7", "-1.260488218533204E-5", ".02644350129140475", "-7.559024652869032E-7", ".0001392637210794099", "-6.483888262025723E-7"], ["6.061718704301872E-12", "3.227901666692458E-10", "-7.559024652869032E-7", "3.43797283290248E-10", "-4.192107835837046E-9", "3.66549074362374E-10"], ["-2.538076698820165E-11", "-8.896513317454496E-8", ".0001392637210794099", "-4.192107835837046E-9", "7.950546780439681E-7", "-3.651641912323756E-9"], ["5.448420697442717E-12", "2.722618289632025E-10", "-6.483888262025723E-7", "3.66549074362374E-10", "-3.651641912323756E-9", "3.970155585932682E-10"]], "labels": ["e", "q", "tp", "node", "peri", "i"]}, "comment": null, "elements": [{"value": ".1440278427293889", "label": "e", "units": null, "title": "eccentricity", "name": "e", "sigma": "2.6845E-6"}, {"value": "42.98990537507949", "label": "a", "units": "au", "title": "semi-major axis", "sigma": ".0001339", "name": "a"}, {"units": "au", "label": "q", "value": "36.79816204476624", "sigma": ".00011617", "name": "q", "title": "perihelion distance"}, {"title": "inclination; angle with respect to x-y ecliptic plane", "sigma": "1.9824E-5", "name": "i", "label": "i", "value": "19.380502030", "units": "deg"}, {"label": "node", "units": "deg", "value": "204.5405017473836", "title": "longitude of the ascending node", "name": "om", "sigma": "1.8657E-5"}, {"value": "274.7769245281939", "label": "peri", "units": "deg", "title": "argument of perihelion", "sigma": ".0008822", "name": "w"}, {"title": "mean anomaly", "sigma": ".00079966", "name": "ma", "value": "307.6435283596915", "label": "M", "units": "deg"}, {"sigma": ".1611", "name": "tp", "title": "time of perihelion passage", "label": "tp", "value": "2475173.748461016001", "units": "TDB"}, {"units": "d", "label": "period", "value": "102955.1701458773", "title": "sidereal orbital period", "sigma": ".481", "name": "per"}, {"title": "mean motion", "sigma": "1.6336E-8", "name": "n", "label": "n", "units": "deg/d", "value": ".003496667525194856"}, {"units": "au", "label": "Q", "value": "49.18164870539275", "title": "aphelion distance", "sigma": ".00015318", "name": "ad"}], "epoch": "2460200.5", "not_valid_before": null, "moid_jup": "31.882", "soln_date": "2023-12-05 10:13:24", "model_pars": [], "not_valid_after": null, "equinox": "J2000", "condition_code": "1", "t_jup": "5.487", "producer": "Otto Matic", "last_obs": "2023-11-16"}, "signature": {"version": "1.3", "source": "NASA/JPL Small-Body Database (SBDB) API"}}