{"object": {"spkid": "3831037", "des": "2015 VA167", "kind": "au", "pha": false, "orbit_id": "2", "orbit_class": {"code": "TNO", "name": "TransNeptunian Object"}, "prefix": null, "neo": false, "fullname": "(2015 VA167)"}, "orbit": {"n_obs_used": 36, "two_body": null, "epoch": "2460200.5", "orbit_id": "2", "n_dop_obs_used": null, "n_del_obs_used": null, "not_valid_after": null, "elements": [{"title": "eccentricity", "name": "e", "label": "e", "units": null, "sigma": ".0005037", "value": ".1003618919994114"}, {"sigma": ".0081093", "units": "au", "label": "a", "name": "a", "title": "semi-major axis", "value": "44.02793804522849"}, {"value": "39.60921088217648", "name": "q", "title": "perihelion distance", "units": "au", "sigma": ".017048", "label": "q"}, {"value": "11.35760825922607", "title": "inclination; angle with respect to x-y ecliptic plane", "name": "i", "label": "i", "units": "deg", "sigma": ".001281"}, {"title": "longitude of the ascending node", "name": "om", "label": "node", "units": "deg", "sigma": ".00092983", "value": "222.0064352536088"}, {"name": "w", "title": "argument of perihelion", "units": "deg", "sigma": ".377", "label": "peri", "value": "223.9266273576618"}, {"sigma": ".29024", "units": "deg", "label": "M", "name": "ma", "title": "mean anomaly", "value": "339.8977371101057"}, {"value": "2466158.951303559480", "units": "TDB", "sigma": "87.007", "label": "tp", "name": "tp", "title": "time of perihelion passage"}, {"value": "106706.5176209471", "title": "sidereal orbital period", "name": "per", "label": "period", "units": "d", "sigma": "29.481"}, {"value": ".003373739561802831", "name": "n", "title": "mean motion", "sigma": "9.3209E-7", "units": "deg/d", "label": "n"}, {"label": "Q", "sigma": ".0089231", "units": "au", "title": "aphelion distance", "name": "ad", "value": "48.44666520828049"}], "soln_date": "2021-04-15 15:18:34", "producer": "Otto Matic", "model_pars": [], "equinox": "J2000", "moid": "38.6336", "pe_used": "DE441", "comment": null, "covariance": {"elements": [{"label": "e", "units": null, "sigma": 0.000548327234716386, "title": "eccentricity", "name": "e", "value": ".09488061788983058"}, {"value": "39.48362737299444", "title": "perihelion distance", "name": "q", "label": "q", "sigma": 0.0187031429426495, "units": "au"}, {"title": "time of perihelion passage", "name": "tp", "label": "tp", "sigma": 85.1444596995771, "units": "TDB", "value": "2467192.333330610418"}, {"value": "222.086973272487", "label": "node", "units": "deg", "sigma": 0.000925282472911276, "title": "longitude of the ascending node", "name": "om"}, {"value": "228.1273813227038", "title": "argument of perihelion", "name": "w", "label": "peri", "units": "deg", "sigma": 0.374013186635846}, {"title": "inclination", "name": "i", "label": "i", "units": "deg", "sigma": 0.00128640189260708, "value": "11.40781784475558"}], "labels": ["e", "q", "tp", "node", "peri", "i"], "epoch": "2457413.5", "data": [["3.006627563317189E-7", "-9.949408464230329E-6", ".04517589662398265", "-7.188395316176277E-9", ".0001987268383192664", "-8.12252384263227E-9"], ["-9.949408464230329E-6", ".0003498075559331804", "-1.591685813477279", "1.712746178202138E-7", "-.0069925315563464", "1.988427388471655E-7"], [".04517589662398265", "-1.591685813477279", "7249.579017532901", "-.0007842449510077628", "31.8444944607548", "-.0009098893858438445"], ["-7.188395316176277E-9", "1.712746178202138E-7", "-.0007842449510077628", "8.561476546768067E-7", "-4.311439935790679E-6", "1.180871506638492E-6"], [".0001987268383192664", "-.0069925315563464", "31.8444944607548", "-4.311439935790679E-6", ".1398858637774998", "-5.183504301798361E-6"], ["-8.12252384263227E-9", "1.988427388471655E-7", "-.0009098893858438445", "1.180871506638492E-6", "-5.183504301798361E-6", "1.65482982930307E-6"]]}, "sb_used": "SB441-N16", "t_jup": "5.793", "rms": ".10995", "not_valid_before": null, "data_arc": "1034", "condition_code": "4", "first_obs": "2014-11-17", "moid_jup": "34.5408", "source": "JPL", "last_obs": "2017-09-16"}, "signature": {"version": "1.3", "source": "NASA/JPL Small-Body Database (SBDB) API"}}