{"signature": {"version": "1.3", "source": "NASA/JPL Small-Body Database (SBDB) API"}, "orbit": {"source": "JPL", "last_obs": "2018-11-29", "moid_jup": "34.8793", "not_valid_before": null, "rms": ".16666", "condition_code": "4", "first_obs": "2013-09-08", "data_arc": "1908", "t_jup": "5.350", "pe_used": "DE441", "sb_used": "SB441-N16", "covariance": {"elements": [{"label": "e", "sigma": 0.000842339246288268, "units": null, "title": "eccentricity", "name": "e", "value": ".126017041142608"}, {"value": "39.59360700542543", "name": "q", "title": "perihelion distance", "sigma": 0.0339061427258181, "units": "au", "label": "q"}, {"value": "2487290.240041178953", "label": "tp", "sigma": 61.6187099443627, "units": "TDB", "title": "time of perihelion passage", "name": "tp"}, {"units": "deg", "sigma": 0.00166018367395358, "label": "node", "name": "om", "title": "longitude of the ascending node", "value": "174.4235091943488"}, {"value": "331.7293477962532", "name": "w", "title": "argument of perihelion", "sigma": 0.12685244640488, "units": "deg", "label": "peri"}, {"title": "inclination", "name": "i", "label": "i", "units": "deg", "sigma": 0.000884808293408291, "value": "27.21075240389066"}], "labels": ["e", "q", "tp", "node", "peri", "i"], "data": [["7.095354058374876E-7", "-2.788174176238562E-5", "-.05072148236691099", "-5.149925684202875E-7", "-9.192653746994667E-5", "-2.781584722932851E-7"], ["-2.788174176238562E-5", ".001149626514543547", "1.897659921789536", "2.048829078493502E-5", ".003138389794782351", "1.126150613414846E-5"], ["-.05072148236691099", "1.897659921789536", "3796.865415207505", ".03639147803579985", "7.416047720262898", ".01931824451778183"], ["-5.149925684202875E-7", "2.048829078493502E-5", ".03639147803579985", "2.756209831262002E-6", "6.246288599743601E-5", "1.46652249296865E-6"], ["-9.192653746994667E-5", ".003138389794782351", "7.416047720262898", "6.246288599743601E-5", ".01609154315890292", "3.206713436461455E-5"], ["-2.781584722932851E-7", "1.126150613414846E-5", ".01931824451778183", "1.46652249296865E-6", "3.206713436461455E-5", "7.828857160840918E-7"]], "epoch": "2457253.5"}, "comment": null, "moid": "39.1441", "equinox": "J2000", "model_pars": [], "n_del_obs_used": null, "not_valid_after": null, "producer": "Otto Matic", "soln_date": "2021-09-08 23:45:54", "elements": [{"title": "eccentricity", "name": "e", "label": "e", "units": null, "sigma": ".00086083", "value": ".122274362223893"}, {"value": "45.6916744865883", "sigma": ".010292", "units": "au", "label": "a", "name": "a", "title": "semi-major axis"}, {"label": "q", "units": "au", "sigma": ".035044", "title": "perihelion distance", "name": "q", "value": "40.104754129799"}, {"value": "27.10649322637062", "name": "i", "title": "inclination; angle with respect to x-y ecliptic plane", "sigma": ".00087752", "units": "deg", "label": "i"}, {"name": "om", "title": "longitude of the ascending node", "units": "deg", "sigma": ".001662", "label": "node", "value": "174.1948798904068"}, {"value": "328.1382277612573", "name": "w", "title": "argument of perihelion", "sigma": ".10917", "units": "deg", "label": "peri"}, {"name": "ma", "title": "mean anomaly", "sigma": ".20059", "units": "deg", "label": "M", "value": "275.8779004712402"}, {"value": "2486561.485404917035", "sigma": "55.932", "units": "TDB", "label": "tp", "name": "tp", "title": "time of perihelion passage"}, {"title": "sidereal orbital period", "name": "per", "label": "period", "units": "d", "sigma": "38.116", "value": "112811.6725442128"}, {"value": ".003191159140548243", "title": "mean motion", "name": "n", "label": "n", "sigma": "1.0782E-6", "units": "deg/d"}, {"value": "51.2785948433776", "title": "aphelion distance", "name": "ad", "label": "Q", "sigma": ".01155", "units": "au"}], "two_body": null, "n_obs_used": 107, "orbit_id": "9", "n_dop_obs_used": null, "epoch": "2460200.5"}, "object": {"pha": false, "orbit_id": "9", "orbit_class": {"code": "TNO", "name": "TransNeptunian Object"}, "prefix": null, "neo": false, "fullname": "(2014 UF224)", "spkid": "3709404", "kind": "au", "des": "2014 UF224"}}