{"object": {"spkid": "3830938", "kind": "au", "des": "2015 RR277", "pha": false, "prefix": null, "orbit_class": {"name": "TransNeptunian Object", "code": "TNO"}, "orbit_id": "2", "neo": false, "fullname": "(2015 RR277)"}, "orbit": {"epoch": "2460200.5", "orbit_id": "2", "n_dop_obs_used": null, "n_obs_used": 47, "two_body": null, "elements": [{"title": "eccentricity", "name": "e", "label": "e", "sigma": ".0015639", "units": null, "value": ".2343697741921626"}, {"value": "39.62082331907265", "name": "a", "title": "semi-major axis", "sigma": ".030617", "units": "au", "label": "a"}, {"value": "30.33489990447402", "title": "perihelion distance", "name": "q", "label": "q", "sigma": ".039052", "units": "au"}, {"value": "7.971473925607209", "name": "i", "title": "inclination; angle with respect to x-y ecliptic plane", "units": "deg", "sigma": ".0018102", "label": "i"}, {"value": "8.318447511018277", "sigma": ".00044879", "units": "deg", "label": "node", "name": "om", "title": "longitude of the ascending node"}, {"value": "206.5784726604415", "name": "w", "title": "argument of perihelion", "units": "deg", "sigma": ".70002", "label": "peri"}, {"value": "146.9431296446359", "units": "deg", "sigma": "1.1503", "label": "M", "name": "ma", "title": "mean anomaly"}, {"label": "tp", "sigma": "248.34", "units": "TDB", "title": "time of perihelion passage", "name": "tp", "value": "2423018.696159496845"}, {"value": "91092.72012207862", "label": "period", "sigma": "105.59", "units": "d", "title": "sidereal orbital period", "name": "per"}, {"value": ".003952017236037558", "units": "deg/d", "sigma": "4.5808E-6", "label": "n", "name": "n", "title": "mean motion"}, {"value": "48.90674673367128", "name": "ad", "title": "aphelion distance", "sigma": ".037792", "units": "au", "label": "Q"}], "producer": "Otto Matic", "soln_date": "2021-04-15 14:36:54", "not_valid_after": null, "n_del_obs_used": null, "model_pars": [], "equinox": "J2000", "moid": "29.3296", "covariance": {"labels": ["e", "q", "tp", "node", "peri", "i"], "elements": [{"value": ".2446108972424631", "label": "e", "units": null, "sigma": 0.00150064061375, "title": "eccentricity", "name": "e"}, {"units": "au", "sigma": 0.0364702689190923, "label": "q", "name": "q", "title": "perihelion distance", "value": "29.64856878962106"}, {"value": "2423295.377453001252", "name": "tp", "title": "time of perihelion passage", "units": "TDB", "sigma": 237.858796596902, "label": "tp"}, {"value": "8.325561017037515", "title": "longitude of the ascending node", "name": "om", "label": "node", "units": "deg", "sigma": 0.000445657611498532}, {"value": "205.5074762739918", "label": "peri", "units": "deg", "sigma": 0.672244182097945, "title": "argument of perihelion", "name": "w"}, {"value": "8.026563684069409", "label": "i", "sigma": 0.00182322788339268, "units": "deg", "title": "inclination", "name": "i"}], "data": [["2.251922251635979E-6", "-5.442458825652914E-5", ".3567898007709897", "-7.164792982468741E-8", ".001007407393829712", "1.30551263146218E-7"], ["-5.442458825652914E-5", ".00133008051503091", "-8.600206738793942", "1.403111395697334E-6", "-.02421677005313286", "-1.906312544831623E-6"], [".3567898007709897", "-8.600206738793942", "56576.80711852655", "-.01169680070878041", "159.8465707684391", ".02198544211247156"], ["-7.164792982468741E-8", "1.403111395697334E-6", "-.01169680070878041", "1.986107066865764E-7", "-3.470867857320213E-5", "-7.674531902042453E-7"], [".001007407393829712", "-.02421677005313286", "159.8465707684391", "-3.470867857320213E-5", ".4519122403645344", "6.849098916238769E-5"], ["1.30551263146218E-7", "-1.906312544831623E-6", ".02198544211247156", "-7.674531902042453E-7", "6.849098916238769E-5", "3.324159914780562E-6"]], "epoch": "2457565.5"}, "comment": null, "sb_used": "SB441-N16", "pe_used": "DE441", "t_jup": "5.445", "data_arc": "914", "condition_code": "6", "first_obs": "2015-06-23", "rms": ".15939", "not_valid_before": null, "moid_jup": "24.9081", "last_obs": "2017-12-23", "source": "JPL"}, "signature": {"version": "1.3", "source": "NASA/JPL Small-Body Database (SBDB) API"}}