{"signature": {"version": "1.3", "source": "NASA/JPL Small-Body Database (SBDB) API"}, "object": {"fullname": "524834 (2003 YL179)", "des": "524834", "prefix": null, "orbit_class": {"code": "TNO", "name": "TransNeptunian Object"}, "pha": false, "orbit_id": "9", "kind": "an", "neo": false, "spkid": "20524834"}, "orbit": {"not_valid_after": null, "equinox": "J2000", "condition_code": "4", "model_pars": [], "moid_jup": "33.5371", "soln_date": "2021-04-14 19:27:45", "last_obs": "2019-02-08", "producer": "Otto Matic", "t_jup": "5.599", "n_del_obs_used": null, "first_obs": "2003-12-16", "data_arc": "5533", "rms": ".22852", "n_dop_obs_used": null, "orbit_id": "9", "pe_used": "DE441", "two_body": null, "not_valid_before": null, "epoch": "2460200.5", "comment": null, "elements": [{"units": null, "label": "e", "value": ".006173933205118588", "title": "eccentricity", "sigma": ".00030542", "name": "e"}, {"label": "a", "value": "38.93746491664209", "units": "au", "title": "semi-major axis", "sigma": ".014879", "name": "a"}, {"label": "q", "value": "38.6970676090701", "units": "au", "title": "perihelion distance", "name": "q", "sigma": ".003118"}, {"label": "i", "units": "deg", "value": "2.520808157468321", "title": "inclination; angle with respect to x-y ecliptic plane", "name": "i", "sigma": ".00040258"}, {"label": "node", "units": "deg", "value": "262.0892473100686", "title": "longitude of the ascending node", "name": "om", "sigma": ".0015184"}, {"label": "peri", "value": "160.5090446867887", "units": "deg", "title": "argument of perihelion", "sigma": ".70184", "name": "w"}, {"label": "M", "units": "deg", "value": "36.21048028114438", "sigma": ".69254", "name": "ma", "title": "mean anomaly"}, {"label": "tp", "value": "2451273.989497114062", "units": "TDB", "title": "time of perihelion passage", "sigma": "170.79", "name": "tp"}, {"value": "88746.23468367259", "label": "period", "units": "d", "title": "sidereal orbital period", "name": "per", "sigma": "50.869"}, {"label": "n", "value": ".004056510130071268", "units": "deg/d", "title": "mean motion", "sigma": "2.3252E-6", "name": "n"}, {"title": "aphelion distance", "sigma": ".014971", "name": "ad", "label": "Q", "units": "au", "value": "39.17786222421409"}], "sb_used": "SB441-N16", "source": "JPL", "n_obs_used": 33, "moid": "37.7091", "covariance": {"data": [["5.832875364485074E-9", "-5.529460193387866E-7", "-.04132997412666202", "-1.671596915939023E-9", "-.0001709574580982602", "-2.477267153025381E-10"], ["-5.529460193387866E-7", ".0002483633903063638", "43.53877841229997", "8.311255908646766E-7", ".178997286062746", "1.22971230243212E-7"], ["-.04132997412666202", "43.53877841229997", "8305685.536569827", ".1477709894529852", "34133.84937004992", ".02185883298085443"], ["-1.671596915939023E-9", "8.311255908646766E-7", ".1477709894529852", "2.282403882686423E-6", ".0006052025590468098", "-3.273638000155337E-7"], ["-.0001709574580982602", ".178997286062746", "34133.84937004992", ".0006052025590468098", "140.2799913259637", "9.018823638957966E-5"], ["-2.477267153025381E-10", "1.22971230243212E-7", ".02185883298085443", "-3.273638000155337E-7", "9.018823638957966E-5", "1.632368156739563E-7"]], "labels": ["e", "q", "tp", "node", "peri", "i"], "epoch": "2454785.5", "elements": [{"title": "eccentricity", "name": "e", "sigma": 7.63732634138746e-05, "units": null, "label": "e", "value": ".001469201757364194"}, {"label": "q", "units": "au", "value": "38.65694463132184", "sigma": 0.0157595491783986, "name": "q", "title": "perihelion distance"}, {"label": "tp", "units": "TDB", "value": "2428165.608986264015", "title": "time of perihelion passage", "sigma": 2881.95862853196, "name": "tp"}, {"units": "deg", "label": "node", "value": "262.1228511873753", "title": "longitude of the ascending node", "name": "om", "sigma": 0.00151076268245096}, {"title": "argument of perihelion", "sigma": 11.8439854494154, "name": "w", "label": "peri", "value": "65.86384032987839", "units": "deg"}, {"value": "2.53249907966073", "label": "i", "units": "deg", "name": "i", "sigma": 0.000404025761151385, "title": "inclination"}]}}}