{"object": {"pha": false, "orbit_id": "4", "kind": "au", "orbit_class": {"name": "TransNeptunian Object", "code": "TNO"}, "fullname": "(2014 XX47)", "des": "2014 XX47", "prefix": null, "spkid": "3989632", "neo": false}, "orbit": {"not_valid_before": null, "comment": null, "epoch": "2460200.5", "elements": [{"name": "e", "sigma": ".00031134", "title": "eccentricity", "label": "e", "units": null, "value": ".3131321579023004"}, {"title": "semi-major axis", "sigma": ".012076", "name": "a", "label": "a", "value": "52.30231734787861", "units": "au"}, {"title": "perihelion distance", "name": "q", "sigma": ".0106", "label": "q", "value": "35.92477985344647", "units": "au"}, {"name": "i", "sigma": "7.5589E-5", "title": "inclination; angle with respect to x-y ecliptic plane", "units": "deg", "label": "i", "value": "26.60231667303752"}, {"value": "102.1222732228592", "label": "node", "units": "deg", "title": "longitude of the ascending node", "sigma": ".0018393", "name": "om"}, {"name": "w", "sigma": ".030577", "title": "argument of perihelion", "label": "peri", "units": "deg", "value": "338.7254088697796"}, {"sigma": ".017961", "name": "ma", "title": "mean anomaly", "units": "deg", "label": "M", "value": "325.1816897678618"}, {"title": "time of perihelion passage", "name": "tp", "sigma": "2.8057", "label": "tp", "units": "TDB", "value": "2473562.916792380582"}, {"value": "138159.2045445338", "label": "period", "units": "d", "title": "sidereal orbital period", "sigma": "47.85", "name": "per"}, {"sigma": "9.0245E-7", "name": "n", "title": "mean motion", "value": ".002605689582440804", "label": "n", "units": "deg/d"}, {"name": "ad", "sigma": ".015858", "title": "aphelion distance", "label": "Q", "value": "68.67985484231076", "units": "au"}], "moid": "34.9528", "source": "JPL", "sb_used": "SB441-N16", "n_obs_used": 37, "covariance": {"labels": ["e", "q", "tp", "node", "peri", "i"], "data": [["9.832769767922863E-8", "-3.002511238866849E-6", "-.0003236775201089177", "-8.099962241289099E-8", "6.31424193209586E-6", "-3.762746589733425E-9"], ["-3.002511238866849E-6", ".0001138792611435983", "-.002793756626541597", "3.375950638929536E-6", "-.0002941717240673736", "1.963302283400848E-7"], ["-.0003236775201089177", "-.002793756626541597", "8.451911701098059", "-.0002359865090820589", ".03761827118045581", "-3.278941472717821E-5"], ["-8.099962241289099E-8", "3.375950638929536E-6", "-.0002359865090820589", "3.414105994546563E-6", "-1.22371390825512E-5", "1.308083492332173E-7"], ["6.31424193209586E-6", "-.0002941717240673736", ".03761827118045581", "-1.22371390825512E-5", ".0008727977323151728", "-7.199526952398282E-7"], ["-3.762746589733425E-9", "1.963302283400848E-7", "-3.278941472717821E-5", "1.308083492332173E-7", "-7.199526952398282E-7", "5.674020628662578E-9"]], "elements": [{"title": "eccentricity", "sigma": 0.000313572475959273, "name": "e", "value": ".30651270903955", "label": "e", "units": null}, {"label": "q", "units": "au", "value": "35.68196499975489", "title": "perihelion distance", "sigma": 0.010671422639161, "name": "q"}, {"label": "tp", "units": "TDB", "value": "2473962.262718698159", "title": "time of perihelion passage", "name": "tp", "sigma": 2.90721717473911}, {"label": "node", "units": "deg", "value": "102.110181134668", "sigma": 0.00184772995714919, "name": "om", "title": "longitude of the ascending node"}, {"units": "deg", "label": "peri", "value": "340.7896493929651", "name": "w", "sigma": 0.0295431503451337, "title": "argument of perihelion"}, {"sigma": 7.53260952702487e-05, "name": "i", "title": "inclination", "label": "i", "units": "deg", "value": "26.6120421461561"}], "epoch": "2457521.5"}, "first_obs": "2014-12-12", "n_del_obs_used": null, "data_arc": "2164", "rms": ".20888", "n_dop_obs_used": null, "orbit_id": "4", "pe_used": "DE441", "two_body": null, "producer": "Otto Matic", "last_obs": "2020-11-14", "t_jup": "5.484", "equinox": "J2000", "not_valid_after": null, "condition_code": "3", "model_pars": [], "moid_jup": "30.872", "soln_date": "2021-09-08 23:47:47"}, "signature": {"version": "1.3", "source": "NASA/JPL Small-Body Database (SBDB) API"}}