{"orbit": {"comment": null, "elements": [{"label": "e", "units": null, "value": ".1205891522225376", "title": "eccentricity", "sigma": "6.3573E-5", "name": "e"}, {"label": "a", "value": "46.16858422000738", "units": "au", "name": "a", "sigma": ".0037101", "title": "semi-major axis"}, {"label": "q", "value": "40.60115378960186", "units": "au", "sigma": ".0061968", "name": "q", "title": "perihelion distance"}, {"sigma": ".00016352", "name": "i", "title": "inclination; angle with respect to x-y ecliptic plane", "label": "i", "value": "6.26275772763858", "units": "deg"}, {"value": "276.9584734181816", "label": "node", "units": "deg", "title": "longitude of the ascending node", "sigma": ".00020918", "name": "om"}, {"title": "argument of perihelion", "name": "w", "sigma": ".011595", "label": "peri", "units": "deg", "value": "7.005735267301723"}, {"title": "mean anomaly", "name": "ma", "sigma": ".014671", "value": "187.4518550869981", "label": "M", "units": "deg"}, {"name": "tp", "sigma": "8.2774", "title": "time of perihelion passage", "value": "2515119.934409741654", "label": "tp", "units": "TDB"}, {"title": "sidereal orbital period", "name": "per", "sigma": "13.812", "units": "d", "label": "period", "value": "114582.4917299196"}, {"units": "deg/d", "label": "n", "value": ".003141841258335958", "name": "n", "sigma": "3.7872E-7", "title": "mean motion"}, {"label": "Q", "units": "au", "value": "51.7360146504129", "name": "ad", "sigma": ".0041575", "title": "aphelion distance"}], "epoch": "2460200.5", "not_valid_before": null, "sb_used": "SB441-N16", "source": "JPL", "moid": "39.5842", "n_obs_used": 56, "covariance": {"epoch": "2457946.5", "elements": [{"value": ".124001638998969", "label": "e", "units": null, "sigma": 6.32977687054077e-05, "name": "e", "title": "eccentricity"}, {"name": "q", "sigma": 0.00614370695436476, "title": "perihelion distance", "label": "q", "value": "40.33987376042501", "units": "au"}, {"sigma": 7.66797046084693, "name": "tp", "title": "time of perihelion passage", "label": "tp", "value": "2513834.922276946112", "units": "TDB"}, {"name": "om", "sigma": 0.000208059667107585, "title": "longitude of the ascending node", "label": "node", "units": "deg", "value": "277.0069458397284"}, {"title": "argument of perihelion", "sigma": 0.0113986954026667, "name": "w", "value": "4.338328117838972", "label": "peri", "units": "deg"}, {"label": "i", "units": "deg", "value": "6.283390219535891", "title": "inclination", "sigma": 0.000163848593186431, "name": "i"}], "labels": ["e", "q", "tp", "node", "peri", "i"], "data": [["4.006607523083296E-9", "-3.888506446199105E-7", "-.0003892218887939215", "-2.55637525188655E-10", "1.103355996198492E-7", "-2.680696121898717E-10"], ["-3.888506446199105E-7", "3.774513514110989E-5", ".03786592716782351", "2.482125666540801E-8", "-1.051494216884147E-5", "2.603420137636119E-8"], ["-.0003892218887939215", ".03786592716782351", "58.79777098842115", "2.155439390022068E-5", ".0408457787328633", "2.402922772284546E-5"], ["-2.55637525188655E-10", "2.482125666540801E-8", "2.155439390022068E-5", "4.328882507691913E-8", "-5.82397090026742E-8", "3.127221681623346E-8"], ["1.103355996198492E-7", "-1.051494216884147E-5", ".0408457787328633", "-5.82397090026742E-8", ".0001299302568827753", "-4.352832519986813E-8"], ["-2.680696121898717E-10", "2.603420137636119E-8", "2.402922772284546E-5", "3.127221681623346E-8", "-4.352832519986813E-8", "2.684636148917249E-8"]]}, "n_dop_obs_used": null, "rms": ".71404", "first_obs": "2002-09-09", "n_del_obs_used": null, "data_arc": "6703", "pe_used": "DE441", "two_body": null, "orbit_id": "7", "producer": "Otto Matic", "last_obs": "2021-01-15", "t_jup": "5.991", "model_pars": [], "condition_code": "3", "not_valid_after": null, "equinox": "J2000", "moid_jup": "35.391", "soln_date": "2022-04-19 08:12:02"}, "object": {"spkid": "3146498", "neo": false, "kind": "au", "orbit_id": "7", "pha": false, "orbit_class": {"code": "TNO", "name": "TransNeptunian Object"}, "des": "2002 XE91", "prefix": null, "fullname": "(2002 XE91)"}, "signature": {"version": "1.3", "source": "NASA/JPL Small-Body Database (SBDB) API"}}