{"object": {"neo": false, "spkid": "20612892", "orbit_class": {"name": "TransNeptunian Object", "code": "TNO"}, "orbit_id": "12", "kind": "an", "pha": false, "des": "612892", "prefix": null, "fullname": "612892 (2004 TV357)"}, "orbit": {"n_dop_obs_used": null, "rms": ".69077", "n_del_obs_used": null, "first_obs": "2004-09-21", "data_arc": "5607", "pe_used": "DE441", "two_body": null, "orbit_id": "12", "epoch": "2460200.5", "comment": null, "elements": [{"label": "e", "units": null, "value": ".2820618453583346", "name": "e", "sigma": "2.5613E-5", "title": "eccentricity"}, {"label": "a", "value": "48.05838696432227", "units": "au", "name": "a", "sigma": ".0021282", "title": "semi-major axis"}, {"units": "au", "label": "q", "value": "34.5029496522206", "name": "q", "sigma": ".00035137", "title": "perihelion distance"}, {"sigma": "6.9508E-5", "name": "i", "title": "inclination; angle with respect to x-y ecliptic plane", "label": "i", "value": "9.739836315113875", "units": "deg"}, {"units": "deg", "label": "node", "value": "250.1621110430184", "title": "longitude of the ascending node", "sigma": "4.3554E-5", "name": "om"}, {"title": "argument of perihelion", "name": "w", "sigma": ".0029924", "units": "deg", "label": "peri", "value": "200.8515628524816"}, {"name": "ma", "sigma": ".0017645", "title": "mean anomaly", "value": "355.5077260178588", "label": "M", "units": "deg"}, {"units": "TDB", "label": "tp", "value": "2461719.004023513192", "sigma": ".52433", "name": "tp", "title": "time of perihelion passage"}, {"sigma": "8.0832", "name": "per", "title": "sidereal orbital period", "units": "d", "label": "period", "value": "121689.2492839882"}, {"title": "mean motion", "sigma": "1.9651E-7", "name": "n", "label": "n", "value": ".002958355007679127", "units": "deg/d"}, {"title": "aphelion distance", "name": "ad", "sigma": ".0027285", "value": "61.61382427642393", "label": "Q", "units": "au"}], "not_valid_before": null, "source": "JPL", "sb_used": "SB441-N16", "moid": "33.5201", "n_obs_used": 133, "covariance": {"labels": ["e", "q", "tp", "node", "peri", "i"], "data": [["6.468441464523343E-10", "7.236888380798582E-9", "-7.78735831139039E-6", "-3.76751464064561E-11", "-4.33016743910139E-8", "9.90088441806745E-11"], ["7.236888380798582E-9", "1.279721377044037E-7", "-.0001808694567768126", "-5.384946988313703E-10", "-1.029209902043894E-6", "1.293727359004459E-9"], ["-7.78735831139039E-6", "-.0001808694567768126", ".2847134188373626", "6.802896447210876E-7", ".001628829626766505", "-1.542010868219852E-6"], ["-3.76751464064561E-11", "-5.384946988313703E-10", "6.802896447210876E-7", "1.89308584715171E-9", "1.979859935622766E-9", "-1.835879281493695E-9"], ["-4.33016743910139E-8", "-1.029209902043894E-6", ".001628829626766505", "1.979859935622766E-9", "9.325051306651247E-6", "-6.870182817386465E-9"], ["9.90088441806745E-11", "1.293727359004459E-9", "-1.542010868219852E-6", "-1.835879281493695E-9", "-6.870182817386465E-9", "4.84903454229304E-9"]], "elements": [{"name": "e", "sigma": 2.54331308818308e-05, "title": "eccentricity", "label": "e", "units": null, "value": ".2795730044065372"}, {"value": "34.46072173235468", "label": "q", "units": "au", "sigma": 0.000357731935538894, "name": "q", "title": "perihelion distance"}, {"sigma": 0.533585437242587, "name": "tp", "title": "time of perihelion passage", "label": "tp", "value": "2461902.212711060072", "units": "TDB"}, {"label": "node", "units": "deg", "value": "250.207100764494", "sigma": 4.35096063778071e-05, "name": "om", "title": "longitude of the ascending node"}, {"label": "peri", "value": "201.8456563285251", "units": "deg", "sigma": 0.00305369469768201, "name": "w", "title": "argument of perihelion"}, {"value": "9.755502397894569", "label": "i", "units": "deg", "title": "inclination", "name": "i", "sigma": 6.9635009458555e-05}], "epoch": "2457188.5"}, "model_pars": [], "not_valid_after": null, "condition_code": "2", "equinox": "J2000", "moid_jup": "29.3703", "soln_date": "2022-04-13 12:09:31", "producer": "Otto Matic", "last_obs": "2020-01-28", "t_jup": "5.856"}, "signature": {"version": "1.3", "source": "NASA/JPL Small-Body Database (SBDB) API"}}