{"object": {"orbit_class": {"code": "TNO", "name": "TransNeptunian Object"}, "pha": false, "orbit_id": "5", "kind": "au", "fullname": "(2010 QQ7)", "des": "2010 QQ7", "prefix": null, "neo": false, "spkid": "3841233"}, "orbit": {"producer": "Otto Matic", "last_obs": "2023-09-15", "t_jup": "6.507", "model_pars": [], "not_valid_after": null, "equinox": "J2000", "condition_code": "2", "soln_date": "2023-10-20 07:10:07", "moid_jup": "30.4979", "comment": null, "elements": [{"units": null, "label": "e", "value": ".6909661537979955", "sigma": "3.7704E-5", "name": "e", "title": "eccentricity"}, {"units": "au", "label": "a", "value": "115.1431860948702", "sigma": ".015484", "name": "a", "title": "semi-major axis"}, {"title": "perihelion distance", "sigma": ".00052816", "name": "q", "value": "35.58314166285089", "label": "q", "units": "au"}, {"title": "inclination; angle with respect to x-y ecliptic plane", "sigma": "9.4073E-6", "name": "i", "value": "18.17001937559924", "label": "i", "units": "deg"}, {"label": "node", "units": "deg", "value": "76.20336901148541", "title": "longitude of the ascending node", "name": "om", "sigma": ".00017915"}, {"sigma": ".0017956", "name": "w", "title": "argument of perihelion", "label": "peri", "value": "215.57772990", "units": "deg"}, {"units": "deg", "label": "M", "value": "9.219636929079995", "title": "mean anomaly", "sigma": ".0020472", "name": "ma"}, {"value": "2448642.914665752249", "label": "tp", "units": "TDB", "title": "time of perihelion passage", "name": "tp", "sigma": ".25623"}, {"sigma": "91.033", "name": "per", "title": "sidereal orbital period", "units": "d", "label": "period", "value": "451290.0835829747"}, {"name": "n", "sigma": "1.6091E-7", "title": "mean motion", "label": "n", "value": ".0007977130743530065", "units": "deg/d"}, {"label": "Q", "value": "194.7032305268895", "units": "au", "title": "aphelion distance", "name": "ad", "sigma": ".026183"}], "epoch": "2460200.5", "not_valid_before": null, "covariance": {"epoch": "2457324.5", "elements": [{"name": "e", "sigma": 3.72863578524001e-05, "title": "eccentricity", "units": null, "label": "e", "value": ".6836017543153745"}, {"label": "q", "units": "au", "value": "35.40294797438918", "title": "perihelion distance", "sigma": 0.000534865149532792, "name": "q"}, {"title": "time of perihelion passage", "sigma": 0.260266135286722, "name": "tp", "label": "tp", "units": "TDB", "value": "2448502.583336957905"}, {"label": "node", "units": "deg", "value": "76.09311726985283", "title": "longitude of the ascending node", "sigma": 0.000179826311931542, "name": "om"}, {"title": "argument of perihelion", "sigma": 0.00183766575477027, "name": "w", "label": "peri", "units": "deg", "value": "214.81786062773"}, {"sigma": 9.32164145991129e-06, "name": "i", "title": "inclination", "label": "i", "units": "deg", "value": "18.17696335008062"}], "labels": ["e", "q", "tp", "node", "peri", "i"], "data": [["1.390272481897236E-9", "1.63674300575041E-8", "8.598586725829608E-6", "2.157173121661366E-11", "5.545505785730724E-8", "1.260687916309638E-10"], ["1.63674300575041E-8", "2.860807281847355E-7", ".0001377145044733254", "-2.862605777263766E-9", "9.776652639735867E-7", "1.631290068612765E-9"], ["8.598586725829608E-6", ".0001377145044733254", ".06773846117708612", "-1.087525466717172E-6", ".0004712514836186535", "8.337390090092043E-7"], ["2.157173121661366E-11", "-2.862605777263766E-9", "-1.087525466717172E-6", "3.233750246290012E-8", "-4.061868528700358E-8", "1.208168863645664E-9"], ["5.545505785730724E-8", "9.776652639735867E-7", ".0004712514836186535", "-4.061868528700358E-8", "3.377015426255385E-6", "4.37396053382425E-9"], ["1.260687916309638E-10", "1.631290068612765E-9", "8.337390090092043E-7", "1.208168863645664E-9", "4.37396053382425E-9", "8.689299950713708E-11"]]}, "sb_used": "SB441-N16", "source": "JPL", "n_obs_used": 107, "moid": "34.5835", "n_dop_obs_used": null, "rms": ".70824", "data_arc": "4836", "n_del_obs_used": null, "first_obs": "2010-06-19", "two_body": null, "pe_used": "DE441", "orbit_id": "5"}, "signature": {"version": "1.3", "source": "NASA/JPL Small-Body Database (SBDB) API"}}