{"object": {"pha": false, "prefix": null, "orbit_id": "11", "orbit_class": {"code": "TNO", "name": "TransNeptunian Object"}, "neo": false, "fullname": "612574 (2003 QB91)", "spkid": "20612574", "des": "612574", "kind": "an"}, "signature": {"version": "1.3", "source": "NASA/JPL Small-Body Database (SBDB) API"}, "orbit": {"n_del_obs_used": null, "not_valid_after": null, "elements": [{"value": ".1870388088496306", "units": null, "sigma": "6.3978E-5", "label": "e", "name": "e", "title": "eccentricity"}, {"sigma": ".0034802", "units": "au", "label": "a", "name": "a", "title": "semi-major axis", "value": "39.49604154049202"}, {"name": "q", "title": "perihelion distance", "sigma": ".0052991", "units": "au", "label": "q", "value": "32.10874897648286"}, {"title": "inclination; angle with respect to x-y ecliptic plane", "name": "i", "label": "i", "units": "deg", "sigma": ".00010329", "value": "6.490306310390481"}, {"value": "136.7076482042607", "title": "longitude of the ascending node", "name": "om", "label": "node", "sigma": ".0013449", "units": "deg"}, {"value": "81.34386643336298", "name": "w", "title": "argument of perihelion", "units": "deg", "sigma": ".013318", "label": "peri"}, {"value": "156.296217077538", "title": "mean anomaly", "name": "ma", "label": "M", "units": "deg", "sigma": ".017149"}, {"name": "tp", "title": "time of perihelion passage", "units": "TDB", "sigma": "3.6291", "label": "tp", "value": "2420838.718223656928"}, {"value": "90662.72814813998", "units": "d", "sigma": "11.983", "label": "period", "name": "per", "title": "sidereal orbital period"}, {"value": ".003970760723323609", "title": "mean motion", "name": "n", "label": "n", "units": "deg/d", "sigma": "5.2483E-7"}, {"title": "aphelion distance", "name": "ad", "label": "Q", "sigma": ".0041312", "units": "au", "value": "46.88333410450117"}], "producer": "Otto Matic", "soln_date": "2022-04-13 12:01:06", "n_obs_used": 72, "two_body": null, "epoch": "2460200.5", "n_dop_obs_used": null, "orbit_id": "11", "pe_used": "DE441", "covariance": {"epoch": "2457078.5", "data": [["4.11138969464321E-9", "-3.300118723586133E-7", ".0001918252382971232", "1.986038824484263E-9", "-4.695187792314313E-7", "-4.922025895578813E-11"], ["-3.300118723586133E-7", "2.706593123884071E-5", "-.01379112820856869", "-1.458866678811857E-7", "4.51609215924143E-5", "5.670387651636186E-9"], [".0001918252382971232", "-.01379112820856869", "13.51151055886798", ".000131338364689304", "-.000837655742696275", "2.519120727277223E-6"], ["1.986038824484263E-9", "-1.458866678811857E-7", ".000131338364689304", "1.815214026031328E-6", "-1.850870800432094E-6", "1.392435399363535E-7"], ["-4.695187792314313E-7", "4.51609215924143E-5", "-.000837655742696275", "-1.850870800432094E-6", ".0001529939946943558", "-1.103486608731978E-7"], ["-4.922025895578813E-11", "5.670387651636186E-9", "2.519120727277223E-6", "1.392435399363535E-7", "-1.103486608731978E-7", "1.087632550665366E-8"]], "labels": ["e", "q", "tp", "node", "peri", "i"], "elements": [{"value": ".1956469548582651", "title": "eccentricity", "name": "e", "label": "e", "units": null, "sigma": 6.41201192656658e-05}, {"name": "q", "title": "perihelion distance", "sigma": 0.00520249279084947, "units": "au", "label": "q", "value": "31.48878359018731"}, {"label": "tp", "units": "TDB", "sigma": 3.67580066908803, "title": "time of perihelion passage", "name": "tp", "value": "2420964.194866035505"}, {"value": "136.9009495897131", "title": "longitude of the ascending node", "name": "om", "label": "node", "units": "deg", "sigma": 0.00134729878869957}, {"sigma": 0.0123690741243779, "units": "deg", "label": "peri", "name": "w", "title": "argument of perihelion", "value": "79.76918676876595"}, {"value": "6.504367466943842", "sigma": 0.00010428962319739, "units": "deg", "label": "i", "name": "i", "title": "inclination"}]}, "comment": null, "sb_used": "SB441-N16", "model_pars": [], "equinox": "J2000", "moid": "31.1071", "not_valid_before": null, "rms": ".60268", "data_arc": "5500", "first_obs": "2003-08-24", "condition_code": "3", "t_jup": "5.510", "source": "JPL", "last_obs": "2018-09-14", "moid_jup": "26.693"}}