{"signature": {"version": "1.3", "source": "NASA/JPL Small-Body Database (SBDB) API"}, "orbit": {"pe_used": "DE441", "two_body": null, "orbit_id": "7", "n_dop_obs_used": null, "rms": ".28963", "first_obs": "2000-08-27", "n_del_obs_used": null, "data_arc": "6204", "source": "JPL", "sb_used": "SB441-N16", "n_obs_used": 24, "moid": "34.3272", "covariance": {"epoch": "2455850.5", "elements": [{"units": null, "label": "e", "value": ".1104450106450313", "title": "eccentricity", "name": "e", "sigma": 8.2181730295334e-05}, {"units": "au", "label": "q", "value": "35.23645621506581", "title": "perihelion distance", "name": "q", "sigma": 0.00464383944980643}, {"sigma": 12.5951190482565, "name": "tp", "title": "time of perihelion passage", "value": "2441643.897317248255", "label": "tp", "units": "TDB"}, {"value": "129.436166626865", "label": "node", "units": "deg", "title": "longitude of the ascending node", "sigma": 0.00171318705288098, "name": "om"}, {"title": "argument of perihelion", "name": "w", "sigma": 0.0668464962677023, "value": "172.2194615669597", "label": "peri", "units": "deg"}, {"name": "i", "sigma": 0.000121884116888332, "title": "inclination", "value": "6.709987592450553", "label": "i", "units": "deg"}], "labels": ["e", "q", "tp", "node", "peri", "i"], "data": [["6.753836794335021E-9", "1.812977298601894E-7", ".0006703019891803133", "7.043157535621388E-9", "3.378949051907139E-6", "8.614041270431127E-10"], ["1.812977298601894E-7", "2.156524483557851E-5", ".05719556452371818", "3.504667365831759E-7", ".0003059114961956462", "4.413922749578597E-8"], [".0006703019891803133", ".05719556452371818", "158.6370238397525", ".001076648512952529", ".8409281300067647", ".0001346740737740004"], ["7.043157535621388E-9", "3.504667365831759E-7", ".001076648512952529", "2.935009878159031E-6", "2.692157011776818E-6", "1.920559998477544E-7"], ["3.378949051907139E-6", ".0003059114961956462", ".8409281300067647", "2.692157011776818E-6", ".004468454063267937", "5.114824329675193E-7"], ["8.614041270431127E-10", "4.413922749578597E-8", ".0001346740737740004", "1.920559998477544E-7", "5.114824329675193E-7", "1.485573794964855E-8"]]}, "elements": [{"title": "eccentricity", "name": "e", "sigma": "8.4191E-5", "units": null, "label": "e", "value": ".1100350763484771"}, {"value": "39.71281765640511", "label": "a", "units": "au", "name": "a", "sigma": ".0077087", "title": "semi-major axis"}, {"title": "perihelion distance", "name": "q", "sigma": ".0045586", "label": "q", "value": "35.34301473356943", "units": "au"}, {"title": "inclination; angle with respect to x-y ecliptic plane", "name": "i", "sigma": ".00012186", "label": "i", "value": "6.709415229655944", "units": "deg"}, {"title": "longitude of the ascending node", "name": "om", "sigma": ".0017115", "units": "deg", "label": "node", "value": "129.4036119445156"}, {"label": "peri", "value": "173.5502459086024", "units": "deg", "name": "w", "sigma": ".066584", "title": "argument of perihelion"}, {"value": "72.1176553538531", "label": "M", "units": "deg", "sigma": ".070382", "name": "ma", "title": "mean anomaly"}, {"value": "2441888.592857717063", "label": "tp", "units": "TDB", "name": "tp", "sigma": "12.645", "title": "time of perihelion passage"}, {"title": "sidereal orbital period", "name": "per", "sigma": "26.616", "label": "period", "units": "d", "value": "91410.16217008287"}, {"value": ".00393829298027241", "label": "n", "units": "deg/d", "sigma": "1.1467E-6", "name": "n", "title": "mean motion"}, {"title": "aphelion distance", "sigma": ".0085569", "name": "ad", "units": "au", "label": "Q", "value": "44.0826205792408"}], "comment": null, "epoch": "2460200.5", "not_valid_before": null, "moid_jup": "30.2175", "soln_date": "2022-04-13 12:12:17", "model_pars": [], "condition_code": "4", "not_valid_after": null, "equinox": "J2000", "t_jup": "5.585", "producer": "Otto Matic", "last_obs": "2017-08-22"}, "object": {"kind": "an", "orbit_id": "7", "pha": false, "orbit_class": {"name": "TransNeptunian Object", "code": "TNO"}, "des": "612241", "prefix": null, "fullname": "612241 (2001 QH298)", "spkid": "20612241", "neo": false}}