{"orbit": {"equinox": "J2000", "moid": "28.812", "model_pars": [], "sb_used": "SB441-N16", "comment": null, "covariance": {"elements": [{"name": "e", "title": "eccentricity", "units": null, "sigma": 0.000103711377841499, "label": "e", "value": ".2957695554754129"}, {"sigma": 0.00385079853213062, "units": "au", "label": "q", "name": "q", "title": "perihelion distance", "value": "29.91780663728662"}, {"value": "2449670.765006555931", "name": "tp", "title": "time of perihelion passage", "units": "TDB", "sigma": 3.28325533221814, "label": "tp"}, {"value": "214.9240749184165", "title": "longitude of the ascending node", "name": "om", "label": "node", "sigma": 0.00084840514984169, "units": "deg"}, {"value": "245.1182643433667", "units": "deg", "sigma": 0.0277219912922083, "label": "peri", "name": "w", "title": "argument of perihelion"}, {"value": "19.81866187568306", "title": "inclination", "name": "i", "label": "i", "units": "deg", "sigma": 0.000149338773510317}], "labels": ["e", "q", "tp", "node", "peri", "i"], "data": [["1.075604989378211E-8", "-5.268192276411819E-8", "1.310228211244613E-5", "6.094021707121361E-9", "-1.555721277879309E-7", "-3.469996253549127E-10"], ["-5.268192276411819E-8", "1.482864933505934E-5", ".01244856431247927", "-7.093869713907409E-7", ".0001063429184487101", "1.85354132912096E-7"], ["1.310228211244613E-5", ".01244856431247927", "10.77976557653884", "-.0005757496233592495", ".09058419976043208", ".0001570460644916542"], ["6.094021707121361E-9", "-7.093869713907409E-7", "-.0005757496233592495", "7.197912982779011E-7", "-5.654038578520577E-6", "-1.237620087789334E-7"], ["-1.555721277879309E-7", ".0001063429184487101", ".09058419976043208", "-5.654038578520577E-6", ".0007685088012052726", "1.442579702072951E-6"], ["-3.469996253549127E-10", "1.85354132912096E-7", ".0001570460644916542", "-1.237620087789334E-7", "1.442579702072951E-6", "2.230206927356568E-8"]], "epoch": "2457662.5"}, "pe_used": "DE441", "n_dop_obs_used": null, "orbit_id": "5", "epoch": "2460200.5", "n_obs_used": 39, "two_body": null, "soln_date": "2022-07-09 20:12:04", "producer": "Otto Matic", "elements": [{"value": ".2932820486852077", "sigma": ".00010364", "units": null, "label": "e", "name": "e", "title": "eccentricity"}, {"label": "a", "sigma": ".0075923", "units": "au", "title": "semi-major axis", "name": "a", "value": "42.09361594137606"}, {"value": "29.74831402152097", "name": "q", "title": "perihelion distance", "units": "au", "sigma": ".0039231", "label": "q"}, {"value": "19.87469857516888", "sigma": ".00015013", "units": "deg", "label": "i", "name": "i", "title": "inclination; angle with respect to x-y ecliptic plane"}, {"value": "214.6957676529373", "title": "longitude of the ascending node", "name": "om", "label": "node", "sigma": ".0008451", "units": "deg"}, {"value": "243.718548616076", "label": "peri", "units": "deg", "sigma": ".027761", "title": "argument of perihelion", "name": "w"}, {"value": "38.78844765548916", "label": "M", "units": "deg", "sigma": ".020659", "title": "mean anomaly", "name": "ma"}, {"sigma": "3.2247", "units": "TDB", "label": "tp", "name": "tp", "title": "time of perihelion passage", "value": "2449452.623272630914"}, {"value": "99752.26789735461", "label": "period", "sigma": "26.988", "units": "d", "title": "sidereal orbital period", "name": "per"}, {"value": ".003608940504194262", "title": "mean motion", "name": "n", "label": "n", "sigma": "9.7639E-7", "units": "deg/d"}, {"value": "54.43891786123115", "name": "ad", "title": "aphelion distance", "sigma": ".0098189", "units": "au", "label": "Q"}], "not_valid_after": null, "n_del_obs_used": null, "moid_jup": "24.8748", "last_obs": "2021-03-03", "source": "JPL", "t_jup": "5.238", "condition_code": "3", "first_obs": "2015-02-04", "data_arc": "2219", "not_valid_before": null, "rms": ".31413"}, "signature": {"version": "1.3", "source": "NASA/JPL Small-Body Database (SBDB) API"}, "object": {"orbit_id": "5", "orbit_class": {"code": "TNO", "name": "TransNeptunian Object"}, "prefix": null, "neo": false, "fullname": "(2015 DA249)", "pha": false, "spkid": "3825773", "kind": "au", "des": "2015 DA249"}}