{"signature": {"version": "1.3", "source": "NASA/JPL Small-Body Database (SBDB) API"}, "object": {"neo": false, "spkid": "3835552", "orbit_class": {"name": "TransNeptunian Object", "code": "TNO"}, "orbit_id": "2", "kind": "au", "pha": false, "des": "2015 GW57", "prefix": null, "fullname": "(2015 GW57)"}, "orbit": {"moid_jup": "37.3067", "soln_date": "2021-04-15 13:31:17", "condition_code": "4", "not_valid_after": null, "equinox": "J2000", "model_pars": [], "t_jup": "5.956", "last_obs": "2017-03-29", "producer": "Otto Matic", "orbit_id": "2", "pe_used": "DE441", "two_body": null, "first_obs": "2015-02-17", "n_del_obs_used": null, "data_arc": "771", "n_dop_obs_used": null, "rms": ".16832", "source": "JPL", "sb_used": "SB441-N16", "moid": "41.4222", "n_obs_used": 34, "covariance": {"epoch": "2457328.5", "elements": [{"label": "e", "value": ".04838563158492674", "units": null, "sigma": 0.00173063521937828, "name": "e", "title": "eccentricity"}, {"name": "q", "sigma": 0.0715649830024411, "title": "perihelion distance", "units": "au", "label": "q", "value": "42.99726736360995"}, {"value": "2482628.271273482023", "label": "tp", "units": "TDB", "name": "tp", "sigma": 40.1609185189012, "title": "time of perihelion passage"}, {"title": "longitude of the ascending node", "sigma": 0.0208320932267635, "name": "om", "value": "147.7599389225003", "label": "node", "units": "deg"}, {"sigma": 0.164001055369225, "name": "w", "title": "argument of perihelion", "units": "deg", "label": "peri", "value": "141.5456164603406"}, {"title": "inclination", "name": "i", "sigma": 0.00101367247135475, "label": "i", "units": "deg", "value": "3.827909108702715"}], "data": [["2.99509826255252E-6", "-.0001234729225032638", "-.03961473845445431", "-1.977569662986326E-6", ".0001822713336122172", "-9.550265490599051E-8"], ["-.0001234729225032638", ".00512154679213968", "1.450476639968731", "8.209616794789361E-5", "-.00820243577608259", "3.975452838006389E-6"], ["-.03961473845445431", "1.450476639968731", "1612.899376281823", ".02308589259825929", "1.679821280077068", ".001057162077113598"], ["-1.977569662986326E-6", "8.209616794789361E-5", ".02308589259825929", ".0004339761082085677", "-.0005637403421823743", "2.11082267304808E-5"], [".0001822713336122172", "-.00820243577608259", "1.679821280077068", "-.0005637403421823743", ".02689634616221954", "-2.759446159008877E-5"], ["-9.550265490599051E-8", "3.975452838006389E-6", ".001057162077113598", "2.11082267304808E-5", "-2.759446159008877E-5", "1.027531879182444E-6"]], "labels": ["e", "q", "tp", "node", "peri", "i"]}, "not_valid_before": null, "epoch": "2460200.5", "comment": null, "elements": [{"title": "eccentricity", "sigma": ".0016945", "name": "e", "value": ".04979075652634477", "label": "e", "units": null}, {"units": "au", "label": "a", "value": "44.66143002841869", "title": "semi-major axis", "name": "a", "sigma": ".0092506"}, {"label": "q", "value": "42.43770363975531", "units": "au", "name": "q", "sigma": ".069078", "title": "perihelion distance"}, {"units": "deg", "label": "i", "value": "3.836636945108757", "name": "i", "sigma": ".0010235", "title": "inclination; angle with respect to x-y ecliptic plane"}, {"value": "147.9624098704821", "label": "node", "units": "deg", "name": "om", "sigma": ".020857", "title": "longitude of the ascending node"}, {"label": "peri", "value": "154.6517337589643", "units": "deg", "title": "argument of perihelion", "sigma": ".37682", "name": "w"}, {"label": "M", "units": "deg", "value": "274.2193775563263", "title": "mean anomaly", "name": "ma", "sigma": ".56675"}, {"title": "time of perihelion passage", "sigma": "164.47", "name": "tp", "units": "TDB", "label": "tp", "value": "2486177.204647848714"}, {"value": "109017.7875471363", "label": "period", "units": "d", "title": "sidereal orbital period", "name": "per", "sigma": "33.871"}, {"units": "deg/d", "label": "n", "value": ".003302213410305596", "name": "n", "sigma": "1.026E-6", "title": "mean motion"}, {"title": "aphelion distance", "name": "ad", "sigma": ".0097112", "label": "Q", "units": "au", "value": "46.88515641708207"}]}}