{"object": {"spkid": "3792469", "neo": false, "orbit_id": "6", "kind": "au", "pha": false, "orbit_class": {"code": "TNO", "name": "TransNeptunian Object"}, "des": "2013 VQ25", "prefix": null, "fullname": "(2013 VQ25)"}, "orbit": {"not_valid_before": null, "comment": null, "elements": [{"label": "e", "units": null, "value": ".4315712898264005", "name": "e", "sigma": ".00010012", "title": "eccentricity"}, {"label": "a", "units": "au", "value": "62.5367426562333", "name": "a", "sigma": ".011845", "title": "semi-major axis"}, {"label": "q", "units": "au", "value": "35.54767996654102", "sigma": ".0010934", "name": "q", "title": "perihelion distance"}, {"label": "i", "units": "deg", "value": "28.5704131169128", "title": "inclination; angle with respect to x-y ecliptic plane", "name": "i", "sigma": ".00028014"}, {"label": "node", "value": "153.6056354296653", "units": "deg", "name": "om", "sigma": ".00066761", "title": "longitude of the ascending node"}, {"sigma": ".016491", "name": "w", "title": "argument of perihelion", "units": "deg", "label": "peri", "value": "215.50481632"}, {"name": "ma", "sigma": ".0059344", "title": "mean anomaly", "units": "deg", "label": "M", "value": "10.24979415681466"}, {"value": "2455057.530432588365", "label": "tp", "units": "TDB", "sigma": "2.8904", "name": "tp", "title": "time of perihelion passage"}, {"label": "period", "value": "180634.7538245169", "units": "d", "sigma": "51.322", "name": "per", "title": "sidereal orbital period"}, {"name": "n", "sigma": "5.6624E-7", "title": "mean motion", "label": "n", "units": "deg/d", "value": ".001992971963466858"}, {"value": "89.52580534592559", "label": "Q", "units": "au", "name": "ad", "sigma": ".016957", "title": "aphelion distance"}], "epoch": "2460200.5", "covariance": {"epoch": "2457495.5", "elements": [{"title": "eccentricity", "sigma": 9.98217943957188e-05, "name": "e", "label": "e", "value": ".4196566556928833", "units": null}, {"units": "au", "label": "q", "value": "35.51734450627517", "sigma": 0.00111368146228058, "name": "q", "title": "perihelion distance"}, {"title": "time of perihelion passage", "sigma": 2.95894481316999, "name": "tp", "label": "tp", "units": "TDB", "value": "2454966.202541921154"}, {"title": "longitude of the ascending node", "name": "om", "sigma": 0.00066777600694612, "label": "node", "value": "153.7614204581637", "units": "deg"}, {"value": "214.9447405651", "label": "peri", "units": "deg", "title": "argument of perihelion", "sigma": 0.0168459503879898, "name": "w"}, {"label": "i", "value": "28.62870041875816", "units": "deg", "sigma": 0.000281644151192765, "name": "i", "title": "inclination"}], "labels": ["e", "q", "tp", "node", "peri", "i"], "data": [["9.964390636381161E-9", "3.759664141824335E-8", "-.0001000200268280824", "1.05718031311194E-8", "-5.794479490463961E-7", "5.760019815756885E-9"], ["3.759664141824335E-8", "1.240286399427407E-6", ".002493911793687363", "7.670718579175379E-10", "1.412926756247001E-5", "1.180988122047785E-8"], ["-.0001000200268280824", ".002493911793687363", "8.75535440738558", "-.0002201206742353465", ".04981507793652385", "-8.985637779959546E-5"], ["1.05718031311194E-8", "7.670718579175379E-10", "-.0002201206742353465", "4.459247954529049E-7", "-1.640177619359632E-6", "1.869525442222639E-7"], ["-5.794479490463961E-7", "1.412926756247001E-5", ".04981507793652385", "-1.640177619359632E-6", ".0002837860444746127", "-6.740111087399156E-7"], ["5.760019815756885E-9", "1.180988122047785E-8", "-8.985637779959546E-5", "1.869525442222639E-7", "-6.740111087399156E-7", "7.932342790109301E-8"]]}, "sb_used": "SB441-N16", "source": "JPL", "moid": "34.5853", "n_obs_used": 58, "data_arc": "3312", "n_del_obs_used": null, "first_obs": "2013-11-03", "n_dop_obs_used": null, "rms": ".14126", "orbit_id": "6", "two_body": null, "pe_used": "DE441", "last_obs": "2022-11-28", "producer": "Otto Matic", "t_jup": "5.576", "not_valid_after": null, "equinox": "J2000", "condition_code": "3", "model_pars": [], "soln_date": "2022-12-21 23:46:06", "moid_jup": "30.7671"}, "signature": {"version": "1.3", "source": "NASA/JPL Small-Body Database (SBDB) API"}}