{"signature": {"version": "1.3", "source": "NASA/JPL Small-Body Database (SBDB) API"}, "orbit": {"pe_used": "DE441", "two_body": null, "orbit_id": "7", "rms": ".32622", "n_dop_obs_used": null, "first_obs": "2000-03-31", "n_del_obs_used": null, "data_arc": "5491", "source": "JPL", "sb_used": "SB441-N16", "moid": "39.4734", "n_obs_used": 19, "covariance": {"labels": ["e", "q", "tp", "node", "peri", "i"], "data": [["4.093878545545522E-8", "-2.012395316653229E-7", ".005008892656547421", "3.893558980245027E-9", "1.706874037584081E-5", "-6.040005524427236E-10"], ["-2.012395316653229E-7", ".0004125160433720746", "1.133533598393387", "9.294685330394996E-7", ".005057764581709517", "1.096608552482528E-8"], [".005008892656547421", "1.133533598393387", "3872.826875426194", ".003144921448706627", "16.56051175153219", "-5.140140885681612E-5"], ["3.893558980245027E-9", "9.294685330394996E-7", ".003144921448706627", "1.881698226632106E-6", "1.159434327211367E-5", "9.288904437618802E-8"], ["1.706874037584081E-5", ".005057764581709517", "16.56051175153219", "1.159434327211367E-5", ".0713656975081635", "-2.447750813277135E-7"], ["-6.040005524427236E-10", "1.096608552482528E-8", "-5.140140885681612E-5", "9.288904437618802E-8", "-2.447750813277135E-7", "2.039232856035397E-7"]], "epoch": "2455663.5", "elements": [{"title": "eccentricity", "name": "e", "sigma": 0.000202333352306176, "label": "e", "units": null, "value": ".0853371930143757"}, {"name": "q", "sigma": 0.0203104909682675, "title": "perihelion distance", "label": "q", "units": "au", "value": "40.56050048317393"}, {"name": "tp", "sigma": 62.2320405854267, "title": "time of perihelion passage", "label": "tp", "value": "2430123.223283338972", "units": "TDB"}, {"title": "longitude of the ascending node", "name": "om", "sigma": 0.00137175005982581, "value": "39.4482794963108", "label": "node", "units": "deg"}, {"units": "deg", "label": "peri", "value": "86.11542729188339", "title": "argument of perihelion", "sigma": 0.26714358968196, "name": "w"}, {"units": "deg", "label": "i", "value": "2.515365481282007", "name": "i", "sigma": 0.000451578659375684, "title": "inclination"}]}, "comment": null, "epoch": "2460200.5", "elements": [{"name": "e", "sigma": ".00019953", "title": "eccentricity", "units": null, "label": "e", "value": ".08606298742026232"}, {"name": "a", "sigma": ".023728", "title": "semi-major axis", "label": "a", "value": "44.26809127675919", "units": "au"}, {"sigma": ".020569", "name": "q", "title": "perihelion distance", "value": "40.45824709408843", "label": "q", "units": "au"}, {"title": "inclination; angle with respect to x-y ecliptic plane", "name": "i", "sigma": ".00045205", "units": "deg", "label": "i", "value": "2.518155978090853"}, {"label": "node", "value": "39.49210243738927", "units": "deg", "title": "longitude of the ascending node", "name": "om", "sigma": ".0013701"}, {"label": "peri", "units": "deg", "value": "84.81703811311219", "sigma": ".26533", "name": "w", "title": "argument of perihelion"}, {"label": "M", "value": "101.6569091967665", "units": "deg", "title": "mean anomaly", "sigma": ".28701", "name": "ma"}, {"title": "time of perihelion passage", "name": "tp", "sigma": "61.367", "label": "tp", "value": "2429821.811381122716", "units": "TDB"}, {"name": "per", "sigma": "86.496", "title": "sidereal orbital period", "value": "107580.7634641688", "label": "period", "units": "d"}, {"label": "n", "value": ".003346323156740775", "units": "deg/d", "sigma": "2.6905E-6", "name": "n", "title": "mean motion"}, {"units": "au", "label": "Q", "value": "48.07793545942994", "name": "ad", "sigma": ".02577", "title": "aphelion distance"}], "not_valid_before": null, "moid_jup": "35.1633", "soln_date": "2021-04-14 20:55:43", "model_pars": [], "equinox": "J2000", "not_valid_after": null, "condition_code": "4", "t_jup": "5.924", "last_obs": "2015-04-13", "producer": "Otto Matic"}, "object": {"des": "2000 FR53", "prefix": null, "fullname": "(2000 FR53)", "orbit_id": "7", "kind": "au", "pha": false, "orbit_class": {"name": "TransNeptunian Object", "code": "TNO"}, "spkid": "3031987", "neo": false}}