{"signature": {"version": "1.3", "source": "NASA/JPL Small-Body Database (SBDB) API"}, "orbit": {"not_valid_after": null, "n_del_obs_used": null, "soln_date": "2022-09-22 18:08:10", "producer": "Otto Matic", "elements": [{"units": null, "sigma": "3.9956E-5", "label": "e", "name": "e", "title": "eccentricity", "value": ".03044284927766562"}, {"label": "a", "sigma": ".0074162", "units": "au", "title": "semi-major axis", "name": "a", "value": "38.29300519922818"}, {"value": "37.12725701355922", "label": "q", "units": "au", "sigma": ".0059546", "title": "perihelion distance", "name": "q"}, {"value": "3.995492255766255", "name": "i", "title": "inclination; angle with respect to x-y ecliptic plane", "sigma": ".00028118", "units": "deg", "label": "i"}, {"value": "127.4525938897501", "label": "node", "units": "deg", "sigma": ".0012874", "title": "longitude of the ascending node", "name": "om"}, {"value": "282.1986808391119", "sigma": ".27054", "units": "deg", "label": "peri", "name": "w", "title": "argument of perihelion"}, {"value": "305.3603876695736", "label": "M", "units": "deg", "sigma": ".26466", "title": "mean anomaly", "name": "ma"}, {"sigma": "59.817", "units": "TDB", "label": "tp", "name": "tp", "title": "time of perihelion passage", "value": "2473337.091995201428"}, {"units": "d", "sigma": "25.144", "label": "period", "name": "per", "title": "sidereal orbital period", "value": "86552.09868022887"}, {"title": "mean motion", "name": "n", "label": "n", "sigma": "1.2083E-6", "units": "deg/d", "value": ".004159344550731673"}, {"value": "39.45875338489715", "title": "aphelion distance", "name": "ad", "label": "Q", "units": "au", "sigma": ".007642"}], "n_obs_used": 66, "two_body": null, "orbit_id": "7", "n_dop_obs_used": null, "epoch": "2460200.5", "pe_used": "DE441", "sb_used": "SB441-N16", "covariance": {"data": [["5.217773415781116E-10", "-6.128609961105389E-8", ".000440676364709211", "1.217214772348929E-11", "2.065275668883979E-6", "-2.482423267208537E-11"], ["-6.128609961105389E-8", "5.432176596401685E-5", "-.5695932669273812", "-1.38695470525191E-7", "-.002594516560273737", "1.264126690889348E-8"], [".000440676364709211", "-.5695932669273812", "6064.662796343728", ".001517123277798118", "27.59810694950932", "-.0001277403600274316"], ["1.217214772348929E-11", "-1.38695470525191E-7", ".001517123277798118", "1.658732322227069E-6", "5.238355981657595E-6", "3.343459526685184E-7"], ["2.065275668883979E-6", "-.002594516560273737", "27.59810694950932", "5.238355981657595E-6", ".1255983410885604", "-9.16810054314604E-7"], ["-2.482423267208537E-11", "1.264126690889348E-8", "-.0001277403600274316", "3.343459526685184E-7", "-9.16810054314604E-7", "7.95994736194875E-8"]], "epoch": "2453624.5", "elements": [{"title": "eccentricity", "name": "e", "label": "e", "sigma": 2.28424460506775e-05, "units": null, "value": ".02368949825450627"}, {"label": "q", "units": "au", "sigma": 0.00737033011228241, "title": "perihelion distance", "name": "q", "value": "37.04370802353116"}, {"value": "2476907.911158895495", "name": "tp", "title": "time of perihelion passage", "units": "TDB", "sigma": 77.8759449146123, "label": "tp"}, {"value": "127.5070900094823", "label": "node", "sigma": 0.00128791782433006, "units": "deg", "title": "longitude of the ascending node", "name": "om"}, {"value": "297.5636328100719", "name": "w", "title": "argument of perihelion", "sigma": 0.354398562480945, "units": "deg", "label": "peri"}, {"value": "4.003255170018369", "label": "i", "sigma": 0.000282133786738646, "units": "deg", "title": "inclination", "name": "i"}], "labels": ["e", "q", "tp", "node", "peri", "i"]}, "comment": null, "moid": "36.1391", "equinox": "J2000", "model_pars": [], "not_valid_before": null, "rms": ".29385", "condition_code": "4", "first_obs": "1999-07-18", "data_arc": "8441", "t_jup": "5.546", "source": "JPL", "last_obs": "2022-08-27", "moid_jup": "32.1273"}, "object": {"pha": false, "prefix": null, "orbit_id": "7", "orbit_class": {"code": "TNO", "name": "TransNeptunian Object"}, "fullname": "612095 (1999 OJ4)", "neo": false, "spkid": "20612095", "kind": "an", "des": "612095"}}