{"orbit": {"two_body": null, "pe_used": "DE441", "orbit_id": "8", "n_dop_obs_used": null, "rms": ".39445", "data_arc": "4807", "n_del_obs_used": null, "first_obs": "2010-03-12", "covariance": {"data": [["6.229470922494874E-10", "8.370485554673906E-9", "3.991079316786382E-5", "2.931603345648039E-10", "1.816889250769826E-7", "1.63808741534514E-10"], ["8.370485554673906E-9", "2.112638963328575E-7", ".001232212876423439", "7.048596417340499E-10", "5.682831664124336E-6", "1.883271140061351E-9"], ["3.991079316786382E-5", ".001232212876423439", "7.509542779514886", "-4.349403601371691E-6", ".03469928587951882", "8.114887293084598E-6"], ["2.931603345648039E-10", "7.048596417340499E-10", "-4.349403601371691E-6", "2.54945168409573E-8", "-4.542276047706941E-8", "5.344618009347277E-9"], ["1.816889250769826E-7", "5.682831664124336E-6", ".03469928587951882", "-4.542276047706941E-8", ".0001603758160995881", "3.187677760851328E-8"], ["1.63808741534514E-10", "1.883271140061351E-9", "8.114887293084598E-6", "5.344618009347277E-9", "3.187677760851328E-8", "1.193859036131535E-9"]], "labels": ["e", "q", "tp", "node", "peri", "i"], "epoch": "2457441.5", "elements": [{"label": "e", "units": null, "value": ".0697227517256566", "sigma": 2.49589080740622e-05, "name": "e", "title": "eccentricity"}, {"label": "q", "units": "au", "value": "36.81796460916822", "title": "perihelion distance", "sigma": 0.000459634524739882, "name": "q"}, {"units": "TDB", "label": "tp", "value": "2450520.148341376116", "title": "time of perihelion passage", "name": "tp", "sigma": 2.7403544988769}, {"sigma": 0.000159670024866777, "name": "om", "title": "longitude of the ascending node", "units": "deg", "label": "node", "value": "330.984516413919"}, {"label": "peri", "value": "210.3020201604734", "units": "deg", "title": "argument of perihelion", "sigma": 0.0126639573633043, "name": "w"}, {"label": "i", "units": "deg", "value": "22.96807886971003", "title": "inclination", "name": "i", "sigma": 3.45522652822002e-05}]}, "source": "JPL", "n_obs_used": 174, "sb_used": "SB441-N16", "moid": "35.788", "elements": [{"label": "e", "value": ".06035287780379867", "units": null, "title": "eccentricity", "sigma": "2.4099E-5", "name": "e"}, {"label": "a", "units": "au", "value": "39.13143610568184", "title": "semi-major axis", "name": "a", "sigma": ".0014255"}, {"units": "au", "label": "q", "value": "36.76974132410847", "name": "q", "sigma": ".00050002", "title": "perihelion distance"}, {"value": "23.00767355436353", "label": "i", "units": "deg", "name": "i", "sigma": "3.4806E-5", "title": "inclination; angle with respect to x-y ecliptic plane"}, {"title": "longitude of the ascending node", "sigma": ".00015988", "name": "om", "label": "node", "value": "331.1849588533524", "units": "deg"}, {"value": "205.999473412217", "label": "peri", "units": "deg", "title": "argument of perihelion", "name": "w", "sigma": ".015557"}, {"label": "M", "value": "42.77214528415193", "units": "deg", "title": "mean anomaly", "name": "ma", "sigma": ".015541"}, {"sigma": "3.3741", "name": "tp", "title": "time of perihelion passage", "label": "tp", "units": "TDB", "value": "2449577.537721504485"}, {"units": "d", "label": "period", "value": "89410.2083225497", "sigma": "4.8856", "name": "per", "title": "sidereal orbital period"}, {"name": "n", "sigma": "2.2001E-7", "title": "mean motion", "label": "n", "units": "deg/d", "value": ".004026385876445902"}, {"label": "Q", "value": "41.49313088725522", "units": "au", "sigma": ".0015115", "name": "ad", "title": "aphelion distance"}], "comment": null, "epoch": "2460200.5", "not_valid_before": null, "soln_date": "2023-05-12 21:17:59", "moid_jup": "31.418", "model_pars": [], "not_valid_after": null, "equinox": "J2000", "condition_code": "2", "t_jup": "5.172", "producer": "Otto Matic", "last_obs": "2023-05-10"}, "object": {"neo": false, "spkid": "3515020", "orbit_class": {"code": "TNO", "name": "TransNeptunian Object"}, "pha": false, "orbit_id": "8", "kind": "au", "fullname": "(2010 EL139)", "des": "2010 EL139", "prefix": null}, "signature": {"version": "1.3", "source": "NASA/JPL Small-Body Database (SBDB) API"}}