{"orbit": {"moid_jup": "27.5754", "last_obs": "2023-02-20", "source": "JPL", "t_jup": "5.537", "data_arc": "4084", "condition_code": "3", "first_obs": "2011-12-16", "rms": ".48396", "not_valid_before": null, "model_pars": [], "moid": "31.6197", "equinox": "J2000", "comment": null, "covariance": {"epoch": "2457581.5", "data": [["7.742043580211104E-10", "-5.568586010334631E-8", ".000101885617583877", "3.611088671274679E-10", "9.920609201660192E-8", "-1.642794689575337E-10"], ["-5.568586010334631E-8", "4.434541869284099E-6", "-.005405247569977356", "-6.508480577803623E-9", "-1.066119170326327E-6", "7.301387172659081E-9"], [".000101885617583877", "-.005405247569977356", "22.15588702131837", ".0001353752724130457", ".04053408177944948", "-4.213808117192103E-5"], ["3.611088671274679E-10", "-6.508480577803623E-9", ".0001353752724130457", "1.640682107366841E-7", "1.653657237458329E-7", "-4.318024695398447E-8"], ["9.920609201660192E-8", "-1.066119170326327E-6", ".04053408177944948", "1.653657237458329E-7", "9.930786465101422E-5", "-4.406431835763191E-8"], ["-1.642794689575337E-10", "7.301387172659081E-9", "-4.213808117192103E-5", "-4.318024695398447E-8", "-4.406431835763191E-8", "1.144294860306641E-8"]], "labels": ["e", "q", "tp", "node", "peri", "i"], "elements": [{"value": ".2509629484117402", "name": "e", "title": "eccentricity", "units": null, "sigma": 2.7824527992782e-05, "label": "e"}, {"name": "q", "title": "perihelion distance", "units": "au", "sigma": 0.00210583519518601, "label": "q", "value": "32.76302953172481"}, {"units": "TDB", "sigma": 4.70700403880413, "label": "tp", "name": "tp", "title": "time of perihelion passage", "value": "2412990.043194752208"}, {"value": "337.1603897607995", "sigma": 0.000405053343075556, "units": "deg", "label": "node", "name": "om", "title": "longitude of the ascending node"}, {"label": "peri", "units": "deg", "sigma": 0.00996533314300201, "title": "argument of perihelion", "name": "w", "value": "333.3091357973235"}, {"value": "14.88396615988769", "label": "i", "units": "deg", "sigma": 0.000106971718706705, "title": "inclination", "name": "i"}]}, "sb_used": "SB441-N16", "pe_used": "DE441", "epoch": "2460200.5", "orbit_id": "12", "n_dop_obs_used": null, "n_obs_used": 124, "two_body": null, "elements": [{"value": ".253719831793295", "units": null, "sigma": "2.8052E-5", "label": "e", "name": "e", "title": "eccentricity"}, {"units": "au", "sigma": ".0013665", "label": "a", "name": "a", "title": "semi-major axis", "value": "43.72081968898547"}, {"value": "32.6279806716311", "name": "q", "title": "perihelion distance", "units": "au", "sigma": ".0020953", "label": "q"}, {"name": "i", "title": "inclination; angle with respect to x-y ecliptic plane", "sigma": ".00010739", "units": "deg", "label": "i", "value": "14.94606195764167"}, {"units": "deg", "sigma": ".00040217", "label": "node", "name": "om", "title": "longitude of the ascending node", "value": "336.933182519613"}, {"value": "334.5955248328984", "label": "peri", "units": "deg", "sigma": ".0098085", "title": "argument of perihelion", "name": "w"}, {"value": "159.0151289550532", "label": "M", "sigma": ".016155", "units": "deg", "title": "mean anomaly", "name": "ma"}, {"value": "2413559.611474887090", "label": "tp", "units": "TDB", "sigma": "4.6038", "title": "time of perihelion passage", "name": "tp"}, {"title": "sidereal orbital period", "name": "per", "label": "period", "units": "d", "sigma": "4.9503", "value": "105591.9646097741"}, {"value": ".003409350335798909", "label": "n", "sigma": "1.5983E-7", "units": "deg/d", "title": "mean motion", "name": "n"}, {"label": "Q", "sigma": ".0017132", "units": "au", "title": "aphelion distance", "name": "ad", "value": "54.81365870633984"}], "producer": "Otto Matic", "soln_date": "2023-07-28 05:32:17", "n_del_obs_used": null, "not_valid_after": null}, "signature": {"version": "1.3", "source": "NASA/JPL Small-Body Database (SBDB) API"}, "object": {"spkid": "20523742", "kind": "an", "des": "523742", "pha": false, "orbit_class": {"name": "TransNeptunian Object", "code": "TNO"}, "orbit_id": "12", "prefix": null, "fullname": "523742 (2014 TZ85)", "neo": false}}