{"object": {"spkid": "54342201", "kind": "au", "des": "2019 SO204", "pha": false, "orbit_id": "1", "orbit_class": {"code": "TNO", "name": "TransNeptunian Object"}, "prefix": null, "neo": false, "fullname": "(2019 SO204)"}, "orbit": {"t_jup": "6.549", "rms": ".10955", "not_valid_before": null, "condition_code": "6", "first_obs": "2019-09-24", "data_arc": "1153", "moid_jup": "29.7358", "source": "JPL", "last_obs": "2022-11-20", "n_obs_used": 9, "two_body": null, "n_dop_obs_used": null, "orbit_id": "1", "epoch": "2460200.5", "not_valid_after": null, "n_del_obs_used": null, "producer": "Otto Matic", "soln_date": "2023-02-22 14:42:03", "elements": [{"name": "e", "title": "eccentricity", "sigma": ".0094382", "units": null, "label": "e", "value": ".6624796384284614"}, {"title": "semi-major axis", "name": "a", "label": "a", "units": "au", "sigma": "2.2833", "value": "103.4092883867159"}, {"value": "34.90274040613986", "sigma": ".20667", "units": "au", "label": "q", "name": "q", "title": "perihelion distance"}, {"name": "i", "title": "inclination; angle with respect to x-y ecliptic plane", "sigma": ".0012722", "units": "deg", "label": "i", "value": "13.32837522042664"}, {"value": "119.6087420326729", "sigma": ".021011", "units": "deg", "label": "node", "name": "om", "title": "longitude of the ascending node"}, {"sigma": ".10787", "units": "deg", "label": "peri", "name": "w", "title": "argument of perihelion", "value": "340.1041936827796"}, {"label": "M", "units": "deg", "sigma": ".6755", "title": "mean anomaly", "name": "ma", "value": "342.9108935995873"}, {"units": "TDB", "sigma": "116.87", "label": "tp", "name": "tp", "title": "time of perihelion passage", "value": "2478433.351893918116"}, {"name": "per", "title": "sidereal orbital period", "units": "d", "sigma": "12722.", "label": "period", "value": "384094.2017689123"}, {"value": ".000937270071617982", "label": "n", "sigma": "3.1043E-5", "units": "deg/d", "title": "mean motion", "name": "n"}, {"label": "Q", "units": "au", "sigma": "3.796", "title": "aphelion distance", "name": "ad", "value": "171.9158363672919"}], "moid": "33.9214", "equinox": "J2000", "model_pars": [], "pe_used": "DE441", "sb_used": "SB441-N16", "comment": null, "covariance": {"elements": [{"value": ".656486493162307", "name": "e", "title": "eccentricity", "units": null, "sigma": 0.00942500523215915, "label": "e"}, {"value": "34.88491906770692", "name": "q", "title": "perihelion distance", "units": "au", "sigma": 0.207000662470668, "label": "q"}, {"title": "time of perihelion passage", "name": "tp", "label": "tp", "units": "TDB", "sigma": 118.793243833775, "value": "2478537.329719150654"}, {"title": "longitude of the ascending node", "name": "om", "label": "node", "units": "deg", "sigma": 0.0210695510843569, "value": "119.4455465235121"}, {"label": "peri", "sigma": 0.104331531501745, "units": "deg", "title": "argument of perihelion", "name": "w", "value": "340.5896404054655"}, {"name": "i", "title": "inclination", "sigma": 0.00126048683783971, "units": "deg", "label": "i", "value": "13.31965787062767"}], "labels": ["e", "q", "tp", "node", "peri", "i"], "epoch": "2459232.5", "data": [["8.883072362622738E-5", "-.001940993026677217", "-1.119533748754972", "-7.522624154416157E-5", ".0008785462275167075", "-4.572961615960388E-6"], ["-.001940993026677217", ".04284927426329541", "24.47149918221243", ".001649782665838379", "-.02008984852246172", ".0001008261657486888"], ["-1.119533748754972", "24.47149918221243", "14111.83478055073", ".9482363140160143", "-11.08565842021058", ".05766466699368708"], ["-7.522624154416157E-5", ".001649782665838379", ".9482363140160143", ".0004439259828963269", "-.001126179834562766", "2.647622157720658E-5"], [".0008785462275167075", "-.02008984852246172", "-11.08565842021058", "-.001126179834562766", ".01088506846549951", "-6.902538750443941E-5"], ["-4.572961615960388E-6", ".0001008261657486888", ".05766466699368708", "2.647622157720658E-5", "-6.902538750443941E-5", "1.588827068367163E-6"]]}}, "signature": {"version": "1.3", "source": "NASA/JPL Small-Body Database (SBDB) API"}}