{"signature": {"version": "1.3", "source": "NASA/JPL Small-Body Database (SBDB) API"}, "orbit": {"t_jup": "5.880", "rms": ".1563", "not_valid_before": null, "data_arc": "649", "condition_code": "4", "first_obs": "2013-04-17", "moid_jup": "36.1205", "source": "JPL", "last_obs": "2015-01-26", "n_obs_used": 22, "two_body": null, "epoch": "2460200.5", "orbit_id": "2", "n_dop_obs_used": null, "n_del_obs_used": null, "not_valid_after": null, "elements": [{"value": ".0424283908536098", "label": "e", "units": null, "sigma": ".0024168", "title": "eccentricity", "name": "e"}, {"title": "semi-major axis", "name": "a", "label": "a", "units": "au", "sigma": ".016199", "value": "43.28099489969436"}, {"value": "41.44465193155704", "label": "q", "sigma": ".09407", "units": "au", "title": "perihelion distance", "name": "q"}, {"name": "i", "title": "inclination; angle with respect to x-y ecliptic plane", "units": "deg", "sigma": ".0021374", "label": "i", "value": "1.863119392280537"}, {"name": "om", "title": "longitude of the ascending node", "units": "deg", "sigma": ".0494", "label": "node", "value": "181.3188710228816"}, {"title": "argument of perihelion", "name": "w", "label": "peri", "sigma": ".30297", "units": "deg", "value": "308.5864948168812"}, {"label": "M", "units": "deg", "sigma": ".40505", "title": "mean anomaly", "name": "ma", "value": "95.95705505713477"}, {"title": "time of perihelion passage", "name": "tp", "label": "tp", "units": "TDB", "sigma": "101.52", "value": "2432478.874640063066"}, {"value": "104002.6199598886", "name": "per", "title": "sidereal orbital period", "sigma": "58.387", "units": "d", "label": "period"}, {"value": ".003461451260928269", "name": "n", "title": "mean motion", "units": "deg/d", "sigma": "1.9433E-6", "label": "n"}, {"value": "45.11733786783169", "label": "Q", "sigma": ".016886", "units": "au", "title": "aphelion distance", "name": "ad"}], "soln_date": "2021-08-10 06:26:19", "producer": "Otto Matic", "model_pars": [], "equinox": "J2000", "moid": "40.4585", "pe_used": "DE441", "covariance": {"epoch": "2456596.5", "data": [["5.809282308629398E-6", "-.0002237267363711513", "-.04394547249746047", "6.309696965709278E-7", "-.0007351658900246528", "2.578041490085165E-8"], ["-.0002237267363711513", ".00873189480995507", "2.462781642650492", "-3.526308642639296E-5", ".03133920122655651", "-1.451537591374025E-6"], ["-.04394547249746047", "2.462781642650492", "5492.454423588961", "-.07551853501078197", "25.81705278800053", "-.003154893429438739"], ["6.309696965709278E-7", "-3.526308642639296E-5", "-.07551853501078197", ".002442837205486421", "-.002799213382179176", ".0001052796272855226"], ["-.0007351658900246528", ".03133920122655651", "25.81705278800053", "-.002799213382179176", ".1749970950714041", "-.0001201100175258941"], ["2.578041490085165E-8", "-1.451537591374025E-6", "-.003154893429438739", ".0001052796272855226", "-.0001201100175258941", "4.539612098991024E-6"]], "labels": ["e", "q", "tp", "node", "peri", "i"], "elements": [{"name": "e", "title": "eccentricity", "sigma": 0.00241024527976499, "units": null, "label": "e", "value": ".04530068642694506"}, {"title": "perihelion distance", "name": "q", "label": "q", "units": "au", "sigma": 0.0934446082444304, "value": "41.51748879656197"}, {"value": "2434036.835338327728", "label": "tp", "units": "TDB", "sigma": 74.1110951449846, "title": "time of perihelion passage", "name": "tp"}, {"value": "181.2007917837011", "title": "longitude of the ascending node", "name": "om", "label": "node", "sigma": 0.0494250665703793, "units": "deg"}, {"value": "314.3334945794738", "label": "peri", "sigma": 0.418326541198863, "units": "deg", "title": "argument of perihelion", "name": "w"}, {"value": "1.860945607833418", "sigma": 0.00213063654783988, "units": "deg", "label": "i", "name": "i", "title": "inclination"}]}, "comment": null, "sb_used": "SB441-N16"}, "object": {"fullname": "(2014 HV208)", "neo": false, "orbit_class": {"code": "TNO", "name": "TransNeptunian Object"}, "orbit_id": "2", "prefix": null, "pha": false, "kind": "au", "des": "2014 HV208", "spkid": "54179491"}}