{"object": {"spkid": "20592064", "neo": false, "fullname": "592064 (2014 NZ65)", "des": "592064", "prefix": null, "pha": false, "orbit_id": "9", "kind": "an", "orbit_class": {"code": "TNO", "name": "TransNeptunian Object"}}, "orbit": {"source": "JPL", "moid": "35.6281", "sb_used": "SB441-N16", "n_obs_used": 182, "covariance": {"epoch": "2457201.5", "elements": [{"title": "eccentricity", "sigma": 1.98462680282775e-05, "name": "e", "units": null, "label": "e", "value": ".1759158005297027"}, {"label": "q", "units": "au", "value": "36.17305433275378", "title": "perihelion distance", "name": "q", "sigma": 0.000747016163687737}, {"label": "tp", "units": "TDB", "value": "2440197.623366850334", "sigma": 1.00793168664607, "name": "tp", "title": "time of perihelion passage"}, {"name": "om", "sigma": 2.95537534163612e-05, "title": "longitude of the ascending node", "label": "node", "units": "deg", "value": "342.8560802518599"}, {"title": "argument of perihelion", "sigma": 0.005471122863542, "name": "w", "value": "273.9657370844353", "label": "peri", "units": "deg"}, {"sigma": 8.10622856476529e-05, "name": "i", "title": "inclination", "value": "28.86013560383196", "label": "i", "units": "deg"}], "labels": ["e", "q", "tp", "node", "peri", "i"], "data": [["3.938743546502296E-10", "-3.779569441252353E-9", "1.071896314153565E-5", "-5.399214999528655E-12", "3.176416664959929E-8", "4.088584689758417E-11"], ["-3.779569441252353E-9", "5.580331488107441E-7", ".0005101010736561375", "-3.322052228023854E-11", "3.470014178324762E-6", "1.947458226728808E-9"], ["1.071896314153565E-5", ".0005101010736561375", "1.015926284945188", "-2.453930077373592E-7", ".005314899625787507", "3.831419411869121E-6"], ["-5.399214999528655E-12", "-3.322052228023854E-11", "-2.453930077373592E-7", "8.73424340995083E-10", "-1.809937083545865E-9", "-2.257792564205216E-9"], ["3.176416664959929E-8", "3.470014178324762E-6", ".005314899625787507", "-1.809937083545865E-9", "2.9933185387972E-5", "2.208608388312269E-8"], ["4.088584689758417E-11", "1.947458226728808E-9", "3.831419411869121E-6", "-2.257792564205216E-9", "2.208608388312269E-8", "6.571094154421672E-9"]]}, "epoch": "2460200.5", "comment": null, "elements": [{"label": "e", "value": ".1755713412243157", "units": null, "title": "eccentricity", "sigma": "2.0173E-5", "name": "e"}, {"value": "44.29479740505833", "label": "a", "units": "au", "title": "semi-major axis", "sigma": ".0012255", "name": "a"}, {"title": "perihelion distance", "name": "q", "sigma": ".00073079", "value": "36.5179004153929", "label": "q", "units": "au"}, {"sigma": "8.078E-5", "name": "i", "title": "inclination; angle with respect to x-y ecliptic plane", "units": "deg", "label": "i", "value": "28.72578005490233"}, {"name": "om", "sigma": "2.9675E-5", "title": "longitude of the ascending node", "value": "342.8839280275572", "label": "node", "units": "deg"}, {"title": "argument of perihelion", "sigma": ".0054177", "name": "w", "units": "deg", "label": "peri", "value": "276.9277686463478"}, {"value": "65.07283173465449", "label": "M", "units": "deg", "title": "mean anomaly", "sigma": ".0060097", "name": "ma"}, {"label": "tp", "units": "TDB", "value": "2440736.830941546868", "name": "tp", "sigma": "1.0064", "title": "time of perihelion passage"}, {"label": "period", "value": "107678.1304003341", "units": "d", "title": "sidereal orbital period", "name": "per", "sigma": "4.4687"}, {"title": "mean motion", "name": "n", "sigma": "1.3875E-7", "label": "n", "value": ".00334329727551513", "units": "deg/d"}, {"label": "Q", "value": "52.07169439472375", "units": "au", "name": "ad", "sigma": ".0014407", "title": "aphelion distance"}], "not_valid_before": null, "pe_used": "DE441", "two_body": null, "orbit_id": "9", "n_dop_obs_used": null, "rms": ".5382", "n_del_obs_used": null, "first_obs": "2010-09-29", "data_arc": "4023", "t_jup": "5.155", "last_obs": "2021-10-04", "producer": "Otto Matic", "moid_jup": "31.9807", "soln_date": "2021-11-10 15:51:07", "model_pars": [], "equinox": "J2000", "not_valid_after": null, "condition_code": "2"}, "signature": {"version": "1.3", "source": "NASA/JPL Small-Body Database (SBDB) API"}}