{"object": {"spkid": "3841216", "kind": "au", "des": "2009 XM26", "pha": false, "orbit_id": "3", "orbit_class": {"code": "TNO", "name": "TransNeptunian Object"}, "prefix": null, "neo": false, "fullname": "(2009 XM26)"}, "signature": {"version": "1.3", "source": "NASA/JPL Small-Body Database (SBDB) API"}, "orbit": {"equinox": "J2000", "moid": "24.2023", "model_pars": [], "sb_used": "SB441-N16", "comment": null, "covariance": {"data": [["6.196047775249808E-10", "6.572764977914067E-9", "4.823014943281832E-6", "3.364216505230053E-11", "4.683897850792554E-8", "9.510712985224063E-11"], ["6.572764977914067E-9", "9.446351982541339E-8", "6.823413857900799E-5", "4.333851663468015E-10", "6.860347794715821E-7", "1.135541328185767E-9"], ["4.823014943281832E-6", "6.823413857900799E-5", ".04950384888972482", "3.137896237629297E-7", ".0004965256320713788", "8.248000191037829E-7"], ["3.364216505230053E-11", "4.333851663468015E-10", "3.137896237629297E-7", "9.313150178799089E-10", "2.257370260348904E-9", "1.089408009747526E-9"], ["4.683897850792554E-8", "6.860347794715821E-7", ".0004965256320713788", "2.257370260348904E-9", "4.998818691891791E-6", "7.127761429850719E-9"], ["9.510712985224063E-11", "1.135541328185767E-9", "8.248000191037829E-7", "1.089408009747526E-9", "7.127761429850719E-9", "2.125951844934435E-9"]], "epoch": "2457018.5", "elements": [{"value": ".4224691950636614", "title": "eccentricity", "name": "e", "label": "e", "units": null, "sigma": 2.48918616725423e-05}, {"name": "q", "title": "perihelion distance", "units": "au", "sigma": 0.000307349182242955, "label": "q", "value": "25.2662159912339"}, {"value": "2451865.849775233719", "sigma": 0.222494604181146, "units": "TDB", "label": "tp", "name": "tp", "title": "time of perihelion passage"}, {"value": "282.310866695643", "title": "longitude of the ascending node", "name": "om", "label": "node", "units": "deg", "sigma": 3.05174543151933e-05}, {"label": "peri", "sigma": 0.00223580381337267, "units": "deg", "title": "argument of perihelion", "name": "w", "value": "146.2590206534471"}, {"label": "i", "sigma": 4.61080453384703e-05, "units": "deg", "title": "inclination", "name": "i", "value": "21.58560859377904"}], "labels": ["e", "q", "tp", "node", "peri", "i"]}, "pe_used": "DE441", "orbit_id": "3", "n_dop_obs_used": null, "epoch": "2460200.5", "n_obs_used": 61, "two_body": null, "producer": "Otto Matic", "soln_date": "2021-04-15 03:20:14", "elements": [{"name": "e", "title": "eccentricity", "sigma": "2.4683E-5", "units": null, "label": "e", "value": ".4209815098367347"}, {"value": "43.46447571074477", "label": "a", "sigma": ".0023295", "units": "au", "title": "semi-major axis", "name": "a"}, {"value": "25.16673510177336", "units": "au", "sigma": ".00031083", "label": "q", "name": "q", "title": "perihelion distance"}, {"units": "deg", "sigma": "4.6155E-5", "label": "i", "name": "i", "title": "inclination; angle with respect to x-y ecliptic plane", "value": "21.60522286097791"}, {"value": "282.2829869670362", "sigma": "3.0553E-5", "units": "deg", "label": "node", "name": "om", "title": "longitude of the ascending node"}, {"value": "145.4987821879418", "sigma": ".0022709", "units": "deg", "label": "peri", "name": "w", "title": "argument of perihelion"}, {"label": "M", "sigma": ".0030516", "units": "deg", "title": "mean anomaly", "name": "ma", "value": "28.90927841912234"}, {"value": "2451795.555581268776", "name": "tp", "title": "time of perihelion passage", "units": "TDB", "sigma": ".22418", "label": "tp"}, {"label": "period", "sigma": "8.4144", "units": "d", "title": "sidereal orbital period", "name": "per", "value": "104664.6667161989"}, {"title": "mean motion", "name": "n", "label": "n", "sigma": "2.7652E-7", "units": "deg/d", "value": ".00343955616823536"}, {"name": "ad", "title": "aphelion distance", "units": "au", "sigma": ".0033102", "label": "Q", "value": "61.76221631971619"}], "not_valid_after": null, "n_del_obs_used": null, "moid_jup": "20.2365", "last_obs": "2020-01-24", "source": "JPL", "t_jup": "4.995", "condition_code": "2", "first_obs": "2009-12-08", "data_arc": "3699", "not_valid_before": null, "rms": ".64065"}}