{"object": {"spkid": "3831134", "des": "2015 RD279", "kind": "au", "pha": false, "prefix": null, "orbit_class": {"name": "TransNeptunian Object", "code": "TNO"}, "orbit_id": "2", "neo": false, "fullname": "(2015 RD279)"}, "orbit": {"t_jup": "5.663", "condition_code": "4", "first_obs": "2015-06-23", "data_arc": "822", "not_valid_before": null, "rms": ".21964", "moid_jup": "25.9562", "last_obs": "2017-09-22", "source": "JPL", "orbit_id": "2", "n_dop_obs_used": null, "epoch": "2460200.5", "two_body": null, "n_obs_used": 28, "producer": "Otto Matic", "soln_date": "2021-04-15 14:37:02", "elements": [{"name": "e", "title": "eccentricity", "units": null, "sigma": ".0007475", "label": "e", "value": ".4026240728121218"}, {"name": "a", "title": "semi-major axis", "sigma": ".039144", "units": "au", "label": "a", "value": "51.54717303332174"}, {"sigma": ".015679", "units": "au", "label": "q", "name": "q", "title": "perihelion distance", "value": "30.79304028469457"}, {"value": "15.12932538731764", "title": "inclination; angle with respect to x-y ecliptic plane", "name": "i", "label": "i", "units": "deg", "sigma": ".0010198"}, {"units": "deg", "sigma": ".00085325", "label": "node", "name": "om", "title": "longitude of the ascending node", "value": "356.7947466444333"}, {"title": "argument of perihelion", "name": "w", "label": "peri", "sigma": ".098842", "units": "deg", "value": "58.83707728980037"}, {"title": "mean anomaly", "name": "ma", "label": "M", "sigma": ".016157", "units": "deg", "value": "347.8737778205913"}, {"label": "tp", "units": "TDB", "sigma": "10.67", "title": "time of perihelion passage", "name": "tp", "value": "2464753.825800525398"}, {"title": "sidereal orbital period", "name": "per", "label": "period", "sigma": "153.98", "units": "d", "value": "135177.9032197371"}, {"value": ".002663157153834571", "title": "mean motion", "name": "n", "label": "n", "units": "deg/d", "sigma": "3.0335E-6"}, {"value": "72.30130578194891", "title": "aphelion distance", "name": "ad", "label": "Q", "sigma": ".054904", "units": "au"}], "not_valid_after": null, "n_del_obs_used": null, "equinox": "J2000", "moid": "29.8294", "model_pars": [], "sb_used": "SB441-N16", "covariance": {"elements": [{"sigma": 0.000755047109765688, "units": null, "label": "e", "name": "e", "title": "eccentricity", "value": ".3924416053369114"}, {"label": "q", "sigma": 0.0159047396694172, "units": "au", "title": "perihelion distance", "name": "q", "value": "30.72169357645238"}, {"value": "2464901.306060719015", "sigma": 10.5632562801109, "units": "TDB", "label": "tp", "name": "tp", "title": "time of perihelion passage"}, {"value": "356.8713041331078", "sigma": 0.000850133975114839, "units": "deg", "label": "node", "name": "om", "title": "longitude of the ascending node"}, {"value": "59.67542687692801", "label": "peri", "units": "deg", "sigma": 0.0991571776667482, "title": "argument of perihelion", "name": "w"}, {"label": "i", "units": "deg", "sigma": 0.00102375805597132, "title": "inclination", "name": "i", "value": "15.19072386377805"}], "labels": ["e", "q", "tp", "node", "peri", "i"], "data": [["5.700961379655184E-7", "-1.177158241728501E-5", ".007783730794551309", "6.827076174398008E-8", "7.341452277888168E-5", "7.423748939000591E-8"], ["-1.177158241728501E-5", ".0002529607439519319", "-.1678268156575734", "-1.067167653374787E-6", "-.00157649502665492", "-1.109503373828524E-6"], [".007783730794551309", "-.1678268156575734", "111.5823832393023", ".0007059451348386906", "1.047014381024156", ".0007337107716704377"], ["6.827076174398008E-8", "-1.067167653374787E-6", ".0007059451348386906", "7.227277756445583E-7", "6.127372494519604E-6", "8.641859484185714E-7"], ["7.341452277888168E-5", "-.00157649502665492", "1.047014381024156", "6.127372494519604E-6", ".009832145882835061", "6.292011840518921E-6"], ["7.423748939000591E-8", "-1.109503373828524E-6", ".0007337107716704377", "8.641859484185714E-7", "6.292011840518921E-6", "1.048080557166181E-6"]], "epoch": "2457475.5"}, "comment": null, "pe_used": "DE441"}, "signature": {"version": "1.3", "source": "NASA/JPL Small-Body Database (SBDB) API"}}