{"signature": {"version": "1.3", "source": "NASA/JPL Small-Body Database (SBDB) API"}, "orbit": {"source": "JPL", "last_obs": "2017-05-18", "moid_jup": "29.7008", "rms": ".23888", "not_valid_before": null, "condition_code": "4", "first_obs": "2015-02-17", "data_arc": "821", "t_jup": "4.934", "pe_used": "DE441", "sb_used": "SB441-N16", "covariance": {"epoch": "2457262.5", "data": [["2.066460628403667E-6", "-5.685579180006086E-5", "-.04650089108130993", "1.318301185658935E-9", "-.0003593980726692725", "3.214380607008958E-9"], ["-5.685579180006086E-5", ".001578663395159422", "1.302594187810316", "-4.514002926314052E-8", ".01002625877987107", "-1.74403767641179E-7"], ["-.04650089108130993", "1.302594187810316", "1084.857254083363", "-4.284692149985344E-5", "8.314753394318535", "-.0001999385936605867"], ["1.318301185658935E-9", "-4.514002926314052E-8", "-4.284692149985344E-5", "8.091764464781869E-9", "-3.163163083130604E-7", "1.102777243833689E-7"], ["-.0003593980726692725", ".01002625877987107", "8.314753394318535", "-3.163163083130604E-7", ".06385208399633666", "-1.429510165362583E-6"], ["3.214380607008958E-9", "-1.74403767641179E-7", "-.0001999385936605867", "1.102777243833689E-7", "-1.429510165362583E-6", "2.076553450083664E-6"]], "labels": ["e", "q", "tp", "node", "peri", "i"], "elements": [{"value": ".1752795729252511", "sigma": 0.00143751891410293, "units": null, "label": "e", "name": "e", "title": "eccentricity"}, {"value": "34.62471914755593", "label": "q", "sigma": 0.0397323972994258, "units": "au", "title": "perihelion distance", "name": "q"}, {"name": "tp", "title": "time of perihelion passage", "sigma": 32.9371713127184, "units": "TDB", "label": "tp", "value": "2445430.251640270004"}, {"value": "202.4372610929136", "title": "longitude of the ascending node", "name": "om", "label": "node", "sigma": 8.99542353910135e-05, "units": "deg"}, {"name": "w", "title": "argument of perihelion", "units": "deg", "sigma": 0.252689699030919, "label": "peri", "value": "302.6222909040237"}, {"units": "deg", "sigma": 0.00144102513860226, "label": "i", "name": "i", "title": "inclination", "value": "30.13795559030533"}]}, "comment": null, "moid": "33.608", "equinox": "J2000", "model_pars": [], "n_del_obs_used": null, "not_valid_after": null, "producer": "Otto Matic", "soln_date": "2021-04-15 13:31:12", "elements": [{"value": ".1691529457043282", "title": "eccentricity", "name": "e", "label": "e", "units": null, "sigma": ".0014608"}, {"value": "41.52099119670412", "name": "a", "title": "semi-major axis", "sigma": ".024821", "units": "au", "label": "a"}, {"label": "q", "units": "au", "sigma": ".040561", "title": "perihelion distance", "name": "q", "value": "34.49759322721814"}, {"title": "inclination; angle with respect to x-y ecliptic plane", "name": "i", "label": "i", "sigma": ".0014474", "units": "deg", "value": "30.27502437841895"}, {"label": "node", "units": "deg", "sigma": "8.9642E-5", "title": "longitude of the ascending node", "name": "om", "value": "202.4884897799957"}, {"units": "deg", "sigma": ".24094", "label": "peri", "name": "w", "title": "argument of perihelion", "value": "300.2085157135419"}, {"value": "56.17469974829893", "label": "M", "sigma": ".065099", "units": "deg", "title": "mean anomaly", "name": "ma"}, {"label": "tp", "sigma": "29.476", "units": "TDB", "title": "time of perihelion passage", "name": "tp", "value": "2444951.609188716948"}, {"units": "d", "sigma": "87.628", "label": "period", "name": "per", "title": "sidereal orbital period", "value": "97723.72111749709"}, {"value": ".003683854809081183", "units": "deg/d", "sigma": "3.3033E-6", "label": "n", "name": "n", "title": "mean motion"}, {"label": "Q", "sigma": ".029019", "units": "au", "title": "aphelion distance", "name": "ad", "value": "48.5443891661901"}], "two_body": null, "n_obs_used": 33, "n_dop_obs_used": null, "orbit_id": "2", "epoch": "2460200.5"}, "object": {"pha": false, "prefix": null, "orbit_id": "2", "orbit_class": {"code": "TNO", "name": "TransNeptunian Object"}, "fullname": "(2015 GP56)", "neo": false, "spkid": "3835522", "kind": "au", "des": "2015 GP56"}}