{"orbit": {"equinox": "J2000", "moid": "34.1512", "model_pars": [], "sb_used": "SB441-N16", "covariance": {"data": [["6.036884687366585E-7", "-9.13035995218178E-6", "-.002964583128903733", "-8.008122843923514E-8", "1.070100753111405E-5", "1.662229160946114E-8"], ["-9.13035995218178E-6", ".0004533197641741138", "-.003558790015929787", "-6.457591450383742E-7", "-.0009763435111826775", "2.958035494338241E-7"], ["-.002964583128903733", "-.003558790015929787", "22.03348385899863", ".0006769777653006868", ".07264982822906099", "-.0001652747937953852"], ["-8.008122843923514E-8", "-6.457591450383742E-7", ".0006769777653006868", "1.738554270757775E-6", "1.880435282312202E-6", "-2.884615224552933E-7"], ["1.070100753111405E-5", "-.0009763435111826775", ".07264982822906099", "1.880435282312202E-6", ".002296030265849005", "-8.718282858719543E-7"], ["1.662229160946114E-8", "2.958035494338241E-7", "-.0001652747937953852", "-2.884615224552933E-7", "-8.718282858719543E-7", "4.867764242529594E-8"]], "epoch": "2457310.5", "elements": [{"title": "eccentricity", "name": "e", "label": "e", "units": null, "sigma": 0.000776973917668192, "value": ".6138248542024528"}, {"value": "35.14627957184611", "units": "au", "sigma": 0.0212913072443689, "label": "q", "name": "q", "title": "perihelion distance"}, {"label": "tp", "sigma": 4.69398379407073, "units": "TDB", "title": "time of perihelion passage", "name": "tp", "value": "2471470.052775950666"}, {"value": "14.18747821783096", "title": "longitude of the ascending node", "name": "om", "label": "node", "sigma": 0.00131854247969407, "units": "deg"}, {"value": "357.9317329060242", "sigma": 0.0479169100198354, "units": "deg", "label": "peri", "name": "w", "title": "argument of perihelion"}, {"title": "inclination", "name": "i", "label": "i", "units": "deg", "sigma": 0.000220630103171113, "value": "29.56773732058411"}], "labels": ["e", "q", "tp", "node", "peri", "i"]}, "comment": null, "pe_used": "DE441", "n_dop_obs_used": null, "orbit_id": "4", "epoch": "2460200.5", "two_body": null, "n_obs_used": 37, "soln_date": "2021-09-08 23:29:37", "producer": "Otto Matic", "elements": [{"value": ".6221553134442881", "name": "e", "title": "eccentricity", "units": null, "sigma": ".00077882", "label": "e"}, {"label": "a", "sigma": ".16766", "units": "au", "title": "semi-major axis", "name": "a", "value": "93.03084523885818"}, {"value": "35.15121055928931", "name": "q", "title": "perihelion distance", "sigma": ".021184", "units": "au", "label": "q"}, {"value": "29.50939553242534", "units": "deg", "sigma": ".00021918", "label": "i", "name": "i", "title": "inclination; angle with respect to x-y ecliptic plane"}, {"label": "node", "sigma": ".0013241", "units": "deg", "title": "longitude of the ascending node", "name": "om", "value": "14.44941761769605"}, {"units": "deg", "sigma": ".047458", "label": "peri", "name": "w", "title": "argument of perihelion", "value": "357.439954992491"}, {"value": "347.7159081640519", "name": "ma", "title": "mean anomaly", "sigma": ".037999", "units": "deg", "label": "M"}, {"label": "tp", "units": "TDB", "sigma": "4.5914", "title": "time of perihelion passage", "name": "tp", "value": "2471384.043487714556"}, {"title": "sidereal orbital period", "name": "per", "label": "period", "units": "d", "sigma": "885.97", "value": "327747.1146703211"}, {"value": ".001098407839111328", "label": "n", "sigma": "2.9692E-6", "units": "deg/d", "title": "mean motion", "name": "n"}, {"value": "150.910479918427", "name": "ad", "title": "aphelion distance", "units": "au", "sigma": ".27196", "label": "Q"}], "n_del_obs_used": null, "not_valid_after": null, "moid_jup": "30.1997", "last_obs": "2018-10-22", "source": "JPL", "t_jup": "5.818", "condition_code": "4", "first_obs": "2013-09-29", "data_arc": "1849", "not_valid_before": null, "rms": ".1722"}, "signature": {"version": "1.3", "source": "NASA/JPL Small-Body Database (SBDB) API"}, "object": {"prefix": null, "orbit_class": {"code": "TNO", "name": "TransNeptunian Object"}, "orbit_id": "4", "neo": false, "fullname": "(2013 SQ102)", "pha": false, "spkid": "3841808", "kind": "au", "des": "2013 SQ102"}}