{"object": {"pha": false, "neo": false, "fullname": "(2013 RU157)", "prefix": null, "orbit_id": "1", "orbit_class": {"code": "TNO", "name": "TransNeptunian Object"}, "kind": "au", "des": "2013 RU157", "spkid": "54196764"}, "signature": {"version": "1.3", "source": "NASA/JPL Small-Body Database (SBDB) API"}, "orbit": {"t_jup": "4.895", "first_obs": "2013-09-11", "condition_code": "5", "data_arc": "1474", "not_valid_before": null, "rms": ".18661", "moid_jup": "30.6853", "last_obs": "2017-09-24", "source": "JPL", "n_dop_obs_used": null, "orbit_id": "1", "epoch": "2460200.5", "two_body": null, "n_obs_used": 21, "producer": "Otto Matic", "soln_date": "2021-09-14 10:12:04", "elements": [{"label": "e", "units": null, "sigma": ".00067948", "title": "eccentricity", "name": "e", "value": ".1813830039022915"}, {"value": "43.58030663516423", "title": "semi-major axis", "name": "a", "label": "a", "sigma": ".017561", "units": "au"}, {"units": "au", "sigma": ".022993", "label": "q", "name": "q", "title": "perihelion distance", "value": "35.67557970669517"}, {"value": "32.96613837925511", "units": "deg", "sigma": ".00092159", "label": "i", "name": "i", "title": "inclination; angle with respect to x-y ecliptic plane"}, {"value": "173.6310219924017", "label": "node", "sigma": ".00064433", "units": "deg", "title": "longitude of the ascending node", "name": "om"}, {"title": "argument of perihelion", "name": "w", "label": "peri", "sigma": ".13646", "units": "deg", "value": "317.8461172508601"}, {"title": "mean anomaly", "name": "ma", "label": "M", "sigma": ".21778", "units": "deg", "value": "272.0478045880158"}, {"value": "2485873.583488459801", "name": "tp", "title": "time of perihelion passage", "sigma": "50.272", "units": "TDB", "label": "tp"}, {"title": "sidereal orbital period", "name": "per", "label": "period", "sigma": "63.516", "units": "d", "value": "105083.3354705116"}, {"name": "n", "title": "mean motion", "units": "deg/d", "sigma": "2.0707E-6", "label": "n", "value": ".003425852428342674"}, {"label": "Q", "units": "au", "sigma": ".020746", "title": "aphelion distance", "name": "ad", "value": "51.48503356363328"}], "n_del_obs_used": null, "not_valid_after": null, "moid": "34.7556", "equinox": "J2000", "model_pars": [], "sb_used": "SB441-N16", "comment": null, "covariance": {"elements": [{"value": ".1847028365234794", "title": "eccentricity", "name": "e", "label": "e", "units": null, "sigma": 0.000656191056645901}, {"title": "perihelion distance", "name": "q", "label": "q", "units": "au", "sigma": 0.0221846778504424, "value": "35.17768045778558"}, {"name": "tp", "title": "time of perihelion passage", "units": "TDB", "sigma": 51.4984288718993, "label": "tp", "value": "2486311.826665132194"}, {"title": "longitude of the ascending node", "name": "om", "label": "node", "sigma": 0.000646177555775874, "units": "deg", "value": "173.769543850485"}, {"name": "w", "title": "argument of perihelion", "sigma": 0.142278623995086, "units": "deg", "label": "peri", "value": "320.7111564877421"}, {"title": "inclination", "name": "i", "label": "i", "units": "deg", "sigma": 0.000931909635372676, "value": "33.13423588080113"}], "labels": ["e", "q", "tp", "node", "peri", "i"], "data": [["4.305867028220646E-7", "-1.272024133350671E-5", "-.03283343390408075", "-3.923490887141081E-8", "-7.866360205315352E-5", "-5.139863608741603E-8"], ["-1.272024133350671E-5", ".0004921599313279113", ".8388229959894922", "-9.707801847069117E-7", ".001497631188429254", "-1.400104687338256E-6"], ["-.03283343390408075", ".8388229959894922", "2652.088176274067", ".005374570932012752", "6.931364332265702", ".007184359927533376"], ["-3.923490887141081E-8", "-9.707801847069117E-7", ".005374570932012752", "4.175454335884825E-7", "2.192276406721117E-5", "5.996220867612202E-7"], ["-7.866360205315352E-5", ".001497631188429254", "6.931364332265702", "2.192276406721117E-5", ".02024320684593496", "2.95852195794137E-5"], ["-5.139863608741603E-8", "-1.400104687338256E-6", ".007184359927533376", "5.996220867612202E-7", "2.95852195794137E-5", "8.684555685004339E-7"]], "epoch": "2457394.5"}, "pe_used": "DE441"}}