{"orbit": {"model_pars": [], "condition_code": "5", "not_valid_after": null, "equinox": "J2000", "moid_jup": "35.4", "soln_date": "2021-04-15 13:31:17", "last_obs": "2017-03-29", "producer": "Otto Matic", "t_jup": "5.841", "n_dop_obs_used": null, "rms": ".17049", "n_del_obs_used": null, "first_obs": "2015-02-17", "data_arc": "771", "pe_used": "DE441", "two_body": null, "orbit_id": "2", "comment": null, "epoch": "2460200.5", "elements": [{"title": "eccentricity", "name": "e", "sigma": ".0014629", "label": "e", "value": ".04629298802577256", "units": null}, {"sigma": ".0079516", "name": "a", "title": "semi-major axis", "value": "42.71420141849983", "label": "a", "units": "au"}, {"sigma": ".057045", "name": "q", "title": "perihelion distance", "value": "40.73683340370278", "label": "q", "units": "au"}, {"value": "2.298413157074708", "label": "i", "units": "deg", "name": "i", "sigma": ".0011007", "title": "inclination; angle with respect to x-y ecliptic plane"}, {"name": "om", "sigma": ".03463", "title": "longitude of the ascending node", "label": "node", "value": "73.90714788607892", "units": "deg"}, {"label": "peri", "units": "deg", "value": "58.90256405589228", "sigma": ".67536", "name": "w", "title": "argument of perihelion"}, {"title": "mean anomaly", "sigma": ".49926", "name": "ma", "value": "74.76816461771571", "label": "M", "units": "deg"}, {"label": "tp", "units": "TDB", "value": "2439023.175915750384", "name": "tp", "sigma": "144.73", "title": "time of perihelion passage"}, {"label": "period", "units": "d", "value": "101966.3477003882", "name": "per", "sigma": "28.473", "title": "sidereal orbital period"}, {"title": "mean motion", "name": "n", "sigma": "9.8587E-7", "label": "n", "units": "deg/d", "value": ".003530576588442713"}, {"name": "ad", "sigma": ".0083197", "title": "aphelion distance", "value": "44.69156943329688", "label": "Q", "units": "au"}], "not_valid_before": null, "source": "JPL", "n_obs_used": 28, "sb_used": "SB441-N16", "moid": "39.7505", "covariance": {"labels": ["e", "q", "tp", "node", "peri", "i"], "data": [["1.797482655980442E-6", "-6.959045684189902E-5", "-.2790713306379983", "1.557538573989892E-6", "-.001188865195300471", "-4.971187891311963E-8"], ["-6.959045684189902E-5", ".002719726093877264", "10.96851176669306", "-6.102843438137173E-5", ".0466843559159076", "1.951935162301952E-6"], ["-.2790713306379983", "10.96851176669306", "44410.17292163819", "-.2462521640227882", "188.9027574745876", ".00788360133244255"], ["1.557538573989892E-6", "-6.102843438137173E-5", "-.2462521640227882", ".001195527140738181", "-.002241190060186614", "-3.772795778643384E-5"], ["-.001188865195300471", ".0466843559159076", "188.9027574745876", "-.002241190060186614", ".8047850966721046", "7.119931095537981E-5"], ["-4.971187891311963E-8", "1.951935162301952E-6", ".00788360133244255", "-3.772795778643384E-5", "7.119931095537981E-5", "1.191686601014722E-6"]], "epoch": "2457317.5", "elements": [{"name": "e", "sigma": 0.00134070229953575, "title": "eccentricity", "value": ".05223326473425916", "label": "e", "units": null}, {"title": "perihelion distance", "name": "q", "sigma": 0.0521509932204293, "units": "au", "label": "q", "value": "40.96623753165358"}, {"units": "TDB", "label": "tp", "value": "2441937.292934139390", "title": "time of perihelion passage", "sigma": 210.737212949299, "name": "tp"}, {"sigma": 0.0345763957164159, "name": "om", "title": "longitude of the ascending node", "units": "deg", "label": "node", "value": "74.00623485643617"}, {"units": "deg", "label": "peri", "value": "69.93030910384938", "title": "argument of perihelion", "name": "w", "sigma": 0.89709815330994}, {"units": "deg", "label": "i", "value": "2.294104719866663", "name": "i", "sigma": 0.00109164399005112, "title": "inclination"}]}}, "object": {"spkid": "3835551", "neo": false, "kind": "au", "orbit_id": "2", "pha": false, "orbit_class": {"name": "TransNeptunian Object", "code": "TNO"}, "des": "2015 GV57", "prefix": null, "fullname": "(2015 GV57)"}, "signature": {"version": "1.3", "source": "NASA/JPL Small-Body Database (SBDB) API"}}