{"signature": {"version": "1.3", "source": "NASA/JPL Small-Body Database (SBDB) API"}, "object": {"spkid": "54194333", "neo": false, "des": "2013 RF156", "prefix": null, "fullname": "(2013 RF156)", "kind": "au", "orbit_id": "1", "pha": false, "orbit_class": {"name": "TransNeptunian Object", "code": "TNO"}}, "orbit": {"t_jup": "5.434", "last_obs": "2018-09-17", "producer": "Otto Matic", "soln_date": "2021-09-10 14:12:04", "moid_jup": "24.1869", "not_valid_after": null, "condition_code": "5", "equinox": "J2000", "model_pars": [], "covariance": {"elements": [{"units": null, "label": "e", "value": ".2616606039970771", "sigma": 0.000780756368801657, "name": "e", "title": "eccentricity"}, {"title": "perihelion distance", "name": "q", "sigma": 0.0358389889013098, "value": "28.99161228264745", "label": "q", "units": "au"}, {"name": "tp", "sigma": 75.1500932497227, "title": "time of perihelion passage", "value": "2425054.001177736409", "label": "tp", "units": "TDB"}, {"units": "deg", "label": "node", "value": "249.3099989113866", "sigma": 0.0118725695049517, "name": "om", "title": "longitude of the ascending node"}, {"name": "w", "sigma": 0.155584276401055, "title": "argument of perihelion", "units": "deg", "label": "peri", "value": "306.9086628483828"}, {"title": "inclination", "name": "i", "sigma": 0.000137516776671755, "value": "6.596961173351673", "label": "i", "units": "deg"}], "epoch": "2457423.5", "data": [["6.095805074243496E-7", "-2.705446156016312E-5", ".0577439315537497", "1.230859397502517E-6", ".0001053090162679547", "-2.541652232906055E-8"], ["-2.705446156016312E-5", ".00128443312546821", "-2.441564843237874", "-5.195290103762584E-5", "-.003973330637641726", "1.178764853423273E-6"], [".0577439315537497", "-2.441564843237874", "5647.536515442011", ".1205223940818305", "10.99564397202559", "-.002336560856066283"], ["1.230859397502517E-6", "-5.195290103762584E-5", ".1205223940818305", ".0001409579066499085", "9.769684883532932E-5", "-1.525006691886188E-6"], [".0001053090162679547", "-.003973330637641726", "10.99564397202559", "9.769684883532932E-5", ".0242064670632399", "-2.507244670761992E-6"], ["-2.541652232906055E-8", "1.178764853423273E-6", "-.002336560856066283", "-1.525006691886188E-6", "-2.507244670761992E-6", "1.891086386618947E-8"]], "labels": ["e", "q", "tp", "node", "peri", "i"]}, "sb_used": "SB441-N16", "source": "JPL", "n_obs_used": 9, "moid": "28.6096", "not_valid_before": null, "comment": null, "epoch": "2460200.5", "elements": [{"sigma": ".00079522", "name": "e", "title": "eccentricity", "label": "e", "units": null, "value": ".2520644326232798"}, {"name": "a", "sigma": ".01381", "title": "semi-major axis", "label": "a", "units": "au", "value": "39.58601003628741"}, {"title": "perihelion distance", "name": "q", "sigma": ".036961", "label": "q", "units": "au", "value": "29.60778487667117"}, {"label": "i", "value": "6.590415216407337", "units": "deg", "sigma": ".00013224", "name": "i", "title": "inclination; angle with respect to x-y ecliptic plane"}, {"units": "deg", "label": "node", "value": "249.5194438853955", "title": "longitude of the ascending node", "sigma": ".011826", "name": "om"}, {"title": "argument of perihelion", "sigma": ".16054", "name": "w", "units": "deg", "label": "peri", "value": "307.4775949235024"}, {"title": "mean anomaly", "name": "ma", "sigma": ".29738", "units": "deg", "label": "M", "value": "140.3044981425679"}, {"value": "2424745.285559292264", "label": "tp", "units": "TDB", "title": "time of perihelion passage", "sigma": "77.481", "name": "tp"}, {"units": "d", "label": "period", "value": "90972.68703163744", "title": "sidereal orbital period", "name": "per", "sigma": "47.604"}, {"label": "n", "value": ".00395723168949383", "units": "deg/d", "title": "mean motion", "sigma": "2.0707E-6", "name": "n"}, {"label": "Q", "value": "49.56423519590366", "units": "au", "sigma": ".01729", "name": "ad", "title": "aphelion distance"}], "orbit_id": "1", "two_body": null, "pe_used": "DE441", "data_arc": "1835", "n_del_obs_used": null, "first_obs": "2013-09-08", "n_dop_obs_used": null, "rms": ".2045"}}