{"object": {"pha": false, "orbit_class": {"name": "TransNeptunian Object", "code": "TNO"}, "orbit_id": "3", "prefix": null, "neo": false, "fullname": "(2013 UR17)", "spkid": "3787155", "kind": "au", "des": "2013 UR17"}, "orbit": {"moid_jup": "36.2139", "last_obs": "2019-10-26", "source": "JPL", "t_jup": "5.955", "first_obs": "2013-08-02", "condition_code": "4", "data_arc": "2276", "rms": ".28386", "not_valid_before": null, "equinox": "J2000", "moid": "40.5868", "model_pars": [], "sb_used": "SB441-N16", "comment": null, "covariance": {"data": [["1.302792842645E-7", "-5.517750793546566E-6", "-.02485214434218318", "-1.274488577724966E-7", "-6.551539505636017E-5", "-4.876286719703157E-9"], ["-5.517750793546566E-6", ".0002516906529166947", ".9762105026122774", "5.624574412075462E-6", ".002467516951157051", "2.204307617246311E-7"], ["-.02485214434218318", ".9762105026122774", "5076.898962319215", ".02352763701103342", "13.83836631594334", ".0008799385719706267"], ["-1.274488577724966E-7", "5.624574412075462E-6", ".02352763701103342", ".0003773792298039705", "-.0003159300265111926", "1.461628777916988E-5"], ["-6.551539505636017E-5", ".002467516951157051", "13.83836631594334", "-.0003159300265111926", ".03868147789118533", "-1.234821748743628E-5"], ["-4.876286719703157E-9", "2.204307617246311E-7", ".0008799385719706267", "1.461628777916988E-5", "-1.234821748743628E-5", "5.668035860356041E-7"]], "epoch": "2456773.5", "elements": [{"value": ".07495762120954708", "title": "eccentricity", "name": "e", "label": "e", "units": null, "sigma": 0.000360942217348567}, {"name": "q", "title": "perihelion distance", "units": "au", "sigma": 0.0158647613570673, "label": "q", "value": "41.00709003223086"}, {"label": "tp", "sigma": 71.2523610999609, "units": "TDB", "title": "time of perihelion passage", "name": "tp", "value": "2493219.062422529867"}, {"label": "node", "units": "deg", "sigma": 0.019426251048619, "title": "longitude of the ascending node", "name": "om", "value": "142.057156185641"}, {"value": "3.174488885749628", "name": "w", "title": "argument of perihelion", "sigma": 0.196676073509681, "units": "deg", "label": "peri"}, {"name": "i", "title": "inclination", "units": "deg", "sigma": 0.000752863590589692, "label": "i", "value": "3.116295891725827"}], "labels": ["e", "q", "tp", "node", "peri", "i"]}, "pe_used": "DE441", "n_dop_obs_used": null, "orbit_id": "3", "epoch": "2460200.5", "n_obs_used": 43, "two_body": null, "producer": "Otto Matic", "soln_date": "2021-04-15 08:53:28", "elements": [{"value": ".06967178157038521", "name": "e", "title": "eccentricity", "sigma": ".0003821", "units": null, "label": "e"}, {"value": "44.68850610378906", "title": "semi-major axis", "name": "a", "label": "a", "sigma": ".0047149", "units": "au"}, {"value": "41.57497826781904", "sigma": ".016881", "units": "au", "label": "q", "name": "q", "title": "perihelion distance"}, {"value": "3.111286172451599", "title": "inclination; angle with respect to x-y ecliptic plane", "name": "i", "label": "i", "units": "deg", "sigma": ".00074757"}, {"value": "141.8963662789439", "title": "longitude of the ascending node", "name": "om", "label": "node", "sigma": ".019407", "units": "deg"}, {"units": "deg", "sigma": ".18794", "label": "peri", "name": "w", "title": "argument of perihelion", "value": "358.3834276891923"}, {"sigma": ".23607", "units": "deg", "label": "M", "name": "ma", "title": "mean anomaly", "value": "254.4004308163516"}, {"value": "2492208.005423778173", "units": "TDB", "sigma": "69.22", "label": "tp", "name": "tp", "title": "time of perihelion passage"}, {"value": "109116.9409272967", "label": "period", "units": "d", "sigma": "17.269", "title": "sidereal orbital period", "name": "per"}, {"label": "n", "units": "deg/d", "sigma": "5.2213E-7", "title": "mean motion", "name": "n", "value": ".003299212724812948"}, {"value": "47.80203393975907", "name": "ad", "title": "aphelion distance", "sigma": ".0050434", "units": "au", "label": "Q"}], "not_valid_after": null, "n_del_obs_used": null}, "signature": {"version": "1.3", "source": "NASA/JPL Small-Body Database (SBDB) API"}}