{"orbit": {"soln_date": "2021-04-15 20:20:02", "moid_jup": "40.5797", "model_pars": [], "equinox": "J2000", "not_valid_after": null, "condition_code": "7", "t_jup": "5.688", "last_obs": "2019-12-01", "producer": "Otto Matic", "two_body": null, "pe_used": "DE441", "orbit_id": "2", "rms": ".11058", "n_dop_obs_used": null, "data_arc": "685", "n_del_obs_used": null, "first_obs": "2018-01-15", "covariance": {"labels": ["e", "q", "tp", "node", "peri", "i"], "data": [["5.840747516843961E-5", "-.002211135572214237", "14.60701882342783", "3.046452893397582E-6", ".02642602774830512", "2.935514546053574E-6"], ["-.002211135572214237", ".09003663167903084", "-535.7372443828542", "-.0004993787255581562", "-.9474330031471229", "-.0005219664134055738"], ["14.60701882342783", "-535.7372443828542", "3700272.150999483", "-.2696448619975177", "6753.620622929771", "-.3693578940796676"], ["3.046452893397582E-6", "-.0004993787255581562", "-.2696448619975177", "8.398311381543106E-5", "-.001862173984950078", "9.009872127564723E-5"], [".02642602774830512", "-.9474330031471229", "6753.620622929771", "-.001862173984950078", "12.40058033534915", "-.002138669075047231"], ["2.935514546053574E-6", "-.0005219664134055738", "-.3693578940796676", "9.009872127564723E-5", "-.002138669075047231", "9.669100089417563E-5"]], "epoch": "2458338.5", "elements": [{"label": "e", "value": ".1826807184880786", "units": null, "sigma": 0.0076424783394158, "name": "e", "title": "eccentricity"}, {"value": "45.08502899914748", "label": "q", "units": "au", "sigma": 0.300061046587242, "name": "q", "title": "perihelion distance"}, {"name": "tp", "sigma": 1923.60914715009, "title": "time of perihelion passage", "value": "2403758.194455322970", "label": "tp", "units": "TDB"}, {"label": "node", "units": "deg", "value": "95.87282758039909", "name": "om", "sigma": 0.00916423012671719, "title": "longitude of the ascending node"}, {"label": "peri", "value": "239.6798604636826", "units": "deg", "sigma": 3.52144577345004, "name": "w", "title": "argument of perihelion"}, {"title": "inclination", "sigma": 0.00983315823599802, "name": "i", "label": "i", "value": "29.34953532261394", "units": "deg"}]}, "n_obs_used": 9, "source": "JPL", "sb_used": "SB441-N16", "moid": "44.2153", "epoch": "2460200.5", "comment": null, "elements": [{"units": null, "label": "e", "value": ".184534730860561", "title": "eccentricity", "sigma": ".0080297", "name": "e"}, {"value": "55.33821033152698", "label": "a", "units": "au", "name": "a", "sigma": ".19899", "title": "semi-major axis"}, {"label": "q", "units": "au", "value": "45.12638858169353", "sigma": ".31322", "name": "q", "title": "perihelion distance"}, {"label": "i", "units": "deg", "value": "29.22989036025704", "title": "inclination; angle with respect to x-y ecliptic plane", "name": "i", "sigma": ".0097804"}, {"sigma": ".0091894", "name": "om", "title": "longitude of the ascending node", "label": "node", "value": "95.74638620625487", "units": "deg"}, {"label": "peri", "units": "deg", "value": "241.7790924619319", "title": "argument of perihelion", "sigma": "3.4082", "name": "w"}, {"label": "M", "units": "deg", "value": "132.9902597193025", "title": "mean anomaly", "sigma": "5.1547", "name": "ma"}, {"title": "time of perihelion passage", "name": "tp", "sigma": "1874.5", "label": "tp", "value": "2404654.418783117442", "units": "TDB"}, {"label": "period", "units": "d", "value": "150361.3067624934", "sigma": "811.01", "name": "per", "title": "sidereal orbital period"}, {"name": "n", "sigma": "1.2914E-5", "title": "mean motion", "label": "n", "units": "deg/d", "value": ".002394232982881999"}, {"units": "au", "label": "Q", "value": "65.55003208136043", "name": "ad", "sigma": ".23571", "title": "aphelion distance"}], "not_valid_before": null}, "object": {"neo": false, "spkid": "54117589", "orbit_class": {"name": "TransNeptunian Object", "code": "TNO"}, "kind": "au", "orbit_id": "2", "pha": false, "prefix": null, "des": "2018 AH39", "fullname": "(2018 AH39)"}, "signature": {"version": "1.3", "source": "NASA/JPL Small-Body Database (SBDB) API"}}