{"object": {"des": "2013 TH229", "kind": "au", "spkid": "54197622", "pha": false, "fullname": "(2013 TH229)", "neo": false, "prefix": null, "orbit_class": {"code": "TNO", "name": "TransNeptunian Object"}, "orbit_id": "1"}, "orbit": {"elements": [{"label": "e", "units": null, "sigma": ".00070385", "title": "eccentricity", "name": "e", "value": ".03634931661358403"}, {"value": "43.15217918028091", "name": "a", "title": "semi-major axis", "sigma": ".015995", "units": "au", "label": "a"}, {"value": "41.58362695669077", "title": "perihelion distance", "name": "q", "label": "q", "units": "au", "sigma": ".029788"}, {"value": "4.140269054572974", "title": "inclination; angle with respect to x-y ecliptic plane", "name": "i", "label": "i", "sigma": ".00025556", "units": "deg"}, {"value": "118.5923449082094", "title": "longitude of the ascending node", "name": "om", "label": "node", "sigma": ".017761", "units": "deg"}, {"units": "deg", "sigma": ".62477", "label": "peri", "name": "w", "title": "argument of perihelion", "value": "6.174481022768321"}, {"value": "266.0526759677633", "name": "ma", "title": "mean anomaly", "sigma": ".68957", "units": "deg", "label": "M"}, {"label": "tp", "sigma": "185.68", "units": "TDB", "title": "time of perihelion passage", "name": "tp", "value": "2487220.443654742874"}, {"value": "103538.6565387396", "sigma": "57.567", "units": "d", "label": "period", "name": "per", "title": "sidereal orbital period"}, {"value": ".003476962248059532", "title": "mean motion", "name": "n", "label": "n", "sigma": "1.9332E-6", "units": "deg/d"}, {"title": "aphelion distance", "name": "ad", "label": "Q", "sigma": ".016576", "units": "au", "value": "44.72073140387105"}], "producer": "Otto Matic", "soln_date": "2021-09-15 12:12:04", "not_valid_after": null, "n_del_obs_used": null, "epoch": "2460200.5", "orbit_id": "1", "n_dop_obs_used": null, "n_obs_used": 12, "two_body": null, "comment": null, "covariance": {"epoch": "2457506.5", "data": [["3.570795632413335E-7", "-1.381657038660861E-5", "-.1117223460799137", "-4.759488276828421E-7", "-.00035062418004679", "-6.919113162868561E-9"], ["-1.381657038660861E-5", ".0007517996282544741", "2.555450205191799", "1.013639786211184E-5", ".006667803887812496", "2.383482634556305E-7"], ["-.1117223460799137", "2.555450205191799", "49363.06840691395", ".2160975342370361", "165.9281916946097", ".002405012491184996"], ["-4.759488276828421E-7", "1.013639786211184E-5", ".2160975342370361", ".000318846577476864", ".0004126189959286366", "4.553980264381951E-6"], ["-.00035062418004679", ".006667803887812496", "165.9281916946097", ".0004126189959286366", ".5640280607935547", "3.199162334051502E-6"], ["-6.919113162868561E-9", "2.383482634556305E-7", ".002405012491184996", "4.553980264381951E-6", "3.199162334051502E-6", "6.668906185216994E-8"]], "labels": ["e", "q", "tp", "node", "peri", "i"], "elements": [{"value": ".04085811668077204", "label": "e", "units": null, "sigma": 0.00059756134684343, "title": "eccentricity", "name": "e"}, {"value": "40.88469276621111", "name": "q", "title": "perihelion distance", "sigma": 0.0274189647553381, "units": "au", "label": "q"}, {"value": "2491397.130060644180", "label": "tp", "sigma": 222.178010628671, "units": "TDB", "title": "time of perihelion passage", "name": "tp"}, {"title": "longitude of the ascending node", "name": "om", "label": "node", "sigma": 0.0178562755768627, "units": "deg", "value": "118.6766129079035"}, {"value": "22.77138101483938", "name": "w", "title": "argument of perihelion", "units": "deg", "sigma": 0.751018016290924, "label": "peri"}, {"label": "i", "sigma": 0.000258242254195881, "units": "deg", "title": "inclination", "name": "i", "value": "4.141980558756555"}]}, "sb_used": "SB441-N16", "pe_used": "DE441", "model_pars": [], "equinox": "J2000", "moid": "40.5978", "data_arc": "1432", "first_obs": "2013-10-13", "condition_code": "5", "not_valid_before": null, "rms": ".24255", "t_jup": "5.861", "last_obs": "2017-09-14", "source": "JPL", "moid_jup": "36.2735"}, "signature": {"version": "1.3", "source": "NASA/JPL Small-Body Database (SBDB) API"}}