{"orbit": {"n_dop_obs_used": null, "orbit_id": "31", "epoch": "2460200.5", "two_body": null, "n_obs_used": 598, "soln_date": "2023-08-24 02:58:12", "producer": "Otto Matic", "elements": [{"name": "e", "title": "eccentricity", "sigma": "4.9733E-6", "units": null, "label": "e", "value": ".12548735744443"}, {"value": "46.98199711354392", "units": "au", "sigma": ".00013325", "label": "a", "name": "a", "title": "semi-major axis"}, {"title": "perihelion distance", "name": "q", "label": "q", "units": "au", "sigma": ".00021093", "value": "41.08635044830346"}, {"value": "24.38792882411293", "units": "deg", "sigma": "1.6451E-5", "label": "i", "name": "i", "title": "inclination; angle with respect to x-y ecliptic plane"}, {"value": "297.4770614910336", "units": "deg", "sigma": "2.6066E-5", "label": "node", "name": "om", "title": "longitude of the ascending node"}, {"title": "argument of perihelion", "name": "w", "label": "peri", "sigma": ".00098048", "units": "deg", "value": "297.1999019695843"}, {"value": "298.0885655057122", "name": "ma", "title": "mean anomaly", "units": "deg", "sigma": ".00092437", "label": "M"}, {"value": "2480429.015083982715", "name": "tp", "title": "time of perihelion passage", "units": "TDB", "sigma": ".21732", "label": "tp"}, {"sigma": ".50041", "units": "d", "label": "period", "name": "per", "title": "sidereal orbital period", "value": "117623.9169665124"}, {"value": ".003060602038125395", "sigma": "1.3021E-8", "units": "deg/d", "label": "n", "name": "n", "title": "mean motion"}, {"value": "52.87764377878438", "title": "aphelion distance", "name": "ad", "label": "Q", "units": "au", "sigma": ".00014997"}], "not_valid_after": null, "n_del_obs_used": null, "equinox": "J2000", "moid": "40.1455", "model_pars": [], "sb_used": "SB441-N16", "comment": null, "covariance": {"epoch": "2457689.5", "data": [["2.45698517913411E-11", "-8.882101533193339E-10", "-1.518165930684795E-7", "7.960839940396699E-12", "1.643287624622113E-9", "4.878969121950548E-12"], ["-8.882101533193339E-10", "4.313349653374088E-8", "-1.522983932241233E-5", "1.971510221345294E-10", "-1.55049004945966E-7", "1.09934550888842E-10"], ["-1.518165930684795E-7", "-1.522983932241233E-5", ".04081134563757695", "-7.083172140532227E-7", ".0001723776135106425", "-4.015436527799107E-7"], ["7.960839940396699E-12", "1.971510221345294E-10", "-7.083172140532227E-7", "6.7497891506271E-10", "-3.463536494751605E-9", "4.254682920351623E-10"], ["1.643287624622113E-9", "-1.55049004945966E-7", ".0001723776135106425", "-3.463536494751605E-9", "9.48467136375926E-7", "-2.000686107003675E-9"], ["4.878969121950548E-12", "1.09934550888842E-10", "-4.015436527799107E-7", "4.254682920351623E-10", "-2.000686107003675E-9", "2.685817509792909E-10"]], "elements": [{"value": ".1320562172344651", "label": "e", "sigma": 4.95679854254146e-06, "units": null, "title": "eccentricity", "name": "e"}, {"value": "41.21084927223747", "title": "perihelion distance", "name": "q", "label": "q", "sigma": 0.000207686052814677, "units": "au"}, {"title": "time of perihelion passage", "name": "tp", "label": "tp", "sigma": 0.202018181452999, "units": "TDB", "value": "2479494.729688774212"}, {"units": "deg", "sigma": 2.59803563305569e-05, "label": "node", "name": "om", "title": "longitude of the ascending node", "value": "297.4711005025069"}, {"name": "w", "title": "argument of perihelion", "units": "deg", "sigma": 0.000973892774578355, "label": "peri", "value": "293.8128264482684"}, {"units": "deg", "sigma": 1.63884639603378e-05, "label": "i", "name": "i", "title": "inclination", "value": "24.37177507371365"}], "labels": ["e", "q", "tp", "node", "peri", "i"]}, "pe_used": "DE441", "t_jup": "5.541", "condition_code": "1", "first_obs": "1997-12-29", "data_arc": "9208", "rms": ".3709", "not_valid_before": null, "moid_jup": "36.1469", "last_obs": "2023-03-16", "source": "JPL"}, "signature": {"version": "1.3", "source": "NASA/JPL Small-Body Database (SBDB) API"}, "object": {"pha": false, "neo": false, "fullname": "55565 (2002 AW197)", "orbit_class": {"code": "TNO", "name": "TransNeptunian Object"}, "orbit_id": "31", "prefix": null, "kind": "an", "des": "55565", "spkid": "20055565"}}