{"orbit": {"data_arc": "3639", "n_del_obs_used": null, "first_obs": "2005-05-04", "rms": ".12105", "n_dop_obs_used": null, "orbit_id": "6", "two_body": null, "pe_used": "DE441", "not_valid_before": null, "elements": [{"title": "eccentricity", "name": "e", "sigma": "8.8853E-5", "label": "e", "units": null, "value": ".05280264116634404"}, {"value": "45.00887935399919", "label": "a", "units": "au", "title": "semi-major axis", "sigma": ".0059829", "name": "a"}, {"value": "42.6322916481707", "label": "q", "units": "au", "name": "q", "sigma": ".004122", "title": "perihelion distance"}, {"title": "inclination; angle with respect to x-y ecliptic plane", "sigma": ".00024857", "name": "i", "label": "i", "units": "deg", "value": "2.637239412766356"}, {"label": "node", "value": "169.4524717826888", "units": "deg", "name": "om", "sigma": ".0056746", "title": "longitude of the ascending node"}, {"value": "12.40863621187201", "label": "peri", "units": "deg", "name": "w", "sigma": ".1705", "title": "argument of perihelion"}, {"value": "43.41759043587698", "label": "M", "units": "deg", "sigma": ".15656", "name": "ma", "title": "mean anomaly"}, {"label": "tp", "units": "TDB", "value": "2446898.745030606175", "name": "tp", "sigma": "46.287", "title": "time of perihelion passage"}, {"label": "period", "units": "d", "value": "110292.4354140302", "name": "per", "sigma": "21.991", "title": "sidereal orbital period"}, {"label": "n", "value": ".003264049784090675", "units": "deg/d", "sigma": "6.5082E-7", "name": "n", "title": "mean motion"}, {"label": "Q", "value": "47.38546705982768", "units": "au", "name": "ad", "sigma": ".0062988", "title": "aphelion distance"}], "comment": null, "epoch": "2460200.5", "covariance": {"data": [["7.928388608293629E-9", "-6.354794698131257E-9", "-.0005589851088801861", "-1.205008992020855E-9", "-2.101910804141632E-6", "3.106234360374334E-11"], ["-6.354794698131257E-9", "1.66524595369869E-5", ".1750257195173252", "-5.530264860800944E-7", ".0006460434152523215", "-2.168197621790474E-8"], ["-.0005589851088801861", ".1750257195173252", "1873.49432948958", "-.005716967764210055", "6.917326252062554", "-.0002292103955404088"], ["-1.205008992020855E-9", "-5.530264860800944E-7", "-.005716967764210055", "3.219873612022092E-5", "-5.324215761004567E-5", "1.397299249027111E-6"], ["-2.101910804141632E-6", ".0006460434152523215", "6.917326252062554", "-5.324215761004567E-5", ".0255725353033547", "-2.241274030644715E-6"], ["3.106234360374334E-11", "-2.168197621790474E-8", "-.0002292103955404088", "1.397299249027111E-6", "-2.241274030644715E-6", "6.148793968315947E-8"]], "labels": ["e", "q", "tp", "node", "peri", "i"], "elements": [{"value": ".05634736437576734", "label": "e", "units": null, "name": "e", "sigma": 8.90414993600941e-05, "title": "eccentricity"}, {"label": "q", "value": "42.61318814919322", "units": "au", "title": "perihelion distance", "name": "q", "sigma": 0.00408074252275084}, {"units": "TDB", "label": "tp", "value": "2446997.180101229284", "sigma": 43.2838807119877, "name": "tp", "title": "time of perihelion passage"}, {"name": "om", "sigma": 0.00567439301777916, "title": "longitude of the ascending node", "label": "node", "units": "deg", "value": "169.3501008946483"}, {"value": "12.74537246002125", "label": "peri", "units": "deg", "sigma": 0.159914149790926, "name": "w", "title": "argument of perihelion"}, {"label": "i", "units": "deg", "value": "2.635633972502314", "title": "inclination", "sigma": 0.000247967618214878, "name": "i"}], "epoch": "2456313.5"}, "sb_used": "SB441-N16", "source": "JPL", "n_obs_used": 44, "moid": "41.6342", "condition_code": "4", "not_valid_after": null, "equinox": "J2000", "model_pars": [], "soln_date": "2021-04-15 07:52:38", "moid_jup": "37.174", "producer": "Otto Matic", "last_obs": "2015-04-21", "t_jup": "5.983"}, "object": {"spkid": "3727213", "neo": false, "prefix": null, "des": "2013 EM149", "fullname": "(2013 EM149)", "orbit_id": "6", "kind": "au", "pha": false, "orbit_class": {"code": "TNO", "name": "TransNeptunian Object"}}, "signature": {"version": "1.3", "source": "NASA/JPL Small-Body Database (SBDB) API"}}