{"signature": {"version": "1.3", "source": "NASA/JPL Small-Body Database (SBDB) API"}, "orbit": {"two_body": null, "n_obs_used": 34, "epoch": "2460200.5", "n_dop_obs_used": null, "orbit_id": "2", "n_del_obs_used": null, "not_valid_after": null, "elements": [{"label": "e", "sigma": ".00091122", "units": null, "title": "eccentricity", "name": "e", "value": ".3246999911944122"}, {"value": "55.27712402556422", "title": "semi-major axis", "name": "a", "label": "a", "units": "au", "sigma": ".040636"}, {"title": "perihelion distance", "name": "q", "label": "q", "sigma": ".024638", "units": "au", "value": "37.32864234121109"}, {"value": "6.973290189592118", "title": "inclination; angle with respect to x-y ecliptic plane", "name": "i", "label": "i", "sigma": ".001822", "units": "deg"}, {"title": "longitude of the ascending node", "name": "om", "label": "node", "units": "deg", "sigma": ".012425", "value": "246.2858322156105"}, {"value": "1.429504970966053", "name": "w", "title": "argument of perihelion", "sigma": ".19871", "units": "deg", "label": "peri"}, {"value": "117.3161866705389", "name": "ma", "title": "mean anomaly", "sigma": ".40297", "units": "deg", "label": "M"}, {"value": "2411282.124875706213", "label": "tp", "units": "TDB", "sigma": "114.75", "title": "time of perihelion passage", "name": "tp"}, {"label": "period", "sigma": "165.53", "units": "d", "title": "sidereal orbital period", "name": "per", "value": "150112.4060075526"}, {"name": "n", "title": "mean motion", "units": "deg/d", "sigma": "2.6445E-6", "label": "n", "value": ".002398202850615073"}, {"name": "ad", "title": "aphelion distance", "sigma": ".05383", "units": "au", "label": "Q", "value": "73.22560570991735"}], "producer": "Otto Matic", "soln_date": "2021-04-15 11:41:14", "model_pars": [], "equinox": "J2000", "moid": "36.3142", "pe_used": "DE441", "covariance": {"labels": ["e", "q", "tp", "node", "peri", "i"], "elements": [{"value": ".3291775066794962", "name": "e", "title": "eccentricity", "units": null, "sigma": 0.000878620272993151, "label": "e"}, {"title": "perihelion distance", "name": "q", "label": "q", "sigma": 0.0234108040520871, "units": "au", "value": "36.76687102702287"}, {"value": "2411171.490172860475", "units": "TDB", "sigma": 113.714285937836, "label": "tp", "name": "tp", "title": "time of perihelion passage"}, {"value": "246.2448489656557", "label": "node", "sigma": 0.0124553881893598, "units": "deg", "title": "longitude of the ascending node", "name": "om"}, {"title": "argument of perihelion", "name": "w", "label": "peri", "sigma": 0.198558078069209, "units": "deg", "value": ".05616008162365042"}, {"name": "i", "title": "inclination", "units": "deg", "sigma": 0.00183408709856415, "label": "i", "value": "6.985136206902544"}], "epoch": "2456882.5", "data": [["7.719735841145583E-7", "-1.975114580502073E-5", ".09973599114292159", "5.73155219337163E-7", ".0001721271288528507", "-8.468563669820818E-8"], ["-1.975114580502073E-5", ".0005480657463652183", "-2.510225441797543", "-1.377191891478038E-5", "-.004209967711867349", "2.04736181179723E-6"], [".09973599114292159", "-2.510225441797543", "12930.9388263519", ".07483097828786864", "22.43492938720117", "-.01104671710005735"], ["5.73155219337163E-7", "-1.377191891478038E-5", ".07483097828786864", ".0001551366949476447", "-2.183550091940177E-5", "-2.28395843532701E-5"], [".0001721271288528507", "-.004209967711867349", "22.43492938720117", "-2.183550091940177E-5", ".03942531036653815", "3.197770412063293E-6"], ["-8.468563669820818E-8", "2.04736181179723E-6", "-.01104671710005735", "-2.28395843532701E-5", "3.197770412063293E-6", "3.363875485119456E-6"]]}, "comment": null, "sb_used": "SB441-N16", "t_jup": "6.214", "not_valid_before": null, "rms": ".16842", "data_arc": "1482", "first_obs": "2013-08-09", "condition_code": "5", "moid_jup": "31.9703", "source": "JPL", "last_obs": "2017-08-30"}, "object": {"kind": "au", "des": "2014 UD228", "spkid": "3790067", "pha": false, "neo": false, "fullname": "(2014 UD228)", "orbit_id": "2", "orbit_class": {"name": "TransNeptunian Object", "code": "TNO"}, "prefix": null}}