{"signature": {"version": "1.3", "source": "NASA/JPL Small-Body Database (SBDB) API"}, "orbit": {"orbit_id": "6", "two_body": null, "pe_used": "DE441", "data_arc": "5467", "first_obs": "2000-04-03", "n_del_obs_used": null, "n_dop_obs_used": null, "rms": ".21099", "covariance": {"data": [["3.482084111162859E-7", "-3.56577989919063E-5", "-.04072945143815623", "-6.325066914227331E-9", "-.0002541681684022608", "2.018239506195281E-9"], ["-3.56577989919063E-5", ".003656637609048526", "4.617808490760328", "6.486556023583771E-7", ".02751030574130997", "-2.097825598573508E-7"], ["-.04072945143815623", "4.617808490760328", "44625.7857364559", ".0008096177687443905", "161.8821188903433", "-.0005083762438237123"], ["-6.325066914227331E-9", "6.486556023583771E-7", ".0008096177687443905", "3.56813597019566E-6", "1.285023175456173E-6", "2.184615636171879E-7"], ["-.0002541681684022608", ".02751030574130997", "161.8821188903433", "1.285023175456173E-6", ".6236541254745128", "-2.594496187482786E-6"], ["2.018239506195281E-9", "-2.097825598573508E-7", "-.0005083762438237123", "2.184615636171879E-7", "-2.594496187482786E-6", "5.462538795050137E-7"]], "labels": ["e", "q", "tp", "node", "peri", "i"], "elements": [{"label": "e", "units": null, "value": ".01535103269206573", "name": "e", "sigma": 0.000590091866675254, "title": "eccentricity"}, {"sigma": 0.0604701381596613, "name": "q", "title": "perihelion distance", "value": "43.55507696583851", "label": "q", "units": "au"}, {"units": "TDB", "label": "tp", "value": "2404542.535562313395", "title": "time of perihelion passage", "sigma": 211.248161498404, "name": "tp"}, {"units": "deg", "label": "node", "value": "13.48912768019398", "sigma": 0.00188895102376839, "name": "om", "title": "longitude of the ascending node"}, {"name": "w", "sigma": 0.789717750512493, "title": "argument of perihelion", "value": "17.61396074349879", "label": "peri", "units": "deg"}, {"value": "2.691896929481786", "label": "i", "units": "deg", "title": "inclination", "name": "i", "sigma": 0.000739089899474356}], "epoch": "2453211.5"}, "n_obs_used": 17, "source": "JPL", "sb_used": "SB441-N16", "moid": "41.5558", "not_valid_before": null, "comment": null, "elements": [{"value": ".02663986699680107", "label": "e", "units": null, "title": "eccentricity", "name": "e", "sigma": ".0005952"}, {"label": "a", "units": "au", "value": "43.71731452517849", "name": "a", "sigma": ".034033", "title": "semi-major axis"}, {"value": "42.55269108077042", "label": "q", "units": "au", "title": "perihelion distance", "sigma": ".05914", "name": "q"}, {"value": "2.709145091560527", "label": "i", "units": "deg", "title": "inclination; angle with respect to x-y ecliptic plane", "sigma": ".00074326", "name": "i"}, {"sigma": ".0018784", "name": "om", "title": "longitude of the ascending node", "units": "deg", "label": "node", "value": "13.56308214902715"}, {"label": "peri", "value": "10.73840130111075", "units": "deg", "name": "w", "sigma": ".3879", "title": "argument of perihelion"}, {"title": "mean anomaly", "sigma": ".41402", "name": "ma", "label": "M", "units": "deg", "value": "193.7482858031284"}, {"title": "time of perihelion passage", "name": "tp", "sigma": "150.56", "value": "2508958.094629549531", "label": "tp", "units": "TDB"}, {"name": "per", "sigma": "123.29", "title": "sidereal orbital period", "value": "105579.2666645967", "label": "period", "units": "d"}, {"name": "n", "sigma": "3.9817E-6", "title": "mean motion", "units": "deg/d", "label": "n", "value": ".003409760375999246"}, {"title": "aphelion distance", "sigma": ".03494", "name": "ad", "value": "44.88193796958657", "label": "Q", "units": "au"}], "epoch": "2460200.5", "soln_date": "2021-04-14 20:55:54", "moid_jup": "37.5997", "equinox": "J2000", "not_valid_after": null, "condition_code": "4", "model_pars": [], "t_jup": "5.908", "producer": "Otto Matic", "last_obs": "2015-03-23"}, "object": {"des": "2000 GY146", "prefix": null, "fullname": "(2000 GY146)", "orbit_class": {"code": "TNO", "name": "TransNeptunian Object"}, "kind": "au", "orbit_id": "6", "pha": false, "neo": false, "spkid": "3031993"}}