{"object": {"prefix": null, "orbit_id": "10", "orbit_class": {"name": "TransNeptunian Object", "code": "TNO"}, "neo": false, "fullname": "86047 (1999 OY3)", "pha": false, "spkid": "20086047", "kind": "an", "des": "86047"}, "signature": {"version": "1.3", "source": "NASA/JPL Small-Body Database (SBDB) API"}, "orbit": {"pe_used": "DE441", "comment": null, "covariance": {"labels": ["e", "q", "tp", "node", "peri", "i"], "elements": [{"value": ".1697405881650659", "name": "e", "title": "eccentricity", "sigma": 1.16100884734395e-05, "units": null, "label": "e"}, {"value": "36.26812668619218", "title": "perihelion distance", "name": "q", "label": "q", "units": "au", "sigma": 0.000869390485886475}, {"value": "2439073.191840965457", "label": "tp", "sigma": 1.4746558101317, "units": "TDB", "title": "time of perihelion passage", "name": "tp"}, {"value": "301.869765376067", "title": "longitude of the ascending node", "name": "om", "label": "node", "units": "deg", "sigma": 6.10844087727762e-05}, {"sigma": 0.00803886947360764, "units": "deg", "label": "peri", "name": "w", "title": "argument of perihelion", "value": "303.6792417066423"}, {"value": "24.27547942807186", "title": "inclination", "name": "i", "label": "i", "sigma": 5.54394478820811e-05, "units": "deg"}], "epoch": "2457096.5", "data": [["1.347941543610937E-10", "7.614387384257751E-9", "1.481291602462017E-5", "-5.225323000376423E-11", "7.81314829411497E-8", "-3.473508455492111E-11"], ["7.614387384257751E-9", "7.558398169499207E-7", ".001257869036673118", "-4.657239435968255E-9", "6.920749217992315E-6", "-3.179603350162442E-9"], ["1.481291602462017E-5", ".001257869036673118", "2.174609758355188", "-7.931219079105113E-6", ".01183639617748981", "-5.380563983945764E-6"], ["-5.225323000376423E-11", "-4.657239435968255E-9", "-7.931219079105113E-6", "3.731304995119615E-9", "-4.673027323141055E-8", "3.251392941509916E-9"], ["7.81314829411497E-8", "6.920749217992315E-6", ".01183639617748981", "-4.673027323141055E-8", "6.462342241370079E-5", "-3.241096027086805E-8"], ["-3.473508455492111E-11", "-3.179603350162442E-9", "-5.380563983945764E-6", "3.251392941509916E-9", "-3.241096027086805E-8", "3.073532381469984E-9"]]}, "sb_used": "SB441-N16", "model_pars": [], "equinox": "J2000", "moid": "35.6892", "n_del_obs_used": null, "not_valid_after": null, "elements": [{"value": ".1685548936695585", "sigma": "1.2719E-5", "units": null, "label": "e", "name": "e", "title": "eccentricity"}, {"value": "44.07656123698617", "name": "a", "title": "semi-major axis", "units": "au", "sigma": ".0015894", "label": "a"}, {"value": "36.64724114436618", "title": "perihelion distance", "name": "q", "label": "q", "units": "au", "sigma": ".00083545"}, {"title": "inclination; angle with respect to x-y ecliptic plane", "name": "i", "label": "i", "units": "deg", "sigma": "5.5173E-5", "value": "24.21584989731041"}, {"title": "longitude of the ascending node", "name": "om", "label": "node", "units": "deg", "sigma": "6.1031E-5", "value": "301.8176876682569"}, {"title": "argument of perihelion", "name": "w", "label": "peri", "units": "deg", "sigma": ".0079525", "value": "306.8576952496085"}, {"value": "69.29196442386713", "units": "deg", "sigma": ".0087953", "label": "M", "name": "ma", "title": "mean anomaly"}, {"value": "2439627.844368222995", "sigma": "1.5012", "units": "TDB", "label": "tp", "name": "tp", "title": "time of perihelion passage"}, {"label": "period", "units": "d", "sigma": "5.7815", "title": "sidereal orbital period", "name": "per", "value": "106883.3318411265"}, {"name": "n", "title": "mean motion", "sigma": "1.8219E-7", "units": "deg/d", "label": "n", "value": ".003368158475215865"}, {"value": "51.50588132960615", "title": "aphelion distance", "name": "ad", "label": "Q", "units": "au", "sigma": ".0018574"}], "soln_date": "2021-04-13 14:16:33", "producer": "Otto Matic", "n_obs_used": 112, "two_body": null, "epoch": "2460200.5", "orbit_id": "10", "n_dop_obs_used": null, "source": "JPL", "last_obs": "2020-06-27", "moid_jup": "31.6593", "rms": ".65031", "not_valid_before": null, "data_arc": "7650", "condition_code": "2", "first_obs": "1999-07-18", "t_jup": "5.351"}}