{"object": {"neo": false, "spkid": "20613411", "orbit_class": {"code": "TNO", "name": "TransNeptunian Object"}, "kind": "an", "orbit_id": "13", "pha": false, "prefix": null, "des": "613411", "fullname": "613411 (2006 HQ122)"}, "orbit": {"covariance": {"epoch": "2456853.5", "elements": [{"title": "eccentricity", "sigma": 3.40063081367649e-05, "name": "e", "label": "e", "value": ".5881666791469092", "units": null}, {"label": "q", "units": "au", "value": "37.66937377133593", "sigma": 0.000391460310697681, "name": "q", "title": "perihelion distance"}, {"sigma": 0.37488185793406, "name": "tp", "title": "time of perihelion passage", "label": "tp", "value": "2452018.406604170994", "units": "TDB"}, {"title": "longitude of the ascending node", "name": "om", "sigma": 4.93088922939878e-05, "label": "node", "value": "217.1264242945637", "units": "deg"}, {"name": "w", "sigma": 0.00213635833805734, "title": "argument of perihelion", "value": "345.6413582744968", "label": "peri", "units": "deg"}, {"title": "inclination", "name": "i", "sigma": 8.91130247516317e-05, "label": "i", "units": "deg", "value": "21.64287618757087"}], "data": [["1.156428993092601E-9", "9.267030708857464E-9", "4.148442641278235E-6", "-2.299577241270815E-10", "2.182632716181474E-8", "-3.477184100488756E-10"], ["9.267030708857464E-9", "1.53241174851525E-7", ".0001317194903173688", "-2.540484856416573E-9", "7.424812889130313E-7", "-3.787728567760148E-9"], ["4.148442641278235E-6", ".0001317194903173688", ".1405364074080925", "-1.658831921281002E-6", ".0008002733396169606", "-2.440687042807932E-6"], ["-2.299577241270815E-10", "-2.540484856416573E-9", "-1.658831921281002E-6", "2.431366859260087E-9", "-1.138603465116078E-8", "4.1278687721338E-9"], ["2.182632716181474E-8", "7.424812889130313E-7", ".0008002733396169606", "-1.138603465116078E-8", "4.564026948587123E-6", "-1.724753712394416E-8"], ["-3.477184100488756E-10", "-3.787728567760148E-9", "-2.440687042807932E-6", "4.1278687721338E-9", "-1.724753712394416E-8", "7.941131180384931E-9"]], "labels": ["e", "q", "tp", "node", "peri", "i"]}, "source": "JPL", "sb_used": "SB441-N16", "n_obs_used": 132, "moid": "36.6956", "elements": [{"label": "e", "value": ".5811554652788934", "units": null, "title": "eccentricity", "name": "e", "sigma": "3.3909E-5"}, {"sigma": ".0079654", "name": "a", "title": "semi-major axis", "label": "a", "units": "au", "value": "89.99939885132964"}, {"name": "q", "sigma": ".00039121", "title": "perihelion distance", "units": "au", "label": "q", "value": "37.69575633706446"}, {"sigma": "8.9344E-5", "name": "i", "title": "inclination; angle with respect to x-y ecliptic plane", "units": "deg", "label": "i", "value": "21.69243990855334"}, {"label": "node", "value": "217.205721569327", "units": "deg", "title": "longitude of the ascending node", "name": "om", "sigma": "4.9266E-5"}, {"sigma": ".0021589", "name": "w", "title": "argument of perihelion", "units": "deg", "label": "peri", "value": "345.7180937563472"}, {"title": "mean anomaly", "name": "ma", "sigma": ".0014852", "label": "M", "units": "deg", "value": "9.438427846204712"}, {"value": "2452024.234242657264", "label": "tp", "units": "TDB", "title": "time of perihelion passage", "sigma": ".3805", "name": "tp"}, {"title": "sidereal orbital period", "name": "per", "sigma": "41.402", "units": "d", "label": "period", "value": "311858.6824634123"}, {"value": ".001154369014697019", "label": "n", "units": "deg/d", "title": "mean motion", "name": "n", "sigma": "1.5325E-7"}, {"title": "aphelion distance", "name": "ad", "sigma": ".012595", "label": "Q", "units": "au", "value": "142.3030413655949"}], "comment": null, "epoch": "2460200.5", "not_valid_before": null, "two_body": null, "pe_used": "DE441", "orbit_id": "13", "n_dop_obs_used": null, "rms": ".56807", "data_arc": "6230", "n_del_obs_used": null, "first_obs": "2006-04-26", "t_jup": "6.347", "last_obs": "2023-05-17", "producer": "Otto Matic", "soln_date": "2023-07-27 22:56:42", "moid_jup": "32.2745", "model_pars": [], "equinox": "J2000", "not_valid_after": null, "condition_code": "2"}, "signature": {"version": "1.3", "source": "NASA/JPL Small-Body Database (SBDB) API"}}