{"object": {"spkid": "20500876", "des": "500876", "kind": "an", "orbit_class": {"code": "TNO", "name": "TransNeptunian Object"}, "orbit_id": "5", "prefix": null, "fullname": "500876 (2013 JD64)", "neo": false, "pha": false}, "signature": {"version": "1.3", "source": "NASA/JPL Small-Body Database (SBDB) API"}, "orbit": {"n_del_obs_used": null, "not_valid_after": null, "soln_date": "2021-04-14 18:07:33", "producer": "Otto Matic", "elements": [{"title": "eccentricity", "name": "e", "label": "e", "sigma": ".00020532", "units": null, "value": ".408783953154277"}, {"name": "a", "title": "semi-major axis", "sigma": ".02624", "units": "au", "label": "a", "value": "72.05380941434001"}, {"title": "perihelion distance", "name": "q", "label": "q", "units": "au", "sigma": ".0049673", "value": "42.59936836212124"}, {"value": "50.41029568611633", "label": "i", "sigma": ".0011265", "units": "deg", "title": "inclination; angle with respect to x-y ecliptic plane", "name": "i"}, {"value": "67.55224623638546", "name": "om", "title": "longitude of the ascending node", "units": "deg", "sigma": ".00024445", "label": "node"}, {"label": "peri", "sigma": ".14766", "units": "deg", "title": "argument of perihelion", "name": "w", "value": "178.4215910770087"}, {"name": "ma", "title": "mean anomaly", "units": "deg", "sigma": ".056395", "label": "M", "value": "2.539992819165298"}, {"value": "2458624.290884974039", "title": "time of perihelion passage", "name": "tp", "label": "tp", "sigma": "34.94", "units": "TDB"}, {"label": "period", "sigma": "122.04", "units": "d", "title": "sidereal orbital period", "name": "per", "value": "223400.3486654812"}, {"sigma": "8.8028E-7", "units": "deg/d", "label": "n", "name": "n", "title": "mean motion", "value": ".001611456750853431"}, {"title": "aphelion distance", "name": "ad", "label": "Q", "sigma": ".036967", "units": "au", "value": "101.5082504665588"}], "two_body": null, "n_obs_used": 22, "orbit_id": "5", "n_dop_obs_used": null, "epoch": "2460200.5", "pe_used": "DE441", "sb_used": "SB441-N16", "covariance": {"epoch": "2456756.5", "data": [["4.039004834092534E-8", "6.447153783363471E-8", ".002188331645877979", "-2.48325819158942E-9", "9.255747477298677E-6", "2.397278986668944E-8"], ["6.447153783363471E-8", "2.140548694447973E-5", "-.1481952645497694", "-4.615629570065769E-9", "-.0006261283309535904", "1.478884512669804E-7"], [".002188331645877979", "-.1481952645497694", "1214.078339255235", "-.0001437846180321571", "5.129630189504256", ".0006508858678444305"], ["-2.48325819158942E-9", "-4.615629570065769E-9", "-.0001437846180321571", "5.97927530955781E-8", "-6.456579600510935E-7", "-2.713494561038375E-7"], ["9.255747477298677E-6", "-.0006261283309535904", "5.129630189504256", "-6.456579600510935E-7", ".02167336402257831", "2.923317227188616E-6"], ["2.397278986668944E-8", "1.478884512669804E-7", ".0006508858678444305", "-2.713494561038375E-7", "2.923317227188616E-6", "1.2669711651193E-6"]], "labels": ["e", "q", "tp", "node", "peri", "i"], "elements": [{"name": "e", "title": "eccentricity", "units": null, "sigma": 0.000200972755220516, "label": "e", "value": ".4106996677966064"}, {"title": "perihelion distance", "name": "q", "label": "q", "units": "au", "sigma": 0.00462660641771912, "value": "42.60330277299964"}, {"value": "2458466.235963556930", "units": "TDB", "sigma": 34.8436269532211, "label": "tp", "name": "tp", "title": "time of perihelion passage"}, {"value": "67.51850455246915", "label": "node", "units": "deg", "sigma": 0.000244525567365824, "title": "longitude of the ascending node", "name": "om"}, {"value": "177.7543767057668", "label": "peri", "sigma": 0.147218762467894, "units": "deg", "title": "argument of perihelion", "name": "w"}, {"name": "i", "title": "inclination", "sigma": 0.00112559813660085, "units": "deg", "label": "i", "value": "50.37037978153086"}]}, "comment": null, "moid": "41.5853", "equinox": "J2000", "model_pars": [], "rms": ".2679", "not_valid_before": null, "condition_code": "4", "first_obs": "2013-04-19", "data_arc": "1141", "t_jup": "4.401", "source": "JPL", "last_obs": "2016-06-03", "moid_jup": "37.2384"}}