{"orbit": {"rms": ".17255", "n_dop_obs_used": null, "data_arc": "1125", "n_del_obs_used": null, "first_obs": "2014-11-17", "two_body": null, "pe_used": "DE441", "orbit_id": "2", "comment": null, "elements": [{"sigma": ".00021861", "name": "e", "title": "eccentricity", "value": ".3026796669793425", "label": "e", "units": null}, {"name": "a", "sigma": ".010116", "title": "semi-major axis", "value": "48.10348400085287", "label": "a", "units": "au"}, {"sigma": ".0052116", "name": "q", "title": "perihelion distance", "label": "q", "value": "33.5435374829286", "units": "au"}, {"title": "inclination; angle with respect to x-y ecliptic plane", "name": "i", "sigma": ".0007776", "value": "3.646236403634944", "label": "i", "units": "deg"}, {"value": "200.9414612458718", "label": "node", "units": "deg", "title": "longitude of the ascending node", "sigma": ".0068057", "name": "om"}, {"sigma": ".08398", "name": "w", "title": "argument of perihelion", "label": "peri", "units": "deg", "value": "185.3466443957813"}, {"title": "mean anomaly", "name": "ma", "sigma": ".037597", "label": "M", "units": "deg", "value": "20.37954266608897"}, {"label": "tp", "value": "2453301.992221477912", "units": "TDB", "sigma": "13.793", "name": "tp", "title": "time of perihelion passage"}, {"title": "sidereal orbital period", "name": "per", "sigma": "38.441", "label": "period", "value": "121860.5756252013", "units": "d"}, {"value": ".002954195794275818", "label": "n", "units": "deg/d", "sigma": "9.3191E-7", "name": "n", "title": "mean motion"}, {"title": "aphelion distance", "name": "ad", "sigma": ".013178", "value": "62.66343051877714", "label": "Q", "units": "au"}], "epoch": "2460200.5", "not_valid_before": null, "covariance": {"labels": ["e", "q", "tp", "node", "peri", "i"], "data": [["4.792712800192508E-8", "-9.331399133416723E-7", "-.002685588819364726", "1.808626125338075E-8", "-1.627616090113629E-5", "2.1802523750033E-9"], ["-9.331399133416723E-7", "2.796046344704258E-5", ".07469536303708448", "-5.399019427540203E-7", ".000451559492770459", "-5.913609732213564E-8"], ["-.002685588819364726", ".07469536303708448", "202.4040004375268", "-.001441890587259644", "1.223746751078294", "-.0001606197151355415"], ["1.808626125338075E-8", "-5.399019427540203E-7", "-.001441890587259644", "4.595899567696833E-5", "-5.457238900089063E-5", "5.286479946435433E-6"], ["-1.627616090113629E-5", ".000451559492770459", "1.223746751078294", "-5.457238900089063E-5", ".00744487138992155", "-6.245931767661531E-6"], ["2.1802523750033E-9", "-5.913609732213564E-8", "-.0001606197151355415", "5.286479946435433E-6", "-6.245931767661531E-6", "6.107096300618362E-7"]], "elements": [{"name": "e", "sigma": 0.000218922653012257, "title": "eccentricity", "label": "e", "units": null, "value": ".2930269044010457"}, {"units": "au", "label": "q", "value": "33.5425287260786", "name": "q", "sigma": 0.00528776544932191, "title": "perihelion distance"}, {"label": "tp", "value": "2453236.679358477705", "units": "TDB", "sigma": 14.2268759900945, "name": "tp", "title": "time of perihelion passage"}, {"units": "deg", "label": "node", "value": "201.1168975314571", "title": "longitude of the ascending node", "sigma": 0.00677930643037828, "name": "om"}, {"title": "argument of perihelion", "sigma": 0.0862836681529103, "name": "w", "label": "peri", "units": "deg", "value": "184.933612452761"}, {"value": "3.659473533681547", "label": "i", "units": "deg", "sigma": 0.000781479129639325, "name": "i", "title": "inclination"}], "epoch": "2457456.5"}, "sb_used": "SB441-N16", "source": "JPL", "n_obs_used": 30, "moid": "32.5472", "model_pars": [], "equinox": "J2000", "not_valid_after": null, "condition_code": "4", "soln_date": "2021-04-15 15:18:31", "moid_jup": "28.5875", "producer": "Otto Matic", "last_obs": "2017-12-16", "t_jup": "5.892"}, "object": {"spkid": "3830996", "neo": false, "prefix": null, "des": "2015 VJ166", "fullname": "(2015 VJ166)", "orbit_id": "2", "kind": "au", "pha": false, "orbit_class": {"code": "TNO", "name": "TransNeptunian Object"}}, "signature": {"version": "1.3", "source": "NASA/JPL Small-Body Database (SBDB) API"}}