{"object": {"kind": "au", "des": "2015 VV170", "spkid": "3835732", "neo": false, "fullname": "(2015 VV170)", "prefix": null, "orbit_class": {"code": "TNO", "name": "TransNeptunian Object"}, "orbit_id": "2", "pha": false}, "orbit": {"t_jup": "5.901", "rms": ".21484", "not_valid_before": null, "condition_code": "4", "first_obs": "2015-09-07", "data_arc": "739", "moid_jup": "37.1672", "source": "JPL", "last_obs": "2017-09-15", "n_obs_used": 33, "two_body": null, "n_dop_obs_used": null, "orbit_id": "2", "epoch": "2460200.5", "n_del_obs_used": null, "not_valid_after": null, "producer": "Otto Matic", "soln_date": "2021-04-15 15:18:48", "elements": [{"value": ".03110914980305923", "name": "e", "title": "eccentricity", "sigma": ".0018027", "units": null, "label": "e"}, {"value": "43.52794176723835", "name": "a", "title": "semi-major axis", "units": "au", "sigma": ".0083517", "label": "a"}, {"label": "q", "units": "au", "sigma": ".073042", "title": "perihelion distance", "name": "q", "value": "42.1738245061825"}, {"name": "i", "title": "inclination; angle with respect to x-y ecliptic plane", "units": "deg", "sigma": ".0018675", "label": "i", "value": ".9096707568458899"}, {"value": "30.96683111754227", "label": "node", "units": "deg", "sigma": ".044347", "title": "longitude of the ascending node", "name": "om"}, {"title": "argument of perihelion", "name": "w", "label": "peri", "units": "deg", "sigma": ".992", "value": "307.7172404808217"}, {"value": "78.76843683549016", "sigma": ".78186", "units": "deg", "label": "M", "name": "ma", "title": "mean anomaly"}, {"value": "2437249.566696461723", "units": "TDB", "sigma": "231.01", "label": "tp", "name": "tp", "title": "time of perihelion passage"}, {"value": "104893.9946152527", "name": "per", "title": "sidereal orbital period", "sigma": "30.189", "units": "d", "label": "period"}, {"value": ".003432036326964824", "title": "mean motion", "name": "n", "label": "n", "units": "deg/d", "sigma": "9.8776E-7"}, {"label": "Q", "sigma": ".0086115", "units": "au", "title": "aphelion distance", "name": "ad", "value": "44.88205902829421"}], "equinox": "J2000", "moid": "41.1645", "model_pars": [], "pe_used": "DE441", "sb_used": "SB441-N16", "covariance": {"elements": [{"value": ".02698229346956474", "sigma": 0.00186798630813755, "units": null, "label": "e", "name": "e", "title": "eccentricity"}, {"sigma": 0.0758054352210417, "units": "au", "label": "q", "name": "q", "title": "perihelion distance", "value": "41.94193537944227"}, {"name": "tp", "title": "time of perihelion passage", "units": "TDB", "sigma": 109.266236981032, "label": "tp", "value": "2432312.303137944837"}, {"name": "om", "title": "longitude of the ascending node", "units": "deg", "sigma": 0.0441994026533361, "label": "node", "value": "31.07198717808255"}, {"value": "289.7202430145892", "title": "argument of perihelion", "name": "w", "label": "peri", "units": "deg", "sigma": 0.269984272879924}, {"name": "i", "title": "inclination", "units": "deg", "sigma": 0.0018772009577585, "label": "i", "value": ".9141711721469615"}], "labels": ["e", "q", "tp", "node", "peri", "i"], "epoch": "2457514.5", "data": [["3.489372847389369E-6", "-.0001411898060668305", ".1645038862451972", "5.856247658175267E-8", ".0002019759213379784", "2.235481232027934E-9"], ["-.0001411898060668305", ".005746464009051546", "-6.28517596828354", "-2.686794471756293E-6", "-.0067740782878643", "-1.023914585196449E-7"], [".1645038862451972", "-6.28517596828354", "11939.11054399494", "-.0004705579581677484", "25.26517048559289", "-1.623453635055502E-5"], ["5.856247658175267E-8", "-2.686794471756293E-6", "-.0004705579581677484", ".001953587194911731", "-.001962201123020643", "8.291733950971891E-5"], [".0002019759213379784", "-.0067740782878643", "25.26517048559289", "-.001962201123020643", ".07289150760250106", "-8.323853882489005E-5"], ["2.235481232027934E-9", "-1.023914585196449E-7", "-1.623453635055502E-5", "8.291733950971891E-5", "-8.323853882489005E-5", "3.523883435809426E-6"]]}, "comment": null}, "signature": {"version": "1.3", "source": "NASA/JPL Small-Body Database (SBDB) API"}}