{"orbit": {"t_jup": "6.056", "last_obs": "2022-12-26", "producer": "Otto Matic", "soln_date": "2023-01-06 22:40:39", "moid_jup": "35.4444", "not_valid_after": null, "equinox": "J2000", "condition_code": "5", "model_pars": [], "covariance": {"data": [["1.142723897187362E-8", "-8.611594717268837E-7", ".004196685720633615", "1.331219440337325E-8", "8.122290655408295E-6", "-8.630904760441098E-10"], ["-8.611594717268837E-7", ".0001057172082611681", ".2560120590056151", "3.260989720615299E-8", ".0009348291910448623", "1.866915745393651E-8"], [".004196685720633615", ".2560120590056151", "9660.914476655165", ".01983935591429268", "24.89856122940691", "-.0009964645328985461"], ["1.331219440337325E-8", "3.260989720615299E-8", ".01983935591429268", ".0002526694710100417", "-.0002022592180430245", "-1.280354379347796E-5"], ["8.122290655408295E-6", ".0009348291910448623", "24.89856122940691", "-.0002022592180430245", ".06518753117933156", "1.032868480762736E-5"], ["-8.630904760441098E-10", "1.866915745393651E-8", "-.0009964645328985461", "-1.280354379347796E-5", "1.032868480762736E-5", "6.497216144560776E-7"]], "labels": ["e", "q", "tp", "node", "peri", "i"], "elements": [{"title": "eccentricity", "name": "e", "sigma": 0.000106898264587755, "label": "e", "units": null, "value": ".1418487429279376"}, {"label": "q", "value": "39.99430150441736", "units": "au", "sigma": 0.0102818873880805, "name": "q", "title": "perihelion distance"}, {"title": "time of perihelion passage", "name": "tp", "sigma": 98.2899510461531, "label": "tp", "units": "TDB", "value": "2404448.343849437406"}, {"title": "longitude of the ascending node", "name": "om", "sigma": 0.0158955802350855, "value": "105.2669677315577", "label": "node", "units": "deg"}, {"title": "argument of perihelion", "sigma": 0.255318489693425, "name": "w", "units": "deg", "label": "peri", "value": "137.2876008729583"}, {"title": "inclination", "name": "i", "sigma": 0.000806053108955035, "value": "4.070259016167962", "label": "i", "units": "deg"}], "epoch": "2457569.5"}, "sb_used": "SB441-N16", "source": "JPL", "moid": "39.7994", "n_obs_used": 33, "not_valid_before": null, "elements": [{"label": "e", "value": ".1324340423780403", "units": null, "name": "e", "sigma": ".00011675", "title": "eccentricity"}, {"label": "a", "value": "47.04227933268813", "units": "au", "sigma": ".0085848", "name": "a", "title": "semi-major axis"}, {"sigma": ".010249", "name": "q", "title": "perihelion distance", "units": "au", "label": "q", "value": "40.8122801179833"}, {"title": "inclination; angle with respect to x-y ecliptic plane", "sigma": ".00080077", "name": "i", "label": "i", "units": "deg", "value": "4.06943133100511"}, {"value": "105.2629850139925", "label": "node", "units": "deg", "title": "longitude of the ascending node", "name": "om", "sigma": ".015809"}, {"name": "w", "sigma": ".27446", "title": "argument of perihelion", "value": "139.4401483232546", "label": "peri", "units": "deg"}, {"name": "ma", "sigma": ".35508", "title": "mean anomaly", "label": "M", "units": "deg", "value": "170.0697370431998"}, {"sigma": "105.48", "name": "tp", "title": "time of perihelion passage", "label": "tp", "units": "TDB", "value": "2404526.105700078835"}, {"title": "sidereal orbital period", "name": "per", "sigma": "32.26", "label": "period", "value": "117850.3730083413", "units": "d"}, {"title": "mean motion", "sigma": "8.3619E-7", "name": "n", "label": "n", "value": ".003054720921201663", "units": "deg/d"}, {"units": "au", "label": "Q", "value": "53.27227854739296", "title": "aphelion distance", "name": "ad", "sigma": ".0097217"}], "comment": null, "epoch": "2460200.5", "orbit_id": "3", "two_body": null, "pe_used": "DE441", "data_arc": "2694", "n_del_obs_used": null, "first_obs": "2015-08-11", "rms": ".11371", "n_dop_obs_used": null}, "object": {"fullname": "(2015 VC172)", "prefix": null, "des": "2015 VC172", "orbit_class": {"name": "TransNeptunian Object", "code": "TNO"}, "pha": false, "kind": "au", "orbit_id": "3", "neo": false, "spkid": "3835763"}, "signature": {"version": "1.3", "source": "NASA/JPL Small-Body Database (SBDB) API"}}