{"object": {"spkid": "54196811", "kind": "au", "des": "2013 ST112", "pha": false, "orbit_class": {"name": "TransNeptunian Object", "code": "TNO"}, "orbit_id": "1", "prefix": null, "neo": false, "fullname": "(2013 ST112)"}, "orbit": {"source": "JPL", "last_obs": "2018-11-08", "moid_jup": "36.7039", "rms": ".26238", "not_valid_before": null, "first_obs": "2013-09-30", "condition_code": "5", "data_arc": "1865", "t_jup": "5.906", "pe_used": "DE441", "sb_used": "SB441-N16", "covariance": {"elements": [{"label": "e", "units": null, "sigma": 0.000539617868789082, "title": "eccentricity", "name": "e", "value": ".04096881730786957"}, {"title": "perihelion distance", "name": "q", "label": "q", "sigma": 0.00484250047406509, "units": "au", "value": "41.61486235127946"}, {"value": "2453851.009812901339", "sigma": 291.679517340183, "units": "TDB", "label": "tp", "name": "tp", "title": "time of perihelion passage"}, {"label": "node", "units": "deg", "sigma": 0.00589397218392959, "title": "longitude of the ascending node", "name": "om", "value": "323.4193322389697"}, {"value": "24.81874959310893", "name": "w", "title": "argument of perihelion", "sigma": 1.09548624358577, "units": "deg", "label": "peri"}, {"value": "4.524094243521217", "units": "deg", "sigma": 0.000582142240934265, "label": "i", "name": "i", "title": "inclination"}], "labels": ["e", "q", "tp", "node", "peri", "i"], "epoch": "2457545.5", "data": [["2.911874443164714E-7", "-1.048955906980138E-6", "-.1387031449247501", "2.471865978273613E-7", "-.0005209672713656254", "3.301856160627791E-8"], ["-1.048955906980138E-6", "2.344981084132059E-5", "1.109182815331467", "-2.086013857438275E-6", ".004165448278302938", "-2.246255198072625E-7"], ["-.1387031449247501", "1.109182815331467", "85076.94083580231", "-.1549529651999085", "319.5263331727212", "-.01902804777871447"], ["2.471865978273613E-7", "-2.086013857438275E-6", "-.1549529651999085", "3.473890810493577E-5", "-.0006163091681074491", "3.413766324424291E-6"], ["-.0005209672713656254", ".004165448278302938", "319.5263331727212", "-.0006163091681074491", "1.200090109885654", "-7.483403704533606E-5"], ["3.301856160627791E-8", "-2.246255198072625E-7", "-.01902804777871447", "3.413766324424291E-6", "-7.483403704533606E-5", "3.388895886799682E-7"]]}, "comment": null, "equinox": "J2000", "moid": "40.6589", "model_pars": [], "n_del_obs_used": null, "not_valid_after": null, "soln_date": "2021-09-14 12:42:06", "producer": "Otto Matic", "elements": [{"units": null, "sigma": ".00047586", "label": "e", "name": "e", "title": "eccentricity", "value": ".05232101027860443"}, {"sigma": ".023401", "units": "au", "label": "a", "name": "a", "title": "semi-major axis", "value": "43.96384805555269"}, {"label": "q", "units": "au", "sigma": ".0031171", "title": "perihelion distance", "name": "q", "value": "41.66361510955111"}, {"units": "deg", "sigma": ".00057842", "label": "i", "name": "i", "title": "inclination; angle with respect to x-y ecliptic plane", "value": "4.511760644952015"}, {"value": "323.3026973322808", "title": "longitude of the ascending node", "name": "om", "label": "node", "sigma": ".0058909", "units": "deg"}, {"value": "30.46542003942759", "name": "w", "title": "argument of perihelion", "units": "deg", "sigma": ".90963", "label": "peri"}, {"value": "16.42092243364443", "name": "ma", "title": "mean anomaly", "sigma": ".80665", "units": "deg", "label": "M"}, {"value": "2455343.847579867438", "title": "time of perihelion passage", "name": "tp", "label": "tp", "sigma": "241.6", "units": "TDB"}, {"title": "sidereal orbital period", "name": "per", "label": "period", "sigma": "85.012", "units": "d", "value": "106473.6087946849"}, {"value": ".003381119547607284", "label": "n", "sigma": "2.6996E-6", "units": "deg/d", "title": "mean motion", "name": "n"}, {"value": "46.26408100155427", "title": "aphelion distance", "name": "ad", "label": "Q", "units": "au", "sigma": ".024626"}], "n_obs_used": 15, "two_body": null, "n_dop_obs_used": null, "orbit_id": "1", "epoch": "2460200.5"}, "signature": {"version": "1.3", "source": "NASA/JPL Small-Body Database (SBDB) API"}}