{"signature": {"version": "1.3", "source": "NASA/JPL Small-Body Database (SBDB) API"}, "orbit": {"elements": [{"title": "eccentricity", "sigma": ".00032253", "name": "e", "label": "e", "value": ".256859621598077", "units": null}, {"title": "semi-major axis", "name": "a", "sigma": ".010666", "label": "a", "value": "39.83931893663423", "units": "au"}, {"name": "q", "sigma": ".0063439", "title": "perihelion distance", "label": "q", "units": "au", "value": "29.60620654984526"}, {"title": "inclination; angle with respect to x-y ecliptic plane", "name": "i", "sigma": ".00066939", "label": "i", "value": "11.84273950601773", "units": "deg"}, {"name": "om", "sigma": ".00064971", "title": "longitude of the ascending node", "label": "node", "value": "20.48984417633905", "units": "deg"}, {"label": "peri", "units": "deg", "value": "292.1230837732859", "title": "argument of perihelion", "sigma": ".019247", "name": "w"}, {"name": "ma", "sigma": ".042711", "title": "mean anomaly", "label": "M", "value": "66.9299460341427", "units": "deg"}, {"name": "tp", "sigma": "4.0597", "title": "time of perihelion passage", "units": "TDB", "label": "tp", "value": "2443124.574196189526"}, {"sigma": "36.884", "name": "per", "title": "sidereal orbital period", "units": "d", "label": "period", "value": "91847.27694589586"}, {"units": "deg/d", "label": "n", "value": ".003919550061479382", "name": "n", "sigma": "1.574E-6", "title": "mean motion"}, {"sigma": ".013406", "name": "ad", "title": "aphelion distance", "value": "50.0724313234232", "label": "Q", "units": "au"}], "comment": null, "epoch": "2460200.5", "not_valid_before": null, "covariance": {"labels": ["e", "q", "tp", "node", "peri", "i"], "data": [["1.03549727317201E-7", "-1.786174748838654E-6", ".001178632864529554", "-3.907996259916771E-9", "3.01288290650075E-7", "-4.752226984089488E-9"], ["-1.786174748838654E-6", "4.031944705495372E-5", "-.01428667765400463", "-3.559147796355164E-8", "5.417972441743489E-5", "-1.829354727887239E-8"], [".001178632864529554", "-.01428667765400463", "17.32997695178851", "-.000107916342205469", ".04151536784683475", "-.0001158226451814786"], ["-3.907996259916771E-9", "-3.559147796355164E-8", "-.000107916342205469", "4.207617333780432E-7", "-1.055372161348288E-6", "4.26853365914661E-7"], ["3.01288290650075E-7", "5.417972441743489E-5", ".04151536784683475", "-1.055372161348288E-6", ".0003736825420978066", "-1.046877646118986E-6"], ["-4.752226984089488E-9", "-1.829354727887239E-8", "-.0001158226451814786", "4.26853365914661E-7", "-1.046877646118986E-6", "4.493456186636362E-7"]], "epoch": "2456239.5", "elements": [{"name": "e", "sigma": 0.00032179143449943, "title": "eccentricity", "value": ".2557217386424755", "label": "e", "units": null}, {"label": "q", "value": "29.54785983240534", "units": "au", "name": "q", "sigma": 0.00634975960607594, "title": "perihelion distance"}, {"label": "tp", "value": "2443037.082479824625", "units": "TDB", "title": "time of perihelion passage", "name": "tp", "sigma": 4.16292889103195}, {"units": "deg", "label": "node", "value": "20.56780418291375", "title": "longitude of the ascending node", "name": "om", "sigma": 0.000648661493676049}, {"label": "peri", "units": "deg", "value": "291.498235301912", "sigma": 0.0193308701847022, "name": "w", "title": "argument of perihelion"}, {"units": "deg", "label": "i", "value": "11.86304607332706", "title": "inclination", "sigma": 0.000670332468752362, "name": "i"}]}, "source": "JPL", "sb_used": "SB441-N16", "moid": "28.6108", "n_obs_used": 30, "rms": ".16377", "n_dop_obs_used": null, "data_arc": "1502", "first_obs": "2011-08-29", "n_del_obs_used": null, "two_body": null, "pe_used": "DE441", "orbit_id": "5", "producer": "Otto Matic", "last_obs": "2015-10-09", "t_jup": "5.365", "model_pars": [], "not_valid_after": null, "equinox": "J2000", "condition_code": "4", "soln_date": "2021-04-15 05:41:05", "moid_jup": "24.6246"}, "object": {"fullname": "(2011 US410)", "des": "2011 US410", "prefix": null, "pha": false, "orbit_id": "5", "kind": "au", "orbit_class": {"name": "TransNeptunian Object", "code": "TNO"}, "spkid": "3696020", "neo": false}}