{"object": {"kind": "an", "des": "612083", "spkid": "20612083", "pha": false, "fullname": "612083 (1998 WX31)", "neo": false, "prefix": null, "orbit_class": {"name": "TransNeptunian Object", "code": "TNO"}, "orbit_id": "14"}, "signature": {"version": "1.3", "source": "NASA/JPL Small-Body Database (SBDB) API"}, "orbit": {"elements": [{"value": ".1108047286930529", "sigma": "7.3544E-5", "units": null, "label": "e", "name": "e", "title": "eccentricity"}, {"value": "45.59551930969621", "name": "a", "title": "semi-major axis", "units": "au", "sigma": ".0047602", "label": "a"}, {"name": "q", "title": "perihelion distance", "sigma": ".00088469", "units": "au", "label": "q", "value": "40.54332016296647"}, {"units": "deg", "sigma": ".00010563", "label": "i", "name": "i", "title": "inclination; angle with respect to x-y ecliptic plane", "value": "2.969136020027265"}, {"value": "37.33901156498668", "name": "om", "title": "longitude of the ascending node", "sigma": ".0026395", "units": "deg", "label": "node"}, {"value": "41.4603625104504", "label": "peri", "sigma": ".01138", "units": "deg", "title": "argument of perihelion", "name": "w"}, {"units": "deg", "sigma": ".009755", "label": "M", "name": "ma", "title": "mean anomaly", "value": "20.29496665673656"}, {"label": "tp", "units": "TDB", "sigma": "2.7541", "title": "time of perihelion passage", "name": "tp", "value": "2453860.817360211112"}, {"value": "112455.7526467497", "label": "period", "units": "d", "sigma": "17.611", "title": "sidereal orbital period", "name": "per"}, {"units": "deg/d", "sigma": "5.0132E-7", "label": "n", "name": "n", "title": "mean motion", "value": ".003201259086592446"}, {"sigma": ".0052877", "units": "au", "label": "Q", "name": "ad", "title": "aphelion distance", "value": "50.64771845642595"}], "soln_date": "2023-04-27 04:22:15", "producer": "Otto Matic", "not_valid_after": null, "n_del_obs_used": null, "epoch": "2460200.5", "n_dop_obs_used": null, "orbit_id": "14", "two_body": null, "n_obs_used": 41, "comment": null, "covariance": {"epoch": "2456571.5", "data": [["5.42676048903463E-9", "6.460155246305472E-8", "5.471994410884442E-6", "1.551481023376191E-9", "2.034380054197969E-8", "1.717211649081198E-10"], ["6.460155246305472E-8", "7.772537009074636E-7", ".0001728889165683625", "1.812292805201563E-8", "6.770807165483374E-7", "2.034728356533604E-9"], ["5.471994410884442E-6", ".0001728889165683625", "7.22683467334824", "-3.13292590515899E-5", ".0290273315113912", "-1.565475556573581E-6"], ["1.551481023376191E-9", "1.812292805201563E-8", "-3.13292590515899E-5", "6.915290810913323E-6", "-7.031656518438012E-6", "2.737459047275971E-7"], ["2.034380054197969E-8", "6.770807165483374E-7", ".0290273315113912", "-7.031656518438012E-6", ".0001234887692339944", "-2.796550867295919E-7"], ["1.717211649081198E-10", "2.034728356533604E-9", "-1.565475556573581E-6", "2.737459047275971E-7", "-2.796550867295919E-7", "1.119940853884228E-8"]], "labels": ["e", "q", "tp", "node", "peri", "i"], "elements": [{"value": ".1130672834450147", "name": "e", "title": "eccentricity", "units": null, "sigma": 7.36665493221627e-05, "label": "e"}, {"units": "au", "sigma": 0.000881619929962716, "label": "q", "name": "q", "title": "perihelion distance", "value": "40.59145062471376"}, {"name": "tp", "title": "time of perihelion passage", "units": "TDB", "sigma": 2.68827726868867, "label": "tp", "value": "2454280.667039067705"}, {"value": "37.49437133037156", "label": "node", "sigma": 0.00262969405272045, "units": "deg", "title": "longitude of the ascending node", "name": "om"}, {"value": "43.02797195648218", "title": "argument of perihelion", "name": "w", "label": "peri", "units": "deg", "sigma": 0.0111125500779072}, {"value": "2.972612631143764", "label": "i", "units": "deg", "sigma": 0.000105827258014381, "title": "inclination", "name": "i"}]}, "sb_used": "SB441-N16", "pe_used": "DE441", "model_pars": [], "equinox": "J2000", "moid": "39.5583", "data_arc": "8860", "first_obs": "1998-11-18", "condition_code": "3", "rms": ".4181", "not_valid_before": null, "t_jup": "5.990", "last_obs": "2023-02-20", "source": "JPL", "moid_jup": "35.4511"}}