{"signature": {"version": "1.3", "source": "NASA/JPL Small-Body Database (SBDB) API"}, "orbit": {"soln_date": "2023-10-20 06:19:23", "producer": "Otto Matic", "elements": [{"label": "e", "sigma": "8.1934E-5", "units": null, "title": "eccentricity", "name": "e", "value": ".07376828229760328"}, {"label": "a", "units": "au", "sigma": ".0083791", "title": "semi-major axis", "name": "a", "value": "39.12695074275697"}, {"label": "q", "units": "au", "sigma": ".0047766", "title": "perihelion distance", "name": "q", "value": "36.24062279492085"}, {"value": "25.43404718523652", "title": "inclination; angle with respect to x-y ecliptic plane", "name": "i", "label": "i", "units": "deg", "sigma": "9.3204E-5"}, {"value": "232.3508444688426", "name": "om", "title": "longitude of the ascending node", "sigma": ".00051741", "units": "deg", "label": "node"}, {"title": "argument of perihelion", "name": "w", "label": "peri", "sigma": ".10893", "units": "deg", "value": "176.7822837938199"}, {"label": "M", "sigma": ".10332", "units": "deg", "title": "mean anomaly", "name": "ma", "value": "320.4104879385002"}, {"value": "2470031.327612589348", "sigma": "22.515", "units": "TDB", "label": "tp", "name": "tp", "title": "time of perihelion passage"}, {"value": "89394.8360625007", "label": "period", "units": "d", "sigma": "28.716", "title": "sidereal orbital period", "name": "per"}, {"value": ".004027078250339928", "title": "mean motion", "name": "n", "label": "n", "sigma": "1.2936E-6", "units": "deg/d"}, {"label": "Q", "sigma": ".0089972", "units": "au", "title": "aphelion distance", "name": "ad", "value": "42.01327869059308"}], "n_del_obs_used": null, "not_valid_after": null, "n_dop_obs_used": null, "orbit_id": "8", "epoch": "2460200.5", "n_obs_used": 41, "two_body": null, "sb_used": "SB441-N16", "comment": null, "covariance": {"data": [["6.572974937399847E-9", "3.445626120767456E-7", "-.001749683453571412", "3.989696298605771E-9", "-8.405737600146138E-6", "1.763613252150037E-9"], ["3.445626120767456E-7", "2.30916637844992E-5", "-.1121209598740508", "3.269852225436621E-7", "-.0005417182461364453", "9.065603936649487E-8"], ["-.001749683453571412", "-.1121209598740508", "548.7005062225257", "-.001539770409463634", "2.64840710340323", "-.0004616487129524754"], ["3.989696298605771E-9", "3.269852225436621E-7", "-.001539770409463634", "2.668068427286418E-7", "-7.705622369920093E-6", "-4.286565124321568E-8"], ["-8.405737600146138E-6", "-.0005417182461364453", "2.64840710340323", "-7.705622369920093E-6", ".01278489791763171", "-2.177361012457381E-6"], ["1.763613252150037E-9", "9.065603936649487E-8", "-.0004616487129524754", "-4.286565124321568E-8", "-2.177361012457381E-6", "8.697156012101846E-9"]], "epoch": "2455714.5", "labels": ["e", "q", "tp", "node", "peri", "i"], "elements": [{"value": ".07119924239321131", "name": "e", "title": "eccentricity", "units": null, "sigma": 8.10738856685668e-05, "label": "e"}, {"name": "q", "title": "perihelion distance", "units": "au", "sigma": 0.00480537863071155, "label": "q", "value": "36.24809462423841"}, {"units": "TDB", "sigma": 23.4243571143911, "label": "tp", "name": "tp", "title": "time of perihelion passage", "value": "2470107.405156404126"}, {"value": "232.3477362319947", "name": "om", "title": "longitude of the ascending node", "units": "deg", "sigma": 0.000516533486551106, "label": "node"}, {"value": "177.1151521569448", "label": "peri", "units": "deg", "sigma": 0.113070322886387, "title": "argument of perihelion", "name": "w"}, {"title": "inclination", "name": "i", "label": "i", "units": "deg", "sigma": 9.32585439094019e-05, "value": "25.46006457103909"}]}, "pe_used": "DE441", "moid": "35.2504", "equinox": "J2000", "model_pars": [], "first_obs": "2007-09-06", "condition_code": "4", "data_arc": "5844", "not_valid_before": null, "rms": ".3531", "t_jup": "5.072", "last_obs": "2023-09-06", "source": "JPL", "moid_jup": "31.2422"}, "object": {"neo": false, "fullname": "(2007 RY326)", "orbit_id": "8", "orbit_class": {"name": "TransNeptunian Object", "code": "TNO"}, "prefix": null, "pha": false, "kind": "au", "des": "2007 RY326", "spkid": "3715701"}}