{"signature": {"version": "1.3", "source": "NASA/JPL Small-Body Database (SBDB) API"}, "orbit": {"soln_date": "2023-11-02 01:10:27", "moid_jup": "38.5222", "condition_code": "3", "not_valid_after": null, "equinox": "J2000", "model_pars": [], "t_jup": "5.725", "last_obs": "2023-10-19", "producer": "Otto Matic", "orbit_id": "7", "two_body": null, "pe_used": "DE441", "data_arc": "3319", "first_obs": "2014-09-17", "n_del_obs_used": null, "rms": ".26076", "n_dop_obs_used": null, "covariance": {"epoch": "2458472.5", "elements": [{"sigma": 0.000100405305557085, "name": "e", "title": "eccentricity", "value": ".311572311909135", "label": "e", "units": null}, {"sigma": 0.00187770014097213, "name": "q", "title": "perihelion distance", "label": "q", "value": "42.75679546443154", "units": "au"}, {"title": "time of perihelion passage", "name": "tp", "sigma": 3.0825851265267, "label": "tp", "units": "TDB", "value": "2466294.470838036807"}, {"name": "om", "sigma": 0.000297451629350929, "title": "longitude of the ascending node", "value": "145.4054489242772", "label": "node", "units": "deg"}, {"title": "argument of perihelion", "sigma": 0.0132131831122732, "name": "w", "label": "peri", "units": "deg", "value": "267.7424947806562"}, {"title": "inclination", "sigma": 0.000103280240914869, "name": "i", "units": "deg", "label": "i", "value": "31.21805858101312"}], "labels": ["e", "q", "tp", "node", "peri", "i"], "data": [["1.008122538401168E-8", "1.06826143256797E-7", "-9.868689010588641E-5", "1.320265122251128E-10", "-3.871229152629892E-7", "1.641360520181271E-9"], ["1.06826143256797E-7", "3.52575781940674E-6", "-.005556491637568836", "7.434071587616877E-8", "-2.362010815981969E-5", "5.086095229035906E-8"], ["-9.868689010588641E-5", "-.005556491637568836", "9.502331062283622", "-.0001389601064467402", ".04070572107194093", "-7.901977399570966E-5"], ["1.320265122251128E-10", "7.434071587616877E-8", "-.0001389601064467402", "8.847747180352217E-8", "-6.743966662320072E-7", "2.987511199958253E-8"], ["-3.871229152629892E-7", "-2.362010815981969E-5", ".04070572107194093", "-6.743966662320072E-7", ".0001745882079584617", "-3.601446623556506E-7"], ["1.641360520181271E-9", "5.086095229035906E-8", "-7.901977399570966E-5", "2.987511199958253E-8", "-3.601446623556506E-7", "1.066680816343328E-8"]]}, "source": "JPL", "sb_used": "SB441-N16", "n_obs_used": 73, "moid": "41.9191", "not_valid_before": null, "comment": null, "epoch": "2460200.5", "elements": [{"units": null, "label": "e", "value": ".3241125120100372", "name": "e", "sigma": ".00010124", "title": "eccentricity"}, {"name": "a", "sigma": ".011281", "title": "semi-major axis", "label": "a", "units": "au", "value": "63.2694520868061"}, {"label": "q", "value": "42.76303103745268", "units": "au", "sigma": ".001856", "name": "q", "title": "perihelion distance"}, {"sigma": ".00010289", "name": "i", "title": "inclination; angle with respect to x-y ecliptic plane", "value": "31.20387555749805", "label": "i", "units": "deg"}, {"name": "om", "sigma": ".00029636", "title": "longitude of the ascending node", "units": "deg", "label": "node", "value": "145.3729819652209"}, {"title": "argument of perihelion", "sigma": ".012723", "name": "w", "units": "deg", "label": "peri", "value": "267.3397691396556"}, {"title": "mean anomaly", "sigma": ".0078138", "name": "ma", "label": "M", "value": "348.3401126442344", "units": "deg"}, {"sigma": "2.9524", "name": "tp", "title": "time of perihelion passage", "value": "2466154.123831929804", "label": "tp", "units": "TDB"}, {"name": "per", "sigma": "49.161", "title": "sidereal orbital period", "label": "period", "units": "d", "value": "183818.6351290013"}, {"sigma": "5.2378E-7", "name": "n", "title": "mean motion", "label": "n", "units": "deg/d", "value": ".001958452143589017"}, {"units": "au", "label": "Q", "value": "83.77587313615952", "name": "ad", "sigma": ".014937", "title": "aphelion distance"}]}, "object": {"spkid": "3841636", "neo": false, "kind": "au", "orbit_id": "7", "pha": false, "orbit_class": {"name": "TransNeptunian Object", "code": "TNO"}, "prefix": null, "des": "2014 SP363", "fullname": "(2014 SP363)"}}