{"object": {"orbit_class": {"name": "TransNeptunian Object", "code": "TNO"}, "orbit_id": "1", "kind": "au", "pha": false, "des": "2015 TQ454", "prefix": null, "fullname": "(2015 TQ454)", "neo": false, "spkid": "54199104"}, "orbit": {"covariance": {"data": [["3.796034511572533E-6", "-.000132304588126395", ".3244632701869646", "1.209526173545778E-6", ".001656205660122054", "-5.710410755931774E-7"], ["-.000132304588126395", ".004878823585713668", "-11.86899341424689", "-6.146646999304325E-5", "-.06055214518096608", "2.939788490876111E-5"], [".3244632701869646", "-11.86899341424689", "28911.92878991812", ".1433691500110602", "147.5087945842862", "-.06846970049684654"], ["1.209526173545778E-6", "-6.146646999304325E-5", ".1433691500110602", "1.030907845664698E-5", ".0007225141109462476", "-4.776919621989897E-6"], [".001656205660122054", "-.06055214518096608", "147.5087945842862", ".0007225141109462476", ".7526016813185951", "-.0003451656371778013"], ["-5.710410755931774E-7", "2.939788490876111E-5", "-.06846970049684654", "-4.776919621989897E-6", "-.0003451656371778013", "2.219515443131765E-6"]], "labels": ["e", "q", "tp", "node", "peri", "i"], "epoch": "2457639.5", "elements": [{"sigma": 0.0019483414771473, "name": "e", "title": "eccentricity", "units": null, "label": "e", "value": ".2643577317269378"}, {"value": "37.68986729096292", "label": "q", "units": "au", "title": "perihelion distance", "name": "q", "sigma": 0.0698485761180117}, {"label": "tp", "units": "TDB", "value": "2463854.390497563122", "sigma": 170.035081056581, "name": "tp", "title": "time of perihelion passage"}, {"units": "deg", "label": "node", "value": "59.10165056003661", "title": "longitude of the ascending node", "name": "om", "sigma": 0.00321077536689302}, {"title": "argument of perihelion", "name": "w", "sigma": 0.867526184802854, "value": "339.9893603919187", "label": "peri", "units": "deg"}, {"value": "32.1611206488594", "label": "i", "units": "deg", "sigma": 0.00148980382706307, "name": "i", "title": "inclination"}]}, "source": "JPL", "moid": "36.7553", "sb_used": "SB441-N16", "n_obs_used": 7, "not_valid_before": null, "comment": null, "elements": [{"sigma": ".0018976", "name": "e", "title": "eccentricity", "value": ".2757630998463048", "label": "e", "units": null}, {"sigma": ".050788", "name": "a", "title": "semi-major axis", "label": "a", "value": "52.09560677225353", "units": "au"}, {"label": "q", "units": "au", "value": "37.72956076036275", "sigma": ".067958", "name": "q", "title": "perihelion distance"}, {"title": "inclination; angle with respect to x-y ecliptic plane", "sigma": ".0014708", "name": "i", "units": "deg", "label": "i", "value": "32.07011512912275"}, {"label": "node", "value": "59.24292099966745", "units": "deg", "sigma": ".0031908", "name": "om", "title": "longitude of the ascending node"}, {"value": "339.0237718694061", "label": "peri", "units": "deg", "title": "argument of perihelion", "sigma": ".84195", "name": "w"}, {"label": "M", "units": "deg", "value": "350.9333287780671", "name": "ma", "sigma": ".42182", "title": "mean anomaly"}, {"name": "tp", "sigma": "164.86", "title": "time of perihelion passage", "units": "TDB", "label": "tp", "value": "2463659.459242948358"}, {"value": "137340.9597614079", "label": "period", "units": "d", "sigma": "200.84", "name": "per", "title": "sidereal orbital period"}, {"title": "mean motion", "sigma": "3.8331E-6", "name": "n", "label": "n", "units": "deg/d", "value": ".002621213661426284"}, {"title": "aphelion distance", "sigma": ".064793", "name": "ad", "value": "66.46165278414432", "label": "Q", "units": "au"}], "epoch": "2460200.5", "orbit_id": "1", "two_body": null, "pe_used": "DE441", "data_arc": "796", "first_obs": "2015-10-07", "n_del_obs_used": null, "rms": ".2204", "n_dop_obs_used": null, "t_jup": "5.255", "producer": "Otto Matic", "last_obs": "2017-12-11", "soln_date": "2021-09-22 13:42:05", "moid_jup": "32.8184", "not_valid_after": null, "equinox": "J2000", "condition_code": "5", "model_pars": []}, "signature": {"version": "1.3", "source": "NASA/JPL Small-Body Database (SBDB) API"}}