{"orbit": {"t_jup": "6.195", "last_obs": "2022-11-19", "producer": "Otto Matic", "moid_jup": "33.0729", "soln_date": "2023-03-01 22:03:38", "model_pars": [], "equinox": "J2000", "not_valid_after": null, "condition_code": "5", "sb_used": "SB441-N16", "source": "JPL", "n_obs_used": 19, "moid": "37.1214", "covariance": {"data": [["6.470801935313652E-7", "-1.73845137062814E-5", "-.04690285329169958", "-6.933417279347288E-8", "-8.23052137658734E-5", "2.957831216491102E-8"], ["-1.73845137062814E-5", ".000701646664408237", "1.161449541883723", "-1.155352003053532E-6", ".001334912859330061", "3.221782792572467E-7"], ["-.04690285329169958", "1.161449541883723", "3441.795031725944", ".006282817380671007", "6.335529048589883", "-.002609230642746858"], ["-6.933417279347288E-8", "-1.155352003053532E-6", ".006282817380671007", "7.651746747808635E-6", "1.255338221438512E-5", "-2.334980431212688E-6"], ["-8.23052137658734E-5", ".001334912859330061", "6.335529048589883", "1.255338221438512E-5", ".0137521199266934", "-5.635296552718814E-6"], ["2.957831216491102E-8", "3.221782792572467E-7", "-.002609230642746858", "-2.334980431212688E-6", "-5.635296552718814E-6", "7.263081653104839E-7"]], "labels": ["e", "q", "tp", "node", "peri", "i"], "epoch": "2457191.5", "elements": [{"sigma": 0.000804412949629334, "name": "e", "title": "eccentricity", "value": ".2998245523670674", "label": "e", "units": null}, {"units": "au", "label": "q", "value": "37.74808210183986", "title": "perihelion distance", "sigma": 0.0264886138634742, "name": "q"}, {"sigma": 58.666813717177, "name": "tp", "title": "time of perihelion passage", "value": "2493761.023640189444", "label": "tp", "units": "TDB"}, {"name": "om", "sigma": 0.00276617908816632, "title": "longitude of the ascending node", "units": "deg", "label": "node", "value": "160.8164382147377"}, {"title": "argument of perihelion", "sigma": 0.11726943304499, "name": "w", "label": "peri", "units": "deg", "value": "276.9994499324769"}, {"sigma": 0.000852237153209413, "name": "i", "title": "inclination", "label": "i", "units": "deg", "value": "8.816541005594745"}]}, "epoch": "2460200.5", "comment": null, "elements": [{"sigma": ".00082545", "name": "e", "title": "eccentricity", "label": "e", "units": null, "value": ".3006543873170937"}, {"units": "au", "label": "a", "value": "54.47319290834309", "title": "semi-major axis", "sigma": ".039281", "name": "a"}, {"title": "perihelion distance", "name": "q", "sigma": ".027029", "label": "q", "units": "au", "value": "38.09558846927935"}, {"sigma": ".00084801", "name": "i", "title": "inclination; angle with respect to x-y ecliptic plane", "value": "8.767702457366811", "label": "i", "units": "deg"}, {"sigma": ".002784", "name": "om", "title": "longitude of the ascending node", "label": "node", "units": "deg", "value": "160.9581606063804"}, {"title": "argument of perihelion", "name": "w", "sigma": ".11322", "label": "peri", "units": "deg", "value": "275.005490035002"}, {"label": "M", "value": "278.7120859567686", "units": "deg", "name": "ma", "sigma": ".22253", "title": "mean anomaly"}, {"value": "2493359.097501579883", "label": "tp", "units": "TDB", "title": "time of perihelion passage", "sigma": "57.521", "name": "tp"}, {"units": "d", "label": "period", "value": "146849.5684883763", "title": "sidereal orbital period", "sigma": "158.84", "name": "per"}, {"title": "mean motion", "sigma": "2.6517E-6", "name": "n", "label": "n", "value": ".002451488306746338", "units": "deg/d"}, {"label": "Q", "value": "70.85079734740684", "units": "au", "name": "ad", "sigma": ".051091", "title": "aphelion distance"}], "not_valid_before": null, "pe_used": "DE441", "two_body": null, "orbit_id": "4", "rms": ".61365", "n_dop_obs_used": null, "n_del_obs_used": null, "first_obs": "2012-07-22", "data_arc": "3772"}, "object": {"spkid": "3757907", "neo": false, "kind": "au", "orbit_id": "4", "pha": false, "orbit_class": {"code": "TNO", "name": "TransNeptunian Object"}, "prefix": null, "des": "2012 OL6", "fullname": "(2012 OL6)"}, "signature": {"version": "1.3", "source": "NASA/JPL Small-Body Database (SBDB) API"}}