{"object": {"spkid": "3709403", "neo": false, "prefix": null, "des": "2014 QP441", "fullname": "(2014 QP441)", "orbit_id": "10", "kind": "au", "pha": false, "orbit_class": {"name": "TransNeptunian Object", "code": "TNO"}}, "orbit": {"t_jup": "4.712", "last_obs": "2017-12-22", "producer": "Otto Matic", "soln_date": "2021-04-15 11:01:33", "moid_jup": "23.0021", "not_valid_after": null, "condition_code": "4", "equinox": "J2000", "model_pars": [], "covariance": {"labels": ["e", "q", "tp", "node", "peri", "i"], "data": [["1.632284809626304E-7", "-4.665030690048645E-6", ".008444753546081778", "-1.090708596419622E-7", "7.035508099640239E-5", "1.908970272112342E-8"], ["-4.665030690048645E-6", ".0001373169693485024", "-.2549251445655406", "2.844753351580324E-6", "-.002110217052456157", "-4.885934565031984E-7"], [".008444753546081778", "-.2549251445655406", "483.5201495426801", "-.004741327304685325", "3.981110072968997", ".0007989556630160428"], ["-1.090708596419622E-7", "2.844753351580324E-6", "-.004741327304685325", "1.687183750844999E-6", "-4.188528904419693E-5", "-2.629956044287679E-7"], ["7.035508099640239E-5", "-.002110217052456157", "3.981110072968997", "-4.188528904419693E-5", ".03282385633660935", "7.072728826734346E-6"], ["1.908970272112342E-8", "-4.885934565031984E-7", ".0007989556630160428", "-2.629956044287679E-7", "7.072728826734346E-6", "4.155678938884291E-8"]], "epoch": "2457133.5", "elements": [{"units": null, "label": "e", "value": ".06713436125257469", "title": "eccentricity", "sigma": 0.000404015446440641, "name": "e"}, {"value": "28.03293764092993", "label": "q", "units": "au", "title": "perihelion distance", "name": "q", "sigma": 0.0117182323474363}, {"label": "tp", "units": "TDB", "value": "2467391.280470982425", "title": "time of perihelion passage", "name": "tp", "sigma": 21.9890916033992}, {"label": "node", "value": "96.61111019473537", "units": "deg", "title": "longitude of the ascending node", "name": "om", "sigma": 0.00129891637561661}, {"value": "3.371361089715889", "label": "peri", "units": "deg", "title": "argument of perihelion", "sigma": 0.181173553082698, "name": "w"}, {"units": "deg", "label": "i", "value": "19.39622061995695", "title": "inclination", "name": "i", "sigma": 0.00020385482429622}]}, "n_obs_used": 114, "source": "JPL", "sb_used": "SB441-N16", "moid": "27.1868", "not_valid_before": null, "comment": null, "elements": [{"value": ".06995064395311562", "label": "e", "units": null, "title": "eccentricity", "name": "e", "sigma": ".00038258"}, {"label": "a", "value": "30.29012738345112", "units": "au", "sigma": ".0022622", "name": "a", "title": "semi-major axis"}, {"name": "q", "sigma": ".011187", "title": "perihelion distance", "units": "au", "label": "q", "value": "28.17131346755681"}, {"title": "inclination; angle with respect to x-y ecliptic plane", "name": "i", "sigma": ".00020376", "label": "i", "value": "19.38992281493967", "units": "deg"}, {"name": "om", "sigma": ".0012986", "title": "longitude of the ascending node", "value": "96.56804712515846", "label": "node", "units": "deg"}, {"sigma": ".20667", "name": "w", "title": "argument of perihelion", "units": "deg", "label": "peri", "value": "357.5948104811292"}, {"title": "mean anomaly", "name": "ma", "sigma": ".15673", "units": "deg", "label": "M", "value": "322.4466480628326"}, {"title": "time of perihelion passage", "name": "tp", "sigma": "26.509", "label": "tp", "value": "2466552.292220590712", "units": "TDB"}, {"name": "per", "sigma": "6.8213", "title": "sidereal orbital period", "units": "d", "label": "period", "value": "60890.57518057431"}, {"sigma": "6.6232E-7", "name": "n", "title": "mean motion", "label": "n", "value": ".005912245022031743", "units": "deg/d"}, {"value": "32.40894129934543", "label": "Q", "units": "au", "title": "aphelion distance", "sigma": ".0024204", "name": "ad"}], "epoch": "2460200.5", "orbit_id": "10", "two_body": null, "pe_used": "DE441", "data_arc": "1219", "first_obs": "2014-08-21", "n_del_obs_used": null, "n_dop_obs_used": null, "rms": ".19118"}, "signature": {"version": "1.3", "source": "NASA/JPL Small-Body Database (SBDB) API"}}