{"signature": {"version": "1.3", "source": "NASA/JPL Small-Body Database (SBDB) API"}, "orbit": {"moid_jup": "32.1263", "soln_date": "2023-10-20 07:05:59", "equinox": "J2000", "not_valid_after": null, "condition_code": "2", "model_pars": [], "t_jup": "6.041", "last_obs": "2022-08-27", "producer": "Otto Matic", "orbit_id": "8", "pe_used": "DE441", "two_body": null, "n_del_obs_used": null, "first_obs": "2010-05-14", "data_arc": "4488", "n_dop_obs_used": null, "rms": ".63139", "source": "JPL", "sb_used": "SB441-N16", "moid": "36.1271", "n_obs_used": 160, "covariance": {"elements": [{"title": "eccentricity", "sigma": 2.10641378015631e-05, "name": "e", "value": ".2451600935985625", "label": "e", "units": null}, {"value": "37.0135984825688", "label": "q", "units": "au", "name": "q", "sigma": 0.000453012153831495, "title": "perihelion distance"}, {"label": "tp", "value": "2450460.935269604024", "units": "TDB", "title": "time of perihelion passage", "name": "tp", "sigma": 0.860916848066231}, {"name": "om", "sigma": 0.00044783894696478, "title": "longitude of the ascending node", "label": "node", "value": "215.8846594627508", "units": "deg"}, {"sigma": 0.00444603164672536, "name": "w", "title": "argument of perihelion", "value": "101.2600948391595", "label": "peri", "units": "deg"}, {"title": "inclination", "name": "i", "sigma": 5.32428206384414e-05, "units": "deg", "label": "i", "value": "7.173575669072171"}], "epoch": "2457216.5", "labels": ["e", "q", "tp", "node", "peri", "i"], "data": [["4.436979013232385E-10", "5.219061894779466E-9", "7.449268638669885E-6", "2.815185839269484E-10", "3.595276352126902E-8", "-1.294931872944595E-11"], ["5.219061894779466E-9", "2.052200115190499E-7", ".0003839748721278338", "1.041049327872932E-9", "1.965269190722051E-6", "2.773378428157117E-10"], ["7.449268638669885E-6", ".0003839748721278338", ".7411778192842934", "-1.064244811240596E-7", ".003806926194757059", "6.780068209175216E-7"], ["2.815185839269484E-10", "1.041049327872932E-9", "-1.064244811240596E-7", "2.005597224185234E-7", "-2.010223075409358E-7", "-2.362343094063669E-8"], ["3.595276352126902E-8", "1.965269190722051E-6", ".003806926194757059", "-2.010223075409358E-7", "1.976719740368341E-5", "2.702827118578475E-8"], ["-1.294931872944595E-11", "2.773378428157117E-10", "6.780068209175216E-7", "-2.362343094063669E-8", "2.702827118578475E-8", "2.834797949537245E-9"]]}, "not_valid_before": null, "comment": null, "elements": [{"name": "e", "sigma": "2.1416E-5", "title": "eccentricity", "label": "e", "value": ".2539339366454899", "units": null}, {"sigma": ".0018273", "name": "a", "title": "semi-major axis", "label": "a", "units": "au", "value": "49.77164895263428"}, {"title": "perihelion distance", "sigma": ".00043587", "name": "q", "label": "q", "value": "37.13293820075448", "units": "au"}, {"title": "inclination; angle with respect to x-y ecliptic plane", "sigma": "5.2872E-5", "name": "i", "value": "7.151184395274755", "label": "i", "units": "deg"}, {"label": "node", "units": "deg", "value": "216.002510352993", "sigma": ".0004483", "name": "om", "title": "longitude of the ascending node"}, {"label": "peri", "value": "102.892593984787", "units": "deg", "title": "argument of perihelion", "name": "w", "sigma": ".0042656"}, {"title": "mean anomaly", "sigma": ".0034277", "name": "ma", "label": "M", "value": "26.29071204927126", "units": "deg"}, {"units": "TDB", "label": "tp", "value": "2450834.129808015101", "title": "time of perihelion passage", "name": "tp", "sigma": ".82939"}, {"sigma": "7.0629", "name": "per", "title": "sidereal orbital period", "label": "period", "units": "d", "value": "128254.1630213484"}, {"value": ".002806926430451047", "label": "n", "units": "deg/d", "sigma": "1.5458E-7", "name": "n", "title": "mean motion"}, {"title": "aphelion distance", "name": "ad", "sigma": ".0022913", "label": "Q", "value": "62.41035970451409", "units": "au"}], "epoch": "2460200.5"}, "object": {"des": "2010 JJ210", "prefix": null, "fullname": "(2010 JJ210)", "orbit_class": {"code": "TNO", "name": "TransNeptunian Object"}, "orbit_id": "8", "kind": "au", "pha": false, "neo": false, "spkid": "3841225"}}