{"object": {"pha": false, "neo": false, "fullname": "523723 (2014 MY69)", "prefix": null, "orbit_class": {"code": "TNO", "name": "TransNeptunian Object"}, "orbit_id": "11", "des": "523723", "kind": "an", "spkid": "20523723"}, "signature": {"version": "1.3", "source": "NASA/JPL Small-Body Database (SBDB) API"}, "orbit": {"moid_jup": "33.2711", "source": "JPL", "last_obs": "2022-09-27", "t_jup": "5.455", "not_valid_before": null, "rms": ".48645", "data_arc": "4423", "condition_code": "2", "first_obs": "2010-08-18", "model_pars": [], "moid": "37.6895", "equinox": "J2000", "pe_used": "DE441", "covariance": {"data": [["1.810603142438303E-10", "-1.637741014852212E-8", "-8.414198749952359E-6", "-1.597793797745741E-11", "-8.777801047596371E-8", "-1.842685122001046E-11"], ["-1.637741014852212E-8", "1.924568244034779E-6", ".003535584046690486", "4.71808538404893E-9", "1.996752870459117E-5", "9.690176371075592E-10"], ["-8.414198749952359E-6", ".003535584046690486", "17.80145625157029", "2.120077217523761E-5", ".07952444819058273", "-3.540485811427623E-6"], ["-1.597793797745741E-11", "4.71808538404893E-9", "2.120077217523761E-5", "9.290445651387794E-9", "8.762083598768668E-8", "-5.184003960210707E-9"], ["-8.777801047596371E-8", "1.996752870459117E-5", ".07952444819058273", "8.762083598768668E-8", ".0003695160757786242", "-5.164245315672639E-9"], ["-1.842685122001046E-11", "9.690176371075592E-10", "-3.540485811427623E-6", "-5.184003960210707E-9", "-5.164245315672639E-9", "2.991675001740124E-9"]], "epoch": "2457399.5", "elements": [{"title": "eccentricity", "name": "e", "label": "e", "units": null, "sigma": 1.34558654215859e-05, "value": ".05651942209418596"}, {"name": "q", "title": "perihelion distance", "units": "au", "sigma": 0.00138728808977616, "label": "q", "value": "37.97872939947504"}, {"value": "2423966.139401605935", "label": "tp", "sigma": 4.21917720077864, "units": "TDB", "title": "time of perihelion passage", "name": "tp"}, {"sigma": 9.63869578905144e-05, "units": "deg", "label": "node", "name": "om", "title": "longitude of the ascending node", "value": ".9692257014123982"}, {"value": "198.5268234707642", "sigma": 0.0192228009347916, "units": "deg", "label": "peri", "name": "w", "title": "argument of perihelion"}, {"label": "i", "units": "deg", "sigma": 5.4696206465715e-05, "title": "inclination", "name": "i", "value": "17.47216226416617"}], "labels": ["e", "q", "tp", "node", "peri", "i"]}, "comment": null, "sb_used": "SB441-N16", "n_obs_used": 193, "two_body": null, "epoch": "2460200.5", "n_dop_obs_used": null, "orbit_id": "11", "not_valid_after": null, "n_del_obs_used": null, "elements": [{"title": "eccentricity", "name": "e", "label": "e", "units": null, "sigma": "1.3057E-5", "value": ".04771802117135528"}, {"value": "40.62519529302143", "label": "a", "sigma": ".0010239", "units": "au", "title": "semi-major axis", "name": "a"}, {"sigma": ".0013735", "units": "au", "label": "q", "name": "q", "title": "perihelion distance", "value": "38.68664136393859"}, {"title": "inclination; angle with respect to x-y ecliptic plane", "name": "i", "label": "i", "units": "deg", "sigma": "5.4399E-5", "value": "17.38260432284703"}, {"value": "1.09884107576123", "name": "om", "title": "longitude of the ascending node", "units": "deg", "sigma": "9.6841E-5", "label": "node"}, {"name": "w", "title": "argument of perihelion", "sigma": ".023286", "units": "deg", "label": "peri", "value": "203.1447710842695"}, {"value": "135.4069153281823", "sigma": ".024715", "units": "deg", "label": "M", "name": "ma", "title": "mean anomaly"}, {"title": "time of perihelion passage", "name": "tp", "label": "tp", "units": "TDB", "sigma": "5.3061", "value": "2424626.724224594640"}, {"value": "94578.32525101837", "sigma": "3.5755", "units": "d", "label": "period", "name": "per", "title": "sidereal orbital period"}, {"value": ".003806368943883617", "title": "mean motion", "name": "n", "label": "n", "units": "deg/d", "sigma": "1.439E-7"}, {"label": "Q", "units": "au", "sigma": ".0010727", "title": "aphelion distance", "name": "ad", "value": "42.56374922210426"}], "soln_date": "2022-11-25 04:11:19", "producer": "Otto Matic"}}