{"signature": {"version": "1.3", "source": "NASA/JPL Small-Body Database (SBDB) API"}, "orbit": {"moid_jup": "26.3961", "last_obs": "2020-09-21", "source": "JPL", "t_jup": "5.499", "data_arc": "2607", "condition_code": "3", "first_obs": "2013-08-02", "rms": ".26387", "not_valid_before": null, "model_pars": [], "equinox": "J2000", "moid": "30.5611", "comment": null, "covariance": {"data": [["3.602267409578983E-8", "-9.815791517368243E-7", "-.0002921508504404512", "4.792501672909287E-10", "1.597766470473268E-6", "4.852805206030092E-10"], ["-9.815791517368243E-7", "3.75936445532121E-5", "-.00144408120537721", "3.919964095803962E-8", "-.0001206141053547125", "1.935155564568786E-8"], ["-.0002921508504404512", "-.00144408120537721", "10.7612040201292", "-4.674214738903813E-5", ".05490160738161755", "-3.063658353642371E-5"], ["4.792501672909287E-10", "3.919964095803962E-8", "-4.674214738903813E-5", "4.30329321355266E-6", "-4.612334963481993E-6", "1.74921690431605E-6"], ["1.597766470473268E-6", "-.0001206141053547125", ".05490160738161755", "-4.612334963481993E-6", ".0006272826613125221", "-1.940053789301899E-6"], ["4.852805206030092E-10", "1.935155564568786E-8", "-3.063658353642371E-5", "1.74921690431605E-6", "-1.940053789301899E-6", "7.186791370595294E-7"]], "epoch": "2456742.5", "labels": ["e", "q", "tp", "node", "peri", "i"], "elements": [{"value": ".2043652828126004", "label": "e", "sigma": 0.000189796401693472, "units": null, "title": "eccentricity", "name": "e"}, {"title": "perihelion distance", "name": "q", "label": "q", "units": "au", "sigma": 0.00613136563525713, "value": "31.33095258820071"}, {"title": "time of perihelion passage", "name": "tp", "label": "tp", "units": "TDB", "sigma": 3.28042741424486, "value": "2472738.314173630375"}, {"name": "om", "title": "longitude of the ascending node", "sigma": 0.00207443804765355, "units": "deg", "label": "node", "value": "178.4853492749507"}, {"title": "argument of perihelion", "name": "w", "label": "peri", "units": "deg", "sigma": 0.0250456116178568, "value": "282.8734629677883"}, {"value": "6.782047221376557", "label": "i", "units": "deg", "sigma": 0.000847749454178255, "title": "inclination", "name": "i"}]}, "sb_used": "SB441-N16", "pe_used": "DE441", "epoch": "2460200.5", "n_dop_obs_used": null, "orbit_id": "3", "two_body": null, "n_obs_used": 33, "elements": [{"label": "e", "sigma": ".00018932", "units": null, "title": "eccentricity", "name": "e", "value": ".2054038962634182"}, {"label": "a", "sigma": ".0051249", "units": "au", "title": "semi-major axis", "name": "a", "value": "39.69151054473529"}, {"units": "au", "sigma": ".0061213", "label": "q", "name": "q", "title": "perihelion distance", "value": "31.53871963026612"}, {"units": "deg", "sigma": ".00084472", "label": "i", "name": "i", "title": "inclination; angle with respect to x-y ecliptic plane", "value": "6.761578433994702"}, {"units": "deg", "sigma": ".0020798", "label": "node", "name": "om", "title": "longitude of the ascending node", "value": "178.3873682041314"}, {"value": "280.954119815636", "label": "peri", "sigma": ".025733", "units": "deg", "title": "argument of perihelion", "name": "w"}, {"value": "311.7355257169323", "label": "M", "sigma": ".021676", "units": "deg", "title": "mean anomaly", "name": "ma"}, {"sigma": "3.1828", "units": "TDB", "label": "tp", "name": "tp", "title": "time of perihelion passage", "value": "2472445.814591696055"}, {"label": "period", "units": "d", "sigma": "17.69", "title": "sidereal orbital period", "name": "per", "value": "91336.60561920001"}, {"value": ".003941464624828622", "title": "mean motion", "name": "n", "label": "n", "units": "deg/d", "sigma": "7.6337E-7"}, {"name": "ad", "title": "aphelion distance", "sigma": ".0061776", "units": "au", "label": "Q", "value": "47.84430145920446"}], "soln_date": "2021-04-15 08:53:33", "producer": "Otto Matic", "not_valid_after": null, "n_del_obs_used": null}, "object": {"neo": false, "fullname": "(2013 UW18)", "prefix": null, "orbit_id": "3", "orbit_class": {"code": "TNO", "name": "TransNeptunian Object"}, "pha": false, "kind": "au", "des": "2013 UW18", "spkid": "3799693"}}