{"object": {"prefix": null, "des": "2015 RE279", "fullname": "(2015 RE279)", "orbit_class": {"code": "TNO", "name": "TransNeptunian Object"}, "orbit_id": "2", "kind": "au", "pha": false, "neo": false, "spkid": "3831129"}, "orbit": {"orbit_id": "2", "pe_used": "DE441", "two_body": null, "n_del_obs_used": null, "first_obs": "2015-07-14", "data_arc": "862", "n_dop_obs_used": null, "rms": ".17675", "sb_used": "SB441-N16", "source": "JPL", "n_obs_used": 28, "moid": "32.2287", "covariance": {"labels": ["e", "q", "tp", "node", "peri", "i"], "data": [["5.478574283577885E-6", "-.0001237752028954603", "-.08101304280603047", "1.375927526740911E-7", "1.860441830164107E-5", "1.358455560541561E-7"], ["-.0001237752028954603", ".002815662318780272", "1.827577617987715", "-2.302520064810538E-6", "-.0004800293648258768", "-2.066244270373321E-6"], ["-.08101304280603047", "1.827577617987715", "1198.933553177031", "-.002076300446658415", "-.2648985897300247", "-.002060723563470369"], ["1.375927526740911E-7", "-2.302520064810538E-6", "-.002076300446658415", "2.054144028910263E-6", "-3.761188993641144E-6", "2.462794124431994E-6"], ["1.860441830164107E-5", "-.0004800293648258768", "-.2648985897300247", "-3.761188993641144E-6", ".0002555741396128768", "-4.710558069321777E-6"], ["1.358455560541561E-7", "-2.066244270373321E-6", "-.002060723563470369", "2.462794124431994E-6", "-4.710558069321777E-6", "2.96991908058757E-6"]], "elements": [{"units": null, "label": "e", "value": ".4271078951513178", "title": "eccentricity", "name": "e", "sigma": 0.00234063544439921}, {"value": "32.88631900499142", "label": "q", "units": "au", "title": "perihelion distance", "name": "q", "sigma": 0.0530628148403406}, {"label": "tp", "value": "2475768.115732858096", "units": "TDB", "sigma": 34.6256198959243, "name": "tp", "title": "time of perihelion passage"}, {"label": "node", "value": "358.6508818596009", "units": "deg", "title": "longitude of the ascending node", "sigma": 0.00143322853338547, "name": "om"}, {"label": "peri", "value": "99.72242198257415", "units": "deg", "name": "w", "sigma": 0.0159866863237156, "title": "argument of perihelion"}, {"value": "14.11449050739692", "label": "i", "units": "deg", "sigma": 0.00172334531669877, "name": "i", "title": "inclination"}], "epoch": "2457527.5"}, "not_valid_before": null, "elements": [{"label": "e", "value": ".4316654111595401", "units": null, "title": "eccentricity", "sigma": ".002352", "name": "e"}, {"sigma": ".14768", "name": "a", "title": "semi-major axis", "label": "a", "value": "58.38731232523074", "units": "au"}, {"units": "au", "label": "q", "value": "33.18352914385952", "title": "perihelion distance", "name": "q", "sigma": ".053691"}, {"units": "deg", "label": "i", "value": "14.03822044242024", "title": "inclination; angle with respect to x-y ecliptic plane", "name": "i", "sigma": ".0017138"}, {"label": "node", "units": "deg", "value": "358.568821080856", "sigma": ".0014401", "name": "om", "title": "longitude of the ascending node"}, {"title": "argument of perihelion", "sigma": ".021715", "name": "w", "label": "peri", "units": "deg", "value": "98.20477615642581"}, {"value": "326.143382038772", "label": "M", "units": "deg", "sigma": ".20005", "name": "ma", "title": "mean anomaly"}, {"title": "time of perihelion passage", "sigma": "32.424", "name": "tp", "units": "TDB", "label": "tp", "value": "2475526.090802127021"}, {"title": "sidereal orbital period", "name": "per", "sigma": "618.27", "label": "period", "value": "162958.1754174012", "units": "d"}, {"value": ".00220915580993648", "label": "n", "units": "deg/d", "sigma": "8.3816E-6", "name": "n", "title": "mean motion"}, {"title": "aphelion distance", "name": "ad", "sigma": ".21143", "value": "83.59109550660195", "label": "Q", "units": "au"}], "comment": null, "epoch": "2460200.5", "moid_jup": "28.1889", "soln_date": "2021-04-15 14:37:02", "not_valid_after": null, "equinox": "J2000", "condition_code": "5", "model_pars": [], "t_jup": "5.952", "last_obs": "2017-11-22", "producer": "Otto Matic"}, "signature": {"version": "1.3", "source": "NASA/JPL Small-Body Database (SBDB) API"}}