{"object": {"kind": "au", "des": "2013 JC65", "spkid": "3727207", "pha": false, "neo": false, "fullname": "(2013 JC65)", "orbit_id": "5", "orbit_class": {"code": "TNO", "name": "TransNeptunian Object"}, "prefix": null}, "orbit": {"epoch": "2460200.5", "orbit_id": "5", "n_dop_obs_used": null, "n_obs_used": 33, "two_body": null, "elements": [{"title": "eccentricity", "name": "e", "label": "e", "sigma": ".00015469", "units": null, "value": ".2913533920767375"}, {"value": "39.23250017315647", "sigma": ".0075612", "units": "au", "label": "a", "name": "a", "title": "semi-major axis"}, {"value": "27.80197816805614", "sigma": ".0023534", "units": "au", "label": "q", "name": "q", "title": "perihelion distance"}, {"value": "16.43000691043081", "name": "i", "title": "inclination; angle with respect to x-y ecliptic plane", "sigma": ".00056169", "units": "deg", "label": "i"}, {"title": "longitude of the ascending node", "name": "om", "label": "node", "units": "deg", "sigma": ".0010967", "value": "87.18614766630587"}, {"value": "127.4308174504626", "label": "peri", "units": "deg", "sigma": ".04471", "title": "argument of perihelion", "name": "w"}, {"label": "M", "units": "deg", "sigma": ".021226", "title": "mean anomaly", "name": "ma", "value": "26.5868040001244"}, {"label": "tp", "units": "TDB", "sigma": "5.565", "title": "time of perihelion passage", "name": "tp", "value": "2453571.759189884334"}, {"name": "per", "title": "sidereal orbital period", "units": "d", "sigma": "25.948", "label": "period", "value": "89756.80911592359"}, {"label": "n", "units": "deg/d", "sigma": "1.1595E-6", "title": "mean motion", "name": "n", "value": ".004010837768698408"}, {"name": "ad", "title": "aphelion distance", "units": "au", "sigma": ".0097642", "label": "Q", "value": "50.6630221782568"}], "producer": "Otto Matic", "soln_date": "2021-04-15 08:11:55", "n_del_obs_used": null, "not_valid_after": null, "model_pars": [], "equinox": "J2000", "moid": "26.8208", "comment": null, "covariance": {"epoch": "2456718.5", "data": [["2.440655295249139E-8", "-1.806182837448459E-7", "-.0005591378523611789", "1.926866906869916E-8", "-4.562977555948296E-6", "-8.226634789785295E-9"], ["-1.806182837448459E-7", "5.639746027295164E-6", ".01263258423240837", "-2.551643455646498E-7", ".0001018799926464725", "1.487297363047353E-7"], ["-.0005591378523611789", ".01263258423240837", "29.75132619546401", "-.0006695498882328306", ".240268997631478", ".0003634225086337258"], ["1.926866906869916E-8", "-2.551643455646498E-7", "-.0006695498882328306", "1.203124666682607E-6", "-6.564189338030142E-6", "-6.130714360958727E-7"], ["-4.562977555948296E-6", ".0001018799926464725", ".240268997631478", "-6.564189338030142E-6", ".001941710071266562", "3.519444605165001E-6"], ["-8.226634789785295E-9", "1.487297363047353E-7", ".0003634225086337258", "-6.130714360958727E-7", "3.519444605165001E-6", "3.150853612563221E-7"]], "labels": ["e", "q", "tp", "node", "peri", "i"], "elements": [{"value": ".2946065129495891", "label": "e", "units": null, "sigma": 0.000156225967599792, "title": "eccentricity", "name": "e"}, {"value": "27.76533065753637", "sigma": 0.00237481494590529, "units": "au", "label": "q", "name": "q", "title": "perihelion distance"}, {"value": "2453532.056630690253", "label": "tp", "sigma": 5.45447762810189, "units": "TDB", "title": "time of perihelion passage", "name": "tp"}, {"label": "node", "units": "deg", "sigma": 0.00109687039648384, "title": "longitude of the ascending node", "name": "om", "value": "87.13685241399826"}, {"title": "argument of perihelion", "name": "w", "label": "peri", "sigma": 0.0440648393990783, "units": "deg", "value": "127.0459116588871"}, {"label": "i", "units": "deg", "sigma": 0.000561324648716161, "title": "inclination", "name": "i", "value": "16.42901399254228"}]}, "sb_used": "SB441-N16", "pe_used": "DE441", "t_jup": "5.172", "data_arc": "1123", "condition_code": "4", "first_obs": "2013-04-09", "rms": ".18124", "not_valid_before": null, "moid_jup": "22.4973", "last_obs": "2016-05-06", "source": "JPL"}, "signature": {"version": "1.3", "source": "NASA/JPL Small-Body Database (SBDB) API"}}