{"signature": {"version": "1.3", "source": "NASA/JPL Small-Body Database (SBDB) API"}, "orbit": {"t_jup": "5.793", "condition_code": "2", "first_obs": "2002-03-12", "data_arc": "6613", "not_valid_before": null, "rms": ".6831", "moid_jup": "29.6494", "last_obs": "2020-04-19", "source": "JPL", "orbit_id": "8", "n_dop_obs_used": null, "epoch": "2460200.5", "n_obs_used": 93, "two_body": null, "producer": "Otto Matic", "soln_date": "2021-04-14 19:48:44", "elements": [{"value": ".2621872470650408", "name": "e", "title": "eccentricity", "units": null, "sigma": "3.1919E-5", "label": "e"}, {"value": "47.57821622903663", "name": "a", "title": "semi-major axis", "sigma": ".0024762", "units": "au", "label": "a"}, {"value": "35.10381469568027", "label": "q", "units": "au", "sigma": ".00031389", "title": "perihelion distance", "name": "q"}, {"value": "13.14390205046817", "label": "i", "sigma": "8.6412E-5", "units": "deg", "title": "inclination; angle with respect to x-y ecliptic plane", "name": "i"}, {"sigma": "3.6813E-5", "units": "deg", "label": "node", "name": "om", "title": "longitude of the ascending node", "value": "9.761620564943719"}, {"value": "188.3681395341776", "title": "argument of perihelion", "name": "w", "label": "peri", "sigma": ".003884", "units": "deg"}, {"value": "6.503466254856031", "label": "M", "units": "deg", "sigma": ".0020035", "title": "mean anomaly", "name": "ma"}, {"value": "2458035.025615461548", "name": "tp", "title": "time of perihelion passage", "sigma": ".72926", "units": "TDB", "label": "tp"}, {"value": "119870.0428178204", "units": "d", "sigma": "9.358", "label": "period", "name": "per", "title": "sidereal orbital period"}, {"name": "n", "title": "mean motion", "units": "deg/d", "sigma": "2.3446E-7", "label": "n", "value": ".003003252451883505"}, {"name": "ad", "title": "aphelion distance", "units": "au", "sigma": ".0031255", "label": "Q", "value": "60.052617762393"}], "not_valid_after": null, "n_del_obs_used": null, "equinox": "J2000", "moid": "34.1017", "model_pars": [], "sb_used": "SB441-N16", "covariance": {"epoch": "2457170.5", "data": [["1.033270093182082E-9", "9.853739521126155E-9", "-9.859745304171589E-6", "9.149509802353977E-11", "-5.26270476576866E-8", "3.819788233688514E-11"], ["9.853739521126155E-9", "9.784613227372538E-8", "-.0001264894318097242", "8.972026540245375E-10", "-6.75638314265698E-7", "3.931334580630732E-10"], ["-9.859745304171589E-6", "-.0001264894318097242", ".4885247932954139", "-1.030937321678441E-6", ".002610772031329565", "-6.621896801191055E-7"], ["9.149509802353977E-11", "8.972026540245375E-10", "-1.030937321678441E-6", "1.366353488887761E-9", "-6.828965272738134E-9", "2.127565317414599E-9"], ["-5.26270476576866E-8", "-6.75638314265698E-7", ".002610772031329565", "-6.828965272738134E-9", "1.395385028629506E-5", "-5.606578454835606E-9"], ["3.819788233688514E-11", "3.931334580630732E-10", "-6.621896801191055E-7", "2.127565317414599E-9", "-5.606578454835606E-9", "7.406870987938181E-9"]], "labels": ["e", "q", "tp", "node", "peri", "i"], "elements": [{"value": ".2731431187031366", "title": "eccentricity", "name": "e", "label": "e", "units": null, "sigma": 3.21445188668625e-05}, {"name": "q", "title": "perihelion distance", "units": "au", "sigma": 0.000312803664098945, "label": "q", "value": "35.12157400705652"}, {"label": "tp", "units": "TDB", "sigma": 0.698945486640706, "title": "time of perihelion passage", "name": "tp", "value": "2457994.335303723970"}, {"value": "9.706757995066864", "title": "longitude of the ascending node", "name": "om", "label": "node", "units": "deg", "sigma": 3.69642190352747e-05}, {"units": "deg", "sigma": 0.00373548528123122, "label": "peri", "name": "w", "title": "argument of perihelion", "value": "188.1778831011808"}, {"units": "deg", "sigma": 8.60631802104604e-05, "label": "i", "name": "i", "title": "inclination", "value": "13.08856145345563"}]}, "comment": null, "pe_used": "DE441"}, "object": {"spkid": "20531074", "kind": "an", "des": "531074", "pha": false, "orbit_id": "8", "orbit_class": {"name": "TransNeptunian Object", "code": "TNO"}, "prefix": null, "fullname": "531074 (2012 DX98)", "neo": false}}