{"object": {"des": "2014 TS100", "prefix": null, "fullname": "(2014 TS100)", "kind": "au", "orbit_id": "3", "pha": false, "orbit_class": {"code": "TNO", "name": "TransNeptunian Object"}, "spkid": "3989620", "neo": false}, "orbit": {"data_arc": "1170", "first_obs": "2014-09-27", "n_del_obs_used": null, "rms": ".19963", "n_dop_obs_used": null, "orbit_id": "3", "two_body": null, "pe_used": "DE441", "not_valid_before": null, "comment": null, "epoch": "2460200.5", "elements": [{"label": "e", "value": ".4474982538297578", "units": null, "sigma": ".00071324", "name": "e", "title": "eccentricity"}, {"title": "semi-major axis", "sigma": ".055367", "name": "a", "value": "66.14968523340505", "label": "a", "units": "au"}, {"label": "q", "value": "36.54781660006817", "units": "au", "name": "q", "sigma": ".017706", "title": "perihelion distance"}, {"name": "i", "sigma": "7.4958E-5", "title": "inclination; angle with respect to x-y ecliptic plane", "value": "28.55867899931296", "label": "i", "units": "deg"}, {"label": "node", "value": "129.5104653141762", "units": "deg", "title": "longitude of the ascending node", "name": "om", "sigma": ".0019169"}, {"name": "w", "sigma": ".094822", "title": "argument of perihelion", "label": "peri", "value": "230.6590409608754", "units": "deg"}, {"sigma": ".011462", "name": "ma", "title": "mean anomaly", "label": "M", "value": "21.06043243561856", "units": "deg"}, {"name": "tp", "sigma": "13.201", "title": "time of perihelion passage", "label": "tp", "units": "TDB", "value": "2448704.284837767291"}, {"label": "period", "units": "d", "value": "196512.463410024", "name": "per", "sigma": "246.72", "title": "sidereal orbital period"}, {"label": "n", "units": "deg/d", "value": ".001831944873892597", "title": "mean motion", "name": "n", "sigma": "2.3E-6"}, {"value": "95.75155386674193", "label": "Q", "units": "au", "title": "aphelion distance", "name": "ad", "sigma": ".080144"}], "covariance": {"elements": [{"sigma": 0.000717076544191608, "name": "e", "title": "eccentricity", "label": "e", "units": null, "value": ".4376974773096104"}, {"label": "q", "units": "au", "value": "36.50055921566713", "sigma": 0.0179526410321188, "name": "q", "title": "perihelion distance"}, {"name": "tp", "sigma": 13.2366191876929, "title": "time of perihelion passage", "value": "2448554.822412892549", "label": "tp", "units": "TDB"}, {"sigma": 0.00192248878916143, "name": "om", "title": "longitude of the ascending node", "label": "node", "units": "deg", "value": "129.6492352813993"}, {"value": "229.9280455908077", "label": "peri", "units": "deg", "name": "w", "sigma": 0.0956280652785604, "title": "argument of perihelion"}, {"label": "i", "value": "28.55664974263977", "units": "deg", "sigma": 7.39914068117407e-05, "name": "i", "title": "inclination"}], "epoch": "2457313.5", "labels": ["e", "q", "tp", "node", "peri", "i"], "data": [["5.141987702297785E-7", "-1.236860220233688E-5", "-.009103753381273647", "6.49326201793897E-7", "-6.618432986194482E-5", "-2.047275745160412E-8"], ["-1.236860220233688E-5", ".0003222973200281173", ".2375118240562185", "-1.692040618904345E-5", ".001715988581220859", "6.4477380657135E-7"], ["-.009103753381273647", ".2375118240562185", "175.2080875199986", "-.01246300588510394", "1.265253649177107", ".0004742748447996261"], ["6.49326201793897E-7", "-1.692040618904345E-5", "-.01246300588510394", "3.695963144451373E-6", "-9.252638815149524E-5", "-1.289973825683131E-7"], ["-6.618432986194482E-5", ".001715988581220859", "1.265253649177107", "-9.252638815149524E-5", ".00914472686892061", "3.471436438652933E-6"], ["-2.047275745160412E-8", "6.4477380657135E-7", ".0004742748447996261", "-1.289973825683131E-7", "3.471436438652933E-6", "5.474728281980504E-9"]]}, "moid": "35.6154", "source": "JPL", "sb_used": "SB441-N16", "n_obs_used": 40, "equinox": "J2000", "not_valid_after": null, "condition_code": "4", "model_pars": [], "soln_date": "2021-09-08 23:45:05", "moid_jup": "31.9217", "producer": "Otto Matic", "last_obs": "2017-12-10", "t_jup": "5.680"}, "signature": {"version": "1.3", "source": "NASA/JPL Small-Body Database (SBDB) API"}}