{"orbit": {"last_obs": "2017-12-16", "source": "JPL", "moid_jup": "31.2592", "data_arc": "858", "condition_code": "5", "first_obs": "2015-08-11", "not_valid_before": null, "rms": ".11767", "t_jup": "5.801", "covariance": {"elements": [{"value": ".1654382063872555", "name": "e", "title": "eccentricity", "units": null, "sigma": 0.000100664052141043, "label": "e"}, {"value": "36.26045057173666", "name": "q", "title": "perihelion distance", "units": "au", "sigma": 0.00255782156988943, "label": "q"}, {"sigma": 65.1930336063768, "units": "TDB", "label": "tp", "name": "tp", "title": "time of perihelion passage", "value": "2458593.275796769386"}, {"value": "227.2010178298271", "sigma": 0.000455223627546513, "units": "deg", "label": "node", "name": "om", "title": "longitude of the ascending node"}, {"value": "187.9761383231612", "units": "deg", "sigma": 0.31795712529078, "label": "peri", "name": "w", "title": "argument of perihelion"}, {"units": "deg", "sigma": 0.000977225547851747, "label": "i", "name": "i", "title": "inclination", "value": "6.845989407489938"}], "labels": ["e", "q", "tp", "node", "peri", "i"], "epoch": "2457556.5", "data": [["1.013325139345454E-8", "-9.134042669575828E-8", ".003876578101140519", "1.770074661231672E-10", "1.89093353000025E-5", "5.159729061545511E-10"], ["-9.134042669575828E-8", "6.542451183391604E-6", "-.1591535626233032", "6.475495788269752E-9", "-.0007762264604658557", "2.919578064472826E-8"], [".003876578101140519", "-.1591535626233032", "4250.131630802179", "-9.644668919168739E-5", "20.72856777913855", "-.0004993042509580147"], ["1.770074661231672E-10", "6.475495788269752E-9", "-9.644668919168739E-5", "2.072285510766063E-7", "-6.761650526480284E-7", "4.091313673208138E-7"], ["1.89093353000025E-5", "-.0007762264604658557", "20.72856777913855", "-6.761650526480284E-7", ".1010967335231767", "-2.841500956875385E-6"], ["5.159729061545511E-10", "2.919578064472826E-8", "-.0004993042509580147", "4.091313673208138E-7", "-2.841500956875385E-6", "9.549697713741462E-7"]]}, "comment": null, "sb_used": "SB441-N16", "pe_used": "DE441", "model_pars": [], "equinox": "J2000", "moid": "35.2798", "elements": [{"label": "e", "units": null, "sigma": "9.2389E-5", "title": "eccentricity", "name": "e", "value": ".1749140183971894"}, {"value": "43.95809393353507", "label": "a", "units": "au", "sigma": ".0051741", "title": "semi-major axis", "name": "a"}, {"sigma": ".0021106", "units": "au", "label": "q", "name": "q", "title": "perihelion distance", "value": "36.26920708253933"}, {"name": "i", "title": "inclination; angle with respect to x-y ecliptic plane", "sigma": ".00097316", "units": "deg", "label": "i", "value": "6.81659699416701"}, {"value": "227.1396760937191", "label": "node", "units": "deg", "sigma": ".00045798", "title": "longitude of the ascending node", "name": "om"}, {"title": "argument of perihelion", "name": "w", "label": "peri", "units": "deg", "sigma": ".30231", "value": "187.0605230329255"}, {"title": "mean anomaly", "name": "ma", "label": "M", "sigma": ".20891", "units": "deg", "value": "6.094580771557097"}, {"value": "2458398.320512100400", "title": "time of perihelion passage", "name": "tp", "label": "tp", "units": "TDB", "sigma": "61.778"}, {"value": "106452.7060945159", "sigma": "18.795", "units": "d", "label": "period", "name": "per", "title": "sidereal orbital period"}, {"value": ".003381783453023426", "label": "n", "units": "deg/d", "sigma": "5.9708E-7", "title": "mean motion", "name": "n"}, {"value": "51.6469807845308", "label": "Q", "units": "au", "sigma": ".0060791", "title": "aphelion distance", "name": "ad"}], "soln_date": "2021-04-15 15:18:32", "producer": "Otto Matic", "not_valid_after": null, "n_del_obs_used": null, "epoch": "2460200.5", "n_dop_obs_used": null, "orbit_id": "2", "two_body": null, "n_obs_used": 41}, "signature": {"version": "1.3", "source": "NASA/JPL Small-Body Database (SBDB) API"}, "object": {"pha": false, "neo": false, "fullname": "(2015 VR166)", "orbit_id": "2", "orbit_class": {"name": "TransNeptunian Object", "code": "TNO"}, "prefix": null, "des": "2015 VR166", "kind": "au", "spkid": "3831027"}}