{"signature": {"version": "1.3", "source": "NASA/JPL Small-Body Database (SBDB) API"}, "orbit": {"last_obs": "2023-10-18", "producer": "Otto Matic", "t_jup": "6.077", "equinox": "J2000", "not_valid_after": null, "condition_code": "2", "model_pars": [], "moid_jup": "35.0397", "soln_date": "2023-12-06 01:58:45", "not_valid_before": null, "epoch": "2460200.5", "comment": null, "elements": [{"units": null, "label": "e", "value": ".2883505155458745", "name": "e", "sigma": "2.1441E-5", "title": "eccentricity"}, {"sigma": ".0023754", "name": "a", "title": "semi-major axis", "units": "au", "label": "a", "value": "56.0828620366695"}, {"title": "perihelion distance", "sigma": ".00057651", "name": "q", "units": "au", "label": "q", "value": "39.91133985510769"}, {"title": "inclination; angle with respect to x-y ecliptic plane", "sigma": "8.9697E-6", "name": "i", "value": "17.85226612365119", "label": "i", "units": "deg"}, {"value": "152.4810635677143", "label": "node", "units": "deg", "name": "om", "sigma": ".00023974", "title": "longitude of the ascending node"}, {"title": "argument of perihelion", "sigma": ".003735", "name": "w", "label": "peri", "value": "219.2679477005852", "units": "deg"}, {"units": "deg", "label": "M", "value": "31.96400248561509", "sigma": ".0037656", "name": "ma", "title": "mean anomaly"}, {"value": "2446579.708823408280", "label": "tp", "units": "TDB", "title": "time of perihelion passage", "sigma": ".77643", "name": "tp"}, {"units": "d", "label": "period", "value": "153406.4711007252", "name": "per", "sigma": "9.7463", "title": "sidereal orbital period"}, {"name": "n", "sigma": "1.4909E-7", "title": "mean motion", "label": "n", "units": "deg/d", "value": ".002346706742009778"}, {"title": "aphelion distance", "sigma": ".0030603", "name": "ad", "units": "au", "label": "Q", "value": "72.25438421823129"}], "source": "JPL", "sb_used": "SB441-N16", "n_obs_used": 220, "moid": "38.9298", "covariance": {"elements": [{"sigma": 2.11763680047605e-05, "name": "e", "title": "eccentricity", "label": "e", "units": null, "value": ".2801049978969281"}, {"name": "q", "sigma": 0.000583961313696932, "title": "perihelion distance", "label": "q", "units": "au", "value": "39.91241978068458"}, {"name": "tp", "sigma": 0.807265135049663, "title": "time of perihelion passage", "units": "TDB", "label": "tp", "value": "2446411.129832395196"}, {"label": "node", "units": "deg", "value": "152.7182493984726", "sigma": 0.000240490058035574, "name": "om", "title": "longitude of the ascending node"}, {"label": "peri", "value": "218.5211599471342", "units": "deg", "sigma": 0.00386922224787283, "name": "w", "title": "argument of perihelion"}, {"units": "deg", "label": "i", "value": "17.85556759991091", "title": "inclination", "name": "i", "sigma": 9.16871046802771e-06}], "epoch": "2457265.5", "labels": ["e", "q", "tp", "node", "peri", "i"], "data": [["4.484385618730433E-10", "9.579098374336382E-9", "1.3718192897853E-5", "-1.559984375782151E-10", "6.334043318596733E-8", "4.450064036960219E-11"], ["9.579098374336382E-9", "3.410108158946472E-7", ".0004696597328855617", "-7.593218888345446E-9", "2.251827248254506E-6", "1.096796844840051E-9"], ["1.3718192897853E-5", ".0004696597328855617", ".6516769982667506", "-1.028304840250431E-5", ".003114292453826831", "1.538251664972782E-6"], ["-1.559984375782151E-10", "-7.593218888345446E-9", "-1.028304840250431E-5", "5.783546801395368E-8", "-1.049580440708237E-7", "1.735290299357556E-9"], ["6.334043318596733E-8", "2.251827248254506E-6", ".003114292453826831", "-1.049580440708237E-7", "1.497088080343404E-5", "5.530489608466254E-9"], ["4.450064036960219E-11", "1.096796844840051E-9", "1.538251664972782E-6", "1.735290299357556E-9", "5.530489608466254E-9", "8.406525164652099E-11"]]}, "n_del_obs_used": null, "first_obs": "2004-09-22", "data_arc": "6965", "rms": ".58567", "n_dop_obs_used": null, "orbit_id": "10", "pe_used": "DE441", "two_body": null}, "object": {"neo": false, "spkid": "20525815", "orbit_class": {"code": "TNO", "name": "TransNeptunian Object"}, "kind": "an", "orbit_id": "10", "pha": false, "des": "525815", "prefix": null, "fullname": "525815 (2005 SD278)"}}