{"object": {"pha": false, "neo": false, "fullname": "620075 (2013 CD223)", "orbit_id": "7", "orbit_class": {"name": "TransNeptunian Object", "code": "TNO"}, "prefix": null, "kind": "an", "des": "620075", "spkid": "20620075"}, "signature": {"version": "1.3", "source": "NASA/JPL Small-Body Database (SBDB) API"}, "orbit": {"elements": [{"title": "eccentricity", "name": "e", "label": "e", "sigma": "2.0897E-5", "units": null, "value": ".2282632688478166"}, {"name": "a", "title": "semi-major axis", "sigma": ".00099127", "units": "au", "label": "a", "value": "39.27362399520172"}, {"label": "q", "sigma": ".0015708", "units": "au", "title": "perihelion distance", "name": "q", "value": "30.30889820255693"}, {"label": "i", "units": "deg", "sigma": "3.538E-5", "title": "inclination; angle with respect to x-y ecliptic plane", "name": "i", "value": "5.275653093936525"}, {"value": "73.44385227555202", "label": "node", "units": "deg", "sigma": ".0016341", "title": "longitude of the ascending node", "name": "om"}, {"name": "w", "title": "argument of perihelion", "units": "deg", "sigma": ".011086", "label": "peri", "value": "261.5263942706327"}, {"name": "ma", "title": "mean anomaly", "units": "deg", "sigma": ".017118", "label": "M", "value": "185.5415091588325"}, {"value": "2503765.679141040717", "name": "tp", "title": "time of perihelion passage", "units": "TDB", "sigma": "4.7585", "label": "tp"}, {"title": "sidereal orbital period", "name": "per", "label": "period", "units": "d", "sigma": "3.4036", "value": "89897.97180495718"}, {"value": ".004004539732899166", "title": "mean motion", "name": "n", "label": "n", "units": "deg/d", "sigma": "1.5161E-7"}, {"value": "48.23834978784652", "label": "Q", "units": "au", "sigma": ".0012175", "title": "aphelion distance", "name": "ad"}], "producer": "Otto Matic", "soln_date": "2023-04-26 18:44:57", "not_valid_after": null, "n_del_obs_used": null, "epoch": "2460200.5", "n_dop_obs_used": null, "orbit_id": "7", "n_obs_used": 92, "two_body": null, "comment": null, "covariance": {"epoch": "2457032.5", "data": [["4.411863019521386E-10", "-3.347097928118115E-8", "4.924389791707129E-5", "-4.516372510197073E-10", "3.643869565430857E-8", "-2.302589206674669E-11"], ["-3.347097928118115E-8", "2.577629884722074E-6", "-.002992225741314625", "4.400445884470744E-8", "-6.262772448448004E-7", "1.999787914938127E-9"], ["4.924389791707129E-5", "-.002992225741314625", "21.36301535700944", ".00014769225586198", ".04928398742662815", "2.439419357685561E-6"], ["-4.516372510197073E-10", "4.400445884470744E-8", ".00014769225586198", "2.63965195836517E-6", "-2.095771391381123E-6", "5.684038741808852E-8"], ["3.643869565430857E-8", "-6.262772448448004E-7", ".04928398742662815", "-2.095771391381123E-6", ".0001345851103938381", "-4.403916980028726E-8"], ["-2.302589206674669E-11", "1.999787914938127E-9", "2.439419357685561E-6", "5.684038741808852E-8", "-4.403916980028726E-8", "1.262483107116749E-9"]], "labels": ["e", "q", "tp", "node", "peri", "i"], "elements": [{"label": "e", "sigma": 2.10044352923886e-05, "units": null, "title": "eccentricity", "name": "e", "value": ".2193327563369967"}, {"value": "30.89827193905901", "label": "q", "units": "au", "sigma": 0.00160549988624169, "title": "perihelion distance", "name": "q"}, {"value": "2413179.378957857640", "title": "time of perihelion passage", "name": "tp", "label": "tp", "sigma": 4.62201420995321, "units": "TDB"}, {"name": "om", "title": "longitude of the ascending node", "sigma": 0.00162470057498764, "units": "deg", "label": "node", "value": "73.5627916154958"}, {"title": "argument of perihelion", "name": "w", "label": "peri", "sigma": 0.0116010822940723, "units": "deg", "value": "260.9972116370199"}, {"value": "5.275454631575093", "sigma": 3.5531438292261e-05, "units": "deg", "label": "i", "name": "i", "title": "inclination"}]}, "sb_used": "SB441-N16", "pe_used": "DE441", "model_pars": [], "moid": "29.303", "equinox": "J2000", "data_arc": "6632", "first_obs": "2005-01-19", "condition_code": "3", "not_valid_before": null, "rms": ".665", "t_jup": "5.459", "last_obs": "2023-03-18", "source": "JPL", "moid_jup": "25.3158"}}