{"object": {"neo": false, "spkid": "20523734", "fullname": "523734 (2014 QV441)", "prefix": null, "des": "523734", "orbit_class": {"code": "TNO", "name": "TransNeptunian Object"}, "pha": false, "orbit_id": "16", "kind": "an"}, "orbit": {"last_obs": "2023-11-17", "producer": "Otto Matic", "t_jup": "4.208", "not_valid_after": null, "equinox": "J2000", "condition_code": "2", "model_pars": [], "moid_jup": "14.2167", "soln_date": "2023-12-05 18:37:25", "not_valid_before": null, "comment": null, "elements": [{"label": "e", "value": ".4123356083231682", "units": null, "title": "eccentricity", "name": "e", "sigma": "8.3155E-6"}, {"title": "semi-major axis", "sigma": ".0005122", "name": "a", "label": "a", "value": "32.00219433241449", "units": "au"}, {"title": "perihelion distance", "sigma": "3.5158E-5", "name": "q", "units": "au", "label": "q", "value": "18.80655006468212"}, {"label": "i", "value": "26.46553039635646", "units": "deg", "sigma": "1.0774E-5", "name": "i", "title": "inclination; angle with respect to x-y ecliptic plane"}, {"sigma": "2.0785E-5", "name": "om", "title": "longitude of the ascending node", "value": "159.1148686824205", "label": "node", "units": "deg"}, {"units": "deg", "label": "peri", "value": "234.6502722713993", "title": "argument of perihelion", "name": "w", "sigma": ".00023276"}, {"value": "7.802068275917568", "label": "M", "units": "deg", "title": "mean anomaly", "sigma": ".00013382", "name": "ma"}, {"title": "time of perihelion passage", "sigma": ".01655", "name": "tp", "label": "tp", "units": "TDB", "value": "2458767.403914279435"}, {"title": "sidereal orbital period", "name": "per", "sigma": "1.5875", "units": "d", "label": "period", "value": "66125.36222630389"}, {"label": "n", "value": ".005444204581714885", "units": "deg/d", "title": "mean motion", "sigma": "1.307E-7", "name": "n"}, {"title": "aphelion distance", "sigma": ".00072339", "name": "ad", "value": "45.19783860014687", "label": "Q", "units": "au"}], "epoch": "2460200.5", "source": "JPL", "sb_used": "SB441-N16", "moid": "17.8818", "n_obs_used": 149, "covariance": {"labels": ["e", "q", "tp", "node", "peri", "i"], "data": [["6.8518880609851E-11", "2.883126050474705E-10", "-1.028168892282425E-7", "1.692615704436379E-12", "-1.441850757630833E-9", "2.016819034981641E-11"], ["2.883126050474705E-10", "1.234560019253042E-9", "-4.735428353190558E-7", "9.789456213858857E-12", "-6.645153898804669E-9", "8.721330180251678E-11"], ["-1.028168892282425E-7", "-4.735428353190558E-7", ".0002829334731655342", "-1.082893740905063E-8", "3.95510981405933E-6", "-3.61064210962549E-8"], ["1.692615704436379E-12", "9.789456213858857E-12", "-1.082893740905063E-8", "4.320850934780749E-10", "-5.371987144031853E-10", "1.601556678511513E-10"], ["-1.441850757630833E-9", "-6.645153898804669E-9", "3.95510981405933E-6", "-5.371987144031853E-10", "5.566540457071254E-8", "-6.487899440610968E-10"], ["2.016819034981641E-11", "8.721330180251678E-11", "-3.61064210962549E-8", "1.601556678511513E-10", "-6.487899440610968E-10", "1.162508396428782E-10"]], "elements": [{"sigma": 8.27761321939187e-06, "name": "e", "title": "eccentricity", "label": "e", "value": ".4029780357796965", "units": null}, {"name": "q", "sigma": 3.51363062835729e-05, "title": "perihelion distance", "value": "18.79301217923184", "label": "q", "units": "au"}, {"title": "time of perihelion passage", "sigma": 0.0168206264201288, "name": "tp", "units": "TDB", "label": "tp", "value": "2458761.441002798158"}, {"title": "longitude of the ascending node", "name": "om", "sigma": 2.0786656620969e-05, "value": "159.2324827053278", "label": "node", "units": "deg"}, {"units": "deg", "label": "peri", "value": "234.4798239176635", "title": "argument of perihelion", "sigma": 0.000235935170270802, "name": "w"}, {"title": "inclination", "sigma": 1.07819682638597e-05, "name": "i", "units": "deg", "label": "i", "value": "26.51209608355867"}], "epoch": "2457735.5"}, "n_del_obs_used": null, "first_obs": "2010-08-31", "data_arc": "4826", "n_dop_obs_used": null, "rms": ".56982", "orbit_id": "16", "pe_used": "DE441", "two_body": null}, "signature": {"version": "1.3", "source": "NASA/JPL Small-Body Database (SBDB) API"}}