{"signature": {"version": "1.3", "source": "NASA/JPL Small-Body Database (SBDB) API"}, "orbit": {"model_pars": [], "condition_code": "4", "not_valid_after": null, "equinox": "J2000", "soln_date": "2021-10-16 00:36:12", "moid_jup": "40.5899", "last_obs": "2021-10-03", "producer": "Otto Matic", "t_jup": "6.070", "n_dop_obs_used": null, "rms": ".16439", "data_arc": "2294", "n_del_obs_used": null, "first_obs": "2015-06-23", "two_body": null, "pe_used": "DE441", "orbit_id": "3", "epoch": "2460200.5", "comment": null, "elements": [{"units": null, "label": "e", "value": ".01341623150421888", "name": "e", "sigma": ".00045592", "title": "eccentricity"}, {"title": "semi-major axis", "name": "a", "sigma": ".0059113", "label": "a", "value": "46.46130984671716", "units": "au"}, {"label": "q", "value": "45.83797415782436", "units": "au", "title": "perihelion distance", "name": "q", "sigma": ".020455"}, {"name": "i", "sigma": ".00088306", "title": "inclination; angle with respect to x-y ecliptic plane", "units": "deg", "label": "i", "value": "4.377664798174085"}, {"title": "longitude of the ascending node", "sigma": ".0093153", "name": "om", "value": "331.516108660368", "label": "node", "units": "deg"}, {"value": "309.3721908601351", "label": "peri", "units": "deg", "name": "w", "sigma": ".41824", "title": "argument of perihelion"}, {"sigma": ".43813", "name": "ma", "title": "mean anomaly", "value": "96.40074588264544", "label": "M", "units": "deg"}, {"title": "time of perihelion passage", "sigma": "134.97", "name": "tp", "label": "tp", "value": "2429225.344568012035", "units": "TDB"}, {"title": "sidereal orbital period", "name": "per", "sigma": "22.076", "value": "115673.9592978931", "label": "period", "units": "d"}, {"label": "n", "units": "deg/d", "value": ".003112195710988835", "title": "mean motion", "name": "n", "sigma": "5.9395E-7"}, {"value": "47.08464553560996", "label": "Q", "units": "au", "title": "aphelion distance", "name": "ad", "sigma": ".0059906"}], "not_valid_before": null, "covariance": {"elements": [{"title": "eccentricity", "sigma": 0.000329063610043101, "name": "e", "units": null, "label": "e", "value": ".01904416916808999"}, {"label": "q", "value": "44.9972961116546", "units": "au", "title": "perihelion distance", "sigma": 0.015674254352747, "name": "q"}, {"title": "time of perihelion passage", "sigma": 321.950331067771, "name": "tp", "label": "tp", "value": "2416904.254729661705", "units": "TDB"}, {"value": "331.6758873720988", "label": "node", "units": "deg", "title": "longitude of the ascending node", "name": "om", "sigma": 0.00931248017668995}, {"units": "deg", "label": "peri", "value": "268.3072337810604", "title": "argument of perihelion", "name": "w", "sigma": 0.98094930798001}, {"name": "i", "sigma": 0.000890088040694273, "title": "inclination", "label": "i", "value": "4.392975927149064", "units": "deg"}], "epoch": "2457478.5", "labels": ["e", "q", "tp", "node", "peri", "i"], "data": [["1.082828594545979E-7", "-4.814541347273541E-6", ".09877000496934964", "2.219728904555967E-8", ".0002970486819531635", "1.93250425869884E-9"], ["-4.814541347273541E-6", ".0002456822495146078", "-3.741150179534105", "1.823043909383738E-8", "-.01106219701611865", "1.728125699974717E-8"], [".09877000496934964", "-3.741150179534105", "103652.0156746471", ".04020656887354216", "315.6408423377753", ".003810827148686969"], ["2.219728904555967E-8", "1.823043909383738E-8", ".04020656887354216", "8.672228704124318E-5", "4.044188765876607E-5", "8.281251907561428E-6"], [".0002970486819531635", "-.01106219701611865", "315.6408423377753", "4.044188765876607E-5", ".962261544826461", "3.818793191643321E-6"], ["1.93250425869884E-9", "1.728125699974717E-8", ".003810827148686969", "8.281251907561428E-6", "3.818793191643321E-6", "7.922567201869701E-7"]]}, "source": "JPL", "n_obs_used": 35, "sb_used": "SB441-N16", "moid": "44.8227"}, "object": {"orbit_id": "3", "kind": "au", "pha": false, "orbit_class": {"code": "TNO", "name": "TransNeptunian Object"}, "prefix": null, "des": "2015 RC281", "fullname": "(2015 RC281)", "spkid": "3835660", "neo": false}}