{"signature": {"version": "1.3", "source": "NASA/JPL Small-Body Database (SBDB) API"}, "orbit": {"orbit_id": "18", "two_body": null, "pe_used": "DE441", "data_arc": "8064", "n_del_obs_used": null, "first_obs": "2000-10-02", "n_dop_obs_used": null, "rms": ".51927", "covariance": {"data": [["2.366971533965932E-10", "4.487708841795785E-9", "-1.894127479191955E-5", "7.405857544514038E-11", "-8.486142525099861E-8", "6.580915657494236E-11"], ["4.487708841795785E-9", "1.652510375373179E-7", "-.0007969875079388273", "3.523096098461805E-9", "-3.604523702736749E-6", "2.41940160142106E-9"], ["-1.894127479191955E-5", "-.0007969875079388273", "3.923414861575515", "-1.750531740625355E-5", ".01776011979408444", "-1.164735380545645E-5"], ["7.405857544514038E-11", "3.523096098461805E-9", "-1.750531740625355E-5", "6.659577472564394E-9", "-8.521687486379841E-8", "2.881933232266744E-9"], ["-8.486142525099861E-8", "-3.604523702736749E-6", ".01776011979408444", "-8.521687486379841E-8", "8.040622304032293E-5", "-5.521604586241706E-8"], ["6.580915657494236E-11", "2.41940160142106E-9", "-1.164735380545645E-5", "2.881933232266744E-9", "-5.521604586241706E-8", "1.297218204278275E-9"]], "labels": ["e", "q", "tp", "node", "peri", "i"], "epoch": "2457857.5", "elements": [{"title": "eccentricity", "sigma": 1.53849651737205e-05, "name": "e", "units": null, "label": "e", "value": ".09209372674968354"}, {"units": "au", "label": "q", "value": "37.75002594683239", "title": "perihelion distance", "sigma": 0.000406510808635291, "name": "q"}, {"title": "time of perihelion passage", "sigma": 1.98076118236791, "name": "tp", "units": "TDB", "label": "tp", "value": "2465190.480825049603"}, {"label": "node", "value": "320.5238606586494", "units": "deg", "sigma": 8.16062342751116e-05, "name": "om", "title": "longitude of the ascending node"}, {"title": "argument of perihelion", "sigma": 0.00896695171395067, "name": "w", "value": "77.65051524338423", "label": "peri", "units": "deg"}, {"title": "inclination", "sigma": 3.60169155297657e-05, "name": "i", "value": "26.37382303508281", "label": "i", "units": "deg"}]}, "moid": "36.875", "source": "JPL", "sb_used": "SB441-N16", "n_obs_used": 160, "not_valid_before": null, "comment": null, "epoch": "2460200.5", "elements": [{"title": "eccentricity", "name": "e", "sigma": "1.578E-5", "value": ".1035816193716251", "label": "e", "units": null}, {"units": "au", "label": "a", "value": "42.13482150648217", "sigma": ".0011029", "name": "a", "title": "semi-major axis"}, {"title": "perihelion distance", "name": "q", "sigma": ".00039041", "units": "au", "label": "q", "value": "37.77042846290637"}, {"name": "i", "sigma": "3.5849E-5", "title": "inclination; angle with respect to x-y ecliptic plane", "label": "i", "value": "26.33246044686041", "units": "deg"}, {"label": "node", "units": "deg", "value": "320.4385309939399", "title": "longitude of the ascending node", "name": "om", "sigma": "8.1446E-5"}, {"label": "peri", "units": "deg", "value": "75.94943449311404", "title": "argument of perihelion", "name": "w", "sigma": ".007852"}, {"label": "M", "value": "343.566712529922", "units": "deg", "title": "mean anomaly", "sigma": ".0067504", "name": "ma"}, {"label": "tp", "units": "TDB", "value": "2464760.681373379388", "sigma": "1.7261", "name": "tp", "title": "time of perihelion passage"}, {"title": "sidereal orbital period", "name": "per", "sigma": "3.9225", "label": "period", "value": "99898.77542188363", "units": "d"}, {"name": "n", "sigma": "1.415E-7", "title": "mean motion", "label": "n", "units": "deg/d", "value": ".00360364777725933"}, {"name": "ad", "sigma": ".0012172", "title": "aphelion distance", "value": "46.49921455005796", "label": "Q", "units": "au"}], "soln_date": "2022-11-24 02:21:21", "moid_jup": "33.3979", "equinox": "J2000", "not_valid_after": null, "condition_code": "2", "model_pars": [], "t_jup": "5.197", "last_obs": "2022-10-31", "producer": "Otto Matic"}, "object": {"des": "523627", "prefix": null, "fullname": "523627 (2008 QB43)", "orbit_class": {"name": "TransNeptunian Object", "code": "TNO"}, "orbit_id": "18", "kind": "an", "pha": false, "neo": false, "spkid": "20523627"}}