{"signature": {"version": "1.3", "source": "NASA/JPL Small-Body Database (SBDB) API"}, "object": {"orbit_id": "6", "kind": "au", "pha": false, "orbit_class": {"code": "TNO", "name": "TransNeptunian Object"}, "des": "2004 HB79", "prefix": null, "fullname": "(2004 HB79)", "spkid": "3563284", "neo": false}, "orbit": {"condition_code": "4", "not_valid_after": null, "equinox": "J2000", "model_pars": [], "moid_jup": "24.9367", "soln_date": "2021-04-14 22:13:41", "last_obs": "2014-06-28", "producer": "Otto Matic", "t_jup": "5.469", "n_del_obs_used": null, "first_obs": "2004-04-26", "data_arc": "3715", "rms": ".31359", "n_dop_obs_used": null, "orbit_id": "6", "pe_used": "DE441", "two_body": null, "not_valid_before": null, "elements": [{"name": "e", "sigma": ".00019989", "title": "eccentricity", "label": "e", "units": null, "value": ".2256436978784221"}, {"units": "au", "label": "a", "value": "39.10385086357311", "sigma": ".013101", "name": "a", "title": "semi-major axis"}, {"name": "q", "sigma": ".002769", "title": "perihelion distance", "label": "q", "units": "au", "value": "30.28031335343015"}, {"title": "inclination; angle with respect to x-y ecliptic plane", "sigma": ".00041762", "name": "i", "label": "i", "value": "2.666224484809994", "units": "deg"}, {"label": "node", "value": "62.6241625474072", "units": "deg", "title": "longitude of the ascending node", "name": "om", "sigma": ".005796"}, {"label": "peri", "units": "deg", "value": "189.31085453", "name": "w", "sigma": ".030485", "title": "argument of perihelion"}, {"label": "M", "units": "deg", "value": ".07729050993333668", "title": "mean anomaly", "name": "ma", "sigma": ".017758"}, {"sigma": "4.4135", "name": "tp", "title": "time of perihelion passage", "label": "tp", "units": "TDB", "value": "2460181.324292761784"}, {"title": "sidereal orbital period", "name": "per", "sigma": "44.887", "label": "period", "units": "d", "value": "89315.68198620839"}, {"units": "deg/d", "label": "n", "value": ".00403064716065863", "title": "mean motion", "sigma": "2.0257E-6", "name": "n"}, {"units": "au", "label": "Q", "value": "47.92738837371608", "title": "aphelion distance", "sigma": ".016058", "name": "ad"}], "comment": null, "epoch": "2460200.5", "sb_used": "SB441-N16", "source": "JPL", "moid": "29.2653", "n_obs_used": 15, "covariance": {"elements": [{"name": "e", "sigma": 0.000203110450715433, "title": "eccentricity", "label": "e", "value": ".2332011882450206", "units": null}, {"units": "au", "label": "q", "value": "30.34018628049366", "title": "perihelion distance", "name": "q", "sigma": 0.00268886930349271}, {"label": "tp", "value": "2459931.737171099175", "units": "TDB", "title": "time of perihelion passage", "sigma": 4.17035684008852, "name": "tp"}, {"title": "longitude of the ascending node", "name": "om", "sigma": 0.0058122359847886, "label": "node", "value": "62.64920382885203", "units": "deg"}, {"label": "peri", "value": "187.65604329709", "units": "deg", "title": "argument of perihelion", "name": "w", "sigma": 0.0288284687110087}, {"value": "2.657815088488738", "label": "i", "units": "deg", "name": "i", "sigma": 0.000415440925671434, "title": "inclination"}], "epoch": "2453558.5", "data": [["4.125385518982641E-8", "4.369040807224512E-7", "-.0005691770390586871", "-3.078453628776898E-8", "-3.743681155196449E-6", "2.126314351704947E-9"], ["4.369040807224512E-7", "7.230018131265347E-6", "-.01097257646588882", "-4.048499145610225E-7", "-7.396548783174363E-5", "2.789995677053778E-8"], ["-.0005691770390586871", "-.01097257646588882", "17.39187617367309", ".0005707712197770881", ".1177149068213575", "-3.930301265282179E-5"], ["-3.078453628776898E-8", "-4.048499145610225E-7", ".0005707712197770881", "3.37820871428715E-5", "-2.990958658631454E-5", "-2.382216800910359E-6"], ["-3.743681155196449E-6", "-7.396548783174363E-5", ".1177149068213575", "-2.990958658631454E-5", ".0008310806082216087", "2.115526310055582E-6"], ["2.126314351704947E-9", "2.789995677053778E-8", "-3.930301265282179E-5", "-2.382216800910359E-6", "2.115526310055582E-6", "1.725911627227383E-7"]], "labels": ["e", "q", "tp", "node", "peri", "i"]}}}