{"signature": {"version": "1.3", "source": "NASA/JPL Small-Body Database (SBDB) API"}, "orbit": {"two_body": null, "pe_used": "DE441", "orbit_id": "9", "rms": ".30895", "n_dop_obs_used": null, "data_arc": "7003", "n_del_obs_used": null, "first_obs": "2000-08-29", "covariance": {"elements": [{"title": "eccentricity", "sigma": 0.000171401985518688, "name": "e", "units": null, "label": "e", "value": ".1845673634269138"}, {"title": "perihelion distance", "sigma": 0.00217859579287806, "name": "q", "value": "35.55977108298132", "label": "q", "units": "au"}, {"units": "TDB", "label": "tp", "value": "2460338.230322043066", "name": "tp", "sigma": 4.01307306043291, "title": "time of perihelion passage"}, {"sigma": 0.00207608519205008, "name": "om", "title": "longitude of the ascending node", "value": "167.5760219854859", "label": "node", "units": "deg"}, {"units": "deg", "label": "peri", "value": "213.1907828620161", "name": "w", "sigma": 0.0205625514364809, "title": "argument of perihelion"}, {"sigma": 0.000196863846556739, "name": "i", "title": "inclination", "value": "2.49687986306015", "label": "i", "units": "deg"}], "epoch": "2458608.5", "data": [["2.937864063974858E-8", "3.695317776853522E-7", "-.0006481486914373794", "4.32348527538494E-10", "-3.301944092726973E-6", "1.211163486710395E-9"], ["3.695317776853522E-7", "4.746279628745977E-6", "-.008555130035773916", "6.145095755048367E-9", "-4.359861436726251E-5", "1.554695594590903E-8"], ["-.0006481486914373794", "-.008555130035773916", "16.10475538837233", "-1.274110100638743E-5", ".08209788033535922", "-2.79927242685271E-5"], ["4.32348527538494E-10", "6.145095755048367E-9", "-1.274110100638743E-5", "4.310129724649628E-6", "-4.371026224105642E-6", "4.035044077973949E-7"], ["-3.301944092726973E-6", "-4.359861436726251E-5", ".08209788033535922", "-4.371026224105642E-6", ".0004228185215779241", "-5.457568502084146E-7"], ["1.211163486710395E-9", "1.554695594590903E-8", "-2.79927242685271E-5", "4.035044077973949E-7", "-5.457568502084146E-7", "3.875537408111547E-8"]], "labels": ["e", "q", "tp", "node", "peri", "i"]}, "sb_used": "SB441-N16", "source": "JPL", "n_obs_used": 23, "moid": "34.5577", "comment": null, "elements": [{"sigma": ".00017135", "name": "e", "title": "eccentricity", "units": null, "label": "e", "value": ".1937088980993324"}, {"label": "a", "units": "au", "value": "44.09697370536945", "name": "a", "sigma": ".012087", "title": "semi-major axis"}, {"value": "35.5549975193871", "label": "q", "units": "au", "title": "perihelion distance", "sigma": ".002208", "name": "q"}, {"units": "deg", "label": "i", "value": "2.489031440768265", "title": "inclination; angle with respect to x-y ecliptic plane", "sigma": ".00019607", "name": "i"}, {"title": "longitude of the ascending node", "sigma": ".0020821", "name": "om", "units": "deg", "label": "node", "value": "167.4822529150528"}, {"label": "peri", "value": "214.1714807720564", "units": "deg", "title": "argument of perihelion", "name": "w", "sigma": ".020325"}, {"label": "M", "units": "deg", "value": "358.9635413764548", "name": "ma", "sigma": ".013686", "title": "mean anomaly"}, {"name": "tp", "sigma": "3.945", "title": "time of perihelion passage", "units": "TDB", "label": "tp", "value": "2460508.436432365454"}, {"title": "sidereal orbital period", "sigma": "43.974", "name": "per", "label": "period", "value": "106957.5891726142", "units": "d"}, {"sigma": "1.3838E-6", "name": "n", "title": "mean motion", "value": ".003365820067419542", "label": "n", "units": "deg/d"}, {"value": "52.63894989135181", "label": "Q", "units": "au", "title": "aphelion distance", "name": "ad", "sigma": ".014428"}], "epoch": "2460200.5", "not_valid_before": null, "soln_date": "2023-10-09 18:05:07", "moid_jup": "30.6017", "model_pars": [], "equinox": "J2000", "not_valid_after": null, "condition_code": "3", "t_jup": "5.825", "last_obs": "2019-11-01", "producer": "Otto Matic"}, "object": {"prefix": null, "des": "2000 QL226", "fullname": "(2000 QL226)", "orbit_class": {"name": "TransNeptunian Object", "code": "TNO"}, "kind": "au", "orbit_id": "9", "pha": false, "neo": false, "spkid": "3046161"}}