{"object": {"orbit_class": {"name": "TransNeptunian Object", "code": "TNO"}, "pha": false, "kind": "au", "orbit_id": "4", "fullname": "(2013 RE124)", "prefix": null, "des": "2013 RE124", "neo": false, "spkid": "3989525"}, "orbit": {"data_arc": "2932", "first_obs": "2013-09-02", "n_del_obs_used": null, "n_dop_obs_used": null, "rms": ".1941", "orbit_id": "4", "two_body": null, "pe_used": "DE441", "not_valid_before": null, "elements": [{"name": "e", "sigma": ".00026875", "title": "eccentricity", "label": "e", "value": ".6768444606438442", "units": null}, {"value": "123.9673857949136", "label": "a", "units": "au", "title": "semi-major axis", "sigma": ".10945", "name": "a"}, {"units": "au", "label": "q", "value": "40.06074741912795", "title": "perihelion distance", "sigma": ".0025932", "name": "q"}, {"title": "inclination; angle with respect to x-y ecliptic plane", "name": "i", "sigma": ".00044763", "label": "i", "units": "deg", "value": "31.60663758161818"}, {"value": "175.6371957641372", "label": "node", "units": "deg", "title": "longitude of the ascending node", "sigma": "7.0346E-5", "name": "om"}, {"value": "160.4716133225828", "label": "peri", "units": "deg", "name": "w", "sigma": ".013477", "title": "argument of perihelion"}, {"title": "mean anomaly", "sigma": ".0067391", "name": "ma", "units": "deg", "label": "M", "value": "4.607949857482629"}, {"value": "2453747.452898031986", "label": "tp", "units": "TDB", "name": "tp", "sigma": "2.5762", "title": "time of perihelion passage"}, {"label": "period", "value": "504149.7908090557", "units": "d", "sigma": "667.64", "name": "per", "title": "sidereal orbital period"}, {"title": "mean motion", "name": "n", "sigma": "9.4564E-7", "units": "deg/d", "label": "n", "value": ".0007140734887983882"}, {"label": "Q", "units": "au", "value": "207.8740241706992", "title": "aphelion distance", "name": "ad", "sigma": ".18352"}], "comment": null, "epoch": "2460200.5", "covariance": {"labels": ["e", "q", "tp", "node", "peri", "i"], "data": [["7.146923722910848E-8", "5.383412243996599E-7", ".0001220849678481413", "-2.523830395930197E-9", "5.832113476405273E-7", "-1.707715926744764E-8"], ["5.383412243996599E-7", "6.827511275684445E-6", ".005164335764872228", "-2.446342233165131E-8", "2.667733523287495E-5", "-1.636987307253479E-7"], [".0001220849678481413", ".005164335764872228", "6.819789787009728", "-1.246620315606999E-5", ".03566086044224527", "-8.155235567212522E-5"], ["-2.523830395930197E-9", "-2.446342233165131E-8", "-1.246620315606999E-5", "4.944768761687074E-9", "-6.760361395663831E-8", "-2.255658598260952E-8"], ["5.832113476405273E-7", "2.667733523287495E-5", ".03566086044224527", "-6.760361395663831E-8", ".0001865362026610111", "-3.950922899500296E-7"], ["-1.707715926744764E-8", "-1.636987307253479E-7", "-8.155235567212522E-5", "-2.255658598260952E-8", "-3.950922899500296E-7", "2.024067148686689E-7"]], "elements": [{"label": "e", "units": null, "value": ".6662453986017146", "name": "e", "sigma": 0.000267337309833679, "title": "eccentricity"}, {"value": "40.01052273945247", "label": "q", "units": "au", "title": "perihelion distance", "name": "q", "sigma": 0.00261295068374519}, {"sigma": 2.61147272377288, "name": "tp", "title": "time of perihelion passage", "units": "TDB", "label": "tp", "value": "2453669.755413935357"}, {"sigma": 7.03190497780443e-05, "name": "om", "title": "longitude of the ascending node", "label": "node", "units": "deg", "value": "175.6574298714326"}, {"title": "argument of perihelion", "name": "w", "sigma": 0.0136578256930234, "label": "peri", "value": "160.1190550849928", "units": "deg"}, {"units": "deg", "label": "i", "value": "31.71818092764522", "name": "i", "sigma": 0.000449896337914268, "title": "inclination"}], "epoch": "2456961.5"}, "sb_used": "SB441-N16", "source": "JPL", "moid": "39.0672", "n_obs_used": 36, "equinox": "J2000", "not_valid_after": null, "condition_code": "3", "model_pars": [], "soln_date": "2021-10-16 00:02:10", "moid_jup": "35.1671", "producer": "Otto Matic", "last_obs": "2021-09-12", "t_jup": "6.162"}, "signature": {"version": "1.3", "source": "NASA/JPL Small-Body Database (SBDB) API"}}