{"signature": {"version": "1.3", "source": "NASA/JPL Small-Body Database (SBDB) API"}, "orbit": {"t_jup": "5.827", "not_valid_before": null, "rms": ".23863", "first_obs": "2002-02-08", "condition_code": "4", "data_arc": "6947", "moid_jup": "36.6839", "source": "JPL", "last_obs": "2021-02-15", "n_obs_used": 24, "two_body": null, "n_dop_obs_used": null, "orbit_id": "8", "epoch": "2460200.5", "n_del_obs_used": null, "not_valid_after": null, "soln_date": "2021-04-14 21:18:38", "producer": "Otto Matic", "elements": [{"label": "e", "units": null, "sigma": "9.9276E-5", "title": "eccentricity", "name": "e", "value": ".01580481528782785"}, {"value": "42.36117141156466", "sigma": ".011606", "units": "au", "label": "a", "name": "a", "title": "semi-major axis"}, {"title": "perihelion distance", "name": "q", "label": "q", "sigma": ".014898", "units": "au", "value": "41.69166092202887"}, {"title": "inclination; angle with respect to x-y ecliptic plane", "name": "i", "label": "i", "units": "deg", "sigma": ".00011706", "value": "1.431330272298554"}, {"value": "48.59588934704713", "title": "longitude of the ascending node", "name": "om", "label": "node", "units": "deg", "sigma": ".015503"}, {"label": "peri", "units": "deg", "sigma": ".70649", "title": "argument of perihelion", "name": "w", "value": "358.3220510936355"}, {"value": "126.9280473321716", "label": "M", "sigma": ".71412", "units": "deg", "title": "mean anomaly", "name": "ma"}, {"name": "tp", "title": "time of perihelion passage", "units": "TDB", "sigma": "185.33", "label": "tp", "value": "2424694.196035481989"}, {"value": "100704.8457444177", "name": "per", "title": "sidereal orbital period", "sigma": "41.386", "units": "d", "label": "period"}, {"value": ".003574803152111036", "name": "n", "title": "mean motion", "sigma": "1.4691E-6", "units": "deg/d", "label": "n"}, {"sigma": ".011789", "units": "au", "label": "Q", "name": "ad", "title": "aphelion distance", "value": "43.03068190110046"}], "equinox": "J2000", "moid": "40.7005", "model_pars": [], "pe_used": "DE441", "sb_used": "SB441-N16", "comment": null, "covariance": {"epoch": "2454094.5", "data": [["4.858145831182374E-9", "-5.501580727993682E-8", ".004080516150563625", "6.033545587920338E-9", "1.436245943322234E-5", "-2.710581698095012E-11"], ["-5.501580727993682E-8", ".0001319676302649786", "3.750868762373342", "6.173974135683724E-7", ".01368543439934799", "1.814964873526479E-8"], [".004080516150563625", "3.750868762373342", "113231.4338394302", ".02487072652788969", "412.5196348165913", ".0004926464575822518"], ["6.033545587920338E-9", "6.173974135683724E-7", ".02487072652788969", ".0002406104997922615", "-.0001504631114629873", "-1.549945845675619E-6"], ["1.436245943322234E-5", ".01368543439934799", "412.5196348165913", "-.0001504631114629873", "1.503167447860787", "3.349160626631865E-6"], ["-2.710581698095012E-11", "1.814964873526479E-8", ".0004926464575822518", "-1.549945845675619E-6", "3.349160626631865E-6", "1.330435358000682E-8"]], "labels": ["e", "q", "tp", "node", "peri", "i"], "elements": [{"value": ".009734608635128416", "title": "eccentricity", "name": "e", "label": "e", "sigma": 6.97004005094833e-05, "units": null}, {"name": "q", "title": "perihelion distance", "sigma": 0.0114877164948034, "units": "au", "label": "q", "value": "42.24337598358458"}, {"name": "tp", "title": "time of perihelion passage", "units": "TDB", "sigma": 336.4987872778, "label": "tp", "value": "2431374.813417221576"}, {"title": "longitude of the ascending node", "name": "om", "label": "node", "units": "deg", "sigma": 0.015511624666432, "value": "48.80841745381861"}, {"value": "23.44588095951942", "name": "w", "title": "argument of perihelion", "sigma": 1.22603729464515, "units": "deg", "label": "peri"}, {"label": "i", "sigma": 0.000115344499565462, "units": "deg", "title": "inclination", "name": "i", "value": "1.428686238498981"}]}}, "object": {"des": "2002 CD251", "kind": "au", "spkid": "3120872", "fullname": "(2002 CD251)", "neo": false, "orbit_id": "8", "orbit_class": {"name": "TransNeptunian Object", "code": "TNO"}, "prefix": null, "pha": false}}