{"object": {"neo": false, "spkid": "3755972", "des": "2010 TG192", "prefix": null, "fullname": "(2010 TG192)", "orbit_class": {"code": "TNO", "name": "TransNeptunian Object"}, "orbit_id": "5", "kind": "au", "pha": false}, "orbit": {"orbit_id": "5", "pe_used": "DE441", "two_body": null, "first_obs": "2004-09-21", "n_del_obs_used": null, "data_arc": "6645", "n_dop_obs_used": null, "rms": ".57061", "sb_used": "SB441-N16", "source": "JPL", "moid": "40.4861", "n_obs_used": 23, "covariance": {"elements": [{"sigma": 7.10725480531558e-05, "name": "e", "title": "eccentricity", "label": "e", "units": null, "value": ".05920367639587105"}, {"sigma": 0.0032083865948574, "name": "q", "title": "perihelion distance", "units": "au", "label": "q", "value": "41.55025175002481"}, {"name": "tp", "sigma": 21.1260274532832, "title": "time of perihelion passage", "units": "TDB", "label": "tp", "value": "2444057.460525990558"}, {"title": "longitude of the ascending node", "sigma": 0.00504716156798611, "name": "om", "label": "node", "value": "334.7497207092139", "units": "deg"}, {"sigma": 0.0819240198089168, "name": "w", "title": "argument of perihelion", "value": "37.45489479283335", "label": "peri", "units": "deg"}, {"units": "deg", "label": "i", "value": "1.321354782600773", "name": "i", "sigma": 1.62073516060291e-05, "title": "inclination"}], "epoch": "2456723.5", "labels": ["e", "q", "tp", "node", "peri", "i"], "data": [["5.05130708676814E-9", "1.723020839589887E-7", ".001216832604727255", "1.768656341356596E-9", "4.667124354593418E-6", "6.71995113097835E-11"], ["1.723020839589887E-7", "1.029374454206064E-5", ".06750517042779021", "-8.626133161865604E-9", ".0002615518997050163", "3.039161892493736E-9"], [".001216832604727255", ".06750517042779021", "446.3090359568776", "1.961600041374135E-5", "1.727308871900645", "2.057401384664468E-5"], ["1.768656341356596E-9", "-8.626133161865604E-9", "1.961600041374135E-5", "2.547383989335596E-5", "-2.543122383951318E-5", "5.330720613991732E-8"], ["4.667124354593418E-6", ".0002615518997050163", "1.727308871900645", "-2.543122383951318E-5", ".006711545021651791", "2.60780518380703E-8"], ["6.71995113097835E-11", "3.039161892493736E-9", "2.057401384664468E-5", "5.330720613991732E-8", "2.60780518380703E-8", "2.626782460814545E-10"]]}, "not_valid_before": null, "comment": null, "epoch": "2460200.5", "elements": [{"value": ".06316504745309914", "label": "e", "units": null, "name": "e", "sigma": "7.1171E-5", "title": "eccentricity"}, {"value": "44.28357787296729", "label": "a", "units": "au", "name": "a", "sigma": ".006359", "title": "semi-major axis"}, {"title": "perihelion distance", "name": "q", "sigma": ".0032073", "value": "41.48640357522829", "label": "q", "units": "au"}, {"sigma": "1.5826E-5", "name": "i", "title": "inclination; angle with respect to x-y ecliptic plane", "value": "1.320641856554606", "label": "i", "units": "deg"}, {"units": "deg", "label": "node", "value": "334.4169721216829", "sigma": ".0050451", "name": "om", "title": "longitude of the ascending node"}, {"value": "37.59262174539431", "label": "peri", "units": "deg", "name": "w", "sigma": ".07692", "title": "argument of perihelion"}, {"value": "53.98537963950451", "label": "M", "units": "deg", "name": "ma", "sigma": ".077236", "title": "mean anomaly"}, {"title": "time of perihelion passage", "sigma": "19.719", "name": "tp", "label": "tp", "units": "TDB", "value": "2444059.288086135508"}, {"label": "period", "units": "d", "value": "107637.2219255278", "title": "sidereal orbital period", "sigma": "23.185", "name": "per"}, {"sigma": "7.2041E-7", "name": "n", "title": "mean motion", "label": "n", "value": ".003344567925109376", "units": "deg/d"}, {"title": "aphelion distance", "sigma": ".0067607", "name": "ad", "units": "au", "label": "Q", "value": "47.08075217070628"}], "moid_jup": "36.5386", "soln_date": "2022-12-21 23:10:28", "not_valid_after": null, "condition_code": "3", "equinox": "J2000", "model_pars": [], "t_jup": "5.939", "producer": "Otto Matic", "last_obs": "2022-12-01"}, "signature": {"version": "1.3", "source": "NASA/JPL Small-Body Database (SBDB) API"}}