{"object": {"kind": "au", "des": "2015 RB278", "spkid": "3831007", "pha": false, "fullname": "(2015 RB278)", "neo": false, "prefix": null, "orbit_class": {"name": "TransNeptunian Object", "code": "TNO"}, "orbit_id": "2"}, "signature": {"version": "1.3", "source": "NASA/JPL Small-Body Database (SBDB) API"}, "orbit": {"pe_used": "DE441", "comment": null, "covariance": {"labels": ["e", "q", "tp", "node", "peri", "i"], "elements": [{"value": ".4363397346459356", "label": "e", "sigma": 0.00233997253795419, "units": null, "title": "eccentricity", "name": "e"}, {"value": "42.38581897780992", "name": "q", "title": "perihelion distance", "sigma": 0.0688294604106465, "units": "au", "label": "q"}, {"value": "2442228.782563618168", "label": "tp", "sigma": 16.4471300501108, "units": "TDB", "title": "time of perihelion passage", "name": "tp"}, {"name": "om", "title": "longitude of the ascending node", "sigma": 0.000343995400089594, "units": "deg", "label": "node", "value": "3.331918790751747"}, {"value": "306.5461306561962", "units": "deg", "sigma": 0.184764077678427, "label": "peri", "name": "w", "title": "argument of perihelion"}, {"value": "27.76227345090788", "name": "i", "title": "inclination", "sigma": 0.00176146532529746, "units": "deg", "label": "i"}], "data": [["5.475471478379773E-6", "-.0001604261244265343", "-.03770484028638172", "-6.874051684263453E-8", "-.0004297268434192414", "-2.191589097819439E-7"], ["-.0001604261244265343", ".004737494620420757", "1.123857111887622", "2.526335698527907E-6", ".01271277299319481", "9.067750545724961E-6"], ["-.03770484028638172", "1.123857111887622", "270.5080868852576", ".0006998264007915429", "3.025275753673689", ".002677824731729372"], ["-6.874051684263453E-8", "2.526335698527907E-6", ".0006998264007915429", "1.183328352827996E-7", "6.864732318328059E-6", "5.985908373437287E-7"], ["-.0004297268434192414", ".01271277299319481", "3.025275753673689", "6.864732318328059E-6", ".0341377644003598", "2.479901855486245E-5"], ["-2.191589097819439E-7", "9.067750545724961E-6", ".002677824731729372", "5.985908373437287E-7", "2.479901855486245E-5", "3.102760092225272E-6"]], "epoch": "2457502.5"}, "sb_used": "SB441-N16", "model_pars": [], "moid": "41.696", "equinox": "J2000", "not_valid_after": null, "n_del_obs_used": null, "elements": [{"value": ".4436904114451095", "label": "e", "sigma": ".0023188", "units": null, "title": "eccentricity", "name": "e"}, {"value": "76.64617808163597", "name": "a", "title": "semi-major axis", "sigma": ".1977", "units": "au", "label": "a"}, {"value": "42.63900379289977", "name": "q", "title": "perihelion distance", "units": "au", "sigma": ".068189", "label": "q"}, {"name": "i", "title": "inclination; angle with respect to x-y ecliptic plane", "sigma": ".0017547", "units": "deg", "label": "i", "value": "27.61266180807413"}, {"value": "3.282429209831944", "label": "node", "sigma": ".00034626", "units": "deg", "title": "longitude of the ascending node", "name": "om"}, {"label": "peri", "units": "deg", "sigma": ".18994", "title": "argument of perihelion", "name": "w", "value": "307.9877221422939"}, {"value": "25.90392617471834", "label": "M", "units": "deg", "sigma": ".07336", "title": "mean anomaly", "name": "ma"}, {"value": "2442564.614293633011", "name": "tp", "title": "time of perihelion passage", "units": "TDB", "sigma": "18.992", "label": "tp"}, {"name": "per", "title": "sidereal orbital period", "units": "d", "sigma": "948.29", "label": "period", "value": "245094.848227622"}, {"name": "n", "title": "mean motion", "units": "deg/d", "sigma": "5.683E-6", "label": "n", "value": ".001468819122895902"}, {"name": "ad", "title": "aphelion distance", "units": "au", "sigma": ".28542", "label": "Q", "value": "110.6533523703722"}], "soln_date": "2021-04-15 14:36:57", "producer": "Otto Matic", "n_obs_used": 32, "two_body": null, "epoch": "2460200.5", "n_dop_obs_used": null, "orbit_id": "2", "source": "JPL", "last_obs": "2017-11-22", "moid_jup": "37.9287", "rms": ".185", "not_valid_before": null, "data_arc": "883", "condition_code": "4", "first_obs": "2015-06-23", "t_jup": "6.163"}}