{"signature": {"version": "1.3", "source": "NASA/JPL Small-Body Database (SBDB) API"}, "object": {"neo": false, "spkid": "54196837", "orbit_class": {"name": "TransNeptunian Object", "code": "TNO"}, "kind": "au", "orbit_id": "2", "pha": false, "des": "2013 TB228", "prefix": null, "fullname": "(2013 TB228)"}, "orbit": {"rms": ".24639", "n_dop_obs_used": null, "n_del_obs_used": null, "first_obs": "2013-10-04", "data_arc": "1803", "pe_used": "DE441", "two_body": null, "orbit_id": "2", "elements": [{"title": "eccentricity", "name": "e", "sigma": ".00016486", "value": ".4737986308189772", "label": "e", "units": null}, {"name": "a", "sigma": ".020921", "title": "semi-major axis", "units": "au", "label": "a", "value": "56.47283214504421"}, {"units": "au", "label": "q", "value": "29.71608159625234", "title": "perihelion distance", "sigma": ".0027677", "name": "q"}, {"units": "deg", "label": "i", "value": "20.56137109987665", "title": "inclination; angle with respect to x-y ecliptic plane", "sigma": ".00030877", "name": "i"}, {"label": "node", "units": "deg", "value": "65.58355711283333", "sigma": ".00074514", "name": "om", "title": "longitude of the ascending node"}, {"title": "argument of perihelion", "name": "w", "sigma": ".023204", "label": "peri", "value": "292.5351935658711", "units": "deg"}, {"title": "mean anomaly", "sigma": ".01349", "name": "ma", "units": "deg", "label": "M", "value": "15.56267839385242"}, {"title": "time of perihelion passage", "name": "tp", "sigma": "2.9219", "label": "tp", "units": "TDB", "value": "2453499.499945622299"}, {"name": "per", "sigma": "86.137", "title": "sidereal orbital period", "label": "period", "value": "155009.3087144244", "units": "d"}, {"title": "mean motion", "sigma": "1.2906E-6", "name": "n", "label": "n", "value": ".0023224411681187", "units": "deg/d"}, {"value": "83.22958269383608", "label": "Q", "units": "au", "title": "aphelion distance", "sigma": ".030833", "name": "ad"}], "comment": null, "epoch": "2460200.5", "not_valid_before": null, "source": "JPL", "sb_used": "SB441-N16", "moid": "28.7683", "n_obs_used": 27, "covariance": {"epoch": "2457281.5", "elements": [{"sigma": 0.000163476694182284, "name": "e", "title": "eccentricity", "label": "e", "units": null, "value": ".4637792570340442"}, {"title": "perihelion distance", "sigma": 0.00280589562227786, "name": "q", "label": "q", "units": "au", "value": "29.67909778515352"}, {"label": "tp", "units": "TDB", "value": "2453420.212091895674", "sigma": 2.98127044583487, "name": "tp", "title": "time of perihelion passage"}, {"sigma": 0.000744699667485301, "name": "om", "title": "longitude of the ascending node", "label": "node", "value": "65.54544045397218", "units": "deg"}, {"label": "peri", "units": "deg", "value": "292.1067748293399", "title": "argument of perihelion", "name": "w", "sigma": 0.0236628187533389}, {"units": "deg", "label": "i", "value": "20.60526322032241", "name": "i", "sigma": 0.000309981947211304, "title": "inclination"}], "data": [["2.672462954076789E-8", "2.343909089499412E-7", ".0001583310654737637", "9.007139043334431E-9", "1.172672235880867E-6", "-4.241442695670069E-10"], ["2.343909089499412E-7", "7.873050243118059E-6", ".008175291081548266", "-7.98344648830377E-8", "6.456377713430829E-5", "8.897682565172801E-8"], [".0001583310654737637", ".008175291081548266", "8.887973471208451", "-.000133564265296131", ".07049428786452128", ".0001059932442120293"], ["9.007139043334431E-9", "-7.98344648830377E-8", "-.000133564265296131", "5.545775947527181E-7", "-1.610109415270956E-6", "-2.277594282155274E-7"], ["1.172672235880867E-6", "6.456377713430829E-5", ".07049428786452128", "-1.610109415270956E-6", ".0005599289913533687", "1.05947455705857E-6"], ["-4.241442695670069E-10", "8.897682565172801E-8", ".0001059932442120293", "-2.277594282155274E-7", "1.05947455705857E-6", "9.608880759691146E-8"]], "labels": ["e", "q", "tp", "node", "peri", "i"]}, "model_pars": [], "condition_code": "4", "not_valid_after": null, "equinox": "J2000", "moid_jup": "25.033", "soln_date": "2021-09-16 06:34:03", "producer": "Otto Matic", "last_obs": "2018-09-11", "t_jup": "5.525"}}