{"object": {"neo": false, "fullname": "(2015 GN55)", "prefix": null, "orbit_id": "3", "orbit_class": {"code": "TNO", "name": "TransNeptunian Object"}, "pha": false, "kind": "au", "des": "2015 GN55", "spkid": "3831050"}, "orbit": {"equinox": "J2000", "moid": "31.0257", "model_pars": [], "sb_used": "SB441-N16", "covariance": {"labels": ["e", "q", "tp", "node", "peri", "i"], "elements": [{"value": ".4082266097761378", "label": "e", "units": null, "sigma": 0.000599065856417148, "title": "eccentricity", "name": "e"}, {"value": "32.86595774901463", "label": "q", "units": "au", "sigma": 0.0172213121144029, "title": "perihelion distance", "name": "q"}, {"title": "time of perihelion passage", "name": "tp", "label": "tp", "sigma": 93.2693843068132, "units": "TDB", "value": "2508118.894780343013"}, {"value": "188.6535540121389", "title": "longitude of the ascending node", "name": "om", "label": "node", "units": "deg", "sigma": 0.00421392886785309}, {"value": "164.4073375509299", "label": "peri", "units": "deg", "sigma": 0.141589700506156, "title": "argument of perihelion", "name": "w"}, {"title": "inclination", "name": "i", "label": "i", "sigma": 0.0025773018204889, "units": "deg", "value": "8.291867540249463"}], "epoch": "2457443.5", "data": [["3.588799003248113E-7", "-9.627431273573624E-6", "-.05570107140230589", "-2.539854860365224E-8", "-8.317646643614092E-5", "-1.546938038552146E-8"], ["-9.627431273573624E-6", ".0002965735909416802", "1.453318198486258", "1.245401211205399E-6", ".002063393789243425", "7.901795135773426E-7"], ["-.05570107140230589", "1.453318198486258", "8699.178048972013", ".003504246080224724", "13.10209962884307", ".002109070200245176"], ["-2.539854860365224E-8", "1.245401211205399E-6", ".003504246080224724", "1.775719650332559E-5", "-1.393466919324142E-5", "1.08514964995964E-5"], ["-8.317646643614092E-5", ".002063393789243425", "13.10209962884307", "-1.393466919324142E-5", ".02004764328942307", "-8.650152389669768E-6"], ["-1.546938038552146E-8", "7.901795135773426E-7", ".002109070200245176", "1.08514964995964E-5", "-8.650152389669768E-6", "6.642484673895424E-6"]]}, "comment": null, "pe_used": "DE441", "orbit_id": "3", "n_dop_obs_used": null, "epoch": "2460200.5", "two_body": null, "n_obs_used": 34, "soln_date": "2022-04-28 21:46:57", "producer": "Otto Matic", "elements": [{"value": ".4181039245745434", "units": null, "sigma": ".00057714", "label": "e", "name": "e", "title": "eccentricity"}, {"value": "55.04474786670396", "name": "a", "title": "semi-major axis", "sigma": ".030501", "units": "au", "label": "a"}, {"value": "32.0303227564188", "title": "perihelion distance", "name": "q", "label": "q", "units": "au", "sigma": ".016256"}, {"value": "8.367177065849654", "label": "i", "units": "deg", "sigma": ".0026023", "title": "inclination; angle with respect to x-y ecliptic plane", "name": "i"}, {"name": "om", "title": "longitude of the ascending node", "sigma": ".0041771", "units": "deg", "label": "node", "value": "188.795365188706"}, {"title": "argument of perihelion", "name": "w", "label": "peri", "sigma": ".13826", "units": "deg", "value": "165.2001103361126"}, {"value": "245.2671985686655", "label": "M", "sigma": ".31189", "units": "deg", "title": "mean anomaly", "name": "ma"}, {"label": "tp", "units": "TDB", "sigma": "90.768", "title": "time of perihelion passage", "name": "tp", "value": "2507740.300418902916"}, {"label": "period", "units": "d", "sigma": "123.98", "title": "sidereal orbital period", "name": "per", "value": "149166.8288170203"}, {"label": "n", "units": "deg/d", "sigma": "2.006E-6", "title": "mean motion", "name": "n", "value": ".002413405197757499"}, {"value": "78.05917297698912", "label": "Q", "units": "au", "sigma": ".043254", "title": "aphelion distance", "name": "ad"}], "not_valid_after": null, "n_del_obs_used": null, "moid_jup": "27.0741", "last_obs": "2022-04-08", "source": "JPL", "t_jup": "5.941", "condition_code": "5", "first_obs": "2015-02-17", "data_arc": "2607", "not_valid_before": null, "rms": ".18048"}, "signature": {"version": "1.3", "source": "NASA/JPL Small-Body Database (SBDB) API"}}