{"object": {"neo": false, "spkid": "20026375", "des": "26375", "prefix": null, "fullname": "26375 (1999 DE9)", "orbit_class": {"name": "TransNeptunian Object", "code": "TNO"}, "orbit_id": "32", "kind": "an", "pha": false}, "orbit": {"comment": null, "elements": [{"value": ".4158879842260125", "label": "e", "units": null, "title": "eccentricity", "sigma": "1.0241E-5", "name": "e"}, {"value": "55.01388277316958", "label": "a", "units": "au", "title": "semi-major axis", "sigma": ".0012869", "name": "a"}, {"label": "q", "units": "au", "value": "32.13426996218993", "title": "perihelion distance", "sigma": ".00020124", "name": "q"}, {"units": "deg", "label": "i", "value": "7.626513150917648", "name": "i", "sigma": "1.9772E-5", "title": "inclination; angle with respect to x-y ecliptic plane"}, {"label": "node", "value": "323.0320577010296", "units": "deg", "name": "om", "sigma": ".00013438", "title": "longitude of the ascending node"}, {"title": "argument of perihelion", "name": "w", "sigma": ".0011488", "units": "deg", "label": "peri", "value": "158.6625504288388"}, {"name": "ma", "sigma": ".0015587", "title": "mean anomaly", "label": "M", "value": "33.38891568052357", "units": "deg"}, {"name": "tp", "sigma": ".16153", "title": "time of perihelion passage", "label": "tp", "value": "2446377.360589675967", "units": "TDB"}, {"value": "149041.383533741", "label": "period", "units": "d", "title": "sidereal orbital period", "name": "per", "sigma": "5.2297"}, {"title": "mean motion", "sigma": "8.4756E-8", "name": "n", "units": "deg/d", "label": "n", "value": ".002415436514775111"}, {"title": "aphelion distance", "sigma": ".0018221", "name": "ad", "label": "Q", "value": "77.89349558414924", "units": "au"}], "epoch": "2460200.5", "not_valid_before": null, "source": "JPL", "sb_used": "SB441-N16", "moid": "31.1499", "n_obs_used": 503, "covariance": {"epoch": "2457540.5", "elements": [{"name": "e", "sigma": 1.05012144507493e-05, "title": "eccentricity", "label": "e", "units": null, "value": ".4222314003719421"}, {"label": "q", "units": "au", "value": "32.35655814565582", "title": "perihelion distance", "name": "q", "sigma": 0.000196385706351445}, {"title": "time of perihelion passage", "sigma": 0.157530894361285, "name": "tp", "units": "TDB", "label": "tp", "value": "2446612.352113155892"}, {"label": "node", "units": "deg", "value": "322.9209841195149", "title": "longitude of the ascending node", "name": "om", "sigma": 0.000134207564277618}, {"title": "argument of perihelion", "sigma": 0.00110570310585419, "name": "w", "units": "deg", "label": "peri", "value": "160.2861194565359"}, {"title": "inclination", "sigma": 1.9648477550264e-05, "name": "i", "value": "7.609292145787816", "label": "i", "units": "deg"}], "data": [["1.102755049406263E-10", "1.886793838324142E-9", "1.600920373343806E-6", "1.095748072389775E-11", "1.089144108920746E-8", "5.745558111215439E-12"], ["1.886793838324142E-9", "3.856734565915583E-8", "3.044630202700661E-5", "1.236474718942402E-10", "2.146378434682623E-7", "9.369625616136154E-11"], ["1.600920373343806E-6", "3.044630202700661E-5", ".02481598267826645", "1.273653057831466E-7", ".000172273952904209", "8.08080960998563E-8"], ["1.095748072389775E-11", "1.236474718942402E-10", "1.273653057831466E-7", "1.801167030933104E-8", "-1.70595167995417E-8", "2.568795339937538E-9"], ["1.089144108920746E-8", "2.146378434682623E-7", ".000172273952904209", "-1.70595167995417E-8", "1.222579358295596E-6", "-2.000488025968337E-9"], ["5.745558111215439E-12", "9.369625616136154E-11", "8.08080960998563E-8", "2.568795339937538E-9", "-2.000488025968337E-9", "3.860626700432266E-10"]], "labels": ["e", "q", "tp", "node", "peri", "i"]}, "n_dop_obs_used": null, "rms": ".46049", "n_del_obs_used": null, "first_obs": "1990-01-29", "data_arc": "12168", "pe_used": "DE441", "two_body": null, "orbit_id": "32", "last_obs": "2023-05-24", "producer": "Otto Matic", "t_jup": "5.956", "model_pars": [], "not_valid_after": null, "equinox": "J2000", "condition_code": "2", "moid_jup": "26.8567", "soln_date": "2023-07-30 01:17:40"}, "signature": {"version": "1.3", "source": "NASA/JPL Small-Body Database (SBDB) API"}}