{"orbit": {"t_jup": "5.280", "last_obs": "2017-09-20", "producer": "Otto Matic", "moid_jup": "23.4804", "soln_date": "2021-04-15 15:18:27", "model_pars": [], "equinox": "J2000", "not_valid_after": null, "condition_code": "5", "source": "JPL", "sb_used": "SB441-N16", "moid": "27.4199", "n_obs_used": 14, "covariance": {"labels": ["e", "q", "tp", "node", "peri", "i"], "data": [["4.276280620912975E-7", "-9.665455065978694E-6", "-.01783372065055364", "-1.567276921005121E-7", "-.0001423390358867079", "-1.22572979306766E-7"], ["-9.665455065978694E-6", ".0002359240956101299", ".4318881903098026", "3.81978217038483E-6", ".003443327620505387", "2.947057071839257E-6"], ["-.01783372065055364", ".4318881903098026", "791.7071747709825", ".00699182505492912", "6.312265661082986", ".005403531670942176"], ["-1.567276921005121E-7", "3.81978217038483E-6", ".00699182505492912", "1.846682067905092E-6", "5.401206305238267E-5", "1.516236145095627E-6"], ["-.0001423390358867079", ".003443327620505387", "6.312265661082986", "5.401206305238267E-5", ".05033053799084914", "4.1661980432809E-5"], ["-1.22572979306766E-7", "2.947057071839257E-6", ".005403531670942176", "1.516236145095627E-6", "4.1661980432809E-5", "1.262860224601979E-6"]], "elements": [{"sigma": 0.00065393276572695, "name": "e", "title": "eccentricity", "value": ".2758660985636793", "label": "e", "units": null}, {"title": "perihelion distance", "name": "q", "sigma": 0.0153598208195971, "units": "au", "label": "q", "value": "28.40745954808925"}, {"name": "tp", "sigma": 28.1372915322528, "title": "time of perihelion passage", "value": "2453240.939315168028", "label": "tp", "units": "TDB"}, {"sigma": 0.00135892680741278, "name": "om", "title": "longitude of the ascending node", "label": "node", "units": "deg", "value": "214.6656761740518"}, {"name": "w", "sigma": 0.224344685675523, "title": "argument of perihelion", "label": "peri", "units": "deg", "value": "165.4647453565431"}, {"value": "13.57956966875422", "label": "i", "units": "deg", "title": "inclination", "sigma": 0.00112377053912353, "name": "i"}], "epoch": "2457443.5"}, "elements": [{"label": "e", "units": null, "value": ".2839965589147438", "name": "e", "sigma": ".00064968", "title": "eccentricity"}, {"label": "a", "value": "39.68703503994659", "units": "au", "name": "a", "sigma": ".016751", "title": "semi-major axis"}, {"units": "au", "label": "q", "value": "28.41605365507289", "title": "perihelion distance", "name": "q", "sigma": ".015121"}, {"sigma": ".0011218", "name": "i", "title": "inclination; angle with respect to x-y ecliptic plane", "units": "deg", "label": "i", "value": "13.53100632844611"}, {"label": "node", "value": "214.5476972924212", "units": "deg", "title": "longitude of the ascending node", "name": "om", "sigma": ".0013676"}, {"label": "peri", "value": "165.9888549120481", "units": "deg", "title": "argument of perihelion", "sigma": ".21944", "name": "w"}, {"title": "mean anomaly", "sigma": ".094647", "name": "ma", "label": "M", "units": "deg", "value": "27.13546243110772"}, {"label": "tp", "value": "2453317.050428942684", "units": "TDB", "name": "tp", "sigma": "27.467", "title": "time of perihelion passage"}, {"title": "sidereal orbital period", "name": "per", "sigma": "57.818", "label": "period", "value": "91321.15776069625", "units": "d"}, {"label": "n", "value": ".003942131361752627", "units": "deg/d", "sigma": "2.4959E-6", "name": "n", "title": "mean motion"}, {"name": "ad", "sigma": ".021509", "title": "aphelion distance", "units": "au", "label": "Q", "value": "50.95801642482029"}], "comment": null, "epoch": "2460200.5", "not_valid_before": null, "pe_used": "DE441", "two_body": null, "orbit_id": "2", "rms": ".22006", "n_dop_obs_used": null, "n_del_obs_used": null, "first_obs": "2015-08-11", "data_arc": "771"}, "object": {"orbit_class": {"name": "TransNeptunian Object", "code": "TNO"}, "orbit_id": "2", "kind": "au", "pha": false, "prefix": null, "des": "2015 VT165", "fullname": "(2015 VT165)", "neo": false, "spkid": "3830976"}, "signature": {"version": "1.3", "source": "NASA/JPL Small-Body Database (SBDB) API"}}