{"object": {"fullname": "(2016 PU219)", "prefix": null, "des": "2016 PU219", "pha": false, "orbit_id": "1", "kind": "au", "orbit_class": {"code": "TNO", "name": "TransNeptunian Object"}, "spkid": "54197643", "neo": false}, "orbit": {"t_jup": "4.591", "producer": "Otto Matic", "last_obs": "2018-09-11", "moid_jup": "31.97", "soln_date": "2021-09-15 12:12:07", "not_valid_after": null, "equinox": "J2000", "condition_code": "4", "model_pars": [], "moid": "35.7043", "source": "JPL", "sb_used": "SB441-N16", "n_obs_used": 8, "covariance": {"elements": [{"value": ".04879916498836806", "label": "e", "units": null, "name": "e", "sigma": 0.000437121951662817, "title": "eccentricity"}, {"sigma": 0.0142812461725798, "name": "q", "title": "perihelion distance", "label": "q", "value": "36.3179741673374", "units": "au"}, {"units": "TDB", "label": "tp", "value": "2475945.149749516611", "title": "time of perihelion passage", "sigma": 53.3416636033362, "name": "tp"}, {"label": "node", "units": "deg", "value": "39.32149668838456", "title": "longitude of the ascending node", "sigma": 0.000718629887694786, "name": "om"}, {"label": "peri", "value": "65.20881878333476", "units": "deg", "sigma": 0.247824147340296, "name": "w", "title": "argument of perihelion"}, {"label": "i", "value": "35.15373398691234", "units": "deg", "sigma": 0.00136826282085552, "name": "i", "title": "inclination"}], "epoch": "2457677.5", "labels": ["e", "q", "tp", "node", "peri", "i"], "data": [["1.910756006255101E-7", "-4.660255132226135E-6", "-.008184516675353703", "1.042836943784871E-8", "-2.146890702945016E-5", "-1.855451112276123E-8"], ["-4.660255132226135E-6", ".0002039539922418266", "-.274098267020828", "1.520833168499999E-6", "-.001781228198791768", "-2.595073586921563E-6"], ["-.008184516675353703", "-.274098267020828", "2845.333075971479", "-.009656455871673037", "13.05188020135115", ".01660603661677829"], ["1.042836943784871E-8", "1.520833168499999E-6", "-.009656455871673037", "5.164289154882204E-7", "-4.643848314910875E-5", "-9.755981092161074E-7"], ["-2.146890702945016E-5", "-.001781228198791768", "13.05188020135115", "-4.643848314910875E-5", ".06141680800494476", "7.987119829649653E-5"], ["-1.855451112276123E-8", "-2.595073586921563E-6", ".01660603661677829", "-9.755981092161074E-7", "7.987119829649653E-5", "1.872143146935505E-6"]]}, "not_valid_before": null, "elements": [{"title": "eccentricity", "sigma": ".00044112", "name": "e", "label": "e", "value": ".05169560974483745", "units": null}, {"units": "au", "label": "a", "value": "38.57603699105145", "name": "a", "sigma": ".012104", "title": "semi-major axis"}, {"value": "36.58182523725964", "label": "q", "units": "au", "title": "perihelion distance", "sigma": ".013572", "name": "q"}, {"label": "i", "units": "deg", "value": "34.9825875662822", "name": "i", "sigma": ".0013586", "title": "inclination; angle with respect to x-y ecliptic plane"}, {"value": "39.37234362355355", "label": "node", "units": "deg", "sigma": ".00072016", "name": "om", "title": "longitude of the ascending node"}, {"name": "w", "sigma": ".23117", "title": "argument of perihelion", "label": "peri", "units": "deg", "value": "54.49757712452361"}, {"value": "304.7377127249858", "label": "M", "units": "deg", "title": "mean anomaly", "sigma": ".21839", "name": "ma"}, {"units": "TDB", "label": "tp", "value": "2473634.371707040473", "title": "time of perihelion passage", "name": "tp", "sigma": "47.863"}, {"units": "d", "label": "period", "value": "87513.4572419547", "sigma": "41.189", "name": "per", "title": "sidereal orbital period"}, {"label": "n", "value": ".00411365304657868", "units": "deg/d", "sigma": "1.9361E-6", "name": "n", "title": "mean motion"}, {"value": "40.57024874484325", "label": "Q", "units": "au", "title": "aphelion distance", "name": "ad", "sigma": ".01273"}], "comment": null, "epoch": "2460200.5", "orbit_id": "1", "pe_used": "DE441", "two_body": null, "n_del_obs_used": null, "first_obs": "2013-11-08", "data_arc": "1768", "n_dop_obs_used": null, "rms": ".217"}, "signature": {"version": "1.3", "source": "NASA/JPL Small-Body Database (SBDB) API"}}