{"object": {"kind": "au", "des": "2014 QS510", "spkid": "3989594", "pha": false, "neo": false, "fullname": "(2014 QS510)", "orbit_class": {"name": "TransNeptunian Object", "code": "TNO"}, "orbit_id": "5", "prefix": null}, "signature": {"version": "1.3", "source": "NASA/JPL Small-Body Database (SBDB) API"}, "orbit": {"pe_used": "DE441", "covariance": {"labels": ["e", "q", "tp", "node", "peri", "i"], "elements": [{"value": ".5252894458213756", "label": "e", "sigma": 0.000160168237922169, "units": null, "title": "eccentricity", "name": "e"}, {"value": "32.82380337366627", "label": "q", "units": "au", "sigma": 0.0027600955643028, "title": "perihelion distance", "name": "q"}, {"label": "tp", "sigma": 2.25469613812559, "units": "TDB", "title": "time of perihelion passage", "name": "tp", "value": "2463426.637530089782"}, {"value": "131.7187538795237", "title": "longitude of the ascending node", "name": "om", "label": "node", "units": "deg", "sigma": 0.00224573403049919}, {"value": "300.7373876390968", "label": "peri", "sigma": 0.0172842121156999, "units": "deg", "title": "argument of perihelion", "name": "w"}, {"value": "13.50643018276096", "name": "i", "title": "inclination", "units": "deg", "sigma": 6.07087076249455e-05, "label": "i"}], "epoch": "2457502.5", "data": [["2.565386443909267E-8", "2.2359678694E-8", "3.065316108217601E-5", "-3.394822906413383E-9", "3.674782516729609E-7", "1.38976345964387E-9"], ["2.2359678694E-8", "7.618127524083987E-6", "-.006137720764477322", "5.226766771339748E-7", "-4.640293079954323E-5", "3.225542500302957E-8"], ["3.065316108217601E-5", "-.006137720764477322", "5.08365467527844", "-.0004298065895437644", ".03860207539961735", "-2.317631437499084E-5"], ["-3.394822906413383E-9", "5.226766771339748E-7", "-.0004298065895437644", "5.043321335742144E-6", "-8.144963066690246E-6", "1.201862733719778E-7"], ["3.674782516729609E-7", "-4.640293079954323E-5", ".03860207539961735", "-8.144963066690246E-6", ".000298743988460506", "-2.839768700753607E-7"], ["1.38976345964387E-9", "3.225542500302957E-8", "-2.317631437499084E-5", "1.201862733719778E-7", "-2.839768700753607E-7", "3.685547181491117E-9"]]}, "comment": null, "sb_used": "SB441-N16", "model_pars": [], "equinox": "J2000", "moid": "31.9243", "n_del_obs_used": null, "not_valid_after": null, "elements": [{"label": "e", "sigma": ".00016055", "units": null, "title": "eccentricity", "name": "e", "value": ".534940260366948"}, {"name": "a", "title": "semi-major axis", "sigma": ".025478", "units": "au", "label": "a", "value": "70.72166530037127"}, {"value": "32.88979925100652", "label": "q", "sigma": ".0027209", "units": "au", "title": "perihelion distance", "name": "q"}, {"name": "i", "title": "inclination; angle with respect to x-y ecliptic plane", "sigma": "5.9969E-5", "units": "deg", "label": "i", "value": "13.50243011275213"}, {"title": "longitude of the ascending node", "name": "om", "label": "node", "units": "deg", "sigma": ".0022381", "value": "131.599403594923"}, {"value": "300.1327395185111", "label": "peri", "units": "deg", "sigma": ".017102", "title": "argument of perihelion", "name": "w"}, {"value": "354.8485872057236", "name": "ma", "title": "mean anomaly", "units": "deg", "sigma": ".0049482", "label": "M"}, {"value": "2463309.000891209783", "label": "tp", "sigma": "2.2397", "units": "TDB", "title": "time of perihelion passage", "name": "tp"}, {"value": "217233.672688564", "name": "per", "title": "sidereal orbital period", "sigma": "117.39", "units": "d", "label": "period"}, {"units": "deg/d", "sigma": "8.9551E-7", "label": "n", "name": "n", "title": "mean motion", "value": ".001657201646248058"}, {"value": "108.553531349736", "title": "aphelion distance", "name": "ad", "label": "Q", "sigma": ".039107", "units": "au"}], "producer": "Otto Matic", "soln_date": "2021-09-08 23:42:51", "two_body": null, "n_obs_used": 43, "epoch": "2460200.5", "n_dop_obs_used": null, "orbit_id": "5", "source": "JPL", "last_obs": "2020-11-14", "moid_jup": "27.9297", "rms": ".25254", "not_valid_before": null, "data_arc": "2558", "condition_code": "3", "first_obs": "2013-11-13", "t_jup": "6.131"}}