{"object": {"kind": "an", "des": "131318", "spkid": "20131318", "pha": false, "neo": false, "fullname": "131318 (2001 FL194)", "prefix": null, "orbit_id": "7", "orbit_class": {"name": "TransNeptunian Object", "code": "TNO"}}, "orbit": {"sb_used": "SB441-N16", "covariance": {"epoch": "2457336.5", "data": [["2.174984723902012E-9", "2.546944512664157E-8", "4.801860013583405E-5", "1.799172488290727E-10", "2.778098657866654E-7", "2.122436157226733E-10"], ["2.546944512664157E-8", "3.24164780957402E-7", ".0006262561251707513", "1.822388321647075E-9", "3.642264995789698E-6", "2.391326360207412E-9"], ["4.801860013583405E-5", ".0006262561251707513", "1.224008117092142", "3.240124660021868E-6", ".007126235841836946", "4.430005337033144E-6"], ["1.799172488290727E-10", "1.822388321647075E-9", "3.240124660021868E-6", "2.612348093271034E-8", "-6.817930141090036E-9", "1.014218034639051E-8"], ["2.778098657866654E-7", "3.642264995789698E-6", ".007126235841836946", "-6.817930141090036E-9", "4.1527325393311E-5", "1.573280450632566E-8"], ["2.122436157226733E-10", "2.391326360207412E-9", "4.430005337033144E-6", "1.014218034639051E-8", "1.573280450632566E-8", "4.268449445628255E-9"]], "elements": [{"value": ".1792658256091382", "title": "eccentricity", "name": "e", "label": "e", "sigma": 4.66367314881951e-05, "units": null}, {"value": "32.49983546933249", "label": "q", "units": "au", "sigma": 0.000569354705748009, "title": "perihelion distance", "name": "q"}, {"name": "tp", "title": "time of perihelion passage", "sigma": 1.10634900329514, "units": "TDB", "label": "tp", "value": "2450625.820385300264"}, {"value": "2.02514029291386", "name": "om", "title": "longitude of the ascending node", "units": "deg", "sigma": 0.00016162759953891, "label": "node"}, {"title": "argument of perihelion", "name": "w", "label": "peri", "sigma": 0.00644416987619903, "units": "deg", "value": "171.8546936608058"}, {"title": "inclination", "name": "i", "label": "i", "units": "deg", "sigma": 6.5333371607688e-05, "value": "13.67278968991873"}], "labels": ["e", "q", "tp", "node", "peri", "i"]}, "comment": null, "pe_used": "DE441", "equinox": "J2000", "moid": "31.4589", "model_pars": [], "producer": "Otto Matic", "soln_date": "2021-04-13 17:54:44", "elements": [{"value": ".1704082300180337", "name": "e", "title": "eccentricity", "units": null, "sigma": "4.5821E-5", "label": "e"}, {"units": "au", "sigma": ".0028442", "label": "a", "name": "a", "title": "semi-major axis", "value": "39.12008670993402"}, {"value": "32.45370197554216", "name": "q", "title": "perihelion distance", "units": "au", "sigma": ".00058597", "label": "q"}, {"title": "inclination; angle with respect to x-y ecliptic plane", "name": "i", "label": "i", "sigma": "6.5637E-5", "units": "deg", "value": "13.72412285072529"}, {"label": "node", "units": "deg", "sigma": ".00016115", "title": "longitude of the ascending node", "name": "om", "value": "2.185512781760087"}, {"value": "170.1783279755508", "label": "peri", "sigma": ".0071327", "units": "deg", "title": "argument of perihelion", "name": "w"}, {"name": "ma", "title": "mean anomaly", "sigma": ".0091779", "units": "deg", "label": "M", "value": "39.75614218218651"}, {"name": "tp", "title": "time of perihelion passage", "units": "TDB", "sigma": "1.2257", "label": "tp", "value": "2450330.892668668521"}, {"name": "per", "title": "sidereal orbital period", "units": "d", "sigma": "9.7465", "label": "period", "value": "89371.31331800469"}, {"label": "n", "sigma": "4.393E-7", "units": "deg/d", "title": "mean motion", "name": "n", "value": ".004028138187015706"}, {"value": "45.78647144432588", "label": "Q", "units": "au", "sigma": ".0033289", "title": "aphelion distance", "name": "ad"}], "n_del_obs_used": null, "not_valid_after": null, "orbit_id": "7", "n_dop_obs_used": null, "epoch": "2460200.5", "n_obs_used": 63, "two_body": null, "last_obs": "2020-05-23", "source": "JPL", "moid_jup": "27.0082", "first_obs": "2001-03-22", "condition_code": "3", "data_arc": "7002", "rms": ".78157", "not_valid_before": null, "t_jup": "5.382"}, "signature": {"version": "1.3", "source": "NASA/JPL Small-Body Database (SBDB) API"}}