{"signature": {"version": "1.3", "source": "NASA/JPL Small-Body Database (SBDB) API"}, "orbit": {"model_pars": [], "equinox": "J2000", "moid": "40.9769", "comment": null, "covariance": {"data": [["1.174855126591349E-9", "-2.899088368983263E-9", "-1.357835565435347E-5", "3.586262305737679E-10", "-2.985181093755755E-8", "-5.532357749583541E-11"], ["-2.899088368983263E-9", "3.692283544886889E-6", "-.01996252885090247", "4.696740488047729E-8", "-7.783632530126519E-5", "-8.33120469964897E-9"], ["-1.357835565435347E-5", "-.01996252885090247", "108.7958943963844", "-.0002630743464200941", ".4235902162729868", "4.646807237018341E-5"], ["3.586262305737679E-10", "4.696740488047729E-8", "-.0002630743464200941", "2.025598660563732E-7", "-1.218109372744142E-6", "-5.343835254367318E-8"], ["-2.985181093755755E-8", "-7.783632530126519E-5", ".4235902162729868", "-1.218109372744142E-6", ".001649885015300305", "2.32809595220833E-7"], ["-5.532357749583541E-11", "-8.33120469964897E-9", "4.646807237018341E-5", "-5.343835254367318E-8", "2.32809595220833E-7", "1.430794310821537E-8"]], "epoch": "2457195.5", "labels": ["e", "q", "tp", "node", "peri", "i"], "elements": [{"name": "e", "title": "eccentricity", "sigma": 3.42761597410117e-05, "units": null, "label": "e", "value": ".06947054037683638"}, {"value": "41.98542900113677", "units": "au", "sigma": 0.00192153156229266, "label": "q", "name": "q", "title": "perihelion distance"}, {"value": "2469670.624644095738", "title": "time of perihelion passage", "name": "tp", "label": "tp", "units": "TDB", "sigma": 10.4305270430781}, {"units": "deg", "sigma": 0.000450066512924893, "label": "node", "name": "om", "title": "longitude of the ascending node", "value": "342.1314218109272"}, {"value": "198.9956066917555", "title": "argument of perihelion", "name": "w", "label": "peri", "units": "deg", "sigma": 0.0406187766347081}, {"value": "7.883635488150128", "label": "i", "units": "deg", "sigma": 0.000119615814624218, "title": "inclination", "name": "i"}]}, "sb_used": "SB441-N16", "pe_used": "DE441", "epoch": "2460200.5", "orbit_id": "4", "n_dop_obs_used": null, "two_body": null, "n_obs_used": 80, "elements": [{"sigma": "3.4073E-5", "units": null, "label": "e", "name": "e", "title": "eccentricity", "value": ".0609995648376277"}, {"value": "44.70090594982744", "units": "au", "sigma": ".0025477", "label": "a", "name": "a", "title": "semi-major axis"}, {"sigma": ".0020124", "units": "au", "label": "q", "name": "q", "title": "perihelion distance", "value": "41.97417013904025"}, {"value": "7.919503555727291", "label": "i", "sigma": ".00012016", "units": "deg", "title": "inclination; angle with respect to x-y ecliptic plane", "name": "i"}, {"title": "longitude of the ascending node", "name": "om", "label": "node", "units": "deg", "sigma": ".00044788", "value": "342.0140041823743"}, {"value": "201.5995817541592", "sigma": ".046112", "units": "deg", "label": "peri", "name": "w", "title": "argument of perihelion"}, {"sigma": ".04167", "units": "deg", "label": "M", "name": "ma", "title": "mean anomaly", "value": "326.4050270416287"}, {"value": "2470387.462548242403", "name": "tp", "title": "time of perihelion passage", "units": "TDB", "sigma": "11.897", "label": "tp"}, {"name": "per", "title": "sidereal orbital period", "units": "d", "sigma": "9.3323", "label": "period", "value": "109162.3595563404"}, {"title": "mean motion", "name": "n", "label": "n", "sigma": "2.8193E-7", "units": "deg/d", "value": ".003297840038114955"}, {"value": "47.42764176061463", "name": "ad", "title": "aphelion distance", "sigma": ".0027031", "units": "au", "label": "Q"}], "producer": "Otto Matic", "soln_date": "2023-04-26 18:45:02", "not_valid_after": null, "n_del_obs_used": null, "moid_jup": "36.5316", "last_obs": "2023-02-20", "source": "JPL", "t_jup": "5.912", "data_arc": "4670", "condition_code": "3", "first_obs": "2010-05-09", "not_valid_before": null, "rms": ".75127"}, "object": {"pha": false, "fullname": "620065 (2010 JF210)", "neo": false, "prefix": null, "orbit_id": "4", "orbit_class": {"name": "TransNeptunian Object", "code": "TNO"}, "des": "620065", "kind": "an", "spkid": "20620065"}}