{"orbit": {"t_jup": "5.457", "producer": "Otto Matic", "last_obs": "2018-04-10", "soln_date": "2021-04-13 20:36:56", "moid_jup": "24.8322", "model_pars": [], "not_valid_after": null, "condition_code": "4", "equinox": "J2000", "covariance": {"data": [["5.38734443276838E-8", "4.613845154297491E-7", ".0004831551140926261", "1.286907576808984E-9", "3.161551351400517E-6", "1.960361307138905E-9"], ["4.613845154297491E-7", "4.014744244811959E-6", ".004398676598496779", "5.875143468249101E-9", "2.878491164154242E-5", "1.662443994985303E-8"], [".0004831551140926261", ".004398676598496779", "5.640423640335901", "-1.442791833541711E-5", ".03690814595573307", "1.652538424903845E-5"], ["1.286907576808984E-9", "5.875143468249101E-9", "-1.442791833541711E-5", "8.027322959258484E-6", "-8.090794438728402E-6", "4.760699562916154E-7"], ["3.161551351400517E-6", "2.878491164154242E-5", ".03690814595573307", "-8.090794438728402E-6", ".0002494810787010804", "-3.660574814430434E-7"], ["1.960361307138905E-9", "1.662443994985303E-8", "1.652538424903845E-5", "4.760699562916154E-7", "-3.660574814430434E-7", "3.791490500814045E-8"]], "labels": ["e", "q", "tp", "node", "peri", "i"], "epoch": "2453448.5", "elements": [{"title": "eccentricity", "sigma": 0.000232106536589739, "name": "e", "value": ".2369748974256129", "label": "e", "units": null}, {"label": "q", "value": "30.28397877290701", "units": "au", "title": "perihelion distance", "sigma": 0.00200368267068714, "name": "q"}, {"title": "time of perihelion passage", "sigma": 2.37495760811344, "name": "tp", "value": "2452834.449441362138", "label": "tp", "units": "TDB"}, {"title": "longitude of the ascending node", "sigma": 0.00283325307010484, "name": "om", "label": "node", "units": "deg", "value": "154.6614854524599"}, {"title": "argument of perihelion", "name": "w", "sigma": 0.0157949700443236, "label": "peri", "units": "deg", "value": "49.69604135789875"}, {"label": "i", "value": "4.986198266206597", "units": "deg", "title": "inclination", "sigma": 0.000194717500518419, "name": "i"}]}, "n_obs_used": 23, "source": "JPL", "sb_used": "SB441-N16", "moid": "29.2843", "elements": [{"title": "eccentricity", "sigma": ".00023069", "name": "e", "value": ".2268637190350959", "label": "e", "units": null}, {"name": "a", "sigma": ".014265", "title": "semi-major axis", "units": "au", "label": "a", "value": "39.1735103688092"}, {"title": "perihelion distance", "sigma": ".0020049", "name": "q", "units": "au", "label": "q", "value": "30.28646211888126"}, {"sigma": ".00019557", "name": "i", "title": "inclination; angle with respect to x-y ecliptic plane", "units": "deg", "label": "i", "value": "4.990612615443079"}, {"name": "om", "sigma": ".0028392", "title": "longitude of the ascending node", "label": "node", "units": "deg", "value": "154.8352600099199"}, {"value": "49.5157424973665", "label": "peri", "units": "deg", "name": "w", "sigma": ".016476", "title": "argument of perihelion"}, {"label": "M", "value": "29.69992894620652", "units": "deg", "name": "ma", "sigma": ".025524", "title": "mean anomaly"}, {"sigma": "2.4902", "name": "tp", "title": "time of perihelion passage", "label": "tp", "value": "2452812.275686533568", "units": "TDB"}, {"value": "89554.44835121866", "label": "period", "units": "d", "title": "sidereal orbital period", "name": "per", "sigma": "48.916"}, {"name": "n", "sigma": "2.1957E-6", "title": "mean motion", "units": "deg/d", "label": "n", "value": ".004019900815960988"}, {"label": "Q", "units": "au", "value": "48.06055861873715", "sigma": ".017501", "name": "ad", "title": "aphelion distance"}], "comment": null, "epoch": "2460200.5", "not_valid_before": null, "two_body": null, "pe_used": "DE441", "orbit_id": "6", "rms": ".17713", "n_dop_obs_used": null, "data_arc": "6612", "first_obs": "2000-03-03", "n_del_obs_used": null}, "object": {"neo": false, "spkid": "20168700", "orbit_class": {"code": "TNO", "name": "TransNeptunian Object"}, "pha": false, "orbit_id": "6", "kind": "an", "fullname": "168700 (2000 GE147)", "des": "168700", "prefix": null}, "signature": {"version": "1.3", "source": "NASA/JPL Small-Body Database (SBDB) API"}}