{"signature": {"version": "1.3", "source": "NASA/JPL Small-Body Database (SBDB) API"}, "object": {"spkid": "20558224", "neo": false, "fullname": "558224 (2014 YC50)", "des": "558224", "prefix": null, "pha": false, "kind": "an", "orbit_id": "8", "orbit_class": {"name": "TransNeptunian Object", "code": "TNO"}}, "orbit": {"first_obs": "2012-12-22", "n_del_obs_used": null, "data_arc": "3712", "rms": ".70639", "n_dop_obs_used": null, "orbit_id": "8", "pe_used": "DE441", "two_body": null, "not_valid_before": null, "comment": null, "elements": [{"name": "e", "sigma": "3.6788E-5", "title": "eccentricity", "label": "e", "units": null, "value": ".1516246697926279"}, {"title": "semi-major axis", "sigma": ".0020696", "name": "a", "units": "au", "label": "a", "value": "43.96982558746186"}, {"title": "perihelion distance", "name": "q", "sigma": ".00063166", "label": "q", "units": "au", "value": "37.30291530192351"}, {"name": "i", "sigma": "6.6134E-5", "title": "inclination; angle with respect to x-y ecliptic plane", "value": "18.37014034434898", "label": "i", "units": "deg"}, {"title": "longitude of the ascending node", "name": "om", "sigma": ".00022111", "value": "84.47910476141045", "label": "node", "units": "deg"}, {"label": "peri", "value": "76.24656921140988", "units": "deg", "title": "argument of perihelion", "sigma": ".011576", "name": "w"}, {"title": "mean anomaly", "name": "ma", "sigma": ".0082928", "label": "M", "units": "deg", "value": "346.067734583013"}, {"sigma": "2.4021", "name": "tp", "title": "time of perihelion passage", "units": "TDB", "label": "tp", "value": "2464321.947574398356"}, {"label": "period", "value": "106495.3245130096", "units": "d", "sigma": "7.5189", "name": "per", "title": "sidereal orbital period"}, {"sigma": "2.3867E-7", "name": "n", "title": "mean motion", "label": "n", "units": "deg/d", "value": ".003380430095370262"}, {"units": "au", "label": "Q", "value": "50.63673587300021", "title": "aphelion distance", "name": "ad", "sigma": ".0023834"}], "epoch": "2460200.5", "source": "JPL", "n_obs_used": 112, "sb_used": "SB441-N16", "moid": "36.3595", "covariance": {"labels": ["e", "q", "tp", "node", "peri", "i"], "data": [["1.374120452967396E-9", "3.135471551224497E-10", "2.025840073944882E-5", "-1.041583795163501E-9", "1.062640934471454E-7", "-2.195544269680114E-10"], ["3.135471551224497E-10", "4.177344292909449E-7", "-.00141790205684871", "-1.736086692933316E-10", "-6.859594555199731E-6", "7.426361243747132E-10"], ["2.025840073944882E-5", "-.00141790205684871", "5.164306191441816", "-1.593561803999338E-5", ".02510535820272868", "-6.008662309816433E-6"], ["-1.041583795163501E-9", "-1.736086692933316E-10", "-1.593561803999338E-5", "4.850217858388575E-8", "-1.285003915444765E-7", "1.446803657139509E-8"], ["1.062640934471454E-7", "-6.859594555199731E-6", ".02510535820272868", "-1.285003915444765E-7", ".0001221373281176817", "-4.393723437433332E-8"], ["-2.195544269680114E-10", "7.426361243747132E-10", "-6.008662309816433E-6", "1.446803657139509E-8", "-4.393723437433332E-8", "4.382574391164242E-9"]], "elements": [{"title": "eccentricity", "sigma": 3.70691307285104e-05, "name": "e", "units": null, "label": "e", "value": ".1581370725672551"}, {"label": "q", "units": "au", "value": "37.25225682928157", "title": "perihelion distance", "name": "q", "sigma": 0.000646323780539557}, {"title": "time of perihelion passage", "name": "tp", "sigma": 2.27251098818946, "label": "tp", "units": "TDB", "value": "2464524.712628586906"}, {"label": "node", "units": "deg", "value": "84.61028369964036", "name": "om", "sigma": 0.000220232101619827, "title": "longitude of the ascending node"}, {"title": "argument of perihelion", "sigma": 0.0110515758205643, "name": "w", "value": "77.17145129960053", "label": "peri", "units": "deg"}, {"label": "i", "units": "deg", "value": "18.3961988166846", "title": "inclination", "sigma": 6.62010150312232e-05, "name": "i"}], "epoch": "2457817.5"}, "not_valid_after": null, "condition_code": "3", "equinox": "J2000", "model_pars": [], "moid_jup": "32.1513", "soln_date": "2023-04-27 04:26:14", "last_obs": "2023-02-20", "producer": "Otto Matic", "t_jup": "5.572"}}