{"signature": {"version": "1.3", "source": "NASA/JPL Small-Body Database (SBDB) API"}, "object": {"kind": "an", "orbit_id": "10", "pha": false, "orbit_class": {"code": "TNO", "name": "TransNeptunian Object"}, "des": "523774", "prefix": null, "fullname": "523774 (2014 XV40)", "spkid": "20523774", "neo": false}, "orbit": {"not_valid_before": null, "comment": null, "elements": [{"name": "e", "sigma": "2.0324E-5", "title": "eccentricity", "value": ".4210476493253532", "label": "e", "units": null}, {"sigma": ".0024575", "name": "a", "title": "semi-major axis", "label": "a", "units": "au", "value": "60.61329029438081"}, {"name": "q", "sigma": ".00024631", "title": "perihelion distance", "label": "q", "value": "35.09220689805652", "units": "au"}, {"title": "inclination; angle with respect to x-y ecliptic plane", "name": "i", "sigma": "3.9377E-5", "units": "deg", "label": "i", "value": "36.35855674382063"}, {"title": "longitude of the ascending node", "sigma": "4.5065E-5", "name": "om", "label": "node", "units": "deg", "value": "93.23438179386163"}, {"title": "argument of perihelion", "name": "w", "sigma": ".00163", "label": "peri", "value": "62.86091004166611", "units": "deg"}, {"units": "deg", "label": "M", "value": "354.3031796992105", "sigma": ".00081201", "name": "ma", "title": "mean anomaly"}, {"name": "tp", "sigma": ".27462", "title": "time of perihelion passage", "label": "tp", "value": "2462928.097199836689", "units": "TDB"}, {"title": "sidereal orbital period", "sigma": "10.483", "name": "per", "label": "period", "units": "d", "value": "172365.4495131474"}, {"title": "mean motion", "name": "n", "sigma": "1.2702E-7", "label": "n", "units": "deg/d", "value": ".002088585624420865"}, {"label": "Q", "units": "au", "value": "86.1343736907051", "name": "ad", "sigma": ".0034922", "title": "aphelion distance"}], "epoch": "2460200.5", "n_obs_used": 239, "source": "JPL", "sb_used": "SB441-N16", "moid": "34.2538", "covariance": {"epoch": "2457662.5", "elements": [{"name": "e", "sigma": 2.03693481166507e-05, "title": "eccentricity", "units": null, "label": "e", "value": ".4286520581049053"}, {"units": "au", "label": "q", "value": "35.06074693237839", "name": "q", "sigma": 0.000247637995530002, "title": "perihelion distance"}, {"title": "time of perihelion passage", "name": "tp", "sigma": 0.269268529289829, "label": "tp", "units": "TDB", "value": "2462981.770781843074"}, {"value": "93.3014053060313", "label": "node", "units": "deg", "sigma": 4.49442380439835e-05, "name": "om", "title": "longitude of the ascending node"}, {"label": "peri", "value": "63.19816530966493", "units": "deg", "title": "argument of perihelion", "name": "w", "sigma": 0.00160800225134198}, {"units": "deg", "label": "i", "value": "36.38438352228881", "title": "inclination", "sigma": 3.93424836418896e-05, "name": "i"}], "labels": ["e", "q", "tp", "node", "peri", "i"], "data": [["4.14910342697301E-10", "3.688985066422652E-9", "-2.367560834594274E-6", "-8.829258365592716E-11", "-1.319716362672784E-8", "-2.406226013539827E-11"], ["3.688985066422652E-9", "6.132457683011746E-8", "-6.174332980094561E-5", "-6.311438335723783E-10", "-3.643233236794624E-7", "-2.145846333595879E-13"], ["-2.367560834594274E-6", "-6.174332980094561E-5", ".07250554086590724", "2.68395890316043E-7", ".0004326084631897063", "-1.74275197345809E-7"], ["-8.829258365592716E-11", "-6.311438335723783E-10", "2.68395890316043E-7", "2.01998453335425E-9", "-2.177267215608197E-10", "1.733630655865278E-9"], ["-1.319716362672784E-8", "-3.643233236794624E-7", ".0004326084631897063", "-2.177267215608197E-10", "2.585671240320888E-6", "-2.510835968573223E-9"], ["-2.406226013539827E-11", "-2.145846333595879E-13", "-1.74275197345809E-7", "1.733630655865278E-9", "-2.510835968573223E-9", "1.547831019112354E-9"]]}, "n_del_obs_used": null, "first_obs": "2011-11-10", "data_arc": "4031", "n_dop_obs_used": null, "rms": ".51811", "orbit_id": "10", "pe_used": "DE441", "two_body": null, "producer": "Otto Matic", "last_obs": "2022-11-23", "t_jup": "5.072", "condition_code": "2", "not_valid_after": null, "equinox": "J2000", "model_pars": [], "moid_jup": "30.5544", "soln_date": "2023-02-09 21:51:12"}}