{"object": {"spkid": "3825786", "des": "2015 DM249", "kind": "au", "pha": false, "prefix": null, "orbit_id": "6", "orbit_class": {"name": "TransNeptunian Object", "code": "TNO"}, "fullname": "(2015 DM249)", "neo": false}, "orbit": {"t_jup": "6.133", "not_valid_before": null, "rms": ".42494", "data_arc": "7006", "condition_code": "3", "first_obs": "2002-02-13", "moid_jup": "32.4037", "source": "JPL", "last_obs": "2021-04-20", "two_body": null, "n_obs_used": 47, "epoch": "2460200.5", "orbit_id": "6", "n_dop_obs_used": null, "not_valid_after": null, "n_del_obs_used": null, "elements": [{"value": ".3198710582485904", "name": "e", "title": "eccentricity", "units": null, "sigma": ".0001711", "label": "e"}, {"title": "semi-major axis", "name": "a", "label": "a", "sigma": ".016389", "units": "au", "value": "55.25684311440338"}, {"value": "37.58177823192283", "name": "q", "title": "perihelion distance", "sigma": ".0016975", "units": "au", "label": "q"}, {"name": "i", "title": "inclination; angle with respect to x-y ecliptic plane", "units": "deg", "sigma": "2.7711E-5", "label": "i", "value": "12.06129040414048"}, {"name": "om", "title": "longitude of the ascending node", "units": "deg", "sigma": ".00046693", "label": "node", "value": "227.2640874280713"}, {"label": "peri", "sigma": ".0068261", "units": "deg", "title": "argument of perihelion", "name": "w", "value": "267.0941693071662"}, {"title": "mean anomaly", "name": "ma", "label": "M", "units": "deg", "sigma": ".011074", "value": "18.04485736500197"}, {"title": "time of perihelion passage", "name": "tp", "label": "tp", "sigma": "1.3902", "units": "TDB", "value": "2452680.315702765081"}, {"value": "150029.8003050619", "title": "sidereal orbital period", "name": "per", "label": "period", "units": "d", "sigma": "66.747"}, {"label": "n", "sigma": "1.0675E-6", "units": "deg/d", "title": "mean motion", "name": "n", "value": ".0023995232898264"}, {"name": "ad", "title": "aphelion distance", "sigma": ".021631", "units": "au", "label": "Q", "value": "72.93190799688392"}], "soln_date": "2022-07-18 12:12:03", "producer": "Otto Matic", "model_pars": [], "moid": "36.6169", "equinox": "J2000", "pe_used": "DE441", "covariance": {"data": [["2.937466587768981E-8", "2.882123833567925E-7", ".0001997105689355126", "-1.167948377956365E-9", "9.736002252004778E-7", "2.196177615040352E-9"], ["2.882123833567925E-7", "2.847439707220521E-6", ".002050459029532108", "-1.389906378151516E-8", "1.000113673286067E-5", "2.167392202940161E-8"], [".0001997105689355126", ".002050459029532108", "1.823424840860004", "-2.038717029524945E-5", ".008910952937820947", "1.550454900102565E-5"], ["-1.167948377956365E-9", "-1.389906378151516E-8", "-2.038717029524945E-5", "2.191401848837681E-7", "-3.139161321452532E-7", "-6.938982416670274E-9"], ["9.736002252004778E-7", "1.000113673286067E-5", ".008910952937820947", "-3.139161321452532E-7", "4.375792961889744E-5", "8.230405177907907E-8"], ["2.196177615040352E-9", "2.167392202940161E-8", "1.550454900102565E-5", "-6.938982416670274E-9", "8.230405177907907E-8", "7.765143709475939E-10"]], "epoch": "2455133.5", "labels": ["e", "q", "tp", "node", "peri", "i"], "elements": [{"value": ".3189659288324508", "name": "e", "title": "eccentricity", "units": null, "sigma": 0.000171390390272296, "label": "e"}, {"name": "q", "title": "perihelion distance", "sigma": 0.00168743583795667, "units": "au", "label": "q", "value": "37.63903994033444"}, {"units": "TDB", "sigma": 1.35034249020758, "label": "tp", "name": "tp", "title": "time of perihelion passage", "value": "2452799.210903426799"}, {"value": "227.383020123917", "units": "deg", "sigma": 0.000468124112692102, "label": "node", "name": "om", "title": "longitude of the ascending node"}, {"value": "267.561980781286", "name": "w", "title": "argument of perihelion", "units": "deg", "sigma": 0.00661497767334837, "label": "peri"}, {"title": "inclination", "name": "i", "label": "i", "sigma": 2.78660074454091e-05, "units": "deg", "value": "12.04389877144395"}]}, "comment": null, "sb_used": "SB441-N16"}, "signature": {"version": "1.3", "source": "NASA/JPL Small-Body Database (SBDB) API"}}