{"signature": {"version": "1.3", "source": "NASA/JPL Small-Body Database (SBDB) API"}, "orbit": {"not_valid_after": null, "condition_code": "5", "equinox": "J2000", "model_pars": [], "soln_date": "2023-10-16 14:12:04", "moid_jup": "37.6275", "producer": "Otto Matic", "last_obs": "2021-06-02", "t_jup": "5.929", "data_arc": "1082", "first_obs": "2018-06-16", "n_del_obs_used": null, "rms": ".034885", "n_dop_obs_used": null, "orbit_id": "2", "two_body": null, "pe_used": "DE441", "not_valid_before": null, "epoch": "2460200.5", "comment": null, "elements": [{"label": "e", "units": null, "value": ".02927413212938974", "title": "eccentricity", "sigma": ".00084544", "name": "e"}, {"sigma": ".018817", "name": "a", "title": "semi-major axis", "label": "a", "units": "au", "value": "44.06114268304543"}, {"sigma": ".026057", "name": "q", "title": "perihelion distance", "value": "42.77129097037007", "label": "q", "units": "au"}, {"title": "inclination; angle with respect to x-y ecliptic plane", "name": "i", "sigma": ".0021431", "value": "2.726124917842944", "label": "i", "units": "deg"}, {"units": "deg", "label": "node", "value": "154.8708856039118", "sigma": ".050216", "name": "om", "title": "longitude of the ascending node"}, {"sigma": "4.4779", "name": "w", "title": "argument of perihelion", "value": "147.4318330818807", "label": "peri", "units": "deg"}, {"units": "deg", "label": "M", "value": "349.4701315622818", "title": "mean anomaly", "sigma": "4.2057", "name": "ma"}, {"title": "time of perihelion passage", "name": "tp", "sigma": "1249.", "units": "TDB", "label": "tp", "value": "2463325.158109512504"}, {"value": "106827.2529783157", "label": "period", "units": "d", "name": "per", "sigma": "68.432", "title": "sidereal orbital period"}, {"sigma": "2.1587E-6", "name": "n", "title": "mean motion", "label": "n", "value": ".003369926586739758", "units": "deg/d"}, {"sigma": ".019368", "name": "ad", "title": "aphelion distance", "label": "Q", "units": "au", "value": "45.3509943957208"}], "covariance": {"labels": ["e", "q", "tp", "node", "peri", "i"], "data": [["3.10059033197045E-7", "-5.088027248653744E-6", ".504137719123306", "-1.172414525016747E-6", ".00180898212515768", "5.250403924353598E-8"], ["-5.088027248653744E-6", ".0001688130858964377", "-13.14064019538854", "2.774521115184604E-5", "-.04714785061075369", "-1.18619022633829E-6"], [".504137719123306", "-13.14064019538854", "1105026.496234388", "-2.413493181342728", "3964.854175989827", ".1049856028657922"], ["-1.172414525016747E-6", "2.774521115184604E-5", "-2.413493181342728", ".002492373934467264", "-.0111439481506968", "-.0001066610100519653"], [".00180898212515768", "-.04714785061075369", "3964.854175989827", "-.0111439481506968", "14.22844702553008", ".0004830017320386068"], ["5.250403924353598E-8", "-1.18619022633829E-6", ".1049856028657922", "-.0001066610100519653", ".0004830017320386068", "4.56917277234798E-6"]], "epoch": "2458976.5", "elements": [{"name": "e", "sigma": 0.000556829447135337, "title": "eccentricity", "label": "e", "units": null, "value": ".03621211774943343"}, {"title": "perihelion distance", "sigma": 0.0129928090071561, "name": "q", "label": "q", "value": "42.79917449680905", "units": "au"}, {"value": "2461123.806808868083", "label": "tp", "units": "TDB", "sigma": 1051.20240497936, "name": "tp", "title": "time of perihelion passage"}, {"name": "om", "sigma": 0.049923681098926, "title": "longitude of the ascending node", "label": "node", "units": "deg", "value": "154.8003892178203"}, {"name": "w", "sigma": 3.77206137616159, "title": "argument of perihelion", "label": "peri", "units": "deg", "value": "139.6502436391618"}, {"value": "2.729220551478944", "label": "i", "units": "deg", "sigma": 0.00213756234349971, "name": "i", "title": "inclination"}]}, "source": "JPL", "n_obs_used": 32, "sb_used": "SB441-N16", "moid": "41.7557"}, "object": {"neo": false, "spkid": "54353252", "orbit_class": {"name": "TransNeptunian Object", "code": "TNO"}, "pha": false, "kind": "au", "orbit_id": "2", "fullname": "(2020 KJ56)", "prefix": null, "des": "2020 KJ56"}}