{"signature": {"version": "1.3", "source": "NASA/JPL Small-Body Database (SBDB) API"}, "orbit": {"pe_used": "DE441", "two_body": null, "orbit_id": "5", "n_dop_obs_used": null, "rms": ".75184", "n_del_obs_used": null, "first_obs": "2013-08-30", "data_arc": "2870", "source": "JPL", "moid": "39.1433", "sb_used": "SB441-N16", "n_obs_used": 82, "covariance": {"elements": [{"title": "eccentricity", "name": "e", "sigma": 2.23453891359828e-05, "value": ".2235319581252388", "label": "e", "units": null}, {"label": "q", "units": "au", "value": "40.16069324720304", "title": "perihelion distance", "sigma": 0.000499433041934488, "name": "q"}, {"label": "tp", "value": "2461441.996240457159", "units": "TDB", "name": "tp", "sigma": 2.34800872628973, "title": "time of perihelion passage"}, {"value": "110.7882106970031", "label": "node", "units": "deg", "name": "om", "sigma": 0.000105434221856977, "title": "longitude of the ascending node"}, {"units": "deg", "label": "peri", "value": "153.9869703485963", "name": "w", "sigma": 0.0101896111988076, "title": "argument of perihelion"}, {"title": "inclination", "sigma": 8.49449647878962e-05, "name": "i", "label": "i", "units": "deg", "value": "46.61580424079406"}], "epoch": "2457615.5", "labels": ["e", "q", "tp", "node", "peri", "i"], "data": [["4.993164156384992E-10", "3.848057817559293E-9", "5.257007467668971E-6", "-3.752275688722329E-10", "2.32335257227564E-8", "3.899015330793266E-10"], ["3.848057817559293E-9", "2.49433363375936E-7", "-.001046817019826245", "-3.702706448591739E-9", "-4.540357579064331E-6", "4.259508819704397E-9"], ["5.257007467668971E-6", "-.001046817019826245", "5.513144978732738", "-8.960144611710788E-7", ".02392454804851774", "-1.122192460568393E-6"], ["-3.752275688722329E-10", "-3.702706448591739E-9", "-8.960144611710788E-7", "1.111637513858627E-8", "-1.152514632145783E-8", "-8.89404555739457E-9"], ["2.32335257227564E-8", "-4.540357579064331E-6", ".02392454804851774", "-1.152514632145783E-8", ".0001038281763828657", "1.239698256008855E-9"], ["3.899015330793266E-10", "4.259508819704397E-9", "-1.122192460568393E-6", "-8.89404555739457E-9", "1.239698256008855E-9", "7.215647042816921E-9"]]}, "comment": null, "elements": [{"label": "e", "units": null, "value": ".2170895487282076", "title": "eccentricity", "sigma": "2.2412E-5", "name": "e"}, {"title": "semi-major axis", "name": "a", "sigma": ".001774", "label": "a", "units": "au", "value": "51.23909252893211"}, {"title": "perihelion distance", "name": "q", "sigma": ".00053436", "units": "au", "label": "q", "value": "40.11562105458336"}, {"title": "inclination; angle with respect to x-y ecliptic plane", "name": "i", "sigma": "8.5245E-5", "label": "i", "value": "46.61916048722197", "units": "deg"}, {"label": "node", "units": "deg", "value": "110.8115800142336", "title": "longitude of the ascending node", "sigma": ".00010577", "name": "om"}, {"sigma": ".010429", "name": "w", "title": "argument of perihelion", "label": "peri", "value": "155.682733177937", "units": "deg"}, {"title": "mean anomaly", "sigma": ".0065044", "name": "ma", "label": "M", "value": "355.5836670106777", "units": "deg"}, {"units": "TDB", "label": "tp", "value": "2461843.962814271932", "title": "time of perihelion passage", "name": "tp", "sigma": "2.3989"}, {"units": "d", "label": "period", "value": "133967.8449447452", "name": "per", "sigma": "6.9573", "title": "sidereal orbital period"}, {"title": "mean motion", "name": "n", "sigma": "1.3955E-7", "value": ".002687211995897086", "label": "n", "units": "deg/d"}, {"label": "Q", "value": "62.36256400328086", "units": "au", "title": "aphelion distance", "name": "ad", "sigma": ".0021591"}], "epoch": "2460200.5", "not_valid_before": null, "moid_jup": "35.0814", "soln_date": "2021-08-26 00:31:34", "model_pars": [], "not_valid_after": null, "condition_code": "3", "equinox": "J2000", "t_jup": "4.309", "last_obs": "2021-07-09", "producer": "Otto Matic"}, "object": {"spkid": "20578847", "neo": false, "pha": false, "orbit_id": "5", "kind": "an", "orbit_class": {"code": "TNO", "name": "TransNeptunian Object"}, "fullname": "578847 (2014 GJ65)", "des": "578847", "prefix": null}}