{"orbit": {"first_obs": "2018-01-15", "condition_code": "8", "data_arc": "684", "not_valid_before": null, "rms": ".12298", "t_jup": "6.071", "last_obs": "2019-11-30", "source": "JPL", "moid_jup": "33.6987", "soln_date": "2021-04-15 20:18:37", "producer": "Otto Matic", "elements": [{"value": ".2868772578994429", "name": "e", "title": "eccentricity", "sigma": ".096579", "units": null, "label": "e"}, {"label": "a", "units": "au", "sigma": "1.082", "title": "semi-major axis", "name": "a", "value": "54.77537785098053"}, {"name": "q", "title": "perihelion distance", "sigma": "4.5393", "units": "au", "label": "q", "value": "39.06156765268535"}, {"name": "i", "title": "inclination; angle with respect to x-y ecliptic plane", "units": "deg", "sigma": ".0083435", "label": "i", "value": "15.98122914088007"}, {"title": "longitude of the ascending node", "name": "om", "label": "node", "sigma": ".063036", "units": "deg", "value": "197.5200209070767"}, {"name": "w", "title": "argument of perihelion", "sigma": "17.86", "units": "deg", "label": "peri", "value": "32.40241948730952"}, {"label": "M", "units": "deg", "sigma": "36.044", "title": "mean anomaly", "name": "ma", "value": "238.7904052759124"}, {"value": "2508170.761478348162", "label": "tp", "units": "TDB", "sigma": "13374.", "title": "time of perihelion passage", "name": "tp"}, {"label": "period", "sigma": "4387.4", "units": "d", "title": "sidereal orbital period", "name": "per", "value": "148073.2129585994"}, {"label": "n", "sigma": "7.2037E-5", "units": "deg/d", "title": "mean motion", "name": "n", "value": ".002431229746467745"}, {"units": "au", "sigma": "1.3924", "label": "Q", "name": "ad", "title": "aphelion distance", "value": "70.4891880492757"}], "n_del_obs_used": null, "not_valid_after": null, "n_dop_obs_used": null, "orbit_id": "4", "epoch": "2458315.5", "two_body": null, "n_obs_used": 7, "sb_used": "SB441-N16", "comment": null, "covariance": {"labels": ["e", "q", "tp", "node", "peri", "i"], "epoch": "2458315.5", "data": [[".009327490138503272", "-.4381120442742618", "-1291.424666524261", "-.004921354849206212", "-1.72277478329722", "-.0007042692355392721"], ["-.4381120442742618", "20.60519218118671", "60619.02854778875", ".2294432399500904", "80.77223253882907", ".03292118297891637"], ["-1291.424666524261", "60619.02854778875", "178859171.4075844", "683.8503156352507", "238736.4357218519", "97.73710651467053"], ["-.004921354849206212", ".2294432399500904", "683.8503156352507", ".003973543218084259", ".9170022208433529", ".0005218507822661161"], ["-1.72277478329722", "80.77223253882907", "238736.4357218519", ".9170022208433529", "318.9879540969272", ".1307983450594715"], ["-.0007042692355392721", ".03292118297891637", "97.73710651467053", ".0005218507822661161", ".1307983450594715", "6.961372528783723E-5"]]}, "pe_used": "DE441", "equinox": "J2000", "moid": "38.0625", "model_pars": []}, "signature": {"version": "1.3", "source": "NASA/JPL Small-Body Database (SBDB) API"}, "object": {"spkid": "3840683", "des": "2018 AZ18", "kind": "au", "prefix": null, "orbit_id": "4", "orbit_class": {"name": "TransNeptunian Object", "code": "TNO"}, "neo": false, "fullname": "(2018 AZ18)", "pha": false}}