{"object": {"kind": "an", "des": "523763", "spkid": "20523763", "pha": false, "fullname": "523763 (2014 WZ509)", "neo": false, "orbit_class": {"code": "TNO", "name": "TransNeptunian Object"}, "orbit_id": "11", "prefix": null}, "signature": {"version": "1.3", "source": "NASA/JPL Small-Body Database (SBDB) API"}, "orbit": {"epoch": "2460200.5", "n_dop_obs_used": null, "orbit_id": "11", "two_body": null, "n_obs_used": 204, "elements": [{"value": ".09519629481650344", "name": "e", "title": "eccentricity", "sigma": "1.7317E-5", "units": null, "label": "e"}, {"value": "40.15950735738608", "sigma": ".00088168", "units": "au", "label": "a", "name": "a", "title": "semi-major axis"}, {"name": "q", "title": "perihelion distance", "sigma": ".0014905", "units": "au", "label": "q", "value": "36.33647105530682"}, {"value": "15.87409378346889", "title": "inclination; angle with respect to x-y ecliptic plane", "name": "i", "label": "i", "units": "deg", "sigma": "2.7715E-5"}, {"value": "251.0610993718013", "name": "om", "title": "longitude of the ascending node", "sigma": ".00025245", "units": "deg", "label": "node"}, {"label": "peri", "sigma": ".0092775", "units": "deg", "title": "argument of perihelion", "name": "w", "value": "63.7749899686916"}, {"value": "196.1122605521479", "title": "mean anomaly", "name": "ma", "label": "M", "units": "deg", "sigma": ".011212"}, {"value": "2502518.482628363541", "sigma": "3.2652", "units": "TDB", "label": "tp", "name": "tp", "title": "time of perihelion passage"}, {"value": "92956.76294966757", "label": "period", "sigma": "3.0612", "units": "d", "title": "sidereal orbital period", "name": "per"}, {"title": "mean motion", "name": "n", "label": "n", "sigma": "1.2754E-7", "units": "deg/d", "value": ".003872768248125485"}, {"title": "aphelion distance", "name": "ad", "label": "Q", "sigma": ".00096561", "units": "au", "value": "43.98254365946535"}], "producer": "Otto Matic", "soln_date": "2023-04-26 17:46:51", "n_del_obs_used": null, "not_valid_after": null, "model_pars": [], "moid": "35.3537", "equinox": "J2000", "covariance": {"elements": [{"name": "e", "title": "eccentricity", "units": null, "sigma": 1.74896902111916e-05, "label": "e", "value": ".0885232811647715"}, {"value": "36.87269374876043", "label": "q", "units": "au", "sigma": 0.00151765188608475, "title": "perihelion distance", "name": "q"}, {"value": "2502022.610898659193", "name": "tp", "title": "time of perihelion passage", "sigma": 3.36120515443433, "units": "TDB", "label": "tp"}, {"title": "longitude of the ascending node", "name": "om", "label": "node", "sigma": 0.000251037777638737, "units": "deg", "value": "251.2551458604864"}, {"units": "deg", "sigma": 0.00995715348362845, "label": "peri", "name": "w", "title": "argument of perihelion", "value": "60.33177867950342"}, {"value": "15.88432157727837", "label": "i", "sigma": 2.78343490772837e-05, "units": "deg", "title": "inclination", "name": "i"}], "labels": ["e", "q", "tp", "node", "peri", "i"], "data": [["3.058892636834526E-10", "-2.642718756303906E-8", "-3.180194334182984E-5", "-1.970266376700626E-10", "-1.566482031149759E-8", "-4.941517022728411E-11"], ["-2.642718756303906E-8", "2.303267247336604E-6", ".002359303118287879", "1.508728269978886E-8", "-1.507351668640672E-8", "4.112756905422269E-9"], ["-3.180194334182984E-5", ".002359303118287879", "11.29770009019588", "6.078130299790146E-5", ".0296480802194016", "8.578394837508774E-6"], ["-1.970266376700626E-10", "1.508728269978886E-8", "6.078130299790146E-5", "6.301996580179577E-8", "9.095107065909862E-8", "6.87618255324963E-9"], ["-1.566482031149759E-8", "-1.507351668640672E-8", ".0296480802194016", "9.095107065909862E-8", "9.914490549653422E-5", "7.966298410939003E-9"], ["-4.941517022728411E-11", "4.112756905422269E-9", "8.578394837508774E-6", "6.87618255324963E-9", "7.966298410939003E-9", "7.747509885560849E-10"]], "epoch": "2457476.5"}, "comment": null, "sb_used": "SB441-N16", "pe_used": "DE441", "t_jup": "5.450", "data_arc": "4515", "condition_code": "2", "first_obs": "2010-11-15", "not_valid_before": null, "rms": ".48239", "moid_jup": "31.4247", "last_obs": "2023-03-27", "source": "JPL"}}