{"orbit": {"two_body": null, "pe_used": "DE441", "orbit_id": "45", "rms": ".39686", "n_dop_obs_used": null, "data_arc": "1994", "n_del_obs_used": null, "first_obs": "2015-05-20", "covariance": {"elements": [{"title": "eccentricity", "sigma": 4.35267859018409e-06, "name": "e", "units": null, "label": "e", "value": ".8187088922051844"}, {"title": "perihelion distance", "sigma": 6.43391101479936e-06, "name": "q", "value": "8.369973972655794", "label": "q", "units": "au"}, {"sigma": 0.00147578765746645, "name": "tp", "title": "time of perihelion passage", "units": "TDB", "label": "tp", "value": "2458548.227648465292"}, {"title": "longitude of the ascending node", "name": "om", "sigma": 7.43059934323493e-06, "label": "node", "units": "deg", "value": "249.978912237393"}, {"title": "argument of perihelion", "name": "w", "sigma": 7.39503887494872e-05, "label": "peri", "units": "deg", "value": "66.32834294754173"}, {"label": "i", "units": "deg", "value": "85.5448539836308", "title": "inclination", "sigma": 7.3090281305609e-06, "name": "i"}], "epoch": "2458234.5", "data": [["1.894581090944695E-11", "2.712255894202741E-11", "-5.101474014264888E-9", "4.776151264224558E-12", "-2.571290368231707E-10", "1.344314934742994E-11"], ["2.712255894202741E-11", "4.139521094635654E-11", "-8.475530768630193E-9", "7.506828727594417E-12", "-4.274875932330399E-10", "2.068261402068343E-11"], ["-5.101474014264888E-9", "-8.475530768630193E-9", "2.177949209930298E-6", "-1.670518183185185E-9", "1.089071731230258E-7", "-4.404816707891251E-9"], ["4.776151264224558E-12", "7.506828727594417E-12", "-1.670518183185185E-9", "5.52138065996834E-11", "-8.816535748497292E-11", "2.539616176387568E-11"], ["-2.571290368231707E-10", "-4.274875932330399E-10", "1.089071731230258E-7", "-8.816535748497292E-11", "5.468659996200285E-9", "-2.233640902800849E-10"], ["1.344314934742994E-11", "2.068261402068343E-11", "-4.404816707891251E-9", "2.539616176387568E-11", "-2.233640902800849E-10", "5.34218922133305E-11"]], "labels": ["e", "q", "tp", "node", "peri", "i"]}, "sb_used": "SB441-N16", "source": "JPL", "n_obs_used": 353, "moid": "7.90487", "comment": null, "elements": [{"label": "e", "value": ".8204811439852147", "units": null, "title": "eccentricity", "name": "e", "sigma": "4.3562E-6"}, {"name": "a", "sigma": ".0011666", "title": "semi-major axis", "label": "a", "units": "au", "value": "46.64194481236194"}, {"units": "au", "label": "q", "value": "8.373108575019968", "sigma": "6.4325E-6", "name": "q", "title": "perihelion distance"}, {"label": "i", "units": "deg", "value": "85.50152474701238", "title": "inclination; angle with respect to x-y ecliptic plane", "name": "i", "sigma": "7.3131E-6"}, {"sigma": "7.4415E-6", "name": "om", "title": "longitude of the ascending node", "value": "250.0694045521104", "label": "node", "units": "deg"}, {"sigma": "7.4379E-5", "name": "w", "title": "argument of perihelion", "units": "deg", "label": "peri", "value": "66.46132772137427"}, {"title": "mean anomaly", "name": "ma", "sigma": ".00018792", "units": "deg", "label": "M", "value": "5.106303367696808"}, {"title": "time of perihelion passage", "name": "tp", "sigma": ".0014817", "value": "2458550.182461528655", "label": "tp", "units": "TDB"}, {"sigma": "4.365", "name": "per", "title": "sidereal orbital period", "value": "116349.2004035903", "label": "period", "units": "d"}, {"label": "n", "value": ".003094133855249864", "units": "deg/d", "sigma": "1.1608E-7", "name": "n", "title": "mean motion"}, {"sigma": ".0021237", "name": "ad", "title": "aphelion distance", "value": "84.91078104970391", "label": "Q", "units": "au"}], "epoch": "2460200.5", "not_valid_before": null, "soln_date": "2022-06-09 11:09:41", "moid_jup": "5.01904", "model_pars": [], "condition_code": "2", "not_valid_after": null, "equinox": "J2000", "t_jup": "0.380", "producer": "Otto Matic", "last_obs": "2020-11-03"}, "object": {"spkid": "20517717", "neo": false, "des": "517717", "prefix": null, "fullname": "517717 (2015 KZ120)", "kind": "an", "orbit_id": "45", "pha": false, "orbit_class": {"name": "TransNeptunian Object", "code": "TNO"}}, "signature": {"version": "1.3", "source": "NASA/JPL Small-Body Database (SBDB) API"}}