{"signature": {"version": "1.3", "source": "NASA/JPL Small-Body Database (SBDB) API"}, "object": {"prefix": null, "des": "543376", "fullname": "543376 (2014 BE70)", "orbit_id": "7", "kind": "an", "pha": false, "orbit_class": {"code": "TNO", "name": "TransNeptunian Object"}, "spkid": "20543376", "neo": false}, "orbit": {"epoch": "2460200.5", "comment": null, "elements": [{"name": "e", "sigma": "3.5858E-5", "title": "eccentricity", "value": ".6206607717255253", "label": "e", "units": null}, {"units": "au", "label": "a", "value": "103.1794160042901", "title": "semi-major axis", "name": "a", "sigma": ".010593"}, {"value": "39.14000004087841", "label": "q", "units": "au", "name": "q", "sigma": ".00037929", "title": "perihelion distance"}, {"sigma": "7.4575E-6", "name": "i", "title": "inclination; angle with respect to x-y ecliptic plane", "units": "deg", "label": "i", "value": "25.44990718665471"}, {"name": "om", "sigma": ".00018251", "title": "longitude of the ascending node", "label": "node", "value": "239.5114041534707", "units": "deg"}, {"label": "peri", "value": "287.2684675079456", "units": "deg", "sigma": ".0026533", "name": "w", "title": "argument of perihelion"}, {"name": "ma", "sigma": ".00053003", "title": "mean anomaly", "label": "M", "value": "359.1787243186837", "units": "deg"}, {"label": "tp", "units": "TDB", "value": "2461073.822174465308", "title": "time of perihelion passage", "sigma": ".50612", "name": "tp"}, {"sigma": "58.954", "name": "per", "title": "sidereal orbital period", "value": "382814.1876837253", "label": "period", "units": "d"}, {"title": "mean motion", "sigma": "1.4482E-7", "name": "n", "label": "n", "units": "deg/d", "value": ".000940404017359529"}, {"sigma": ".017168", "name": "ad", "title": "aphelion distance", "units": "au", "label": "Q", "value": "167.2188319677019"}], "not_valid_before": null, "covariance": {"data": [["1.294674495724891E-9", "1.125867257281282E-8", "-4.81085117221782E-6", "-2.428744196928632E-10", "-2.449260085034355E-8", "1.212123739978038E-10"], ["1.125867257281282E-8", "1.454441595227338E-7", "-.000144780047708075", "9.103884016970268E-10", "-7.561857740690829E-7", "1.094440020394681E-9"], ["-4.81085117221782E-6", "-.000144780047708075", ".2470788023000387", "-5.884240009810668E-6", ".001298668328772177", "-5.078045317601029E-7"], ["-2.428744196928632E-10", "9.103884016970268E-10", "-5.884240009810668E-6", "3.319887760651369E-8", "-6.090707937686554E-8", "-1.759403826512553E-10"], ["-2.449260085034355E-8", "-7.561857740690829E-7", ".001298668328772177", "-6.090707937686554E-8", "6.853834200318085E-6", "-2.464683713243337E-9"], ["1.212123739978038E-10", "1.094440020394681E-9", "-5.078045317601029E-7", "-1.759403826512553E-10", "-2.464683713243337E-9", "5.573555605503898E-11"]], "labels": ["e", "q", "tp", "node", "peri", "i"], "epoch": "2457820.5", "elements": [{"label": "e", "value": ".631384143074708", "units": null, "sigma": 3.59815855087695e-05, "name": "e", "title": "eccentricity"}, {"value": "39.1323878722816", "label": "q", "units": "au", "title": "perihelion distance", "sigma": 0.000381371419383695, "name": "q"}, {"label": "tp", "value": "2461119.526875826936", "units": "TDB", "title": "time of perihelion passage", "sigma": 0.497070218681464, "name": "tp"}, {"value": "239.7319867162896", "label": "node", "units": "deg", "title": "longitude of the ascending node", "sigma": 0.000182205591589593, "name": "om"}, {"units": "deg", "label": "peri", "value": "287.3518689392806", "title": "argument of perihelion", "sigma": 0.00261798284950801, "name": "w"}, {"units": "deg", "label": "i", "value": "25.43337361249016", "name": "i", "sigma": 7.46562496078118e-06, "title": "inclination"}]}, "sb_used": "SB441-N16", "source": "JPL", "moid": "38.2351", "n_obs_used": 80, "n_dop_obs_used": null, "rms": ".63438", "data_arc": "3352", "n_del_obs_used": null, "first_obs": "2014-01-21", "two_body": null, "pe_used": "DE441", "orbit_id": "7", "producer": "Otto Matic", "last_obs": "2023-03-27", "t_jup": "6.356", "model_pars": [], "not_valid_after": null, "equinox": "J2000", "condition_code": "2", "soln_date": "2023-04-26 17:58:31", "moid_jup": "34.3021"}}