{"object": {"pha": false, "fullname": "(2014 TP115)", "neo": false, "prefix": null, "orbit_class": {"name": "TransNeptunian Object", "code": "TNO"}, "orbit_id": "1", "kind": "au", "des": "2014 TP115", "spkid": "54198921"}, "signature": {"version": "1.3", "source": "NASA/JPL Small-Body Database (SBDB) API"}, "orbit": {"last_obs": "2018-11-07", "source": "JPL", "moid_jup": "33.0573", "data_arc": "1498", "first_obs": "2014-10-01", "condition_code": "4", "rms": ".23617", "not_valid_before": null, "t_jup": "6.191", "covariance": {"elements": [{"sigma": 0.000659677506999748, "units": null, "label": "e", "name": "e", "title": "eccentricity", "value": ".3142299928863551"}, {"units": "au", "sigma": 0.00878404855054737, "label": "q", "name": "q", "title": "perihelion distance", "value": "37.96684293134932"}, {"sigma": 21.1771073817955, "units": "TDB", "label": "tp", "name": "tp", "title": "time of perihelion passage", "value": "2463723.504249566158"}, {"value": "95.25009255385918", "name": "om", "title": "longitude of the ascending node", "sigma": 0.00486136458140729, "units": "deg", "label": "node"}, {"value": "317.0265431939287", "label": "peri", "units": "deg", "sigma": 0.111131198905766, "title": "argument of perihelion", "name": "w"}, {"value": "11.59768953150463", "label": "i", "units": "deg", "sigma": 0.00032525789162611, "title": "inclination", "name": "i"}], "labels": ["e", "q", "tp", "node", "peri", "i"], "epoch": "2457614.5", "data": [["4.351744132414028E-7", "-3.693970310441892E-6", ".01112323329357578", "-3.823920486164416E-7", "5.89195981519555E-5", "3.811794499114862E-8"], ["-3.693970310441892E-6", "7.715950893837327E-5", "-.1809114071383726", "5.414281239017596E-6", "-.0009456525268401287", "-4.011666464451881E-7"], [".01112323329357578", "-.1809114071383726", "448.4698770600992", "-.01387956150920834", "2.351066892077144", ".001123346807408531"], ["-3.823920486164416E-7", "5.414281239017596E-6", "-.01387956150920834", "2.363286559336129E-5", "-9.563421524865593E-5", "-1.560445019166798E-6"], ["5.89195981519555E-5", "-.0009456525268401287", "2.351066892077144", "-9.563421524865593E-5", ".01235014337023289", "7.419236060706121E-6"], ["3.811794499114862E-8", "-4.011666464451881E-7", ".001123346807408531", "-1.560445019166798E-6", "7.419236060706121E-6", "1.057926960650621E-7"]]}, "comment": null, "sb_used": "SB441-N16", "pe_used": "DE441", "model_pars": [], "equinox": "J2000", "moid": "37.0386", "elements": [{"value": ".3263939220871582", "title": "eccentricity", "name": "e", "label": "e", "sigma": ".00065521", "units": null}, {"value": "56.44051969438026", "title": "semi-major axis", "name": "a", "label": "a", "sigma": ".048053", "units": "au"}, {"title": "perihelion distance", "name": "q", "label": "q", "sigma": ".0084986", "units": "au", "value": "38.01867710669399"}, {"name": "i", "title": "inclination; angle with respect to x-y ecliptic plane", "sigma": ".00032267", "units": "deg", "label": "i", "value": "11.58905585729203"}, {"value": "95.29698251296209", "label": "node", "sigma": ".0048456", "units": "deg", "title": "longitude of the ascending node", "name": "om"}, {"value": "316.0542947923828", "sigma": ".1091", "units": "deg", "label": "peri", "name": "w", "title": "argument of perihelion"}, {"label": "M", "units": "deg", "sigma": ".042553", "title": "mean anomaly", "name": "ma", "value": "352.2942391853692"}, {"label": "tp", "sigma": "20.805", "units": "TDB", "title": "time of perihelion passage", "name": "tp", "value": "2463515.610100016496"}, {"value": "154876.2886255147", "label": "period", "sigma": "197.79", "units": "d", "title": "sidereal orbital period", "name": "per"}, {"label": "n", "units": "deg/d", "sigma": "2.9685E-6", "title": "mean motion", "name": "n", "value": ".002324435865521461"}, {"value": "74.86236228206651", "name": "ad", "title": "aphelion distance", "units": "au", "sigma": ".063737", "label": "Q"}], "producer": "Otto Matic", "soln_date": "2021-09-21 12:42:06", "n_del_obs_used": null, "not_valid_after": null, "epoch": "2460200.5", "orbit_id": "1", "n_dop_obs_used": null, "two_body": null, "n_obs_used": 9}}