{"orbit": {"pe_used": "DE441", "covariance": {"elements": [{"value": ".1547321096423818", "title": "eccentricity", "name": "e", "label": "e", "sigma": 0.00027828575780323, "units": null}, {"value": "36.83853113415284", "name": "q", "title": "perihelion distance", "sigma": 0.00706162282817777, "units": "au", "label": "q"}, {"label": "tp", "sigma": 24.8977434551221, "units": "TDB", "title": "time of perihelion passage", "name": "tp", "value": "2464254.923460430320"}, {"value": "79.23609608172954", "title": "longitude of the ascending node", "name": "om", "label": "node", "units": "deg", "sigma": 0.00673419057194674}, {"value": "331.062316684779", "name": "w", "title": "argument of perihelion", "sigma": 0.123425525743348, "units": "deg", "label": "peri"}, {"name": "i", "title": "inclination", "units": "deg", "sigma": 0.000477189757148473, "label": "i", "value": "7.017719482621997"}], "labels": ["e", "q", "tp", "node", "peri", "i"], "epoch": "2457632.5", "data": [["7.744296299611821E-8", "-2.515028561168496E-7", ".00167585822458082", "2.310111795007416E-8", "8.765190097153139E-6", "6.403839280348997E-10"], ["-2.515028561168496E-7", "4.986651696744146E-5", "-.1744034237906587", "3.432797302672143E-6", "-.0008619810309836187", "-1.896033176899195E-7"], [".00167585822458082", "-.1744034237906587", "619.8976291570737", "-.01154522393671046", "3.068201324401567", ".0006587898848933709"], ["2.310111795007416E-8", "3.432797302672143E-6", "-.01154522393671046", "4.534932265929632E-5", "-.0001015742321084986", "-3.201001105032387E-6"], ["8.765190097153139E-6", "-.0008619810309836187", "3.068201324401567", "-.0001015742321084986", ".01523386040502176", "6.418332084810372E-6"], ["6.403839280348997E-10", "-1.896033176899195E-7", ".0006587898848933709", "-3.201001105032387E-6", "6.418332084810372E-6", "2.277100643274184E-7"]]}, "comment": null, "sb_used": "SB441-N16", "model_pars": [], "moid": "35.9019", "equinox": "J2000", "not_valid_after": null, "n_del_obs_used": null, "elements": [{"value": ".1660677558123886", "units": null, "sigma": ".00027738", "label": "e", "name": "e", "title": "eccentricity"}, {"value": "44.23686916028733", "title": "semi-major axis", "name": "a", "label": "a", "sigma": ".016172", "units": "au"}, {"title": "perihelion distance", "name": "q", "label": "q", "sigma": ".0067304", "units": "au", "value": "36.89055157467214"}, {"value": "7.005989382838384", "name": "i", "title": "inclination; angle with respect to x-y ecliptic plane", "units": "deg", "sigma": ".0004728", "label": "i"}, {"title": "longitude of the ascending node", "name": "om", "label": "node", "sigma": ".0067198", "units": "deg", "value": "79.34007235140568"}, {"name": "w", "title": "argument of perihelion", "sigma": ".11651", "units": "deg", "label": "peri", "value": "329.202079866877"}, {"title": "mean anomaly", "name": "ma", "label": "M", "sigma": ".080817", "units": "deg", "value": "347.7256480598876"}, {"label": "tp", "sigma": "23.48", "units": "TDB", "title": "time of perihelion passage", "name": "tp", "value": "2463864.631667832968"}, {"value": "107466.9690795743", "title": "sidereal orbital period", "name": "per", "label": "period", "sigma": "58.931", "units": "d"}, {"title": "mean motion", "name": "n", "label": "n", "units": "deg/d", "sigma": "1.8369E-6", "value": ".003349866503943522"}, {"name": "ad", "title": "aphelion distance", "sigma": ".018858", "units": "au", "label": "Q", "value": "51.58318674590251"}], "soln_date": "2021-10-26 05:52:36", "producer": "Otto Matic", "n_obs_used": 28, "two_body": null, "epoch": "2460200.5", "orbit_id": "2", "n_dop_obs_used": null, "source": "JPL", "last_obs": "2018-09-11", "moid_jup": "31.9001", "rms": ".14017", "not_valid_before": null, "data_arc": "1771", "condition_code": "4", "first_obs": "2013-11-05", "t_jup": "5.825"}, "signature": {"version": "1.3", "source": "NASA/JPL Small-Body Database (SBDB) API"}, "object": {"kind": "au", "des": "2015 TR362", "spkid": "54212531", "pha": false, "fullname": "(2015 TR362)", "neo": false, "prefix": null, "orbit_id": "2", "orbit_class": {"code": "TNO", "name": "TransNeptunian Object"}}}