{"signature": {"version": "1.3", "source": "NASA/JPL Small-Body Database (SBDB) API"}, "object": {"prefix": null, "des": "2015 GS58", "fullname": "(2015 GS58)", "orbit_class": {"code": "TNO", "name": "TransNeptunian Object"}, "orbit_id": "2", "kind": "au", "pha": false, "neo": false, "spkid": "3835571"}, "orbit": {"producer": "Otto Matic", "last_obs": "2017-03-29", "t_jup": "5.857", "model_pars": [], "equinox": "J2000", "not_valid_after": null, "condition_code": "5", "moid_jup": "35.1155", "soln_date": "2021-04-15 13:31:19", "comment": null, "elements": [{"label": "e", "value": ".0663690173965337", "units": null, "sigma": ".0016095", "name": "e", "title": "eccentricity"}, {"sigma": ".010128", "name": "a", "title": "semi-major axis", "value": "43.02445931104405", "label": "a", "units": "au"}, {"name": "q", "sigma": ".061543", "title": "perihelion distance", "label": "q", "value": "40.16896822255292", "units": "au"}, {"label": "i", "units": "deg", "value": "1.509310350506767", "sigma": ".00060643", "name": "i", "title": "inclination; angle with respect to x-y ecliptic plane"}, {"title": "longitude of the ascending node", "sigma": ".067529", "name": "om", "units": "deg", "label": "node", "value": "96.58167585462971"}, {"title": "argument of perihelion", "sigma": ".69443", "name": "w", "units": "deg", "label": "peri", "value": "225.8400468575337"}, {"units": "deg", "label": "M", "value": "259.9871710026936", "title": "mean anomaly", "sigma": ".89893", "name": "ma"}, {"value": "2488837.318702181768", "label": "tp", "units": "TDB", "title": "time of perihelion passage", "sigma": "248.4", "name": "tp"}, {"title": "sidereal orbital period", "name": "per", "sigma": "36.397", "label": "period", "units": "d", "value": "103079.3232842467"}, {"units": "deg/d", "label": "n", "value": ".003492455989522563", "title": "mean motion", "sigma": "1.2332E-6", "name": "n"}, {"title": "aphelion distance", "sigma": ".0108", "name": "ad", "label": "Q", "value": "45.87995039953519", "units": "au"}], "epoch": "2460200.5", "not_valid_before": null, "source": "JPL", "sb_used": "SB441-N16", "n_obs_used": 31, "moid": "39.1562", "covariance": {"labels": ["e", "q", "tp", "node", "peri", "i"], "data": [["2.964092290283489E-6", "-.0001152870342653275", "-.3446617434927871", "-3.137637256501822E-6", "-.000871167005068481", "2.83666932346961E-8"], ["-.0001152870342653275", ".004511454882785369", "13.27947793844574", ".000121631559562394", ".03336630634368459", "-1.096459095841274E-6"], ["-.3446617434927871", "13.27947793844574", "40674.92814287386", ".3666007607921988", "103.7392088367592", "-.003327431345863393"], ["-3.137637256501822E-6", ".000121631559562394", ".3666007607921988", ".004517020189973305", "-.003582648940745212", "-4.036277936528671E-5"], ["-.000871167005068481", ".03336630634368459", "103.7392088367592", "-.003582648940745212", ".2705257821515171", "3.186054112369403E-5"], ["2.83666932346961E-8", "-1.096459095841274E-6", "-.003327431345863393", "-4.036277936528671E-5", "3.186054112369403E-5", "3.613426480424144E-7"]], "elements": [{"label": "e", "units": null, "value": ".0613769682469736", "title": "eccentricity", "sigma": 0.00172165394033862, "name": "e"}, {"title": "perihelion distance", "name": "q", "sigma": 0.067167364715205, "label": "q", "units": "au", "value": "40.82052793332294"}, {"title": "time of perihelion passage", "sigma": 201.680262154912, "name": "tp", "value": "2486863.241369785417", "label": "tp", "units": "TDB"}, {"sigma": 0.0672087806017436, "name": "om", "title": "longitude of the ascending node", "label": "node", "units": "deg", "value": "96.61149811436967"}, {"label": "peri", "value": "217.0711375866569", "units": "deg", "name": "w", "sigma": 0.520120930314785, "title": "argument of perihelion"}, {"value": "1.508894879582669", "label": "i", "units": "deg", "title": "inclination", "sigma": 0.000601117832078216, "name": "i"}], "epoch": "2457312.5"}, "rms": ".20874", "n_dop_obs_used": null, "first_obs": "2015-02-17", "n_del_obs_used": null, "data_arc": "771", "pe_used": "DE441", "two_body": null, "orbit_id": "2"}}