{"signature": {"version": "1.3", "source": "NASA/JPL Small-Body Database (SBDB) API"}, "orbit": {"soln_date": "2022-09-21 17:31:48", "moid_jup": "35.345", "model_pars": [], "not_valid_after": null, "condition_code": "4", "equinox": "J2000", "t_jup": "6.077", "last_obs": "2022-08-27", "producer": "Otto Matic", "two_body": null, "pe_used": "DE441", "orbit_id": "7", "rms": ".13764", "n_dop_obs_used": null, "data_arc": "8389", "n_del_obs_used": null, "first_obs": "1999-09-08", "covariance": {"elements": [{"sigma": 0.000242424089673461, "name": "e", "title": "eccentricity", "units": null, "label": "e", "value": ".1435597482408"}, {"sigma": 0.00881574684879948, "name": "q", "title": "perihelion distance", "label": "q", "units": "au", "value": "40.41438055850291"}, {"sigma": 24.4082350278584, "name": "tp", "title": "time of perihelion passage", "units": "TDB", "label": "tp", "value": "2442669.177572312718"}, {"title": "longitude of the ascending node", "name": "om", "sigma": 0.0162845385204903, "label": "node", "units": "deg", "value": "99.26362544719805"}, {"value": "188.239484125207", "label": "peri", "units": "deg", "name": "w", "sigma": 0.105371087886563, "title": "argument of perihelion"}, {"value": ".8915289444808409", "label": "i", "units": "deg", "name": "i", "sigma": 0.000154841438187297, "title": "inclination"}], "epoch": "2455699.5", "labels": ["e", "q", "tp", "node", "peri", "i"], "data": [["5.876943925400608E-8", "2.053704655217377E-6", ".005749640470509962", "-2.138196533066302E-8", "2.445067813077982E-5", "4.100140006062551E-10"], ["2.053704655217377E-6", "7.771739250211798E-5", ".2149576233833077", "-8.858241820499872E-7", ".0009172605034610249", "1.391093919562439E-8"], [".005749640470509962", ".2149576233833077", "595.7619371751742", "-.002418940900300615", "2.540842461054018", "3.910687946997317E-5"], ["-2.138196533066302E-8", "-8.858241820499872E-7", "-.002418940900300615", ".0002651861948253328", "-.0002755029051967863", "2.283723484692605E-6"], ["2.445067813077982E-5", ".0009172605034610249", "2.540842461054018", "-.0002755029051967863", ".01110306616239786", "-2.117490141589096E-6"], ["4.100140006062551E-10", "1.391093919562439E-8", "3.910687946997317E-5", "2.283723484692605E-6", "-2.117490141589096E-6", "2.397587097991061E-8"]]}, "source": "JPL", "sb_used": "SB441-N16", "n_obs_used": 22, "moid": "39.5167", "comment": null, "elements": [{"title": "eccentricity", "sigma": ".00024729", "name": "e", "label": "e", "value": ".1429895300234351", "units": null}, {"label": "a", "value": "47.29655597915229", "units": "au", "sigma": ".023522", "name": "a", "title": "semi-major axis"}, {"title": "perihelion distance", "name": "q", "sigma": ".0086532", "units": "au", "label": "q", "value": "40.53364366796622"}, {"title": "inclination; angle with respect to x-y ecliptic plane", "name": "i", "sigma": ".00015507", "label": "i", "value": ".891991828565972", "units": "deg"}, {"title": "longitude of the ascending node", "sigma": ".016255", "name": "om", "label": "node", "units": "deg", "value": "99.30776353032"}, {"title": "argument of perihelion", "name": "w", "sigma": ".10423", "label": "peri", "units": "deg", "value": "189.2420720320762"}, {"sigma": ".11256", "name": "ma", "title": "mean anomaly", "label": "M", "value": "52.42197888904848", "units": "deg"}, {"value": "2442900.200814852189", "label": "tp", "units": "TDB", "title": "time of perihelion passage", "name": "tp", "sigma": "24.301"}, {"title": "sidereal orbital period", "sigma": "88.631", "name": "per", "label": "period", "units": "d", "value": "118807.1842887704"}, {"title": "mean motion", "sigma": "2.2605E-6", "name": "n", "units": "deg/d", "label": "n", "value": ".003030119787411099"}, {"label": "Q", "units": "au", "value": "54.05946829033837", "name": "ad", "sigma": ".026886", "title": "aphelion distance"}], "epoch": "2460200.5", "not_valid_before": null}, "object": {"spkid": "3031201", "neo": false, "pha": false, "orbit_id": "7", "kind": "au", "orbit_class": {"code": "TNO", "name": "TransNeptunian Object"}, "fullname": "(1999 RX215)", "des": "1999 RX215", "prefix": null}}