{"object": {"kind": "au", "orbit_id": "1", "pha": false, "orbit_class": {"code": "TNO", "name": "TransNeptunian Object"}, "des": "2013 TR227", "prefix": null, "fullname": "(2013 TR227)", "spkid": "54196830", "neo": false}, "orbit": {"covariance": {"labels": ["e", "q", "tp", "node", "peri", "i"], "data": [["2.213199409780692E-7", "-5.955978725212213E-6", ".008467787766570541", "9.794933139903879E-8", "1.776893678344157E-5", "6.466266510007628E-8"], ["-5.955978725212213E-6", ".0002041656623474966", "-.1814490937632136", "-2.33270588312912E-6", "-.0001382043192117559", "-1.377987596567442E-6"], [".008467787766570541", "-.1814490937632136", "373.5588061913735", ".004064749587751181", "1.041307537226457", ".002852271882402076"], ["9.794933139903879E-8", "-2.33270588312912E-6", ".004064749587751181", "1.471723383457562E-6", "8.87221079611579E-6", "9.171533586835131E-7"], ["1.776893678344157E-5", "-.0001382043192117559", "1.041307537226457", "8.87221079611579E-6", ".004068564216248564", "7.154042339117632E-6"], ["6.466266510007628E-8", "-1.377987596567442E-6", ".002852271882402076", "9.171533586835131E-7", "7.154042339117632E-6", "5.77124118260676E-7"]], "epoch": "2457499.5", "elements": [{"sigma": 0.000470446533601927, "name": "e", "title": "eccentricity", "units": null, "label": "e", "value": ".16572294058057"}, {"name": "q", "sigma": 0.0142886550223419, "title": "perihelion distance", "value": "32.96082485829888", "label": "q", "units": "au"}, {"title": "time of perihelion passage", "name": "tp", "sigma": 19.3276694454187, "label": "tp", "value": "2436543.198981114725", "units": "TDB"}, {"label": "node", "units": "deg", "value": "182.4933882794636", "title": "longitude of the ascending node", "sigma": 0.0012131460684755, "name": "om"}, {"name": "w", "sigma": 0.0637852978063798, "title": "argument of perihelion", "units": "deg", "label": "peri", "value": "108.2668221578068"}, {"units": "deg", "label": "i", "value": "21.51514121218948", "sigma": 0.000759686855395482, "name": "i", "title": "inclination"}]}, "sb_used": "SB441-N16", "source": "JPL", "n_obs_used": 15, "moid": "32.3784", "not_valid_before": null, "epoch": "2460200.5", "comment": null, "elements": [{"name": "e", "sigma": ".00047911", "title": "eccentricity", "label": "e", "value": ".1653424134490804", "units": null}, {"units": "au", "label": "a", "value": "39.93655911422771", "name": "a", "sigma": ".010934", "title": "semi-major axis"}, {"units": "au", "label": "q", "value": "33.33335204542944", "sigma": ".014524", "name": "q", "title": "perihelion distance"}, {"value": "21.41723704257264", "label": "i", "units": "deg", "sigma": ".00075422", "name": "i", "title": "inclination; angle with respect to x-y ecliptic plane"}, {"title": "longitude of the ascending node", "sigma": ".0012163", "name": "om", "value": "182.3036166844757", "label": "node", "units": "deg"}, {"sigma": ".058835", "name": "w", "title": "argument of perihelion", "label": "peri", "units": "deg", "value": "112.0130252183847"}, {"label": "M", "units": "deg", "value": "90.09225496206571", "title": "mean anomaly", "sigma": ".10358", "name": "ma"}, {"title": "time of perihelion passage", "sigma": "17.548", "name": "tp", "value": "2437130.937997398873", "label": "tp", "units": "TDB"}, {"value": "92183.75457949557", "label": "period", "units": "d", "sigma": "37.857", "name": "per", "title": "sidereal orbital period"}, {"label": "n", "value": ".003905243409125308", "units": "deg/d", "name": "n", "sigma": "1.6037E-6", "title": "mean motion"}, {"label": "Q", "units": "au", "value": "46.53976618302599", "name": "ad", "sigma": ".012742", "title": "aphelion distance"}], "orbit_id": "1", "two_body": null, "pe_used": "DE441", "data_arc": "1883", "n_del_obs_used": null, "first_obs": "2013-10-03", "n_dop_obs_used": null, "rms": ".23847", "t_jup": "5.217", "producer": "Otto Matic", "last_obs": "2018-11-29", "soln_date": "2021-09-14 21:12:05", "moid_jup": "28.5509", "equinox": "J2000", "not_valid_after": null, "condition_code": "4", "model_pars": []}, "signature": {"version": "1.3", "source": "NASA/JPL Small-Body Database (SBDB) API"}}