{"object": {"kind": "au", "des": "2015 QW33", "spkid": "54199083", "neo": false, "fullname": "(2015 QW33)", "prefix": null, "orbit_id": "2", "orbit_class": {"code": "TNO", "name": "TransNeptunian Object"}, "pha": false}, "signature": {"version": "1.3", "source": "NASA/JPL Small-Body Database (SBDB) API"}, "orbit": {"pe_used": "DE441", "covariance": {"labels": ["e", "q", "tp", "node", "peri", "i"], "elements": [{"name": "e", "title": "eccentricity", "units": null, "sigma": 0.000535715865327035, "label": "e", "value": ".1772251947773425"}, {"value": "37.63884849185112", "name": "q", "title": "perihelion distance", "units": "au", "sigma": 0.0272472411647048, "label": "q"}, {"label": "tp", "sigma": 59.9446434805361, "units": "TDB", "title": "time of perihelion passage", "name": "tp", "value": "2494950.015750325030"}, {"units": "deg", "sigma": 0.00358155943517932, "label": "node", "name": "om", "title": "longitude of the ascending node", "value": "77.35278899085002"}, {"value": "75.95685904071885", "units": "deg", "sigma": 0.133275846204128, "label": "peri", "name": "w", "title": "argument of perihelion"}, {"label": "i", "units": "deg", "sigma": 0.000803801169329199, "title": "inclination", "name": "i", "value": "21.5443643044809"}], "epoch": "2457688.5", "data": [["2.869914883630941E-7", "-1.338811145092967E-5", "-.03080579356438384", "-3.130130254164315E-8", "-5.523566325497219E-5", "2.597901023133808E-9"], ["-1.338811145092967E-5", ".0007424121510875838", "1.254680592623396", "-5.756613920814381E-7", ".001662502176887665", "5.255980490280436E-7"], ["-.03080579356438384", "1.254680592623396", "3593.360282008583", ".006460002983041383", "7.355127558095621", "-.001262136965412164"], ["-3.130130254164315E-8", "-5.756613920814381E-7", ".006460002983041383", "1.282756798772203E-5", "9.791369973280998E-6", "-2.872117612461821E-6"], ["-5.523566325497219E-5", ".001662502176887665", "7.355127558095621", "9.791369973280998E-6", ".01776245118142646", "-2.810987381096291E-6"], ["2.597901023133808E-9", "5.255980490280436E-7", "-.001262136965412164", "-2.872117612461821E-6", "-2.810987381096291E-6", "6.460963198149882E-7"]]}, "comment": null, "sb_used": "SB441-N16", "model_pars": [], "moid": "37.4825", "equinox": "J2000", "not_valid_after": null, "n_del_obs_used": null, "elements": [{"label": "e", "units": null, "sigma": ".00055776", "title": "eccentricity", "name": "e", "value": ".1700526095894616"}, {"value": "46.27809448114032", "name": "a", "title": "semi-major axis", "units": "au", "sigma": ".013553", "label": "a"}, {"value": "38.40838374779474", "title": "perihelion distance", "name": "q", "label": "q", "units": "au", "sigma": ".028348"}, {"value": "21.4952294029308", "name": "i", "title": "inclination; angle with respect to x-y ecliptic plane", "sigma": ".00079458", "units": "deg", "label": "i"}, {"sigma": ".0035728", "units": "deg", "label": "node", "name": "om", "title": "longitude of the ascending node", "value": "77.52331066449806"}, {"name": "w", "title": "argument of perihelion", "units": "deg", "sigma": ".13164", "label": "peri", "value": "72.48045594521281"}, {"value": "252.501457126664", "sigma": ".20454", "units": "deg", "label": "M", "name": "ma", "title": "mean anomaly"}, {"label": "tp", "units": "TDB", "sigma": "59.644", "title": "time of perihelion passage", "name": "tp", "value": "2494537.449219400376"}, {"units": "d", "sigma": "50.514", "label": "period", "name": "per", "title": "sidereal orbital period", "value": "114990.4118565522"}, {"value": ".00313069580487364", "sigma": "1.3753E-6", "units": "deg/d", "label": "n", "name": "n", "title": "mean motion"}, {"value": "54.1478052144859", "name": "ad", "title": "aphelion distance", "sigma": ".015858", "units": "au", "label": "Q"}], "soln_date": "2021-12-14 21:49:05", "producer": "Otto Matic", "two_body": null, "n_obs_used": 12, "epoch": "2460200.5", "orbit_id": "2", "n_dop_obs_used": null, "source": "JPL", "last_obs": "2021-12-01", "moid_jup": "33.3801", "not_valid_before": null, "rms": ".18076", "data_arc": "2543", "condition_code": "5", "first_obs": "2014-12-15", "t_jup": "5.581"}}