{"signature": {"version": "1.3", "source": "NASA/JPL Small-Body Database (SBDB) API"}, "orbit": {"elements": [{"value": ".10498186182674", "units": null, "sigma": ".00033329", "label": "e", "name": "e", "title": "eccentricity"}, {"value": "43.20480298276397", "label": "a", "units": "au", "sigma": ".0079609", "title": "semi-major axis", "name": "a"}, {"units": "au", "sigma": ".0091135", "label": "q", "name": "q", "title": "perihelion distance", "value": "38.66908232577592"}, {"value": "16.58962072072408", "sigma": ".00043897", "units": "deg", "label": "i", "name": "i", "title": "inclination; angle with respect to x-y ecliptic plane"}, {"title": "longitude of the ascending node", "name": "om", "label": "node", "sigma": ".0038022", "units": "deg", "value": "280.1999683793518"}, {"value": "62.61421414625305", "name": "w", "title": "argument of perihelion", "sigma": ".11087", "units": "deg", "label": "peri"}, {"name": "ma", "title": "mean anomaly", "sigma": ".072837", "units": "deg", "label": "M", "value": "54.82458776451841"}, {"name": "tp", "title": "time of perihelion passage", "units": "TDB", "sigma": "22.54", "label": "tp", "value": "2444403.691821421129"}, {"label": "period", "units": "d", "sigma": "28.669", "title": "sidereal orbital period", "name": "per", "value": "103728.1113487703"}, {"value": ".003470611730214134", "name": "n", "title": "mean motion", "units": "deg/d", "sigma": "9.5924E-7", "label": "n"}, {"sigma": ".0087967", "units": "au", "label": "Q", "name": "ad", "title": "aphelion distance", "value": "47.74052363975202"}], "soln_date": "2021-04-15 07:06:47", "producer": "Otto Matic", "not_valid_after": null, "n_del_obs_used": null, "epoch": "2460200.5", "n_dop_obs_used": null, "orbit_id": "5", "n_obs_used": 29, "two_body": null, "covariance": {"data": [["1.123663296942605E-7", "-2.829324584679126E-6", "-.006242508037005806", "3.729518860996266E-8", "-3.1738701981675E-5", "-3.674558120749719E-9"], ["-2.829324584679126E-6", "8.520289988896552E-5", ".2023526598602611", "-1.401916891640715E-6", ".001007406953727263", "1.709824990073783E-7"], ["-.006242508037005806", ".2023526598602611", "496.4122459739835", "-.003501841635589552", "2.450877022883049", ".0004452026581376953"], ["3.729518860996266E-8", "-1.401916891640715E-6", "-.003501841635589552", "1.449106957776175E-5", "-3.102747427783747E-5", "-1.668431415671491E-6"], ["-3.1738701981675E-5", ".001007406953727263", "2.450877022883049", "-3.102747427783747E-5", ".01213985257147254", "3.752080840182015E-6"], ["-3.674558120749719E-9", "1.709824990073783E-7", ".0004452026581376953", "-1.668431415671491E-6", "3.752080840182015E-6", "1.929415916628361E-7"]], "epoch": "2456129.5", "elements": [{"value": ".103331581011521", "units": null, "sigma": 0.000335210873472596, "label": "e", "name": "e", "title": "eccentricity"}, {"value": "38.63896378066834", "name": "q", "title": "perihelion distance", "units": "au", "sigma": 0.00923054168989911, "label": "q"}, {"label": "tp", "units": "TDB", "sigma": 22.2803107243589, "title": "time of perihelion passage", "name": "tp", "value": "2444180.666069491092"}, {"name": "om", "title": "longitude of the ascending node", "units": "deg", "sigma": 0.00380671375043642, "label": "node", "value": "280.2673494094348"}, {"value": "61.66955764967694", "sigma": 0.110180999139927, "units": "deg", "label": "peri", "name": "w", "title": "argument of perihelion"}, {"value": "16.58885721295592", "title": "inclination", "name": "i", "label": "i", "units": "deg", "sigma": 0.000439251171498536}], "labels": ["e", "q", "tp", "node", "peri", "i"]}, "comment": null, "sb_used": "SB441-N16", "pe_used": "DE441", "model_pars": [], "moid": "37.694", "equinox": "J2000", "data_arc": "2303", "condition_code": "4", "first_obs": "2011-08-31", "not_valid_before": null, "rms": ".19178", "t_jup": "5.613", "last_obs": "2017-12-20", "source": "JPL", "moid_jup": "33.8755"}, "object": {"fullname": "(2012 UP177)", "neo": false, "prefix": null, "orbit_id": "5", "orbit_class": {"code": "TNO", "name": "TransNeptunian Object"}, "pha": false, "des": "2012 UP177", "kind": "au", "spkid": "3696070"}}