{"object": {"neo": false, "spkid": "20534626", "fullname": "534626 (2014 UT224)", "des": "534626", "prefix": null, "orbit_class": {"name": "TransNeptunian Object", "code": "TNO"}, "pha": false, "orbit_id": "9", "kind": "an"}, "orbit": {"soln_date": "2021-04-14 20:00:30", "moid_jup": "30.214", "not_valid_after": null, "equinox": "J2000", "condition_code": "2", "model_pars": [], "t_jup": "5.962", "producer": "Otto Matic", "last_obs": "2020-12-09", "orbit_id": "9", "two_body": null, "pe_used": "DE441", "data_arc": "6229", "first_obs": "2003-11-20", "n_del_obs_used": null, "rms": ".58622", "n_dop_obs_used": null, "covariance": {"data": [["7.579515747858804E-10", "7.708984969718064E-9", "6.065646818074913E-6", "-2.706659093069949E-10", "3.254094304167921E-8", "6.29517172874447E-11"], ["7.708984969718064E-9", "8.741252077515934E-8", ".0001251649058749364", "-3.117857165753987E-9", "6.693941870044759E-7", "7.141867756500637E-10"], ["6.065646818074913E-6", ".0001251649058749364", ".5409970612885509", "-4.770625001165354E-6", ".002883598922724944", "1.024188281918976E-6"], ["-2.706659093069949E-10", "-3.117857165753987E-9", "-4.770625001165354E-6", "1.389225849187682E-7", "-1.639987422045353E-7", "-2.285642606527562E-8"], ["3.254094304167921E-8", "6.693941870044759E-7", ".002883598922724944", "-1.639987422045353E-7", "1.55084270363425E-5", "2.825606668770057E-8"], ["6.29517172874447E-11", "7.141867756500637E-10", "1.024188281918976E-6", "-2.285642606527562E-8", "2.825606668770057E-8", "3.949019818268186E-9"]], "labels": ["e", "q", "tp", "node", "peri", "i"], "elements": [{"name": "e", "sigma": 2.75309203403352e-05, "title": "eccentricity", "units": null, "label": "e", "value": ".267682971063299"}, {"units": "au", "label": "q", "value": "35.2349826465766", "name": "q", "sigma": 0.000295656085300403, "title": "perihelion distance"}, {"label": "tp", "value": "2455323.601095064106", "units": "TDB", "name": "tp", "sigma": 0.735525024243602, "title": "time of perihelion passage"}, {"title": "longitude of the ascending node", "name": "om", "sigma": 0.000372723201476334, "value": "81.82567307900391", "label": "node", "units": "deg"}, {"sigma": 0.00393807402626493, "name": "w", "title": "argument of perihelion", "units": "deg", "label": "peri", "value": "329.9071782676043"}, {"title": "inclination", "name": "i", "sigma": 6.28412270588997e-05, "units": "deg", "label": "i", "value": "3.880400155493197"}], "epoch": "2456940.5"}, "sb_used": "SB441-N16", "source": "JPL", "n_obs_used": 164, "moid": "34.225", "not_valid_before": null, "comment": null, "epoch": "2460200.5", "elements": [{"label": "e", "value": ".2718232024419313", "units": null, "title": "eccentricity", "name": "e", "sigma": "2.7546E-5"}, {"label": "a", "units": "au", "value": "48.35988834062602", "title": "semi-major axis", "sigma": ".0022192", "name": "a"}, {"title": "perihelion distance", "name": "q", "sigma": ".0002982", "units": "au", "label": "q", "value": "35.21454862214284"}, {"units": "deg", "label": "i", "value": "3.87720355473403", "title": "inclination; angle with respect to x-y ecliptic plane", "sigma": "6.2725E-5", "name": "i"}, {"units": "deg", "label": "node", "value": "81.8090750435418", "name": "om", "sigma": ".00037299", "title": "longitude of the ascending node"}, {"name": "w", "sigma": ".0038957", "title": "argument of perihelion", "label": "peri", "value": "329.3554962555952", "units": "deg"}, {"title": "mean anomaly", "sigma": ".0026562", "name": "ma", "value": "14.56716607446665", "label": "M", "units": "deg"}, {"title": "time of perihelion passage", "sigma": ".7252", "name": "tp", "label": "tp", "units": "TDB", "value": "2455230.013120558689"}, {"title": "sidereal orbital period", "sigma": "8.4552", "name": "per", "label": "period", "units": "d", "value": "122836.196652916"}, {"units": "deg/d", "label": "n", "value": ".002930732225593163", "title": "mean motion", "sigma": "2.0173E-7", "name": "n"}, {"title": "aphelion distance", "sigma": ".0028224", "name": "ad", "value": "61.50522805910921", "label": "Q", "units": "au"}]}, "signature": {"version": "1.3", "source": "NASA/JPL Small-Body Database (SBDB) API"}}