{"object": {"pha": false, "neo": false, "fullname": "(2011 UY411)", "prefix": null, "orbit_id": "5", "orbit_class": {"code": "TNO", "name": "TransNeptunian Object"}, "kind": "au", "des": "2011 UY411", "spkid": "3696053"}, "signature": {"version": "1.3", "source": "NASA/JPL Small-Body Database (SBDB) API"}, "orbit": {"n_del_obs_used": null, "not_valid_after": null, "soln_date": "2021-04-15 05:41:09", "producer": "Otto Matic", "elements": [{"title": "eccentricity", "name": "e", "label": "e", "units": null, "sigma": ".00039707", "value": ".06833214416203053"}, {"value": "44.58792885312796", "title": "semi-major axis", "name": "a", "label": "a", "units": "au", "sigma": ".0055894"}, {"value": "41.54114007084966", "sigma": ".017074", "units": "au", "label": "q", "name": "q", "title": "perihelion distance"}, {"sigma": ".0001608", "units": "deg", "label": "i", "name": "i", "title": "inclination; angle with respect to x-y ecliptic plane", "value": "1.906635330366403"}, {"value": "309.3936670053607", "name": "om", "title": "longitude of the ascending node", "units": "deg", "sigma": ".037393", "label": "node"}, {"value": "148.2371681477183", "title": "argument of perihelion", "name": "w", "label": "peri", "units": "deg", "sigma": ".20708"}, {"value": "315.1889280422542", "name": "ma", "title": "mean anomaly", "sigma": ".15556", "units": "deg", "label": "M"}, {"label": "tp", "sigma": "46.367", "units": "TDB", "title": "time of perihelion passage", "name": "tp", "value": "2473737.025584123043"}, {"value": "108748.7756347225", "label": "period", "units": "d", "sigma": "20.449", "title": "sidereal orbital period", "name": "per"}, {"value": ".003310382097626626", "label": "n", "units": "deg/d", "sigma": "6.2247E-7", "title": "mean motion", "name": "n"}, {"title": "aphelion distance", "name": "ad", "label": "Q", "sigma": ".0059713", "units": "au", "value": "47.63471763540627"}], "n_obs_used": 27, "two_body": null, "orbit_id": "5", "n_dop_obs_used": null, "epoch": "2460200.5", "pe_used": "DE441", "sb_used": "SB441-N16", "covariance": {"epoch": "2456059.5", "data": [["1.621803538131067E-7", "-6.658662411489288E-6", ".01552522795773704", "-1.770942115206251E-7", "7.098918370774789E-5", "-6.21528714163346E-10"], ["-6.658662411489288E-6", ".0002984426028201953", "-.7458060858431639", "6.492011341050097E-6", "-.003353300870914175", "2.575961302863933E-8"], [".01552522795773704", "-.7458060858431639", "1965.054584636588", "-.01385702388166336", "8.72882658938477", "-6.074919830061904E-5"], ["-1.770942115206251E-7", "6.492011341050097E-6", "-.01385702388166336", ".001399269034030623", "-.001463119035914395", "6.006992143409588E-6"], ["7.098918370774789E-5", "-.003353300870914175", "8.72882658938477", "-.001463119035914395", ".04027745281513227", "-6.280003036734695E-6"], ["-6.21528714163346E-10", "2.575961302863933E-8", "-6.074919830061904E-5", "6.006992143409588E-6", "-6.280003036734695E-6", "2.653802358356656E-8"]], "elements": [{"units": null, "sigma": 0.000402716219952843, "label": "e", "name": "e", "title": "eccentricity", "value": ".06750575297557902"}, {"value": "41.48988534975724", "name": "q", "title": "perihelion distance", "units": "au", "sigma": 0.0172754913915696, "label": "q"}, {"label": "tp", "units": "TDB", "sigma": 44.3289362001457, "title": "time of perihelion passage", "name": "tp", "value": "2474140.563673610930"}, {"sigma": 0.0374068046487617, "units": "deg", "label": "node", "name": "om", "title": "longitude of the ascending node", "value": "309.5363007153343"}, {"value": "149.6797500709329", "units": "deg", "sigma": 0.200692433377874, "label": "peri", "name": "w", "title": "argument of perihelion"}, {"value": "1.90743959137607", "name": "i", "title": "inclination", "sigma": 0.000162904952606011, "units": "deg", "label": "i"}], "labels": ["e", "q", "tp", "node", "peri", "i"]}, "comment": null, "moid": "40.5568", "equinox": "J2000", "model_pars": [], "not_valid_before": null, "rms": ".20018", "first_obs": "2011-08-29", "condition_code": "4", "data_arc": "2305", "t_jup": "5.954", "source": "JPL", "last_obs": "2017-12-20", "moid_jup": "36.3587"}}