{"orbit": {"two_body": null, "n_obs_used": 16, "epoch": "2460200.5", "n_dop_obs_used": null, "orbit_id": "1", "not_valid_after": null, "n_del_obs_used": null, "elements": [{"value": ".0921249612715944", "units": null, "sigma": ".00038805", "label": "e", "name": "e", "title": "eccentricity"}, {"label": "a", "units": "au", "sigma": ".0080247", "title": "semi-major axis", "name": "a", "value": "35.12669266650304"}, {"title": "perihelion distance", "name": "q", "label": "q", "units": "au", "sigma": ".0092369", "value": "31.89064746500225"}, {"sigma": "6.7526E-5", "units": "deg", "label": "i", "name": "i", "title": "inclination; angle with respect to x-y ecliptic plane", "value": "2.09026568038704"}, {"label": "node", "sigma": ".01899", "units": "deg", "title": "longitude of the ascending node", "name": "om", "value": "106.0644633592322"}, {"name": "w", "title": "argument of perihelion", "sigma": ".084868", "units": "deg", "label": "peri", "value": "335.192719152883"}, {"value": "313.6543657308169", "label": "M", "units": "deg", "sigma": ".067238", "title": "mean anomaly", "name": "ma"}, {"value": "2469990.003087377754", "label": "tp", "sigma": "12.128", "units": "TDB", "title": "time of perihelion passage", "name": "tp"}, {"label": "period", "units": "d", "sigma": "26.058", "title": "sidereal orbital period", "name": "per", "value": "76042.13788480569"}, {"name": "n", "title": "mean motion", "units": "deg/d", "sigma": "1.6223E-6", "label": "n", "value": ".004734217238149654"}, {"value": "38.36273786800383", "label": "Q", "units": "au", "sigma": ".008764", "title": "aphelion distance", "name": "ad"}], "soln_date": "2021-09-14 12:12:07", "producer": "Otto Matic", "model_pars": [], "moid": "30.9054", "equinox": "J2000", "pe_used": "DE441", "covariance": {"elements": [{"label": "e", "units": null, "sigma": 0.000389714559420105, "title": "eccentricity", "name": "e", "value": ".08791165611242871"}, {"label": "q", "sigma": 0.0094177869883798, "units": "au", "title": "perihelion distance", "name": "q", "value": "31.68522973094222"}, {"value": "2471004.727984272124", "title": "time of perihelion passage", "name": "tp", "label": "tp", "units": "TDB", "sigma": 12.6220077330434}, {"title": "longitude of the ascending node", "name": "om", "label": "node", "units": "deg", "sigma": 0.0190756489782233, "value": "106.096118831255"}, {"name": "w", "title": "argument of perihelion", "sigma": 0.0809957988180741, "units": "deg", "label": "peri", "value": "341.0202861491167"}, {"value": "2.090621749394481", "units": "deg", "sigma": 6.76577049172213e-05, "label": "i", "name": "i", "title": "inclination"}], "labels": ["e", "q", "tp", "node", "peri", "i"], "data": [["1.518774378240065E-7", "-3.179836655404254E-6", "-.001166158150120706", "-2.277867751892797E-7", "4.527809658197839E-6", "-1.904427607750315E-10"], ["-3.179836655404254E-6", "8.869471175849591E-5", "-.03313425492670403", "4.757419602285265E-6", "-.0004604925509903755", "1.27915393699637E-8"], ["-.001166158150120706", "-.03313425492670403", "159.3150792130078", ".001770808136890007", ".9198971481090734", "-2.122527165867376E-5"], ["-2.277867751892797E-7", "4.757419602285265E-6", ".001770808136890007", ".0003638803839403904", "-.0003699380038968243", "1.11445709112961E-6"], ["4.527809658197839E-6", "-.0004604925509903755", ".9198971481090734", "-.0003699380038968243", ".006560319426177935", "-1.263557673883953E-6"], ["-1.904427607750315E-10", "1.27915393699637E-8", "-2.122527165867376E-5", "1.11445709112961E-6", "-1.263557673883953E-6", "4.577565034665789E-9"]], "epoch": "2457244.5"}, "comment": null, "sb_used": "SB441-N16", "t_jup": "5.319", "rms": ".25412", "not_valid_before": null, "data_arc": "1429", "first_obs": "2013-09-29", "condition_code": "4", "moid_jup": "26.7796", "source": "JPL", "last_obs": "2017-08-28"}, "signature": {"version": "1.3", "source": "NASA/JPL Small-Body Database (SBDB) API"}, "object": {"spkid": "54196786", "kind": "au", "des": "2013 SL112", "pha": false, "prefix": null, "orbit_id": "1", "orbit_class": {"code": "TNO", "name": "TransNeptunian Object"}, "fullname": "(2013 SL112)", "neo": false}}