{"object": {"spkid": "20533205", "kind": "an", "des": "533205", "pha": false, "prefix": null, "orbit_class": {"code": "TNO", "name": "TransNeptunian Object"}, "orbit_id": "9", "neo": false, "fullname": "533205 (2014 DD143)"}, "signature": {"version": "1.3", "source": "NASA/JPL Small-Body Database (SBDB) API"}, "orbit": {"t_jup": "5.904", "data_arc": "2589", "condition_code": "3", "first_obs": "2011-03-09", "rms": ".64779", "not_valid_before": null, "moid_jup": "37.5725", "last_obs": "2018-04-10", "source": "JPL", "epoch": "2460200.5", "n_dop_obs_used": null, "orbit_id": "9", "n_obs_used": 104, "two_body": null, "elements": [{"label": "e", "units": null, "sigma": "3.5266E-5", "title": "eccentricity", "name": "e", "value": ".01390125757153728"}, {"title": "semi-major axis", "name": "a", "label": "a", "units": "au", "sigma": ".0016814", "value": "43.58637349513436"}, {"value": "42.98046809056927", "name": "q", "title": "perihelion distance", "sigma": ".00082991", "units": "au", "label": "q"}, {"title": "inclination; angle with respect to x-y ecliptic plane", "name": "i", "label": "i", "sigma": ".00012928", "units": "deg", "value": "1.934580529181077"}, {"value": "199.1499499078211", "label": "node", "units": "deg", "sigma": ".0020804", "title": "longitude of the ascending node", "name": "om"}, {"value": "312.1138582127957", "units": "deg", "sigma": ".21042", "label": "peri", "name": "w", "title": "argument of perihelion"}, {"title": "mean anomaly", "name": "ma", "label": "M", "sigma": ".20433", "units": "deg", "value": "30.28389702639486"}, {"title": "time of perihelion passage", "name": "tp", "label": "tp", "units": "TDB", "sigma": "59.642", "value": "2451358.840395737536"}, {"title": "sidereal orbital period", "name": "per", "label": "period", "units": "d", "sigma": "6.0817", "value": "105105.2793753805"}, {"units": "deg/d", "sigma": "1.9819E-7", "label": "n", "name": "n", "title": "mean motion", "value": ".003425137178069526"}, {"value": "44.19227889969945", "sigma": ".0017047", "units": "au", "label": "Q", "name": "ad", "title": "aphelion distance"}], "soln_date": "2021-04-14 19:55:48", "producer": "Otto Matic", "not_valid_after": null, "n_del_obs_used": null, "model_pars": [], "equinox": "J2000", "moid": "41.9903", "covariance": {"data": [["1.009313289232232E-9", "6.880826504602151E-9", "-.0004043408622270449", "7.429992107900137E-10", "-1.430544402641286E-6", "-3.243398347642982E-11"], ["6.880826504602151E-9", "2.598893801693062E-7", ".01312749359003174", "1.146990265080662E-9", "4.640202571871076E-5", "7.25542077040836E-11"], ["-.0004043408622270449", ".01312749359003174", "1373.129604490894", "-.0006127513047163906", "4.854733063264208", "3.59893572053426E-5"], ["7.429992107900137E-10", "1.146990265080662E-9", "-.0006127513047163906", "4.333002381581601E-6", "-6.496867932971591E-6", "-2.663193445380172E-7"], ["-1.430544402641286E-6", "4.640202571871076E-5", "4.854733063264208", "-6.496867932971591E-6", ".0171683556392122", "3.934014386254153E-7"], ["-3.243398347642982E-11", "7.25542077040836E-11", "3.59893572053426E-5", "-2.663193445380172E-7", "3.934014386254153E-7", "1.654005889594254E-8"]], "epoch": "2456890.5", "elements": [{"title": "eccentricity", "name": "e", "label": "e", "sigma": 3.17696913619291e-05, "units": null, "value": ".02348513093479363"}, {"name": "q", "title": "perihelion distance", "sigma": 0.000509793468150884, "units": "au", "label": "q", "value": "43.02660971589786"}, {"value": "2454160.020521891944", "name": "tp", "title": "time of perihelion passage", "sigma": 37.0557634449878, "units": "TDB", "label": "tp"}, {"label": "node", "units": "deg", "sigma": 0.0020815865059088, "title": "longitude of the ascending node", "name": "om", "value": "199.1822931238926"}, {"value": "321.8804939940827", "label": "peri", "sigma": 0.13102807195106, "units": "deg", "title": "argument of perihelion", "name": "w"}, {"sigma": 0.000128608160300747, "units": "deg", "label": "i", "name": "i", "title": "inclination", "value": "1.928439563972721"}], "labels": ["e", "q", "tp", "node", "peri", "i"]}, "comment": null, "sb_used": "SB441-N16", "pe_used": "DE441"}}