{"signature": {"version": "1.3", "source": "NASA/JPL Small-Body Database (SBDB) API"}, "object": {"fullname": "(2010 TF192)", "prefix": null, "des": "2010 TF192", "orbit_class": {"name": "TransNeptunian Object", "code": "TNO"}, "pha": false, "orbit_id": "5", "kind": "au", "neo": false, "spkid": "3755973"}, "orbit": {"not_valid_before": null, "comment": null, "elements": [{"sigma": ".0001194", "name": "e", "title": "eccentricity", "label": "e", "value": ".02111515625496582", "units": null}, {"value": "43.6460649713319", "label": "a", "units": "au", "title": "semi-major axis", "sigma": ".0065982", "name": "a"}, {"value": "42.72447148954784", "label": "q", "units": "au", "name": "q", "sigma": ".0077917", "title": "perihelion distance"}, {"label": "i", "value": "2.311022669622821", "units": "deg", "title": "inclination; angle with respect to x-y ecliptic plane", "sigma": ".00034703", "name": "i"}, {"label": "node", "value": "78.09523936864797", "units": "deg", "sigma": ".0043669", "name": "om", "title": "longitude of the ascending node"}, {"title": "argument of perihelion", "sigma": ".30647", "name": "w", "units": "deg", "label": "peri", "value": "55.53616188796381"}, {"value": "294.2503656052602", "label": "M", "units": "deg", "title": "mean anomaly", "name": "ma", "sigma": ".30077"}, {"label": "tp", "value": "2479436.151960074480", "units": "TDB", "title": "time of perihelion passage", "name": "tp", "sigma": "83.683"}, {"sigma": "23.883", "name": "per", "title": "sidereal orbital period", "value": "105321.2655762056", "label": "period", "units": "d"}, {"value": ".003418113123028517", "label": "n", "units": "deg/d", "sigma": "7.751E-7", "name": "n", "title": "mean motion"}, {"label": "Q", "units": "au", "value": "44.56765845311597", "title": "aphelion distance", "sigma": ".0067375", "name": "ad"}], "epoch": "2460200.5", "covariance": {"labels": ["e", "q", "tp", "node", "peri", "i"], "data": [["1.432258347074436E-8", "-5.563591594845817E-7", ".000247743379331419", "-4.629233439354304E-9", "2.293370909534962E-6", "4.118590610435741E-10"], ["-5.563591594845817E-7", "6.282927049423072E-5", "-.5343185554125802", "-2.619283249513987E-7", "-.00201141141585748", "3.767845979712431E-8"], [".000247743379331419", "-.5343185554125802", "6691.326531680081", ".005524845653669105", "24.53725864632926", "-.0006739705802068911"], ["-4.629233439354304E-9", "-2.619283249513987E-7", ".005524845653669105", "1.900985497539353E-5", "8.095499345734999E-7", "-1.510065942176721E-6"], ["2.293370909534962E-6", "-.00201141141585748", "24.53725864632926", "8.095499345734999E-7", ".09013208457366881", "-9.217511938257345E-7"], ["4.118590610435741E-10", "3.767845979712431E-8", "-.0006739705802068911", "-1.510065942176721E-6", "-9.217511938257345E-7", "1.206447178071021E-7"]], "epoch": "2456037.5", "elements": [{"value": ".02147152615491587", "label": "e", "units": null, "title": "eccentricity", "name": "e", "sigma": 0.000119676996414283}, {"title": "perihelion distance", "sigma": 0.00792649168890189, "name": "q", "label": "q", "units": "au", "value": "42.68796284894307"}, {"label": "tp", "units": "TDB", "value": "2480031.450195269888", "sigma": 81.8005289205399, "name": "tp", "title": "time of perihelion passage"}, {"value": "78.10332861799377", "label": "node", "units": "deg", "sigma": 0.00436002924019937, "name": "om", "title": "longitude of the ascending node"}, {"sigma": 0.300220060245262, "name": "w", "title": "argument of perihelion", "units": "deg", "label": "peri", "value": "57.72364974916225"}, {"sigma": 0.000347339484952549, "name": "i", "title": "inclination", "value": "2.312706175168372", "label": "i", "units": "deg"}]}, "source": "JPL", "sb_used": "SB441-N16", "moid": "41.738", "n_obs_used": 26, "data_arc": "3388", "first_obs": "2010-10-09", "n_del_obs_used": null, "n_dop_obs_used": null, "rms": ".59785", "orbit_id": "5", "two_body": null, "pe_used": "DE441", "producer": "Otto Matic", "last_obs": "2020-01-18", "t_jup": "5.906", "not_valid_after": null, "equinox": "J2000", "condition_code": "4", "model_pars": [], "soln_date": "2021-04-15 04:19:24", "moid_jup": "37.372"}}