{"object": {"orbit_class": {"code": "TNO", "name": "TransNeptunian Object"}, "orbit_id": "2", "prefix": null, "neo": false, "fullname": "(2015 GO55)", "pha": false, "spkid": "3831051", "kind": "au", "des": "2015 GO55"}, "orbit": {"not_valid_before": null, "rms": ".15013", "first_obs": "2015-02-20", "condition_code": "4", "data_arc": "853", "t_jup": "5.715", "source": "JPL", "last_obs": "2017-06-22", "moid_jup": "31.9018", "not_valid_after": null, "n_del_obs_used": null, "soln_date": "2021-04-15 13:31:06", "producer": "Otto Matic", "elements": [{"name": "e", "title": "eccentricity", "units": null, "sigma": ".0011694", "label": "e", "value": ".1183999297227179"}, {"units": "au", "sigma": ".013334", "label": "a", "name": "a", "title": "semi-major axis", "value": "42.14637586372172"}, {"name": "q", "title": "perihelion distance", "units": "au", "sigma": ".038643", "label": "q", "value": "37.15624792338981"}, {"value": "8.41190311094404", "label": "i", "sigma": ".0013905", "units": "deg", "title": "inclination; angle with respect to x-y ecliptic plane", "name": "i"}, {"sigma": ".0038334", "units": "deg", "label": "node", "name": "om", "title": "longitude of the ascending node", "value": "43.74519769756258"}, {"value": "223.514073059255", "name": "w", "title": "argument of perihelion", "sigma": ".25976", "units": "deg", "label": "peri"}, {"title": "mean anomaly", "name": "ma", "label": "M", "sigma": ".12633", "units": "deg", "value": "316.5631785972856"}, {"value": "2472259.028582076782", "title": "time of perihelion passage", "name": "tp", "label": "tp", "sigma": "39.449", "units": "TDB"}, {"title": "sidereal orbital period", "name": "per", "label": "period", "units": "d", "sigma": "47.427", "value": "99939.8701231016"}, {"value": ".003602165977968228", "label": "n", "units": "deg/d", "sigma": "1.7094E-6", "title": "mean motion", "name": "n"}, {"label": "Q", "sigma": ".014913", "units": "au", "title": "aphelion distance", "name": "ad", "value": "47.13650380405362"}], "n_obs_used": 30, "two_body": null, "orbit_id": "2", "n_dop_obs_used": null, "epoch": "2460200.5", "pe_used": "DE441", "sb_used": "SB441-N16", "comment": null, "covariance": {"epoch": "2457383.5", "data": [["1.270798462659942E-6", "-4.180688948577878E-5", ".05445317736293318", "-1.101230350875025E-7", ".0003265361697686192", "4.063458274116101E-8"], ["-4.180688948577878E-5", ".001394954325225104", "-1.83814914782205", "3.471021851238864E-6", "-.01097675849299616", "-1.276026593130025E-6"], [".05445317736293318", "-1.83814914782205", "2447.630416042441", "-.004389205312448775", "14.5625295597956", ".001609106546845056"], ["-1.101230350875025E-7", "3.471021851238864E-6", "-.004389205312448775", "1.479600490478148E-5", "-4.124109724387541E-5", "-5.312296276082999E-6"], [".0003265361697686192", "-.01097675849299616", "14.5625295597956", "-4.124109724387541E-5", ".08676903732486999", "1.501852406917352E-5"], ["4.063458274116101E-8", "-1.276026593130025E-6", ".001609106546845056", "-5.312296276082999E-6", "1.501852406917352E-5", "1.911709528865411E-6"]], "labels": ["e", "q", "tp", "node", "peri", "i"], "elements": [{"value": ".1234561266739549", "label": "e", "sigma": 0.00112729697181352, "units": null, "title": "eccentricity", "name": "e"}, {"label": "q", "sigma": 0.0373490873412605, "units": "au", "title": "perihelion distance", "name": "q", "value": "37.39635418107886"}, {"label": "tp", "units": "TDB", "sigma": 49.4735324799275, "title": "time of perihelion passage", "name": "tp", "value": "2471222.157638374101"}, {"value": "43.80458854752379", "units": "deg", "sigma": 0.00384655753951263, "label": "node", "name": "om", "title": "longitude of the ascending node"}, {"sigma": 0.294565845482585, "units": "deg", "label": "peri", "name": "w", "title": "argument of perihelion", "value": "218.6812158463635"}, {"value": "8.3755282939655", "label": "i", "sigma": 0.00138264584361485, "units": "deg", "title": "inclination", "name": "i"}]}, "moid": "36.1449", "equinox": "J2000", "model_pars": []}, "signature": {"version": "1.3", "source": "NASA/JPL Small-Body Database (SBDB) API"}}