{"signature": {"version": "1.3", "source": "NASA/JPL Small-Body Database (SBDB) API"}, "orbit": {"covariance": {"labels": ["e", "q", "tp", "node", "peri", "i"], "data": [["1.663879839619811E-8", "1.331755863447958E-7", "-.0003636448239943207", "1.846630904656913E-9", "-2.162962641182512E-6", "2.371277025209754E-10"], ["1.331755863447958E-7", "1.199517087893621E-6", ".001128319831502526", "6.055732254974349E-9", "6.701526346640812E-6", "1.9907849828931E-8"], ["-.0003636448239943207", ".001128319831502526", "282.1780982302288", "-.0006675819525547711", "1.677859029224188", ".001150349736175267"], ["1.846630904656913E-9", "6.055732254974349E-9", "-.0006675819525547711", "2.086205645459337E-7", "-4.157254118020936E-6", "-3.351971441706169E-7"], ["-2.162962641182512E-6", "6.701526346640812E-6", "1.677859029224188", "-4.157254118020936E-6", ".009976887494937484", "7.14159207357711E-6"], ["2.371277025209754E-10", "1.9907849828931E-8", ".001150349736175267", "-3.351971441706169E-7", "7.14159207357711E-6", "5.488215883416674E-7"]], "elements": [{"label": "e", "value": ".1878710604452608", "units": null, "title": "eccentricity", "sigma": 0.000128991466369672, "name": "e"}, {"title": "perihelion distance", "sigma": 0.00109522467461869, "name": "q", "label": "q", "value": "31.96036321570472", "units": "au"}, {"name": "tp", "sigma": 16.7981575843968, "title": "time of perihelion passage", "label": "tp", "value": "2456723.366308465898", "units": "TDB"}, {"value": "72.43985238747639", "label": "node", "units": "deg", "title": "longitude of the ascending node", "name": "om", "sigma": 0.000456750002239665}, {"title": "argument of perihelion", "sigma": 0.0998843706239244, "name": "w", "label": "peri", "value": "165.9165601718129", "units": "deg"}, {"title": "inclination", "sigma": 0.000740824937715833, "name": "i", "units": "deg", "label": "i", "value": "24.93089860047412"}], "epoch": "2456658.5"}, "sb_used": "SB441-N16", "source": "JPL", "n_obs_used": 32, "moid": "30.9661", "epoch": "2460200.5", "comment": null, "elements": [{"title": "eccentricity", "sigma": ".00012795", "name": "e", "units": null, "label": "e", "value": ".1862444085907028"}, {"label": "a", "value": "39.29284570270815", "units": "au", "title": "semi-major axis", "name": "a", "sigma": ".0074893"}, {"label": "q", "units": "au", "value": "31.97477289296153", "name": "q", "sigma": ".0010962", "title": "perihelion distance"}, {"title": "inclination; angle with respect to x-y ecliptic plane", "name": "i", "sigma": ".00074095", "label": "i", "value": "24.94096396215034", "units": "deg"}, {"name": "om", "sigma": ".00045626", "title": "longitude of the ascending node", "value": "72.48696140019153", "label": "node", "units": "deg"}, {"label": "peri", "value": "166.8778957592265", "units": "deg", "sigma": ".10082", "name": "w", "title": "argument of perihelion"}, {"units": "deg", "label": "M", "value": "13.27538796431589", "name": "ma", "sigma": ".067601", "title": "mean anomaly"}, {"units": "TDB", "label": "tp", "value": "2456882.981355782380", "name": "tp", "sigma": "16.98", "title": "time of perihelion passage"}, {"title": "sidereal orbital period", "sigma": "25.721", "name": "per", "label": "period", "value": "89963.97808701545", "units": "d"}, {"title": "mean motion", "sigma": "1.1441E-6", "name": "n", "label": "n", "units": "deg/d", "value": ".00400160161494636"}, {"title": "aphelion distance", "name": "ad", "sigma": ".0088842", "value": "46.61091851245477", "label": "Q", "units": "au"}], "not_valid_before": null, "two_body": null, "pe_used": "DE441", "orbit_id": "6", "rms": ".1439", "n_dop_obs_used": null, "data_arc": "1508", "n_del_obs_used": null, "first_obs": "2013-04-09", "t_jup": "5.029", "last_obs": "2017-05-26", "producer": "Otto Matic", "soln_date": "2021-04-15 08:11:55", "moid_jup": "26.614", "model_pars": [], "condition_code": "4", "not_valid_after": null, "equinox": "J2000"}, "object": {"spkid": "3727195", "neo": false, "prefix": null, "des": "2013 JB65", "fullname": "(2013 JB65)", "orbit_id": "6", "kind": "au", "pha": false, "orbit_class": {"name": "TransNeptunian Object", "code": "TNO"}}}