{"orbit": {"data_arc": "6240", "n_del_obs_used": null, "first_obs": "1996-09-06", "rms": ".50167", "n_dop_obs_used": null, "orbit_id": "10", "two_body": null, "pe_used": "DE441", "not_valid_before": null, "comment": null, "elements": [{"label": "e", "units": null, "value": ".1065101101716809", "title": "eccentricity", "sigma": ".000171", "name": "e"}, {"value": "44.19801293263309", "label": "a", "units": "au", "name": "a", "sigma": ".010706", "title": "semi-major axis"}, {"units": "au", "label": "q", "value": "39.49047770580896", "sigma": ".0020829", "name": "q", "title": "perihelion distance"}, {"sigma": ".0003441", "name": "i", "title": "inclination; angle with respect to x-y ecliptic plane", "label": "i", "units": "deg", "value": "31.59923019916588"}, {"sigma": "8.1514E-5", "name": "om", "title": "longitude of the ascending node", "label": "node", "units": "deg", "value": "11.43614135211812"}, {"title": "argument of perihelion", "sigma": ".036764", "name": "w", "label": "peri", "units": "deg", "value": ".866521906651437"}, {"label": "M", "units": "deg", "value": "32.05472157398506", "title": "mean anomaly", "name": "ma", "sigma": ".035195"}, {"name": "tp", "sigma": "8.8013", "title": "time of perihelion passage", "label": "tp", "units": "TDB", "value": "2450644.149896517421"}, {"name": "per", "sigma": "38.995", "title": "sidereal orbital period", "units": "d", "label": "period", "value": "107325.4069392945"}, {"sigma": "1.2187E-6", "name": "n", "title": "mean motion", "label": "n", "value": ".003354284975631386", "units": "deg/d"}, {"value": "48.90554815945721", "label": "Q", "units": "au", "title": "aphelion distance", "sigma": ".011846", "name": "ad"}], "epoch": "2460200.5", "covariance": {"elements": [{"name": "e", "sigma": 0.000170131759299906, "title": "eccentricity", "label": "e", "value": ".1078398567847909", "units": null}, {"units": "au", "label": "q", "value": "39.45619196611928", "name": "q", "sigma": 0.00213886428079325, "title": "perihelion distance"}, {"units": "TDB", "label": "tp", "value": "2450132.142479619215", "name": "tp", "sigma": 8.90572335173337, "title": "time of perihelion passage"}, {"sigma": 8.13803081514992e-05, "name": "om", "title": "longitude of the ascending node", "label": "node", "value": "11.53610189707331", "units": "deg"}, {"units": "deg", "label": "peri", "value": "358.7148428632548", "title": "argument of perihelion", "sigma": 0.0373214514660273, "name": "w"}, {"title": "inclination", "sigma": 0.000344168837308741, "name": "i", "value": "31.57619817848414", "label": "i", "units": "deg"}], "epoch": "2451091.5", "labels": ["e", "q", "tp", "node", "peri", "i"], "data": [["2.894481552248119E-8", "3.417495887452076E-7", ".0005204871434490449", "3.805079924733233E-10", "2.177943042416786E-6", "5.006144238135166E-9"], ["3.417495887452076E-7", "4.574740411653215E-6", ".01215073574026293", "4.931692393828752E-9", "5.08904791612454E-5", "5.81596563095529E-8"], [".0005204871434490449", ".01215073574026293", "79.31190841760905", "1.163641442207284E-5", ".3323736448140806", "7.50385165555125E-5"], ["3.805079924733233E-10", "4.931692393828752E-9", "1.163641442207284E-5", "6.622754554832969E-9", "4.309277912699308E-8", "1.040158643206765E-8"], ["2.177943042416786E-6", "5.08904791612454E-5", ".3323736448140806", "4.309277912699308E-8", ".001392890739531028", "3.05133625389364E-7"], ["5.006144238135166E-9", "5.81596563095529E-8", "7.50385165555125E-5", "1.040158643206765E-8", "3.05133625389364E-7", "1.184521885744508E-7"]]}, "source": "JPL", "sb_used": "SB441-N16", "n_obs_used": 52, "moid": "38.4902", "not_valid_after": null, "condition_code": "3", "equinox": "J2000", "model_pars": [], "soln_date": "2021-04-14 20:46:49", "moid_jup": "34.5407", "producer": "Otto Matic", "last_obs": "2013-10-07", "t_jup": "5.054"}, "object": {"fullname": "(1996 RQ20)", "des": "1996 RQ20", "prefix": null, "pha": false, "orbit_id": "10", "kind": "au", "orbit_class": {"name": "TransNeptunian Object", "code": "TNO"}, "spkid": "3009655", "neo": false}, "signature": {"version": "1.3", "source": "NASA/JPL Small-Body Database (SBDB) API"}}