{"object": {"fullname": "(2015 KO174)", "neo": false, "orbit_class": {"code": "TNO", "name": "TransNeptunian Object"}, "orbit_id": "3", "prefix": null, "pha": false, "des": "2015 KO174", "kind": "au", "spkid": "3831094"}, "orbit": {"t_jup": "6.231", "rms": ".14055", "not_valid_before": null, "first_obs": "2015-02-25", "condition_code": "3", "data_arc": "2268", "moid_jup": "27.7319", "source": "JPL", "last_obs": "2021-05-12", "n_obs_used": 36, "two_body": null, "orbit_id": "3", "n_dop_obs_used": null, "epoch": "2460200.5", "n_del_obs_used": null, "not_valid_after": null, "producer": "Otto Matic", "soln_date": "2021-07-07 18:52:30", "elements": [{"label": "e", "units": null, "sigma": "9.3073E-5", "title": "eccentricity", "name": "e", "value": ".5209262686318687"}, {"value": "69.01669711532628", "name": "a", "title": "semi-major axis", "units": "au", "sigma": ".014541", "label": "a"}, {"title": "perihelion distance", "name": "q", "label": "q", "units": "au", "sigma": ".00080269", "value": "33.0640866137435"}, {"label": "i", "units": "deg", "sigma": ".0001869", "title": "inclination; angle with respect to x-y ecliptic plane", "name": "i", "value": "8.102108909306546"}, {"value": "123.8660932475839", "sigma": ".0036579", "units": "deg", "label": "node", "name": "om", "title": "longitude of the ascending node"}, {"title": "argument of perihelion", "name": "w", "label": "peri", "sigma": ".016667", "units": "deg", "value": "120.3150286382309"}, {"name": "ma", "title": "mean anomaly", "sigma": ".0044389", "units": "deg", "label": "M", "value": "1.89202635009128"}, {"sigma": "2.5125", "units": "TDB", "label": "tp", "name": "tp", "title": "time of perihelion passage", "value": "2459099.837008259652"}, {"name": "per", "title": "sidereal orbital period", "units": "d", "sigma": "66.183", "label": "period", "value": "209425.559536953"}, {"value": ".001718987886655154", "label": "n", "units": "deg/d", "sigma": "5.4324E-7", "title": "mean motion", "name": "n"}, {"name": "ad", "title": "aphelion distance", "units": "au", "sigma": ".022115", "label": "Q", "value": "104.9693076169091"}], "moid": "32.0579", "equinox": "J2000", "model_pars": [], "pe_used": "DE441", "sb_used": "SB441-N16", "comment": null, "covariance": {"elements": [{"value": ".5295335941592045", "name": "e", "title": "eccentricity", "sigma": 9.31042732590056e-05, "units": null, "label": "e"}, {"units": "au", "sigma": 0.000786808401731835, "label": "q", "name": "q", "title": "perihelion distance", "value": "33.07723006596885"}, {"value": "2459017.819049370942", "title": "time of perihelion passage", "name": "tp", "label": "tp", "sigma": 2.47878511656501, "units": "TDB"}, {"name": "om", "title": "longitude of the ascending node", "units": "deg", "sigma": 0.00364471767297112, "label": "node", "value": "123.7823291581056"}, {"sigma": 0.0164761087136782, "units": "deg", "label": "peri", "name": "w", "title": "argument of perihelion", "value": "119.8514065438494"}, {"value": "8.104922832487784", "label": "i", "sigma": 0.00018663656949769, "units": "deg", "title": "inclination", "name": "i"}], "labels": ["e", "q", "tp", "node", "peri", "i"], "data": [["8.668405699087577E-9", "4.936686112088584E-8", "4.714902971298981E-5", "-1.423416209398797E-8", "3.180696284346045E-7", "1.023808187500319E-9"], ["4.936686112088584E-8", "6.190674610358052E-7", "-.001035949229150985", "-4.043762731190038E-8", "-6.647211164671029E-6", "3.872356620743714E-9"], ["4.714902971298981E-5", "-.001035949229150985", "6.144375654104201", "-.0003024055119002961", ".03985012723672708", "1.755458027225608E-5"], ["-1.423416209398797E-8", "-4.043762731190038E-8", "-.0003024055119002961", "1.328396691566799E-5", "-1.509433023193565E-5", "-6.741595154544248E-7"], ["3.180696284346045E-7", "-6.647211164671029E-6", ".03985012723672708", "-1.509433023193565E-5", ".0002714621583449434", "7.801570509732919E-7"], ["1.023808187500319E-9", "3.872356620743714E-9", "1.755458027225608E-5", "-6.741595154544248E-7", "7.801570509732919E-7", "3.483320907386608E-8"]], "epoch": "2457449.5"}}, "signature": {"version": "1.3", "source": "NASA/JPL Small-Body Database (SBDB) API"}}