{"orbit": {"epoch": "2460200.5", "n_dop_obs_used": null, "orbit_id": "5", "two_body": null, "n_obs_used": 28, "elements": [{"value": ".1524682052562601", "title": "eccentricity", "name": "e", "label": "e", "units": null, "sigma": ".00038541"}, {"value": "39.2803489761102", "name": "a", "title": "semi-major axis", "sigma": ".02206", "units": "au", "label": "a"}, {"name": "q", "title": "perihelion distance", "units": "au", "sigma": ".0035738", "label": "q", "value": "33.2913446658831"}, {"value": "9.142700792838587", "title": "inclination; angle with respect to x-y ecliptic plane", "name": "i", "label": "i", "units": "deg", "sigma": ".00032827"}, {"value": "198.082796420915", "label": "node", "units": "deg", "sigma": ".00061983", "title": "longitude of the ascending node", "name": "om"}, {"value": "1.661797572415933", "name": "w", "title": "argument of perihelion", "units": "deg", "sigma": ".025038", "label": "peri"}, {"name": "ma", "title": "mean anomaly", "sigma": ".038602", "units": "deg", "label": "M", "value": "27.40972778333109"}, {"title": "time of perihelion passage", "name": "tp", "label": "tp", "sigma": "4.5456", "units": "TDB", "value": "2453354.078156139780"}, {"value": "89921.06318139231", "units": "d", "sigma": "75.749", "label": "period", "name": "per", "title": "sidereal orbital period"}, {"sigma": "3.3725E-6", "units": "deg/d", "label": "n", "name": "n", "title": "mean motion", "value": ".004003511382797975"}, {"name": "ad", "title": "aphelion distance", "units": "au", "sigma": ".025423", "label": "Q", "value": "45.26935328633729"}], "soln_date": "2021-04-14 22:11:47", "producer": "Otto Matic", "n_del_obs_used": null, "not_valid_after": null, "model_pars": [], "equinox": "J2000", "moid": "32.2881", "covariance": {"elements": [{"label": "e", "sigma": 0.000387143661051891, "units": null, "title": "eccentricity", "name": "e", "value": ".1555735437621859"}, {"value": "33.30324050170705", "sigma": 0.00354825548637231, "units": "au", "label": "q", "name": "q", "title": "perihelion distance"}, {"value": "2453554.631178203865", "units": "TDB", "sigma": 4.14741683061843, "label": "tp", "name": "tp", "title": "time of perihelion passage"}, {"value": "197.9988234238009", "sigma": 0.000619518112242899, "units": "deg", "label": "node", "name": "om", "title": "longitude of the ascending node"}, {"value": "2.767587975916994", "title": "argument of perihelion", "name": "w", "label": "peri", "units": "deg", "sigma": 0.0228607710374695}, {"units": "deg", "sigma": 0.000327755280668301, "label": "i", "name": "i", "title": "inclination", "value": "9.133404249312189"}], "labels": ["e", "q", "tp", "node", "peri", "i"], "data": [["1.498802142926616E-7", "1.366988329218707E-6", ".00109459128752564", "-2.19514007678651E-8", "6.027853264020126E-6", "-6.473018548649844E-9"], ["1.366988329218707E-6", "1.259011699657122E-5", ".01097368907401947", "-2.033085276660069E-7", "6.044467058174925E-5", "-6.046112340435903E-8"], [".00109459128752564", ".01097368907401947", "17.20106636689706", "-.0001866848906067767", ".0947787935835608", "-5.967942567728032E-5"], ["-2.19514007678651E-8", "-2.033085276660069E-7", "-.0001866848906067767", "3.838026913970049E-7", "-1.404021134602904E-6", "1.482997570427472E-7"], ["6.027853264020126E-6", "6.044467058174925E-5", ".0947787935835608", "-1.404021134602904E-6", ".0005226148524276054", "-4.742114732428916E-7"], ["-6.473018548649844E-9", "-6.046112340435903E-8", "-5.967942567728032E-5", "1.482997570427472E-7", "-4.742114732428916E-7", "1.074235240059567E-7"]], "epoch": "2455197.5"}, "comment": null, "sb_used": "SB441-N16", "pe_used": "DE441", "t_jup": "5.494", "data_arc": "5525", "condition_code": "4", "first_obs": "2004-03-20", "not_valid_before": null, "rms": ".18367", "moid_jup": "27.8291", "last_obs": "2019-05-06", "source": "JPL"}, "signature": {"version": "1.3", "source": "NASA/JPL Small-Body Database (SBDB) API"}, "object": {"kind": "au", "des": "2004 FW164", "spkid": "3330229", "pha": false, "neo": false, "fullname": "(2004 FW164)", "orbit_id": "5", "orbit_class": {"code": "TNO", "name": "TransNeptunian Object"}, "prefix": null}}