{"signature": {"version": "1.3", "source": "NASA/JPL Small-Body Database (SBDB) API"}, "orbit": {"soln_date": "2021-09-22 13:42:07", "moid_jup": "29.3862", "model_pars": [], "condition_code": "5", "not_valid_after": null, "equinox": "J2000", "t_jup": "5.247", "last_obs": "2018-11-08", "producer": "Otto Matic", "two_body": null, "pe_used": "DE441", "orbit_id": "1", "rms": ".30099", "n_dop_obs_used": null, "data_arc": "1153", "first_obs": "2015-09-12", "n_del_obs_used": null, "covariance": {"data": [["1.191301028360276E-6", "2.836748016964766E-6", ".01684012589724222", "-2.135521117048741E-6", "9.976185131276672E-5", "-3.435571909919141E-7"], ["2.836748016964766E-6", "9.192077931745837E-5", "-.2107489339319207", "-3.032986270859376E-6", "-.001209408507146952", "1.479781017727457E-7"], [".01684012589724222", "-.2107489339319207", "979.9847425649887", "-.036413151375096", "5.689090230129532", "-.007731454711066675"], ["-2.135521117048741E-6", "-3.032986270859376E-6", "-.036413151375096", "1.154056334966917E-5", "-.0002215523730833699", "2.47503821665448E-6"], ["9.976185131276672E-5", "-.001209408507146952", "5.689090230129532", "-.0002215523730833699", ".03303757889365848", "-4.698929116159289E-5"], ["-3.435571909919141E-7", "1.479781017727457E-7", "-.007731454711066675", "2.47503821665448E-6", "-4.698929116159289E-5", "5.526614461524852E-7"]], "labels": ["e", "q", "tp", "node", "peri", "i"], "epoch": "2457949.5", "elements": [{"label": "e", "units": null, "value": ".2573976387517988", "title": "eccentricity", "name": "e", "sigma": 0.00109146737393304}, {"label": "q", "units": "au", "value": "33.89750945365316", "title": "perihelion distance", "name": "q", "sigma": 0.00958753249368462}, {"units": "TDB", "label": "tp", "value": "2461534.220872470597", "title": "time of perihelion passage", "sigma": 31.3047079936068, "name": "tp"}, {"title": "longitude of the ascending node", "name": "om", "sigma": 0.00339714046657909, "label": "node", "units": "deg", "value": "65.09722082545028"}, {"title": "argument of perihelion", "name": "w", "sigma": 0.18176242431718, "label": "peri", "units": "deg", "value": "261.5308068764511"}, {"name": "i", "sigma": 0.000743412029868017, "title": "inclination", "units": "deg", "label": "i", "value": "26.36712212442038"}]}, "source": "JPL", "sb_used": "SB441-N16", "n_obs_used": 9, "moid": "32.9606", "epoch": "2460200.5", "comment": null, "elements": [{"name": "e", "sigma": ".0011012", "title": "eccentricity", "value": ".2618074685194427", "label": "e", "units": null}, {"title": "semi-major axis", "sigma": ".072737", "name": "a", "label": "a", "units": "au", "value": "45.87720082144305"}, {"name": "q", "sigma": ".0098517", "title": "perihelion distance", "units": "au", "label": "q", "value": "33.86620701162295"}, {"sigma": ".00075255", "name": "i", "title": "inclination; angle with respect to x-y ecliptic plane", "units": "deg", "label": "i", "value": "26.40022057557841"}, {"label": "node", "value": "65.30873761014159", "units": "deg", "name": "om", "sigma": ".0034237", "title": "longitude of the ascending node"}, {"sigma": ".17691", "name": "w", "title": "argument of perihelion", "value": "262.3936502949927", "label": "peri", "units": "deg"}, {"sigma": ".092896", "name": "ma", "title": "mean anomaly", "units": "deg", "label": "M", "value": "355.202096623765"}, {"title": "time of perihelion passage", "name": "tp", "sigma": "30.25", "label": "tp", "value": "2461713.165114813747", "units": "TDB"}, {"value": "113499.4597911805", "label": "period", "units": "d", "name": "per", "sigma": "269.92", "title": "sidereal orbital period"}, {"title": "mean motion", "sigma": "7.5432E-6", "name": "n", "value": ".003171821263839829", "label": "n", "units": "deg/d"}, {"name": "ad", "sigma": ".09178", "title": "aphelion distance", "label": "Q", "value": "57.88819463126315", "units": "au"}], "not_valid_before": null}, "object": {"kind": "au", "orbit_id": "1", "pha": false, "orbit_class": {"name": "TransNeptunian Object", "code": "TNO"}, "prefix": null, "des": "2016 SY105", "fullname": "(2016 SY105)", "spkid": "54199117", "neo": false}}