{"object": {"pha": false, "neo": false, "fullname": "(2014 SR350)", "orbit_class": {"code": "TNO", "name": "TransNeptunian Object"}, "orbit_id": "6", "prefix": null, "kind": "au", "des": "2014 SR350", "spkid": "3772973"}, "orbit": {"producer": "Otto Matic", "soln_date": "2021-09-08 23:44:27", "elements": [{"label": "e", "sigma": ".00097819", "units": null, "title": "eccentricity", "name": "e", "value": ".6359784918323264"}, {"label": "a", "sigma": ".21954", "units": "au", "title": "semi-major axis", "name": "a", "value": "101.9270283470545"}, {"value": "37.10363058194401", "name": "q", "title": "perihelion distance", "sigma": ".022617", "units": "au", "label": "q"}, {"value": "28.73280598363537", "label": "i", "sigma": ".00018471", "units": "deg", "title": "inclination; angle with respect to x-y ecliptic plane", "name": "i"}, {"title": "longitude of the ascending node", "name": "om", "label": "node", "sigma": ".0019455", "units": "deg", "value": "35.29463767649487"}, {"label": "peri", "units": "deg", "sigma": ".051953", "title": "argument of perihelion", "name": "w", "value": "220.3836172404933"}, {"value": "15.03026414440706", "label": "M", "units": "deg", "sigma": ".048825", "title": "mean anomaly", "name": "ma"}, {"sigma": "2.5701", "units": "TDB", "label": "tp", "name": "tp", "title": "time of perihelion passage", "value": "2444507.839357676250"}, {"value": "375865.5055532568", "label": "period", "sigma": "1214.3", "units": "d", "title": "sidereal orbital period", "name": "per"}, {"value": ".0009577894078630505", "title": "mean motion", "name": "n", "label": "n", "units": "deg/d", "sigma": "3.0944E-6"}, {"value": "166.750426112165", "title": "aphelion distance", "name": "ad", "label": "Q", "sigma": ".35916", "units": "au"}], "n_del_obs_used": null, "not_valid_after": null, "orbit_id": "6", "n_dop_obs_used": null, "epoch": "2460200.5", "two_body": null, "n_obs_used": 58, "sb_used": "SB441-N16", "covariance": {"epoch": "2457270.5", "data": [["9.632530621951013E-7", "-2.001651209301607E-5", ".0003020337810710008", "5.106109272306018E-7", "-4.242440211155562E-5", "-4.601111833970673E-8"], ["-2.001651209301607E-5", ".0005110791800210585", ".01761481140507718", "-7.755265033407831E-6", ".00114124043419542", "8.151372985513593E-7"], [".0003020337810710008", ".01761481140507718", "6.174235399589136", ".0008635133908537816", ".05220375852672197", "-4.89909587327583E-5"], ["5.106109272306018E-7", "-7.755265033407831E-6", ".0008635133908537816", "3.77727391036664E-6", "-1.774304728170755E-5", "-3.62443001847817E-7"], ["-4.242440211155562E-5", ".00114124043419542", ".05220375852672197", "-1.774304728170755E-5", ".002580935416749106", "1.937291479056103E-6"], ["-4.601111833970673E-8", "8.151372985513593E-7", "-4.89909587327583E-5", "-3.62443001847817E-7", "1.937291479056103E-6", "3.552781243571156E-8"]], "elements": [{"value": ".6341102476647754", "sigma": 0.000981454564508771, "units": null, "label": "e", "name": "e", "title": "eccentricity"}, {"value": "36.87562958920935", "title": "perihelion distance", "name": "q", "label": "q", "sigma": 0.0226070604020306, "units": "au"}, {"name": "tp", "title": "time of perihelion passage", "units": "TDB", "sigma": 2.48480087725136, "label": "tp", "value": "2444397.423014855663"}, {"label": "node", "sigma": 0.00194352100847062, "units": "deg", "title": "longitude of the ascending node", "name": "om", "value": "35.03834668148065"}, {"label": "peri", "sigma": 0.0508029075619605, "units": "deg", "title": "argument of perihelion", "name": "w", "value": "219.8003652372747"}, {"value": "28.77535566089671", "label": "i", "units": "deg", "sigma": 0.000188488228904915, "title": "inclination", "name": "i"}], "labels": ["e", "q", "tp", "node", "peri", "i"]}, "comment": null, "pe_used": "DE441", "moid": "36.14", "equinox": "J2000", "model_pars": [], "condition_code": "4", "first_obs": "2014-08-17", "data_arc": "1154", "not_valid_before": null, "rms": ".15144", "t_jup": "6.041", "last_obs": "2017-10-14", "source": "JPL", "moid_jup": "32.0655"}, "signature": {"version": "1.3", "source": "NASA/JPL Small-Body Database (SBDB) API"}}