{"object": {"neo": false, "fullname": "(2015 VZ172)", "orbit_class": {"name": "TransNeptunian Object", "code": "TNO"}, "orbit_id": "2", "prefix": null, "pha": false, "des": "2015 VZ172", "kind": "au", "spkid": "3835783"}, "signature": {"version": "1.3", "source": "NASA/JPL Small-Body Database (SBDB) API"}, "orbit": {"pe_used": "DE441", "sb_used": "SB441-N16", "comment": null, "covariance": {"data": [["1.145597473575211E-8", "-1.045795666273229E-6", ".01526945024060181", "1.849833740397758E-8", "4.622812155772097E-5", "-1.193234557478788E-9"], ["-1.045795666273229E-6", "9.669706642890707E-5", "-.9884293872163448", "-1.402841428803777E-6", "-.002895612143586735", "9.280548820411121E-8"], [".01526945024060181", "-.9884293872163448", "219225.1506396846", ".176344125473895", "710.0044319948773", "-.01035419601400727"], ["1.849833740397758E-8", "-1.402841428803777E-6", ".176344125473895", ".0004553441693593725", ".0001141964342026883", "-2.625337855125816E-5"], ["4.622812155772097E-5", "-.002895612143586735", "710.0044319948773", ".0001141964342026883", "2.300961322516519", "-7.151931618587097E-6"], ["-1.193234557478788E-9", "9.280548820411121E-8", "-.01035419601400727", "-2.625337855125816E-5", "-7.151931618587097E-6", "1.515553558583636E-6"]], "epoch": "2457498.5", "elements": [{"value": ".03802463522036981", "name": "e", "title": "eccentricity", "units": null, "sigma": 0.000107032587260853, "label": "e"}, {"value": "41.30530669425031", "label": "q", "sigma": 0.00983346665367342, "units": "au", "title": "perihelion distance", "name": "q"}, {"label": "tp", "units": "TDB", "sigma": 468.214855210388, "title": "time of perihelion passage", "name": "tp", "value": "2406467.784026239540"}, {"label": "node", "sigma": 0.0213387949369071, "units": "deg", "title": "longitude of the ascending node", "name": "om", "value": "84.02836083623112"}, {"label": "peri", "units": "deg", "sigma": 1.51689199434782, "title": "argument of perihelion", "name": "w", "value": "147.3662403414594"}, {"sigma": 0.00123107820977533, "units": "deg", "label": "i", "name": "i", "title": "inclination", "value": "2.212736829016325"}], "labels": ["e", "q", "tp", "node", "peri", "i"]}, "equinox": "J2000", "moid": "41.087", "model_pars": [], "not_valid_after": null, "n_del_obs_used": null, "soln_date": "2021-04-15 15:18:57", "producer": "Otto Matic", "elements": [{"value": ".02863183591107216", "sigma": ".00016391", "units": null, "label": "e", "name": "e", "title": "eccentricity"}, {"value": "43.34029122247279", "label": "a", "sigma": ".0055952", "units": "au", "title": "semi-major axis", "name": "a"}, {"sigma": ".01148", "units": "au", "label": "q", "name": "q", "title": "perihelion distance", "value": "42.09937911585286"}, {"sigma": ".0012238", "units": "deg", "label": "i", "name": "i", "title": "inclination; angle with respect to x-y ecliptic plane", "value": "2.208712428756272"}, {"value": "84.07845734482488", "label": "node", "units": "deg", "sigma": ".02132", "title": "longitude of the ascending node", "name": "om"}, {"label": "peri", "units": "deg", "sigma": "2.0094", "title": "argument of perihelion", "name": "w", "value": "152.8656101848033"}, {"title": "mean anomaly", "name": "ma", "label": "M", "units": "deg", "sigma": "2.1281", "value": "182.2059529886426"}, {"value": "2511670.110242080977", "name": "tp", "title": "time of perihelion passage", "units": "TDB", "sigma": "615.62", "label": "tp"}, {"sigma": "20.181", "units": "d", "label": "period", "name": "per", "title": "sidereal orbital period", "value": "104216.4234327009"}, {"name": "n", "title": "mean motion", "sigma": "6.6893E-7", "units": "deg/d", "label": "n", "value": ".00345434997807687"}, {"value": "44.58120332909271", "title": "aphelion distance", "name": "ad", "label": "Q", "units": "au", "sigma": ".0057554"}], "two_body": null, "n_obs_used": 32, "orbit_id": "2", "n_dop_obs_used": null, "epoch": "2460200.5", "source": "JPL", "last_obs": "2017-12-16", "moid_jup": "36.694", "rms": ".2454", "not_valid_before": null, "condition_code": "5", "first_obs": "2014-11-17", "data_arc": "1125", "t_jup": "5.886"}}