{"object": {"spkid": "3755970", "neo": false, "prefix": null, "des": "2010 TK192", "fullname": "(2010 TK192)", "kind": "au", "orbit_id": "7", "pha": false, "orbit_class": {"name": "TransNeptunian Object", "code": "TNO"}}, "orbit": {"orbit_id": "7", "two_body": null, "pe_used": "DE441", "data_arc": "8056", "n_del_obs_used": null, "first_obs": "2000-09-27", "rms": ".88803", "n_dop_obs_used": null, "covariance": {"elements": [{"title": "eccentricity", "name": "e", "sigma": 2.97082680977681e-05, "value": ".114804824974951", "label": "e", "units": null}, {"title": "perihelion distance", "sigma": 0.000531404072539877, "name": "q", "label": "q", "units": "au", "value": "40.99887427218424"}, {"sigma": 2.31308320608912, "name": "tp", "title": "time of perihelion passage", "units": "TDB", "label": "tp", "value": "2463359.673392469012"}, {"value": "24.89257742284814", "label": "node", "units": "deg", "title": "longitude of the ascending node", "name": "om", "sigma": 1.26797125872934e-05}, {"sigma": 0.00928445792691246, "name": "w", "title": "argument of perihelion", "label": "peri", "value": "22.45386321954057", "units": "deg"}, {"title": "inclination", "name": "i", "sigma": 8.58592922144078e-05, "units": "deg", "label": "i", "value": "36.65446590311353"}], "epoch": "2457060.5", "data": [["8.825811933688671E-10", "1.25979655213216E-8", "-3.373810542232901E-5", "1.282390329096981E-11", "-1.339186572588793E-7", "2.045253135536477E-10"], ["1.25979655213216E-8", "2.823902883119667E-7", "-.001121404804012396", "1.855729420338565E-10", "-4.490258544835651E-6", "3.156941520924547E-9"], ["-3.373810542232901E-5", "-.001121404804012396", "5.350353918291523", "-4.943631717557711E-7", ".02147511522930339", "-9.13283184233802E-6"], ["1.282390329096981E-11", "1.855729420338565E-10", "-4.943631717557711E-7", "1.607751112963664E-10", "-2.093035267765845E-9", "-4.613684583716284E-10"], ["-1.339186572588793E-7", "-4.490258544835651E-6", ".02147511522930339", "-2.093035267765845E-9", "8.620115899660767E-5", "-3.598289506353149E-8"], ["2.045253135536477E-10", "3.156941520924547E-9", "-9.13283184233802E-6", "-4.613684583716284E-10", "-3.598289506353149E-8", "7.371818059559076E-9"]], "labels": ["e", "q", "tp", "node", "peri", "i"]}, "sb_used": "SB441-N16", "source": "JPL", "moid": "40.0807", "n_obs_used": 67, "not_valid_before": null, "elements": [{"sigma": "3.0133E-5", "name": "e", "title": "eccentricity", "label": "e", "value": ".1217546053017166", "units": null}, {"name": "a", "sigma": ".002107", "title": "semi-major axis", "label": "a", "value": "46.74378643841456", "units": "au"}, {"label": "q", "units": "au", "value": "41.05251517029766", "title": "perihelion distance", "name": "q", "sigma": ".00051055"}, {"units": "deg", "label": "i", "value": "36.50730642439226", "name": "i", "sigma": "8.5681E-5", "title": "inclination; angle with respect to x-y ecliptic plane"}, {"value": "24.86052688952073", "label": "node", "units": "deg", "title": "longitude of the ascending node", "name": "om", "sigma": "1.2734E-5"}, {"value": "20.51177282679462", "label": "peri", "units": "deg", "title": "argument of perihelion", "sigma": ".0085768", "name": "w"}, {"sigma": ".0069357", "name": "ma", "title": "mean anomaly", "label": "M", "units": "deg", "value": "351.8036790987298"}, {"sigma": "2.1368", "name": "tp", "title": "time of perihelion passage", "label": "tp", "units": "TDB", "value": "2462858.167914464945"}, {"label": "period", "units": "d", "value": "116730.4770923631", "title": "sidereal orbital period", "name": "per", "sigma": "7.8925"}, {"sigma": "2.0852E-7", "name": "n", "title": "mean motion", "value": ".003084027487655597", "label": "n", "units": "deg/d"}, {"name": "ad", "sigma": ".0023635", "title": "aphelion distance", "units": "au", "label": "Q", "value": "52.43505770653146"}], "comment": null, "epoch": "2460200.5", "soln_date": "2022-10-21 00:45:50", "moid_jup": "36.1889", "not_valid_after": null, "equinox": "J2000", "condition_code": "2", "model_pars": [], "t_jup": "4.894", "last_obs": "2022-10-18", "producer": "Otto Matic"}, "signature": {"version": "1.3", "source": "NASA/JPL Small-Body Database (SBDB) API"}}