{"orbit": {"not_valid_after": null, "equinox": "J2000", "condition_code": "4", "model_pars": [], "soln_date": "2023-10-20 08:24:48", "moid_jup": "35.8809", "last_obs": "2020-08-12", "producer": "Otto Matic", "t_jup": "5.879", "data_arc": "2529", "n_del_obs_used": null, "first_obs": "2013-09-09", "n_dop_obs_used": null, "rms": ".25688", "orbit_id": "5", "two_body": null, "pe_used": "DE441", "not_valid_before": null, "comment": null, "epoch": "2460200.5", "elements": [{"value": ".05267629245906046", "label": "e", "units": null, "title": "eccentricity", "name": "e", "sigma": ".00017209"}, {"label": "a", "value": "43.26947645754898", "units": "au", "title": "semi-major axis", "sigma": ".0086661", "name": "a"}, {"units": "au", "label": "q", "value": "40.9902008611207", "title": "perihelion distance", "name": "q", "sigma": ".010444"}, {"label": "i", "units": "deg", "value": ".4804322931351794", "name": "i", "sigma": ".00040934", "title": "inclination; angle with respect to x-y ecliptic plane"}, {"sigma": ".045196", "name": "om", "title": "longitude of the ascending node", "value": "45.46088620629644", "label": "node", "units": "deg"}, {"name": "w", "sigma": ".25174", "title": "argument of perihelion", "value": "263.3486813938301", "label": "peri", "units": "deg"}, {"sigma": ".22652", "name": "ma", "title": "mean anomaly", "label": "M", "units": "deg", "value": "58.70537994273245"}, {"sigma": "61.32", "name": "tp", "title": "time of perihelion passage", "label": "tp", "value": "2443247.510620706817", "units": "TDB"}, {"sigma": "31.232", "name": "per", "title": "sidereal orbital period", "value": "103961.1051406046", "label": "period", "units": "d"}, {"title": "mean motion", "name": "n", "sigma": "1.0403E-6", "value": ".003462833523298062", "label": "n", "units": "deg/d"}, {"sigma": ".0091226", "name": "ad", "title": "aphelion distance", "label": "Q", "value": "45.54875205397727", "units": "au"}], "covariance": {"data": [["3.913260576015866E-8", "-1.825405474685476E-6", "-.006347916343697207", "1.935941523134724E-8", "-2.788890386912262E-5", "-1.870672366665801E-10"], ["-1.825405474685476E-6", ".0001487455260134352", ".6808700589156671", "-1.294794373690013E-6", ".002866826978111473", "1.418479371984388E-8"], ["-.006347916343697207", ".6808700589156671", "3360.54779658109", "-.005508280462360692", "14.00881633700351", "6.33104968194455E-5"], ["1.935941523134724E-8", "-1.294794373690013E-6", "-.005508280462360692", ".002034692760490358", "-.002058043471662039", "-1.856580293234326E-5"], ["-2.788890386912262E-5", ".002866826978111473", "14.00881633700351", "-.002058043471662039", ".06050731676736284", "1.883252433149708E-5"], ["-1.870672366665801E-10", "1.418479371984388E-8", "6.33104968194455E-5", "-1.856580293234326E-5", "1.883252433149708E-5", "1.707043498252345E-7"]], "labels": ["e", "q", "tp", "node", "peri", "i"], "elements": [{"units": null, "label": "e", "value": ".04811296889190623", "title": "eccentricity", "sigma": 0.000197819629360078, "name": "e"}, {"name": "q", "sigma": 0.0121961275007043, "title": "perihelion distance", "label": "q", "units": "au", "value": "40.67061099047001"}, {"sigma": 57.9702319866075, "name": "tp", "title": "time of perihelion passage", "units": "TDB", "label": "tp", "value": "2439983.967435255228"}, {"title": "longitude of the ascending node", "sigma": 0.0451075687716636, "name": "om", "units": "deg", "label": "node", "value": "45.2550602144069"}, {"sigma": 0.245982350520038, "name": "w", "title": "argument of perihelion", "label": "peri", "units": "deg", "value": "250.9020111422245"}, {"name": "i", "sigma": 0.000413163829279905, "title": "inclination", "label": "i", "units": "deg", "value": ".4819392400805957"}], "epoch": "2457430.5"}, "sb_used": "SB441-N16", "source": "JPL", "moid": "39.9751", "n_obs_used": 35}, "object": {"pha": false, "orbit_id": "5", "kind": "au", "orbit_class": {"name": "TransNeptunian Object", "code": "TNO"}, "fullname": "(2013 TX187)", "des": "2013 TX187", "prefix": null, "spkid": "3989571", "neo": false}, "signature": {"version": "1.3", "source": "NASA/JPL Small-Body Database (SBDB) API"}}