{"object": {"spkid": "20576212", "neo": false, "pha": false, "orbit_id": "9", "kind": "an", "orbit_class": {"code": "TNO", "name": "TransNeptunian Object"}, "fullname": "576212 (2012 HL85)", "des": "576212", "prefix": null}, "orbit": {"soln_date": "2021-08-26 00:25:17", "moid_jup": "34.5121", "not_valid_after": null, "equinox": "J2000", "condition_code": "3", "model_pars": [], "t_jup": "5.464", "last_obs": "2021-06-08", "producer": "Otto Matic", "orbit_id": "9", "two_body": null, "pe_used": "DE441", "data_arc": "8115", "first_obs": "1999-03-21", "n_del_obs_used": null, "rms": ".6021", "n_dop_obs_used": null, "covariance": {"labels": ["e", "q", "tp", "node", "peri", "i"], "data": [["9.38509482708885E-10", "-8.997027864766836E-8", ".0002851810919661908", "9.675964500265224E-11", "1.392818387297505E-6", "-1.962612081556766E-10"], ["-8.997027864766836E-8", "8.922330211719583E-6", "-.03534347629814001", "-9.557454938793949E-9", "-.0001647960736824845", "1.954902929852154E-8"], [".0002851810919661908", "-.03534347629814001", "305.4308195253455", "3.635486667133095E-5", "1.277334794660419", "-7.814209064199686E-5"], ["9.675964500265224E-11", "-9.557454938793949E-9", "3.635486667133095E-5", "6.50630040835765E-9", "1.646583545807892E-7", "-1.038022454014895E-8"], ["1.392818387297505E-6", "-.0001647960736824845", "1.277334794660419", "1.646583545807892E-7", ".005401641509012616", "-3.538805144076964E-7"], ["-1.962612081556766E-10", "1.954902929852154E-8", "-7.814209064199686E-5", "-1.038022454014895E-8", "-3.538805144076964E-7", "1.863274434487853E-8"]], "elements": [{"units": null, "label": "e", "value": ".01670647800842369", "title": "eccentricity", "sigma": 3.06351021331558e-05, "name": "e"}, {"value": "39.89736121404771", "label": "q", "units": "au", "sigma": 0.00298702698543545, "name": "q", "title": "perihelion distance"}, {"title": "time of perihelion passage", "sigma": 17.4765791711463, "name": "tp", "label": "tp", "value": "2494220.378375040331", "units": "TDB"}, {"sigma": 8.06616414930768e-05, "name": "om", "title": "longitude of the ascending node", "label": "node", "value": "47.65145721173071", "units": "deg"}, {"sigma": 0.0734958604889596, "name": "w", "title": "argument of perihelion", "label": "peri", "units": "deg", "value": "314.551996155293"}, {"label": "i", "value": "16.56192020186306", "units": "deg", "title": "inclination", "sigma": 0.00013650181077509, "name": "i"}], "epoch": "2456863.5"}, "source": "JPL", "moid": "38.4208", "sb_used": "SB441-N16", "n_obs_used": 69, "not_valid_before": null, "comment": null, "epoch": "2460200.5", "elements": [{"value": ".02314323898609659", "label": "e", "units": null, "title": "eccentricity", "sigma": "3.1272E-5", "name": "e"}, {"title": "semi-major axis", "sigma": ".0017846", "name": "a", "label": "a", "units": "au", "value": "40.33764722134489"}, {"value": "39.40410341156446", "label": "q", "units": "au", "name": "q", "sigma": ".0029761", "title": "perihelion distance"}, {"value": "16.60822260460829", "label": "i", "units": "deg", "title": "inclination; angle with respect to x-y ecliptic plane", "sigma": ".00013691", "name": "i"}, {"value": "47.67242335045966", "label": "node", "units": "deg", "title": "longitude of the ascending node", "sigma": "8.0469E-5", "name": "om"}, {"value": "318.2380756549277", "label": "peri", "units": "deg", "title": "argument of perihelion", "name": "w", "sigma": ".050005"}, {"units": "deg", "label": "M", "value": "227.0294658060032", "title": "mean anomaly", "name": "ma", "sigma": ".050177"}, {"label": "tp", "units": "TDB", "value": "2494763.957887272918", "name": "tp", "sigma": "11.404", "title": "time of perihelion passage"}, {"label": "period", "units": "d", "value": "93575.95586752186", "name": "per", "sigma": "6.2099", "title": "sidereal orbital period"}, {"units": "deg/d", "label": "n", "value": ".003847142106778607", "title": "mean motion", "sigma": "2.553E-7", "name": "n"}, {"title": "aphelion distance", "sigma": ".0018259", "name": "ad", "label": "Q", "value": "41.27119103112533", "units": "au"}]}, "signature": {"version": "1.3", "source": "NASA/JPL Small-Body Database (SBDB) API"}}