{"signature": {"version": "1.3", "source": "NASA/JPL Small-Body Database (SBDB) API"}, "orbit": {"pe_used": "DE441", "sb_used": "SB441-N16", "covariance": {"data": [[".0005962269320614698", "-.01482281088738087", "-21.16248758332119", "-6.683644461589667E-5", "-.01833368918177401", "6.700314161817797E-5"], ["-.01482281088738087", ".3745099695342029", "525.9600621796897", ".001959047660425558", ".443118086060296", "-.001945523440386951"], ["-21.16248758332119", "525.9600621796897", "751154.3852187467", "2.365574154291547", "651.0892875835686", "-2.371889908251139"], ["-6.683644461589667E-5", ".001959047660425558", "2.365574154291547", "5.399118793678907E-5", ".001401726507915422", "-5.237657721966829E-5"], ["-.01833368918177401", ".443118086060296", "651.0892875835686", ".001401726507915422", ".5905768626213967", "-.001444705247831073"], ["6.700314161817797E-5", "-.001945523440386951", "-2.371889908251139", "-5.237657721966829E-5", "-.001444705247831073", "5.084721134151536E-5"]], "epoch": "2457736.5", "elements": [{"value": ".4946248529682019", "title": "eccentricity", "name": "e", "label": "e", "units": null, "sigma": 0.0244177585388477}, {"label": "q", "sigma": 0.61197219670031, "units": "au", "title": "perihelion distance", "name": "q", "value": "40.39701185172303"}, {"units": "TDB", "sigma": 866.691632138413, "label": "tp", "name": "tp", "title": "time of perihelion passage", "value": "2490592.364152935814"}, {"value": "37.08080073742527", "sigma": 0.00734786961892963, "units": "deg", "label": "node", "name": "om", "title": "longitude of the ascending node"}, {"title": "argument of perihelion", "name": "w", "label": "peri", "units": "deg", "sigma": 0.768489988627956, "value": "255.0267932727025"}, {"value": "31.2101714721278", "name": "i", "title": "inclination", "units": "deg", "sigma": 0.00713072305881496, "label": "i"}], "labels": ["e", "q", "tp", "node", "peri", "i"]}, "comment": null, "moid": "39.0046", "equinox": "J2000", "model_pars": [], "n_del_obs_used": null, "not_valid_after": null, "soln_date": "2021-04-15 17:02:30", "producer": "Otto Matic", "elements": [{"label": "e", "sigma": ".024069", "units": null, "title": "eccentricity", "name": "e", "value": ".4929155138111149"}, {"value": "78.64102372461025", "title": "semi-major axis", "name": "a", "label": "a", "units": "au", "sigma": "2.5734"}, {"name": "q", "title": "perihelion distance", "units": "au", "sigma": ".59512", "label": "q", "value": "39.87764310876192"}, {"value": "31.41632856961819", "name": "i", "title": "inclination; angle with respect to x-y ecliptic plane", "sigma": ".0071328", "units": "deg", "label": "i"}, {"name": "om", "title": "longitude of the ascending node", "sigma": ".0072578", "units": "deg", "label": "node", "value": "36.89311513493823"}, {"title": "argument of perihelion", "name": "w", "label": "peri", "sigma": ".83932", "units": "deg", "value": "256.706386479535"}, {"value": "316.6985436567932", "name": "ma", "title": "mean anomaly", "units": "deg", "sigma": "3.3753", "label": "M"}, {"label": "tp", "units": "TDB", "sigma": "885.21", "title": "time of perihelion passage", "name": "tp", "value": "2490839.329280122958"}, {"value": "254725.3481134856", "title": "sidereal orbital period", "name": "per", "label": "period", "units": "d", "sigma": "12503."}, {"value": ".001413286909474012", "label": "n", "units": "deg/d", "sigma": "6.9372E-5", "title": "mean motion", "name": "n"}, {"value": "117.4044043404586", "sigma": "3.8419", "units": "au", "label": "Q", "name": "ad", "title": "aphelion distance"}], "two_body": null, "n_obs_used": 14, "orbit_id": "2", "n_dop_obs_used": null, "epoch": "2460200.5", "source": "JPL", "last_obs": "2018-03-12", "moid_jup": "35.4953", "not_valid_before": null, "rms": ".15346", "condition_code": "7", "first_obs": "2016-04-10", "data_arc": "701", "t_jup": "5.839"}, "object": {"fullname": "(2016 GB277)", "neo": false, "orbit_class": {"name": "TransNeptunian Object", "code": "TNO"}, "orbit_id": "2", "prefix": null, "pha": false, "des": "2016 GB277", "kind": "au", "spkid": "54017342"}}