{"signature": {"version": "1.3", "source": "NASA/JPL Small-Body Database (SBDB) API"}, "orbit": {"covariance": {"data": [["1.260187212303977E-7", "1.20735442236003E-6", ".001330287102736718", "5.882525139768395E-9", "6.689842061922094E-6", "-5.931919017564751E-9"], ["1.20735442236003E-6", "3.442341745114268E-5", ".01927645206671747", "7.273083224378572E-8", ".0001336669258495422", "-9.734883312390481E-8"], [".001330287102736718", ".01927645206671747", "15.92960786271936", "6.669251480921432E-5", ".09057938629598034", "-7.408894498972643E-5"], ["5.882525139768395E-9", "7.273083224378572E-8", "6.669251480921432E-5", "5.438055837090738E-7", "-1.765741794220364E-7", "-2.472070157170281E-7"], ["6.689842061922094E-6", ".0001336669258495422", ".09057938629598034", "-1.765741794220364E-7", ".0005677556285687456", "-1.932564317489153E-7"], ["-5.931919017564751E-9", "-9.734883312390481E-8", "-7.408894498972643E-5", "-2.472070157170281E-7", "-1.932564317489153E-7", "1.647421661332312E-7"]], "epoch": "2454976.5", "labels": ["e", "q", "tp", "node", "peri", "i"], "elements": [{"value": ".5256469091917086", "name": "e", "title": "eccentricity", "sigma": 0.000354991156552382, "units": null, "label": "e"}, {"value": "35.93329220863005", "title": "perihelion distance", "name": "q", "label": "q", "units": "au", "sigma": 0.00586714730095834}, {"title": "time of perihelion passage", "name": "tp", "label": "tp", "sigma": 3.99119128365446, "units": "TDB", "value": "2442610.830907209314"}, {"value": "177.1671780106234", "label": "node", "units": "deg", "sigma": 0.000737431748509022, "title": "longitude of the ascending node", "name": "om"}, {"title": "argument of perihelion", "name": "w", "label": "peri", "units": "deg", "sigma": 0.0238276232253397, "value": "107.7037181115993"}, {"name": "i", "title": "inclination", "sigma": 0.000405884424600441, "units": "deg", "label": "i", "value": "7.893919794466617"}]}, "comment": null, "sb_used": "SB441-N16", "pe_used": "DE441", "model_pars": [], "moid": "35.0995", "equinox": "J2000", "elements": [{"units": null, "sigma": ".00035644", "label": "e", "name": "e", "title": "eccentricity", "value": ".5225938625440774"}, {"value": "75.63293962933089", "label": "a", "sigma": ".064322", "units": "au", "title": "semi-major axis", "name": "a"}, {"title": "perihelion distance", "name": "q", "label": "q", "units": "au", "sigma": ".0058441", "value": "36.10762957287584"}, {"units": "deg", "sigma": ".00040557", "label": "i", "name": "i", "title": "inclination; angle with respect to x-y ecliptic plane", "value": "7.880065236489077"}, {"value": "177.1392295974468", "name": "om", "title": "longitude of the ascending node", "sigma": ".00073882", "units": "deg", "label": "node"}, {"units": "deg", "sigma": ".023787", "label": "peri", "name": "w", "title": "argument of perihelion", "value": "108.1968836549184"}, {"value": "26.30308896236671", "name": "ma", "title": "mean anomaly", "units": "deg", "sigma": ".039474", "label": "M"}, {"name": "tp", "title": "time of perihelion passage", "sigma": "4.0225", "units": "TDB", "label": "tp", "value": "2442646.780646194460"}, {"title": "sidereal orbital period", "name": "per", "label": "period", "sigma": "306.48", "units": "d", "value": "240250.8304789382"}, {"label": "n", "sigma": "1.9115E-6", "units": "deg/d", "title": "mean motion", "name": "n", "value": ".001498433946231706"}, {"value": "115.1582496857859", "title": "aphelion distance", "name": "ad", "label": "Q", "sigma": ".097936", "units": "au"}], "producer": "Otto Matic", "soln_date": "2021-10-15 23:01:44", "not_valid_after": null, "n_del_obs_used": null, "epoch": "2460200.5", "orbit_id": "6", "n_dop_obs_used": null, "two_body": null, "n_obs_used": 20, "last_obs": "2021-09-12", "source": "JPL", "moid_jup": "30.9621", "data_arc": "5878", "first_obs": "2005-08-09", "condition_code": "4", "rms": ".1247", "not_valid_before": null, "t_jup": "6.508"}, "object": {"prefix": null, "orbit_class": {"code": "TNO", "name": "TransNeptunian Object"}, "orbit_id": "6", "fullname": "(2005 PT21)", "neo": false, "pha": false, "spkid": "3296544", "kind": "au", "des": "2005 PT21"}}