{"orbit": {"t_jup": "5.460", "producer": "Otto Matic", "last_obs": "2017-08-30", "soln_date": "2021-04-15 11:41:18", "moid_jup": "24.244", "model_pars": [], "not_valid_after": null, "condition_code": "4", "equinox": "J2000", "covariance": {"epoch": "2456895.5", "elements": [{"name": "e", "sigma": 0.000374756769799424, "title": "eccentricity", "units": null, "label": "e", "value": ".2612962299383443"}, {"sigma": 0.00844873838848182, "name": "q", "title": "perihelion distance", "label": "q", "value": "29.19581921596171", "units": "au"}, {"title": "time of perihelion passage", "name": "tp", "sigma": 16.0228245374471, "value": "2435648.146239185367", "label": "tp", "units": "TDB"}, {"sigma": 0.00950380650142395, "name": "om", "title": "longitude of the ascending node", "label": "node", "value": "353.5126374169582", "units": "deg"}, {"value": "282.6060176907689", "label": "peri", "units": "deg", "title": "argument of perihelion", "name": "w", "sigma": 0.0478801561585841}, {"name": "i", "sigma": 0.00092410034218302, "title": "inclination", "value": "4.100204122087271", "label": "i", "units": "deg"}], "data": [["1.404426365104988E-7", "-2.940446677369909E-6", ".005963749440546671", "-6.370522022228809E-9", "1.61572306300989E-5", "-7.275767235438637E-10"], ["-2.940446677369909E-6", "7.138118035700644E-5", "-.1192681820512373", "-3.507141069181404E-8", "-.0002804923391492049", "2.092377239571288E-9"], [".005963749440546671", "-.1192681820512373", "256.7309061578184", "-.000354888494436944", ".7200761312034221", "-3.749119646217687E-5"], ["-6.370522022228809E-9", "-3.507141069181404E-8", "-.000354888494436944", "9.032233801650817E-5", "-9.177147058141917E-5", "8.774384908683552E-6"], ["1.61572306300989E-5", "-.0002804923391492049", ".7200761312034221", "-9.177147058141917E-5", ".002292509353770401", "-8.909576734893782E-6"], ["-7.275767235438637E-10", "2.092377239571288E-9", "-3.749119646217687E-5", "8.774384908683552E-6", "-8.909576734893782E-6", "8.539614424227753E-7"]], "labels": ["e", "q", "tp", "node", "peri", "i"]}, "source": "JPL", "sb_used": "SB441-N16", "n_obs_used": 34, "moid": "28.4478", "comment": null, "elements": [{"title": "eccentricity", "sigma": ".00038201", "name": "e", "units": null, "label": "e", "value": ".2606538074679874"}, {"value": "39.84926191470053", "label": "a", "units": "au", "name": "a", "sigma": ".010593", "title": "semi-major axis"}, {"value": "29.46240007184478", "label": "q", "units": "au", "title": "perihelion distance", "name": "q", "sigma": ".0086461"}, {"name": "i", "sigma": ".00091841", "title": "inclination; angle with respect to x-y ecliptic plane", "label": "i", "value": "4.083075569196942", "units": "deg"}, {"sigma": ".0095403", "name": "om", "title": "longitude of the ascending node", "units": "deg", "label": "node", "value": "353.305528763565"}, {"label": "peri", "value": "284.4980348879711", "units": "deg", "title": "argument of perihelion", "sigma": ".046084", "name": "w"}, {"name": "ma", "sigma": ".09852", "title": "mean anomaly", "label": "M", "units": "deg", "value": "95.37851741733189"}, {"label": "tp", "units": "TDB", "value": "2435857.342092540643", "sigma": "15.712", "name": "tp", "title": "time of perihelion passage"}, {"label": "period", "value": "91881.66354421532", "units": "d", "name": "per", "sigma": "36.636", "title": "sidereal orbital period"}, {"units": "deg/d", "label": "n", "value": ".003918083174743138", "title": "mean motion", "sigma": "1.5623E-6", "name": "n"}, {"label": "Q", "value": "50.23612375755628", "units": "au", "title": "aphelion distance", "sigma": ".013354", "name": "ad"}], "epoch": "2460200.5", "not_valid_before": null, "two_body": null, "pe_used": "DE441", "orbit_id": "2", "n_dop_obs_used": null, "rms": ".18602", "data_arc": "1482", "n_del_obs_used": null, "first_obs": "2013-08-09"}, "object": {"orbit_class": {"name": "TransNeptunian Object", "code": "TNO"}, "pha": false, "orbit_id": "2", "kind": "au", "fullname": "(2014 UB229)", "prefix": null, "des": "2014 UB229", "neo": false, "spkid": "3790086"}, "signature": {"version": "1.3", "source": "NASA/JPL Small-Body Database (SBDB) API"}}