{"signature": {"version": "1.3", "source": "NASA/JPL Small-Body Database (SBDB) API"}, "object": {"fullname": "(2015 VE171)", "des": "2015 VE171", "prefix": null, "orbit_class": {"code": "TNO", "name": "TransNeptunian Object"}, "pha": false, "orbit_id": "2", "kind": "au", "neo": false, "spkid": "3835740"}, "orbit": {"n_dop_obs_used": null, "rms": ".19629", "first_obs": "2015-09-07", "n_del_obs_used": null, "data_arc": "831", "pe_used": "DE441", "two_body": null, "orbit_id": "2", "epoch": "2460200.5", "comment": null, "elements": [{"title": "eccentricity", "sigma": ".0011341", "name": "e", "units": null, "label": "e", "value": ".08311782055241525"}, {"label": "a", "units": "au", "value": "44.27165173429199", "title": "semi-major axis", "name": "a", "sigma": ".0090857"}, {"value": "40.59188852988208", "label": "q", "units": "au", "title": "perihelion distance", "name": "q", "sigma": ".044025"}, {"title": "inclination; angle with respect to x-y ecliptic plane", "name": "i", "sigma": ".0013252", "units": "deg", "label": "i", "value": "1.822648702063791"}, {"name": "om", "sigma": ".023971", "title": "longitude of the ascending node", "units": "deg", "label": "node", "value": "81.40256702569795"}, {"label": "peri", "value": "108.6429128808825", "units": "deg", "sigma": ".85813", "name": "w", "title": "argument of perihelion"}, {"name": "ma", "sigma": "1.0576", "title": "mean anomaly", "label": "M", "units": "deg", "value": "236.786629974679"}, {"units": "TDB", "label": "tp", "value": "2497025.465648769423", "title": "time of perihelion passage", "sigma": "306.63", "name": "tp"}, {"title": "sidereal orbital period", "sigma": "33.122", "name": "per", "value": "107593.7427150367", "label": "period", "units": "d"}, {"value": ".003345919483008082", "label": "n", "units": "deg/d", "title": "mean motion", "sigma": "1.03E-6", "name": "n"}, {"title": "aphelion distance", "sigma": ".0098409", "name": "ad", "units": "au", "label": "Q", "value": "47.95141493870189"}], "not_valid_before": null, "source": "JPL", "sb_used": "SB441-N16", "n_obs_used": 36, "moid": "39.5919", "covariance": {"labels": ["e", "q", "tp", "node", "peri", "i"], "data": [["1.12248287085831E-6", "-4.213840864288546E-5", "-.302222254786093", "-5.443058896159779E-7", "-.0008468934251133718", "3.029648356690622E-8"], ["-4.213840864288546E-5", ".001608221274904683", "11.21955814799037", "2.05400441489841E-5", ".03130363976423697", "-1.139220868850663E-6"], ["-.302222254786093", "11.21955814799037", "81987.46506928842", ".1461473849679275", "230.3997370320726", "-.008152790881998589"], ["-5.443058896159779E-7", "2.05400441489841E-5", ".1461473849679275", ".0005750833309107104", "-.000165523981533826", "-3.196138177157566E-5"], ["-.0008468934251133718", ".03130363976423697", "230.3997370320726", "-.000165523981533826", ".6487374649989164", "9.093526352859214E-6"], ["3.029648356690622E-8", "-1.139220868850663E-6", "-.008152790881998589", "-3.196138177157566E-5", "9.093526352859214E-6", "1.778419977050216E-6"]], "elements": [{"title": "eccentricity", "name": "e", "sigma": 0.00105947292124825, "label": "e", "value": ".09228307038817124", "units": null}, {"value": "39.81947309879173", "label": "q", "units": "au", "sigma": 0.0401026342639069, "name": "q", "title": "perihelion distance"}, {"units": "TDB", "label": "tp", "value": "2497288.993291889681", "title": "time of perihelion passage", "sigma": 286.334533490616, "name": "tp"}, {"sigma": 0.0239808951232165, "name": "om", "title": "longitude of the ascending node", "label": "node", "units": "deg", "value": "81.34495919245175"}, {"label": "peri", "units": "deg", "value": "111.7840333439316", "name": "w", "sigma": 0.80544240327842, "title": "argument of perihelion"}, {"title": "inclination", "name": "i", "sigma": 0.00133357413631572, "label": "i", "units": "deg", "value": "1.82667092492479"}], "epoch": "2457593.5"}, "model_pars": [], "equinox": "J2000", "not_valid_after": null, "condition_code": "5", "moid_jup": "35.1284", "soln_date": "2021-04-15 15:18:50", "producer": "Otto Matic", "last_obs": "2017-12-16", "t_jup": "5.928"}}