{"signature": {"version": "1.3", "source": "NASA/JPL Small-Body Database (SBDB) API"}, "orbit": {"orbit_id": "5", "n_dop_obs_used": null, "epoch": "2460200.5", "n_obs_used": 21, "two_body": null, "producer": "Otto Matic", "soln_date": "2021-04-13 18:13:38", "elements": [{"value": ".3502479062409679", "label": "e", "units": null, "sigma": ".00047916", "title": "eccentricity", "name": "e"}, {"value": "55.1603534312916", "units": "au", "sigma": ".03501", "label": "a", "name": "a", "title": "semi-major axis"}, {"value": "35.84055513446993", "title": "perihelion distance", "name": "q", "label": "q", "units": "au", "sigma": ".016168"}, {"sigma": ".0012866", "units": "deg", "label": "i", "name": "i", "title": "inclination; angle with respect to x-y ecliptic plane", "value": "14.70706784691101"}, {"value": "35.88435755820262", "title": "longitude of the ascending node", "name": "om", "label": "node", "units": "deg", "sigma": ".0012274"}, {"value": "231.4487654704635", "title": "argument of perihelion", "name": "w", "label": "peri", "units": "deg", "sigma": ".12547"}, {"name": "ma", "title": "mean anomaly", "sigma": ".049937", "units": "deg", "label": "M", "value": "359.7453154991104"}, {"name": "tp", "title": "time of perihelion passage", "sigma": "20.75", "units": "TDB", "label": "tp", "value": "2460306.361733824345"}, {"name": "per", "title": "sidereal orbital period", "sigma": "142.46", "units": "d", "label": "period", "value": "149636.9981041093"}, {"value": ".002405822119938088", "name": "n", "title": "mean motion", "sigma": "2.2905E-6", "units": "deg/d", "label": "n"}, {"label": "Q", "units": "au", "sigma": ".047272", "title": "aphelion distance", "name": "ad", "value": "74.48015172811328"}], "not_valid_after": null, "n_del_obs_used": null, "equinox": "J2000", "moid": "34.8447", "model_pars": [], "sb_used": "SB441-N16", "covariance": {"labels": ["e", "q", "tp", "node", "peri", "i"], "elements": [{"value": ".3513625307865733", "name": "e", "title": "eccentricity", "units": null, "sigma": 0.000471132346356102, "label": "e"}, {"value": "35.8971229384282", "units": "au", "sigma": 0.015891387022414, "label": "q", "name": "q", "title": "perihelion distance"}, {"value": "2460139.384589096884", "label": "tp", "units": "TDB", "sigma": 21.0422715965383, "title": "time of perihelion passage", "name": "tp"}, {"units": "deg", "sigma": 0.00122881073850604, "label": "node", "name": "om", "title": "longitude of the ascending node", "value": "35.7516629251335"}, {"value": "230.6065028274268", "sigma": 0.126083569350897, "units": "deg", "label": "peri", "name": "w", "title": "argument of perihelion"}, {"sigma": 0.00128271404897961, "units": "deg", "label": "i", "name": "i", "title": "inclination", "value": "14.67452174337032"}], "epoch": "2452889.5", "data": [["2.219656877830064E-7", "-3.712886240887285E-6", ".005334250801221715", "-6.946286666599135E-8", "3.312368848004225E-5", "-5.584128405934377E-8"], ["-3.712886240887285E-6", ".0002525361814961474", "-.3337354514222173", "5.339723092366636E-7", "-.001997296179345701", "1.242064608555676E-6"], [".005334250801221715", "-.3337354514222173", "442.7771939424823", "-.0008788040908200718", "2.652175437552024", "-.001746140690562903"], ["-6.946286666599135E-8", "5.339723092366636E-7", "-.0008788040908200718", "1.509975831067761E-6", "-7.119602418561958E-6", "1.549073387751817E-6"], ["3.312368848004225E-5", "-.001997296179345701", "2.652175437552024", "-7.119602418561958E-6", ".0158970664602625", "-1.219152366203906E-5"], ["-5.584128405934377E-8", "1.242064608555676E-6", "-.001746140690562903", "1.549073387751817E-6", "-1.219152366203906E-5", "1.645355331449662E-6"]]}, "comment": null, "pe_used": "DE441", "t_jup": "5.994", "condition_code": "4", "first_obs": "2002-04-08", "data_arc": "1536", "rms": ".31494", "not_valid_before": null, "moid_jup": "30.6815", "last_obs": "2006-06-22", "source": "JPL"}, "object": {"fullname": "135571 (2002 GG32)", "neo": false, "orbit_id": "5", "orbit_class": {"code": "TNO", "name": "TransNeptunian Object"}, "prefix": null, "pha": false, "kind": "an", "des": "135571", "spkid": "20135571"}}