{"object": {"spkid": "20612581", "kind": "an", "des": "612581", "orbit_id": "15", "orbit_class": {"code": "TNO", "name": "TransNeptunian Object"}, "prefix": null, "fullname": "612581 (2003 QX111)", "neo": false, "pha": false}, "orbit": {"pe_used": "DE441", "sb_used": "SB441-N16", "comment": null, "covariance": {"elements": [{"name": "e", "title": "eccentricity", "sigma": 1.61398778589596e-05, "units": null, "label": "e", "value": ".1325618074192693"}, {"label": "q", "sigma": 0.00172662688576027, "units": "au", "title": "perihelion distance", "name": "q", "value": "34.01859205173538"}, {"label": "tp", "sigma": 1.8266581772055, "units": "TDB", "title": "time of perihelion passage", "name": "tp", "value": "2432067.013215915413"}, {"value": "157.5665100378421", "name": "om", "title": "longitude of the ascending node", "units": "deg", "sigma": 0.000378406019596936, "label": "node"}, {"sigma": 0.0124404457477711, "units": "deg", "label": "peri", "name": "w", "title": "argument of perihelion", "value": "99.66970540118467"}, {"sigma": 9.21334847294006e-05, "units": "deg", "label": "i", "name": "i", "title": "inclination", "value": "9.548463471928187"}], "labels": ["e", "q", "tp", "node", "peri", "i"], "epoch": "2457009.5", "data": [["2.604956573021342E-10", "-2.105204361499108E-8", "-3.992416352977936E-6", "1.884578000462425E-10", "-8.560586718890003E-8", "3.005679910724555E-11"], ["-2.105204361499108E-8", "2.981240402630198E-6", ".002366248669907679", "-2.449130742451952E-8", "1.963378084124349E-5", "-2.965452047455854E-9"], ["-3.992416352977936E-6", ".002366248669907679", "3.336680096351711", "-1.752100739530166E-5", ".02166050122527726", "-1.298560300346088E-6"], ["1.884578000462425E-10", "-2.449130742451952E-8", "-1.752100739530166E-5", "1.43191115667197E-7", "-2.943768275233136E-7", "3.45829968205507E-8"], ["-8.560586718890003E-8", "1.963378084124349E-5", ".02166050122527726", "-2.943768275233136E-7", ".0001547646904032367", "-4.921674167554997E-8"], ["3.005679910724555E-11", "-2.965452047455854E-9", "-1.298560300346088E-6", "3.45829968205507E-8", "-4.921674167554997E-8", "8.488579008382702E-9"]]}, "equinox": "J2000", "moid": "33.47", "model_pars": [], "not_valid_after": null, "n_del_obs_used": null, "producer": "Otto Matic", "soln_date": "2022-04-13 12:01:06", "elements": [{"label": "e", "sigma": "1.5444E-5", "units": null, "title": "eccentricity", "name": "e", "value": ".1294895425446551"}, {"value": "39.60045905306547", "label": "a", "units": "au", "sigma": ".0015497", "title": "semi-major axis", "name": "a"}, {"value": "34.47261372572567", "title": "perihelion distance", "name": "q", "label": "q", "sigma": ".0016928", "units": "au"}, {"value": "9.514999974456009", "label": "i", "sigma": "9.155E-5", "units": "deg", "title": "inclination; angle with respect to x-y ecliptic plane", "name": "i"}, {"title": "longitude of the ascending node", "name": "om", "label": "node", "units": "deg", "sigma": ".00037902", "value": "157.4017572544909"}, {"value": "103.7604426843601", "sigma": ".01301", "units": "deg", "label": "peri", "name": "w", "title": "argument of perihelion"}, {"value": "108.7827434628678", "sigma": ".014113", "units": "deg", "label": "M", "name": "ma", "title": "mean anomaly"}, {"sigma": "1.9998", "units": "TDB", "label": "tp", "name": "tp", "title": "time of perihelion passage", "value": "2432695.841062328138"}, {"value": "91022.49954692245", "title": "sidereal orbital period", "name": "per", "label": "period", "sigma": "5.3431", "units": "d"}, {"sigma": "2.3216E-7", "units": "deg/d", "label": "n", "name": "n", "title": "mean motion", "value": ".003955066074783176"}, {"value": "44.72830438040527", "sigma": ".0017504", "units": "au", "label": "Q", "name": "ad", "title": "aphelion distance"}], "n_obs_used": 117, "two_body": null, "orbit_id": "15", "n_dop_obs_used": null, "epoch": "2460200.5", "source": "JPL", "last_obs": "2018-09-14", "moid_jup": "29.2372", "rms": ".66651", "not_valid_before": null, "first_obs": "2003-08-25", "condition_code": "3", "data_arc": "5499", "t_jup": "5.527"}, "signature": {"version": "1.3", "source": "NASA/JPL Small-Body Database (SBDB) API"}}