{"signature": {"version": "1.3", "source": "NASA/JPL Small-Body Database (SBDB) API"}, "orbit": {"elements": [{"value": ".2423426646116275", "units": null, "sigma": "1.0093E-5", "label": "e", "name": "e", "title": "eccentricity"}, {"label": "a", "sigma": ".00116", "units": "au", "title": "semi-major axis", "name": "a", "value": "53.04717508994315"}, {"value": "40.19158132852678", "name": "q", "title": "perihelion distance", "units": "au", "sigma": ".0003727", "label": "q"}, {"units": "deg", "sigma": "3.2819E-5", "label": "i", "name": "i", "title": "inclination; angle with respect to x-y ecliptic plane", "value": ".244198598279586"}, {"value": "260.5627473867091", "units": "deg", "sigma": ".0044668", "label": "node", "name": "om", "title": "longitude of the ascending node"}, {"value": "85.80232547388181", "name": "w", "title": "argument of perihelion", "sigma": ".0051795", "units": "deg", "label": "peri"}, {"title": "mean anomaly", "name": "ma", "label": "M", "sigma": ".0029922", "units": "deg", "value": "47.80276342191758"}, {"value": "2441461.676454026212", "sigma": ".56216", "units": "TDB", "label": "tp", "name": "tp", "title": "time of perihelion passage"}, {"name": "per", "title": "sidereal orbital period", "units": "d", "sigma": "4.629", "label": "period", "value": "141121.0564755244"}, {"label": "n", "units": "deg/d", "sigma": "8.3678E-8", "title": "mean motion", "name": "n", "value": ".002551001310441843"}, {"value": "65.90276885135953", "sigma": ".0014412", "units": "au", "label": "Q", "name": "ad", "title": "aphelion distance"}], "producer": "Otto Matic", "soln_date": "2023-02-10 17:53:19", "not_valid_after": null, "n_del_obs_used": null, "epoch": "2460200.5", "orbit_id": "20", "n_dop_obs_used": null, "n_obs_used": 329, "two_body": null, "covariance": {"elements": [{"name": "e", "title": "eccentricity", "units": null, "sigma": 9.62590448616418e-06, "label": "e", "value": ".2343442969354658"}, {"label": "q", "sigma": 0.00038707740987046, "units": "au", "title": "perihelion distance", "name": "q", "value": "40.02647706920627"}, {"units": "TDB", "sigma": 0.590982170809061, "label": "tp", "name": "tp", "title": "time of perihelion passage", "value": "2440910.716154626363"}, {"label": "node", "units": "deg", "sigma": 0.00443065145726743, "title": "longitude of the ascending node", "name": "om", "value": "260.4488013039904"}, {"name": "w", "title": "argument of perihelion", "sigma": 0.00522853124435615, "units": "deg", "label": "peri", "value": "83.77361043564109"}, {"value": ".2463922825478116", "units": "deg", "sigma": 3.30385803991576e-05, "label": "i", "name": "i", "title": "inclination"}], "labels": ["e", "q", "tp", "node", "peri", "i"], "data": [["9.265803717675563E-11", "3.213834690752584E-9", "5.297663558924167E-6", "1.193754839063636E-11", "2.434678901196877E-8", "9.329907175019677E-15"], ["3.213834690752584E-9", "1.498289212320241E-7", ".0002255472964190969", "3.22545241355809E-10", "1.067803499961206E-6", "1.513867879458105E-12"], ["5.297663558924167E-6", ".0002255472964190969", ".3492599262141906", "5.794645796274026E-7", ".001638174261942703", "1.831524921721469E-9"], ["1.193754839063636E-11", "3.22545241355809E-10", "5.794645796274026E-7", "1.9630672335786E-5", "-1.96278964919461E-5", "-1.428454161546757E-7"], ["2.434678901196877E-8", "1.067803499961206E-6", ".001638174261942703", "-1.96278964919461E-5", "2.733753897320847E-5", "1.428534791373244E-7"], ["9.329907175019677E-15", "1.513867879458105E-12", "1.831524921721469E-9", "-1.428454161546757E-7", "1.428534791373244E-7", "1.091547794791601E-9"]], "epoch": "2457679.5"}, "comment": null, "sb_used": "SB441-N16", "pe_used": "DE441", "model_pars": [], "moid": "39.1842", "equinox": "J2000", "data_arc": "9903", "condition_code": "2", "first_obs": "1995-10-15", "rms": ".4934", "not_valid_before": null, "t_jup": "6.294", "last_obs": "2022-11-25", "source": "JPL", "moid_jup": "35.2126"}, "object": {"prefix": null, "orbit_id": "20", "orbit_class": {"code": "TNO", "name": "TransNeptunian Object"}, "neo": false, "fullname": "48639 (1995 TL8)", "pha": false, "spkid": "20048639", "kind": "an", "des": "48639"}}