{"signature": {"version": "1.3", "source": "NASA/JPL Small-Body Database (SBDB) API"}, "object": {"spkid": "54410934", "neo": false, "kind": "au", "orbit_id": "1", "pha": false, "orbit_class": {"code": "TNO", "name": "TransNeptunian Object"}, "prefix": null, "des": "2021 RT237", "fullname": "(2021 RT237)"}, "orbit": {"covariance": {"elements": [{"title": "eccentricity", "sigma": 0.00119290668454347, "name": "e", "units": null, "label": "e", "value": ".1190033533071594"}, {"title": "perihelion distance", "sigma": 0.0842642353009328, "name": "q", "units": "au", "label": "q", "value": "34.94848827877053"}, {"label": "tp", "value": "2414216.821996591556", "units": "TDB", "name": "tp", "sigma": 1239.87411834005, "title": "time of perihelion passage"}, {"label": "node", "units": "deg", "value": "160.0511330751008", "sigma": 0.0149625941018957, "name": "om", "title": "longitude of the ascending node"}, {"title": "argument of perihelion", "sigma": 3.67960295654488, "name": "w", "label": "peri", "units": "deg", "value": "16.10286599957317"}, {"label": "i", "units": "deg", "value": "2.780771200426492", "name": "i", "sigma": 0.00287681416080652, "title": "inclination"}], "epoch": "2459212.5", "data": [["1.423026358028495E-6", "-.0001002668666526226", "1.385614702885646", "1.844468991813188E-6", ".004063156083351132", "3.176201385036048E-7"], ["-.0001002668666526226", ".007100461350850967", "-95.08712198421874", "-.0001282612567022313", "-.2781194710463182", "-2.201851590234991E-5"], ["1.385614702885646", "-95.08712198421874", "1537287.829329505", "1.926728121811832", "4560.061869067568", ".3366516471836697"], ["1.844468991813188E-6", "-.0001282612567022313", "1.926728121811832", ".0002238792222580838", ".005464608560305279", "4.29414221885305E-5"], [".004063156083351132", "-.2781194710463182", "4560.061869067568", ".005464608560305279", "13.53947791781384", ".0009522664539093302"], ["3.176201385036048E-7", "-2.201851590234991E-5", ".3366516471836697", "4.29414221885305E-5", ".0009522664539093302", "8.276059715816903E-6"]], "labels": ["e", "q", "tp", "node", "peri", "i"]}, "moid": "34.0261", "source": "JPL", "sb_used": "SB441-N16", "n_obs_used": 8, "not_valid_before": null, "elements": [{"title": "eccentricity", "name": "e", "sigma": ".00095813", "units": null, "label": "e", "value": ".1179892442500183"}, {"name": "a", "sigma": ".044491", "title": "semi-major axis", "label": "a", "units": "au", "value": "39.70710234000675"}, {"sigma": ".077272", "name": "q", "title": "perihelion distance", "label": "q", "value": "35.02209134355122", "units": "au"}, {"sigma": ".002875", "name": "i", "title": "inclination; angle with respect to x-y ecliptic plane", "label": "i", "units": "deg", "value": "2.777071711156911"}, {"value": "160.0311651846162", "label": "node", "units": "deg", "sigma": ".014996", "name": "om", "title": "longitude of the ascending node"}, {"title": "argument of perihelion", "name": "w", "sigma": "3.7307", "units": "deg", "label": "peri", "value": "14.18047603833417"}, {"label": "M", "value": "183.8407111643266", "units": "deg", "name": "ma", "sigma": "4.6918", "title": "mean anomaly"}, {"units": "TDB", "label": "tp", "value": "2504920.703101283783", "name": "tp", "sigma": "1126.3", "title": "time of perihelion passage"}, {"title": "sidereal orbital period", "name": "per", "sigma": "153.6", "label": "period", "units": "d", "value": "91390.42978017493"}, {"title": "mean motion", "sigma": "6.6206E-6", "name": "n", "label": "n", "units": "deg/d", "value": ".003939143309271249"}, {"name": "ad", "sigma": ".049741", "title": "aphelion distance", "value": "44.39211333646228", "label": "Q", "units": "au"}], "comment": null, "epoch": "2460200.5", "orbit_id": "1", "two_body": null, "pe_used": "DE441", "data_arc": "736", "n_del_obs_used": null, "first_obs": "2019-09-29", "n_dop_obs_used": null, "rms": ".12824", "t_jup": "5.611", "last_obs": "2021-10-04", "producer": "Otto Matic", "soln_date": "2023-11-30 11:12:05", "moid_jup": "29.5735", "not_valid_after": null, "equinox": "J2000", "condition_code": "6", "model_pars": []}}