{"signature": {"version": "1.3", "source": "NASA/JPL Small-Body Database (SBDB) API"}, "object": {"neo": false, "spkid": "3830944", "fullname": "(2015 VK164)", "des": "2015 VK164", "prefix": null, "orbit_class": {"name": "TransNeptunian Object", "code": "TNO"}, "pha": false, "kind": "au", "orbit_id": "2"}, "orbit": {"pe_used": "DE441", "two_body": null, "orbit_id": "2", "n_dop_obs_used": null, "rms": ".15014", "n_del_obs_used": null, "first_obs": "2014-11-17", "data_arc": "1040", "source": "JPL", "sb_used": "SB441-N16", "n_obs_used": 40, "moid": "28.5707", "covariance": {"elements": [{"units": null, "label": "e", "value": ".2462954839846686", "name": "e", "sigma": 0.000183889424197942, "title": "eccentricity"}, {"title": "perihelion distance", "name": "q", "sigma": 0.00359152827188443, "label": "q", "units": "au", "value": "29.50186946247151"}, {"sigma": 7.46497994169464, "name": "tp", "title": "time of perihelion passage", "value": "2462361.235265140417", "label": "tp", "units": "TDB"}, {"name": "om", "sigma": 0.0131494421976128, "title": "longitude of the ascending node", "units": "deg", "label": "node", "value": "186.0984342536721"}, {"title": "argument of perihelion", "name": "w", "sigma": 0.0571540790539243, "value": "256.1456804425287", "label": "peri", "units": "deg"}, {"sigma": 0.000478929961887401, "name": "i", "title": "inclination", "label": "i", "units": "deg", "value": "1.969440758042575"}], "epoch": "2457479.5", "data": [["3.381532033185073E-8", "-5.645976040935123E-7", ".0012107929626059", "-3.049659625014925E-8", "9.078856853617988E-6", "-1.010004865066296E-9"], ["-5.645976040935123E-7", "1.289907532774516E-5", "-.0267188180466696", "5.271626886056499E-7", "-.0001990284506088148", "1.878001135982463E-8"], [".0012107929626059", "-.0267188180466696", "55.72592552990331", "-.001134337015653151", ".4151858453989055", "-3.995182640267701E-5"], ["-3.049659625014925E-8", "5.271626886056499E-7", "-.001134337015653151", ".0001729078301083597", "-.0001812676366560877", "6.28421483559418E-6"], ["9.078856853617988E-6", "-.0001990284506088148", ".4151858453989055", "-.0001812676366560877", ".003266588752502228", "-6.578215286573599E-6"], ["-1.010004865066296E-9", "1.878001135982463E-8", "-3.995182640267701E-5", "6.28421483559418E-6", "-6.578215286573599E-6", "2.293739083934669E-7"]], "labels": ["e", "q", "tp", "node", "peri", "i"]}, "comment": null, "elements": [{"title": "eccentricity", "sigma": ".00017947", "name": "e", "units": null, "label": "e", "value": ".2527254328815042"}, {"title": "semi-major axis", "sigma": ".0060932", "name": "a", "label": "a", "value": "39.55109890718914", "units": "au"}, {"sigma": ".0034716", "name": "q", "title": "perihelion distance", "value": "29.55553031493058", "label": "q", "units": "au"}, {"name": "i", "sigma": ".000476", "title": "inclination; angle with respect to x-y ecliptic plane", "units": "deg", "label": "i", "value": "1.964668265289535"}, {"name": "om", "sigma": ".013175", "title": "longitude of the ascending node", "value": "185.883517099442", "label": "node", "units": "deg"}, {"title": "argument of perihelion", "name": "w", "sigma": ".056792", "units": "deg", "label": "peri", "value": "255.0686389796321"}, {"label": "M", "units": "deg", "value": "352.1884714758284", "title": "mean anomaly", "sigma": ".028487", "name": "ma"}, {"units": "TDB", "label": "tp", "value": "2462171.877434348349", "sigma": "7.4587", "name": "tp", "title": "time of perihelion passage"}, {"label": "period", "value": "90852.36956753769", "units": "d", "name": "per", "sigma": "20.995", "title": "sidereal orbital period"}, {"value": ".003962472324207061", "label": "n", "units": "deg/d", "name": "n", "sigma": "9.1568E-7", "title": "mean motion"}, {"units": "au", "label": "Q", "value": "49.54666749944771", "title": "aphelion distance", "sigma": ".0076331", "name": "ad"}], "epoch": "2460200.5", "not_valid_before": null, "moid_jup": "24.4538", "soln_date": "2021-04-15 15:18:22", "model_pars": [], "equinox": "J2000", "not_valid_after": null, "condition_code": "4", "t_jup": "5.463", "last_obs": "2017-09-22", "producer": "Otto Matic"}}