{"orbit": {"sb_used": "SB441-N16", "comment": null, "covariance": {"elements": [{"title": "eccentricity", "name": "e", "label": "e", "units": null, "sigma": 0.000139172470044019, "value": ".06624278782910598"}, {"title": "perihelion distance", "name": "q", "label": "q", "sigma": 0.0100354069135978, "units": "au", "value": "28.230151509186"}, {"value": "2430066.016690887751", "label": "tp", "units": "TDB", "sigma": 6.11179966258242, "title": "time of perihelion passage", "name": "tp"}, {"value": "249.3116501266251", "name": "om", "title": "longitude of the ascending node", "units": "deg", "sigma": 0.00111324395102096, "label": "node"}, {"value": "10.14376348936448", "title": "argument of perihelion", "name": "w", "label": "peri", "sigma": 0.0756181435039782, "units": "deg"}, {"name": "i", "title": "inclination", "units": "deg", "sigma": 0.000314220551154534, "label": "i", "value": "4.269186862201203"}], "labels": ["e", "q", "tp", "node", "peri", "i"], "data": [["1.936897641815327E-8", "-1.39424958956336E-6", "-.0005885354756272449", "-9.671289836938375E-9", "-9.807352298784078E-6", "4.534958079872783E-10"], ["-1.39424958956336E-6", ".0001007093919214865", ".04490731694245362", "7.058304395700807E-7", ".0007218526634648263", "-3.412549179499004E-8"], ["-.0005885354756272449", ".04490731694245362", "37.35409511554261", ".0003631527549663525", ".4188661951173035", "-2.486027561062085E-5"], ["-9.671289836938375E-9", "7.058304395700807E-7", ".0003631527549663525", "1.239312094484762E-6", "4.100653130472151E-6", "-3.424528009294492E-7"], ["-9.807352298784078E-6", ".0007218526634648263", ".4188661951173035", "4.100653130472151E-6", ".005718103626988243", "4.258354047509672E-8"], ["4.534958079872783E-10", "-3.412549179499004E-8", "-2.486027561062085E-5", "-3.424528009294492E-7", "4.258354047509672E-8", "9.873455476785891E-8"]], "epoch": "2455708.5"}, "pe_used": "DE441", "equinox": "J2000", "moid": "27.2447", "model_pars": [], "soln_date": "2021-04-15 04:19:23", "producer": "Otto Matic", "elements": [{"title": "eccentricity", "name": "e", "label": "e", "sigma": ".00014034", "units": null, "value": ".06529346081387408"}, {"value": "30.23462826180822", "name": "a", "title": "semi-major axis", "units": "au", "sigma": ".006262", "label": "a"}, {"value": "28.26050474617379", "units": "au", "sigma": ".010085", "label": "q", "name": "q", "title": "perihelion distance"}, {"label": "i", "sigma": ".00031403", "units": "deg", "title": "inclination; angle with respect to x-y ecliptic plane", "name": "i", "value": "4.26661612042126"}, {"value": "249.2572792058649", "name": "om", "title": "longitude of the ascending node", "sigma": ".0011142", "units": "deg", "label": "node"}, {"title": "argument of perihelion", "name": "w", "label": "peri", "sigma": ".075368", "units": "deg", "value": "9.458281621152494"}, {"value": "179.4775251977176", "label": "M", "units": "deg", "sigma": ".086018", "title": "mean anomaly", "name": "ma"}, {"name": "tp", "title": "time of perihelion passage", "sigma": "6.0762", "units": "TDB", "label": "tp", "value": "2429926.978065732543"}, {"title": "sidereal orbital period", "name": "per", "label": "period", "sigma": "18.865", "units": "d", "value": "60723.30161857435"}, {"value": ".005928531394114469", "title": "mean motion", "name": "n", "label": "n", "sigma": "1.8418E-6", "units": "deg/d"}, {"value": "32.20875177744264", "label": "Q", "units": "au", "sigma": ".0066709", "title": "aphelion distance", "name": "ad"}], "not_valid_after": null, "n_del_obs_used": null, "n_dop_obs_used": null, "orbit_id": "5", "epoch": "2460200.5", "n_obs_used": 21, "two_body": null, "last_obs": "2015-11-19", "source": "JPL", "moid_jup": "22.9326", "condition_code": "4", "first_obs": "1999-10-14", "data_arc": "5880", "rms": ".44731", "not_valid_before": null, "t_jup": "4.970"}, "signature": {"version": "1.3", "source": "NASA/JPL Small-Body Database (SBDB) API"}, "object": {"pha": false, "neo": false, "fullname": "(2010 TT191)", "orbit_id": "5", "orbit_class": {"code": "TNO", "name": "TransNeptunian Object"}, "prefix": null, "kind": "au", "des": "2010 TT191", "spkid": "3753600"}}