{"signature": {"version": "1.3", "source": "NASA/JPL Small-Body Database (SBDB) API"}, "orbit": {"not_valid_after": null, "n_del_obs_used": null, "soln_date": "2022-11-05 02:40:17", "producer": "Otto Matic", "elements": [{"value": ".05549507066240839", "label": "e", "sigma": ".00041397", "units": null, "title": "eccentricity", "name": "e"}, {"value": "44.0536778455582", "name": "a", "title": "semi-major axis", "sigma": ".013027", "units": "au", "label": "a"}, {"value": "41.60891588057997", "name": "q", "title": "perihelion distance", "sigma": ".02352", "units": "au", "label": "q"}, {"title": "inclination; angle with respect to x-y ecliptic plane", "name": "i", "label": "i", "sigma": ".0011894", "units": "deg", "value": "2.840205719071673"}, {"value": "133.0891548620487", "name": "om", "title": "longitude of the ascending node", "sigma": ".0053474", "units": "deg", "label": "node"}, {"units": "deg", "sigma": ".46063", "label": "peri", "name": "w", "title": "argument of perihelion", "value": "289.5290856268423"}, {"sigma": ".40439", "units": "deg", "label": "M", "name": "ma", "title": "mean anomaly", "value": "57.55681160324816"}, {"label": "tp", "sigma": "114.3", "units": "TDB", "title": "time of perihelion passage", "name": "tp", "value": "2443125.295590730017"}, {"value": "106800.1061231524", "title": "sidereal orbital period", "name": "per", "label": "period", "sigma": "47.371", "units": "d"}, {"value": ".003370783167433185", "label": "n", "sigma": "1.4951E-6", "units": "deg/d", "title": "mean motion", "name": "n"}, {"title": "aphelion distance", "name": "ad", "label": "Q", "units": "au", "sigma": ".01375", "value": "46.49843981053642"}], "two_body": null, "n_obs_used": 15, "n_dop_obs_used": null, "orbit_id": "2", "epoch": "2460200.5", "pe_used": "DE441", "sb_used": "SB441-N16", "covariance": {"labels": ["e", "q", "tp", "node", "peri", "i"], "elements": [{"value": ".0489559198028159", "title": "eccentricity", "name": "e", "label": "e", "sigma": 0.000428391816538828, "units": null}, {"label": "q", "sigma": 0.0243998049089966, "units": "au", "title": "perihelion distance", "name": "q", "value": "41.65852528678534"}, {"label": "tp", "units": "TDB", "sigma": 125.730709850958, "title": "time of perihelion passage", "name": "tp", "value": "2442373.858510949540"}, {"value": "133.0947133690464", "label": "node", "units": "deg", "sigma": 0.00536051402150831, "title": "longitude of the ascending node", "name": "om"}, {"title": "argument of perihelion", "name": "w", "label": "peri", "units": "deg", "sigma": 0.503895049471435, "value": "287.0051862991696"}, {"value": "2.83950831044206", "label": "i", "units": "deg", "sigma": 0.00119257835591454, "title": "inclination", "name": "i"}], "data": [["1.835195484774367E-7", "-9.083803992005758E-6", "-.0422468445444139", "1.526963182896119E-8", "-.000171951301332674", "-3.341082443007634E-9"], ["-9.083803992005758E-6", ".0005953504795970949", "3.031283700940402", "-1.640816279060086E-6", ".01218360221403831", "3.20813188741708E-7"], ["-.0422468445444139", "3.031283700940402", "15808.2113996259", "-.009181950487780212", "63.33856996077737", ".001764779666717873"], ["1.526963182896119E-8", "-1.640816279060086E-6", "-.009181950487780212", "2.873511057478718E-5", "-6.514978471995785E-5", "-6.301339601843429E-6"], ["-.000171951301332674", ".01218360221403831", "63.33856996077737", "-6.514978471995785E-5", ".2539102208818197", "1.331436196048715E-5"], ["-3.341082443007634E-9", "3.20813188741708E-7", ".001764779666717873", "-6.301339601843429E-6", "1.331436196048715E-5", "1.422243134995835E-6"]], "epoch": "2458788.5"}, "comment": null, "moid": "40.6221", "equinox": "J2000", "model_pars": [], "rms": ".29482", "not_valid_before": null, "condition_code": "4", "first_obs": "2016-01-13", "data_arc": "2155", "t_jup": "5.921", "source": "JPL", "last_obs": "2021-12-07", "moid_jup": "36.5706"}, "object": {"fullname": "(2021 DN15)", "neo": false, "prefix": null, "orbit_id": "2", "orbit_class": {"name": "TransNeptunian Object", "code": "TNO"}, "pha": false, "kind": "au", "des": "2021 DN15", "spkid": "54231245"}}