{"object": {"prefix": null, "des": "2013 RS156", "fullname": "(2013 RS156)", "orbit_class": {"name": "TransNeptunian Object", "code": "TNO"}, "orbit_id": "1", "kind": "au", "pha": false, "neo": false, "spkid": "54196376"}, "orbit": {"t_jup": "6.211", "last_obs": "2018-11-26", "producer": "Otto Matic", "soln_date": "2021-09-13 10:42:06", "moid_jup": "32.3534", "model_pars": [], "not_valid_after": null, "equinox": "J2000", "condition_code": "4", "covariance": {"labels": ["e", "q", "tp", "node", "peri", "i"], "data": [["7.027299110059865E-8", "-6.896469895006237E-7", "-.0007966145749153332", "-1.250350284086786E-9", "-5.275152525696023E-6", "5.848341541815824E-9"], ["-6.896469895006237E-7", "4.157640922161158E-5", ".04437381204737805", "-1.556750923730085E-7", ".0002666518757711569", "-1.763264646170649E-7"], ["-.0007966145749153332", ".04437381204737805", "47.54806073678905", "-.0001613698740075178", ".2860317841288877", "-.000191398020271049"], ["-1.250350284086786E-9", "-1.556750923730085E-7", "-.0001613698740075178", "1.247804800949145E-7", "-1.059293809533057E-6", "1.989935924853551E-7"], ["-5.275152525696023E-6", ".0002666518757711569", ".2860317841288877", "-1.059293809533057E-6", ".001725136430967466", "-1.366439595847004E-6"], ["5.848341541815824E-9", "-1.763264646170649E-7", "-.000191398020271049", "1.989935924853551E-7", "-1.366439595847004E-6", "3.697840899273163E-7"]], "epoch": "2457696.5", "elements": [{"label": "e", "value": ".3837970564166381", "units": null, "title": "eccentricity", "sigma": 0.000265090533781572, "name": "e"}, {"title": "perihelion distance", "name": "q", "sigma": 0.00644797714183383, "units": "au", "label": "q", "value": "37.16999713398641"}, {"units": "TDB", "label": "tp", "value": "2449334.200011365368", "name": "tp", "sigma": 6.89551018683817, "title": "time of perihelion passage"}, {"sigma": 0.000353242806147435, "name": "om", "title": "longitude of the ascending node", "value": "178.0011016318956", "label": "node", "units": "deg"}, {"name": "w", "sigma": 0.041534761717957, "title": "argument of perihelion", "label": "peri", "value": "146.8334739966173", "units": "deg"}, {"units": "deg", "label": "i", "value": "14.33786655584946", "sigma": 0.000608098750144511, "name": "i", "title": "inclination"}]}, "sb_used": "SB441-N16", "source": "JPL", "moid": "36.3186", "n_obs_used": 18, "epoch": "2460200.5", "comment": null, "elements": [{"label": "e", "units": null, "value": ".3928567874285703", "name": "e", "sigma": ".00026343", "title": "eccentricity"}, {"units": "au", "label": "a", "value": "61.47124081352809", "title": "semi-major axis", "name": "a", "sigma": ".024652"}, {"name": "q", "sigma": ".006275", "title": "perihelion distance", "value": "37.32184662827743", "label": "q", "units": "au"}, {"title": "inclination; angle with respect to x-y ecliptic plane", "sigma": ".00060505", "name": "i", "label": "i", "units": "deg", "value": "14.27108518791774"}, {"name": "om", "sigma": ".00035446", "title": "longitude of the ascending node", "value": "177.9427693147852", "label": "node", "units": "deg"}, {"title": "argument of perihelion", "name": "w", "sigma": ".041247", "value": "148.2734637880882", "label": "peri", "units": "deg"}, {"name": "ma", "sigma": ".018714", "title": "mean anomaly", "label": "M", "units": "deg", "value": "21.63855732058569"}, {"units": "TDB", "label": "tp", "value": "2449619.366405817054", "sigma": "6.9403", "name": "tp", "title": "time of perihelion passage"}, {"name": "per", "sigma": "105.9", "title": "sidereal orbital period", "units": "d", "label": "period", "value": "176037.9879984881"}, {"title": "mean motion", "sigma": "1.2302E-6", "name": "n", "units": "deg/d", "label": "n", "value": ".002045013147975151"}, {"value": "85.62063499877875", "label": "Q", "units": "au", "title": "aphelion distance", "name": "ad", "sigma": ".034337"}], "not_valid_before": null, "two_body": null, "pe_used": "DE441", "orbit_id": "1", "rms": ".20952", "n_dop_obs_used": null, "data_arc": "1904", "first_obs": "2013-09-09", "n_del_obs_used": null}, "signature": {"version": "1.3", "source": "NASA/JPL Small-Body Database (SBDB) API"}}