{"signature": {"version": "1.3", "source": "NASA/JPL Small-Body Database (SBDB) API"}, "object": {"spkid": "3841641", "neo": false, "kind": "au", "orbit_id": "4", "pha": false, "orbit_class": {"code": "TNO", "name": "TransNeptunian Object"}, "prefix": null, "des": "2016 SS55", "fullname": "(2016 SS55)"}, "orbit": {"t_jup": "5.890", "last_obs": "2018-12-01", "producer": "Otto Matic", "moid_jup": "33.5543", "soln_date": "2021-09-09 00:19:05", "not_valid_after": null, "equinox": "J2000", "condition_code": "3", "model_pars": [], "source": "JPL", "n_obs_used": 62, "sb_used": "SB441-N16", "moid": "37.4458", "covariance": {"elements": [{"sigma": 0.000293777956883845, "name": "e", "title": "eccentricity", "label": "e", "units": null, "value": ".4732223993440173"}, {"label": "q", "value": "38.33365233780951", "units": "au", "title": "perihelion distance", "name": "q", "sigma": 0.00672564582204258}, {"label": "tp", "value": "2445948.823900550597", "units": "TDB", "title": "time of perihelion passage", "name": "tp", "sigma": 2.97994238354913}, {"label": "node", "units": "deg", "value": "182.8594956706924", "title": "longitude of the ascending node", "name": "om", "sigma": 0.000519742333492959}, {"sigma": 0.0245391713492805, "name": "w", "title": "argument of perihelion", "units": "deg", "label": "peri", "value": "157.896753061803"}, {"name": "i", "sigma": 0.000426133590561476, "title": "inclination", "units": "deg", "label": "i", "value": "28.54946865572155"}], "epoch": "2457347.5", "labels": ["e", "q", "tp", "node", "peri", "i"], "data": [["8.630548795084616E-8", "-1.442979507067952E-6", "-.0004361685725610151", "3.127924494607268E-8", "-4.932373863149005E-6", "3.013091364727149E-8"], ["-1.442979507067952E-6", "4.523431172355875E-5", ".01912443559058498", "-8.020446044788594E-7", ".0001645813475818857", "-6.127910574350803E-7"], ["-.0004361685725610151", ".01912443559058498", "8.88005660927246", "-.000314319524179154", ".07112329781429101", "-.0002139881730571373"], ["3.127924494607268E-8", "-8.020446044788594E-7", "-.000314319524179154", "2.701320932247064E-7", "-3.096606384384708E-6", "2.19927919491591E-7"], ["-4.932373863149005E-6", ".0001645813475818857", ".07112329781429101", "-3.096606384384708E-6", ".0006021709305093506", "-2.330750776824742E-6"], ["3.013091364727149E-8", "-6.127910574350803E-7", "-.0002139881730571373", "2.19927919491591E-7", "-2.330750776824742E-6", "1.815898370048157E-7"]]}, "not_valid_before": null, "elements": [{"sigma": ".00029335", "name": "e", "title": "eccentricity", "label": "e", "units": null, "value": ".4823712409931526"}, {"title": "semi-major axis", "name": "a", "sigma": ".033927", "units": "au", "label": "a", "value": "74.25915995407773"}, {"sigma": ".006649", "name": "q", "title": "perihelion distance", "label": "q", "units": "au", "value": "38.43867681192023"}, {"label": "i", "value": "28.43533690537722", "units": "deg", "title": "inclination; angle with respect to x-y ecliptic plane", "sigma": ".00042347", "name": "i"}, {"value": "182.6870301210891", "label": "node", "units": "deg", "name": "om", "sigma": ".00052048", "title": "longitude of the ascending node"}, {"title": "argument of perihelion", "name": "w", "sigma": ".024512", "units": "deg", "label": "peri", "value": "158.8664539241082"}, {"value": "21.65068918448018", "label": "M", "units": "deg", "title": "mean anomaly", "name": "ma", "sigma": ".014249"}, {"name": "tp", "sigma": "3.0226", "title": "time of perihelion passage", "label": "tp", "value": "2446143.498230329622", "units": "TDB"}, {"label": "period", "value": "233734.8522239587", "units": "d", "name": "per", "sigma": "160.18", "title": "sidereal orbital period"}, {"sigma": "1.0555E-6", "name": "n", "title": "mean motion", "label": "n", "value": ".001540206762383289", "units": "deg/d"}, {"label": "Q", "units": "au", "value": "110.0796430962352", "name": "ad", "sigma": ".050292", "title": "aphelion distance"}], "comment": null, "epoch": "2460200.5", "orbit_id": "4", "pe_used": "DE441", "two_body": null, "n_del_obs_used": null, "first_obs": "2013-10-03", "data_arc": "1885", "n_dop_obs_used": null, "rms": ".13144"}}