{"orbit": {"two_body": null, "pe_used": "DE441", "orbit_id": "7", "n_dop_obs_used": null, "rms": ".27528", "data_arc": "2224", "n_del_obs_used": null, "first_obs": "2013-04-04", "covariance": {"elements": [{"value": ".1982014170282245", "label": "e", "units": null, "name": "e", "sigma": 0.000128623898791022, "title": "eccentricity"}, {"label": "q", "value": "31.45094292809912", "units": "au", "title": "perihelion distance", "sigma": 0.00432553855772529, "name": "q"}, {"label": "tp", "units": "TDB", "value": "2466944.768656192013", "sigma": 4.88041082253061, "name": "tp", "title": "time of perihelion passage"}, {"sigma": 0.000316127395798817, "name": "om", "title": "longitude of the ascending node", "label": "node", "value": "44.48719218607516", "units": "deg"}, {"name": "w", "sigma": 0.0364990147403229, "title": "argument of perihelion", "value": "234.9973985963803", "label": "peri", "units": "deg"}, {"label": "i", "value": "10.44654433562491", "units": "deg", "title": "inclination", "sigma": 0.00067829962877941, "name": "i"}], "epoch": "2456631.5", "data": [["1.654410734020304E-8", "-3.693726887863025E-7", ".0002924441745424971", "-5.200296679780927E-11", "2.58408230020944E-6", "6.867711587093336E-10"], ["-3.693726887863025E-7", "1.871028381436815E-5", "-.02043103664116104", "4.486638742195736E-9", "-.0001560044908627565", "-1.810500977822989E-10"], [".0002924441745424971", "-.02043103664116104", "23.81840979667387", "-5.262939882855907E-6", ".177218148763031", "-7.274526937766699E-6"], ["-5.200296679780927E-11", "4.486638742195736E-9", "-5.262939882855907E-6", "9.993653037454201E-8", "-1.372617704450986E-7", "-1.977496616396096E-7"], ["2.58408230020944E-6", "-.0001560044908627565", ".177218148763031", "-1.372617704450986E-7", ".001332178077014306", "1.630801322756202E-7"], ["6.867711587093336E-10", "-1.810500977822989E-10", "-7.274526937766699E-6", "-1.977496616396096E-7", "1.630801322756202E-7", "4.600903864022853E-7"]], "labels": ["e", "q", "tp", "node", "peri", "i"]}, "source": "JPL", "sb_used": "SB441-N16", "n_obs_used": 43, "moid": "30.3479", "epoch": "2460200.5", "comment": null, "elements": [{"label": "e", "units": null, "value": ".1981245524031163", "sigma": ".00013005", "name": "e", "title": "eccentricity"}, {"sigma": ".0048316", "name": "a", "title": "semi-major axis", "value": "39.09956144359381", "label": "a", "units": "au"}, {"value": "31.35297833342364", "label": "q", "units": "au", "title": "perihelion distance", "sigma": ".0043734", "name": "q"}, {"label": "i", "units": "deg", "value": "10.46471191437742", "title": "inclination; angle with respect to x-y ecliptic plane", "name": "i", "sigma": ".00067941"}, {"label": "node", "value": "44.53610008434664", "units": "deg", "title": "longitude of the ascending node", "name": "om", "sigma": ".00031535"}, {"name": "w", "sigma": ".035944", "title": "argument of perihelion", "units": "deg", "label": "peri", "value": "236.199823796532"}, {"name": "ma", "sigma": ".022068", "title": "mean anomaly", "label": "M", "value": "332.0769888402479", "units": "deg"}, {"label": "tp", "value": "2467127.034557179055", "units": "TDB", "sigma": "4.7322", "name": "tp", "title": "time of perihelion passage"}, {"units": "d", "label": "period", "value": "89300.98642723152", "title": "sidereal orbital period", "name": "per", "sigma": "16.553"}, {"label": "n", "units": "deg/d", "value": ".004031310452470224", "title": "mean motion", "sigma": "7.4723E-7", "name": "n"}, {"units": "au", "label": "Q", "value": "46.84614455376398", "name": "ad", "sigma": ".0057888", "title": "aphelion distance"}], "not_valid_before": null, "soln_date": "2021-04-15 08:00:00", "moid_jup": "26.196", "model_pars": [], "not_valid_after": null, "equinox": "J2000", "condition_code": "3", "t_jup": "5.417", "last_obs": "2019-05-07", "producer": "Otto Matic"}, "object": {"spkid": "3727201", "neo": false, "pha": false, "kind": "au", "orbit_id": "7", "orbit_class": {"name": "TransNeptunian Object", "code": "TNO"}, "fullname": "(2013 GL137)", "prefix": null, "des": "2013 GL137"}, "signature": {"version": "1.3", "source": "NASA/JPL Small-Body Database (SBDB) API"}}