{"orbit": {"elements": [{"units": null, "label": "e", "value": ".1126231333409069", "title": "eccentricity", "sigma": ".00079623", "name": "e"}, {"label": "a", "units": "au", "value": "46.90943410908488", "title": "semi-major axis", "name": "a", "sigma": ".010858"}, {"label": "q", "value": "41.62634665647093", "units": "au", "name": "q", "sigma": ".029662", "title": "perihelion distance"}, {"units": "deg", "label": "i", "value": "2.783930161663975", "title": "inclination; angle with respect to x-y ecliptic plane", "name": "i", "sigma": ".0015051"}, {"title": "longitude of the ascending node", "sigma": ".0096394", "name": "om", "label": "node", "units": "deg", "value": "214.2138478086856"}, {"title": "argument of perihelion", "sigma": ".67198", "name": "w", "value": "228.6492249762147", "label": "peri", "units": "deg"}, {"label": "M", "value": "343.0162698153755", "units": "deg", "title": "mean anomaly", "sigma": ".51009", "name": "ma"}, {"title": "time of perihelion passage", "sigma": "167.71", "name": "tp", "units": "TDB", "label": "tp", "value": "2465736.795959861451"}, {"label": "period", "units": "d", "value": "117351.519594586", "name": "per", "sigma": "40.744", "title": "sidereal orbital period"}, {"title": "mean motion", "sigma": "1.0651E-6", "name": "n", "units": "deg/d", "label": "n", "value": ".003067706334299642"}, {"units": "au", "label": "Q", "value": "52.19252156169884", "sigma": ".012081", "name": "ad", "title": "aphelion distance"}], "comment": null, "epoch": "2460200.5", "not_valid_before": null, "covariance": {"labels": ["e", "q", "tp", "node", "peri", "i"], "data": [["7.747386898837612E-7", "-2.858810171454779E-5", ".1467707006861458", "-3.150685265499923E-8", ".0005938852561387912", "-4.594842648941932E-9"], ["-2.858810171454779E-5", ".001081488634242224", "-5.546845910247185", "1.30777241547255E-6", "-.02243761707898789", "1.994002510865526E-7"], [".1467707006861458", "-5.546845910247185", "28462.86525292377", "-.006642956251583149", "115.1330143823169", "-.001008627927081059"], ["-3.150685265499923E-8", "1.30777241547255E-6", "-.006642956251583149", "9.179580193218765E-5", "-.0001185392028103011", "1.447107422722897E-5"], [".0005938852561387912", "-.02243761707898789", "115.1330143823169", "-.0001185392028103011", ".4658104655540153", "-1.852977357935302E-5"], ["-4.594842648941932E-9", "1.994002510865526E-7", "-.001008627927081059", "1.447107422722897E-5", "-1.852977357935302E-5", "2.288655442234468E-6"]], "epoch": "2457545.5", "elements": [{"units": null, "label": "e", "value": ".1056021727564289", "sigma": 0.000880192416397552, "name": "e", "title": "eccentricity"}, {"sigma": 0.0328859944998205, "name": "q", "title": "perihelion distance", "label": "q", "units": "au", "value": "41.51016149194302"}, {"label": "tp", "units": "TDB", "value": "2466755.371927888114", "title": "time of perihelion passage", "name": "tp", "sigma": 168.709410682759}, {"sigma": 0.00958101257342812, "name": "om", "title": "longitude of the ascending node", "label": "node", "units": "deg", "value": "214.3517468170728"}, {"units": "deg", "label": "peri", "value": "232.421655148475", "title": "argument of perihelion", "sigma": 0.682503088310973, "name": "w"}, {"title": "inclination", "name": "i", "sigma": 0.00151283027542235, "label": "i", "value": "2.797813328596378", "units": "deg"}]}, "source": "JPL", "sb_used": "SB441-N16", "moid": "40.6418", "n_obs_used": 29, "n_dop_obs_used": null, "rms": ".1811", "data_arc": "831", "n_del_obs_used": null, "first_obs": "2015-09-07", "two_body": null, "pe_used": "DE441", "orbit_id": "2", "last_obs": "2017-12-16", "producer": "Otto Matic", "t_jup": "6.071", "model_pars": [], "not_valid_after": null, "equinox": "J2000", "condition_code": "5", "soln_date": "2021-04-15 15:18:49", "moid_jup": "36.5155"}, "object": {"fullname": "(2015 VD171)", "prefix": null, "des": "2015 VD171", "pha": false, "orbit_id": "2", "kind": "au", "orbit_class": {"code": "TNO", "name": "TransNeptunian Object"}, "spkid": "3835739", "neo": false}, "signature": {"version": "1.3", "source": "NASA/JPL Small-Body Database (SBDB) API"}}