{"orbit": {"comment": null, "covariance": {"data": [["5.500927031641542E-7", "-1.156354114232843E-5", ".002295002833636823", "8.510485812656298E-9", "-2.470761866234299E-5", "-1.875204040114722E-8"], ["-1.156354114232843E-5", ".0002489827977520369", "-.04513305243994817", "-2.064162064550924E-7", ".0005545399844341911", "4.505078162259616E-7"], [".002295002833636823", "-.04513305243994817", "11.32852049964361", "2.260835343869674E-5", "-.08395866565053375", "-5.18190272762972E-5"], ["8.510485812656298E-9", "-2.064162064550924E-7", "2.260835343869674E-5", "3.194330625893375E-7", "-8.511636226452054E-7", "-5.493245629701665E-7"], ["-2.470761866234299E-5", ".0005545399844341911", "-.08395866565053375", "-8.511636226452054E-7", ".001322554251656175", "1.699475464150084E-6"], ["-1.875204040114722E-8", "4.505078162259616E-7", "-5.18190272762972E-5", "-5.493245629701665E-7", "1.699475464150084E-6", "9.911127077556861E-7"]], "epoch": "2457343.5", "elements": [{"title": "eccentricity", "name": "e", "label": "e", "units": null, "sigma": 0.000741682346536679, "value": ".2981936905088294"}, {"units": "au", "sigma": 0.0157791887545601, "label": "q", "name": "q", "title": "perihelion distance", "value": "27.84346870551888"}, {"value": "2446006.311962558917", "name": "tp", "title": "time of perihelion passage", "sigma": 3.36578675789831, "units": "TDB", "label": "tp"}, {"label": "node", "sigma": 0.000565184096192858, "units": "deg", "title": "longitude of the ascending node", "name": "om", "value": "33.29141883422236"}, {"name": "w", "title": "argument of perihelion", "sigma": 0.0363669389921145, "units": "deg", "label": "peri", "value": "98.39438074099375"}, {"units": "deg", "sigma": 0.000995546436765099, "label": "i", "name": "i", "title": "inclination", "value": "10.89115926370096"}], "labels": ["e", "q", "tp", "node", "peri", "i"]}, "sb_used": "SB441-N16", "pe_used": "DE441", "model_pars": [], "equinox": "J2000", "moid": "26.6997", "elements": [{"value": ".2934137393527712", "name": "e", "title": "eccentricity", "units": null, "sigma": ".00074277", "label": "e"}, {"label": "a", "units": "au", "sigma": ".019372", "title": "semi-major axis", "name": "a", "value": "39.15707515737169"}, {"value": "27.66785131332977", "label": "q", "units": "au", "sigma": ".0158", "title": "perihelion distance", "name": "q"}, {"name": "i", "title": "inclination; angle with respect to x-y ecliptic plane", "units": "deg", "sigma": ".0010001", "label": "i", "value": "10.94175288468013"}, {"title": "longitude of the ascending node", "name": "om", "label": "node", "units": "deg", "sigma": ".00056245", "value": "33.30895459633756"}, {"name": "w", "title": "argument of perihelion", "units": "deg", "sigma": ".032758", "label": "peri", "value": "96.57818446376592"}, {"name": "ma", "title": "mean anomaly", "sigma": ".059592", "units": "deg", "label": "M", "value": "58.07607030181389"}, {"title": "time of perihelion passage", "name": "tp", "label": "tp", "sigma": "4.1372", "units": "TDB", "value": "2445762.450867132377"}, {"value": "89498.09552920122", "title": "sidereal orbital period", "name": "per", "label": "period", "units": "d", "sigma": "66.417"}, {"value": ".004022431962058232", "units": "deg/d", "sigma": "2.9851E-6", "label": "n", "name": "n", "title": "mean motion"}, {"value": "50.64629900141362", "label": "Q", "sigma": ".025057", "units": "au", "title": "aphelion distance", "name": "ad"}], "producer": "Otto Matic", "soln_date": "2021-04-15 13:31:03", "n_del_obs_used": null, "not_valid_after": null, "epoch": "2460200.5", "n_dop_obs_used": null, "orbit_id": "2", "n_obs_used": 35, "two_body": null, "last_obs": "2017-06-26", "source": "JPL", "moid_jup": "22.452", "data_arc": "860", "first_obs": "2015-02-17", "condition_code": "4", "rms": ".20679", "not_valid_before": null, "t_jup": "5.283"}, "signature": {"version": "1.3", "source": "NASA/JPL Small-Body Database (SBDB) API"}, "object": {"kind": "au", "des": "2015 GP54", "spkid": "3830905", "pha": false, "neo": false, "fullname": "(2015 GP54)", "prefix": null, "orbit_class": {"name": "TransNeptunian Object", "code": "TNO"}, "orbit_id": "2"}}