{"object": {"pha": false, "neo": false, "fullname": "(2014 UN229)", "prefix": null, "orbit_id": "2", "orbit_class": {"code": "TNO", "name": "TransNeptunian Object"}, "kind": "au", "des": "2014 UN229", "spkid": "3790103"}, "signature": {"version": "1.3", "source": "NASA/JPL Small-Body Database (SBDB) API"}, "orbit": {"not_valid_before": null, "rms": ".31807", "data_arc": "1459", "first_obs": "2013-09-01", "condition_code": "4", "t_jup": "5.770", "source": "JPL", "last_obs": "2017-08-30", "moid_jup": "34.3793", "n_del_obs_used": null, "not_valid_after": null, "elements": [{"title": "eccentricity", "name": "e", "label": "e", "units": null, "sigma": ".00034977", "value": ".07412128600109913"}, {"name": "a", "title": "semi-major axis", "sigma": ".0051737", "units": "au", "label": "a", "value": "42.5964019050863"}, {"label": "q", "sigma": ".013414", "units": "au", "title": "perihelion distance", "name": "q", "value": "39.43910181686164"}, {"sigma": ".00084091", "units": "deg", "label": "i", "name": "i", "title": "inclination; angle with respect to x-y ecliptic plane", "value": "8.234174982771812"}, {"value": "5.198893346928957", "name": "om", "title": "longitude of the ascending node", "units": "deg", "sigma": ".0022829", "label": "node"}, {"value": "78.90280961707894", "title": "argument of perihelion", "name": "w", "label": "peri", "units": "deg", "sigma": ".19462"}, {"label": "M", "sigma": ".15007", "units": "deg", "title": "mean anomaly", "name": "ma", "value": "320.854408235455"}, {"name": "tp", "title": "time of perihelion passage", "units": "TDB", "sigma": "42.328", "label": "tp", "value": "2471242.256430727612"}, {"value": "101544.8262724235", "title": "sidereal orbital period", "name": "per", "label": "period", "units": "d", "sigma": "18.5"}, {"units": "deg/d", "sigma": "6.459E-7", "label": "n", "name": "n", "title": "mean motion", "value": ".003545232319706721"}, {"label": "Q", "sigma": ".0055572", "units": "au", "title": "aphelion distance", "name": "ad", "value": "45.75370199331097"}], "soln_date": "2021-04-15 11:41:19", "producer": "Otto Matic", "two_body": null, "n_obs_used": 32, "epoch": "2460200.5", "orbit_id": "2", "n_dop_obs_used": null, "pe_used": "DE441", "comment": null, "covariance": {"elements": [{"value": ".07096398311518322", "name": "e", "title": "eccentricity", "units": null, "sigma": 0.000370518904079659, "label": "e"}, {"label": "q", "sigma": 0.0142002295264554, "units": "au", "title": "perihelion distance", "name": "q", "value": "39.23703711213067"}, {"label": "tp", "units": "TDB", "sigma": 36.4305958552893, "title": "time of perihelion passage", "name": "tp", "value": "2472669.928155496416"}, {"name": "om", "title": "longitude of the ascending node", "sigma": 0.00227365757666822, "units": "deg", "label": "node", "value": "5.328657153201448"}, {"value": "84.74551766110714", "units": "deg", "sigma": 0.174861056389711, "label": "peri", "name": "w", "title": "argument of perihelion"}, {"title": "inclination", "name": "i", "label": "i", "sigma": 0.000844594519314531, "units": "deg", "value": "8.268579299728824"}], "labels": ["e", "q", "tp", "node", "peri", "i"], "epoch": "2456934.5", "data": [["1.372842582803914E-7", "-5.020211423748938E-6", ".01176406023947103", "-3.320410669501578E-9", "5.787606383370904E-5", "-9.722456487415567E-10"], ["-5.020211423748938E-6", ".0002016465186040147", "-.505697562634116", "1.00370732425304E-7", "-.002448926099281386", "3.553601689218521E-8"], [".01176406023947103", "-.505697562634116", "1327.18831437142", "-.0001998748323524084", "6.362763344877594", "-8.336150086101448E-5"], ["-3.320410669501578E-9", "1.00370732425304E-7", "-.0001998748323524084", "5.169518775940785E-6", "-6.140864894532446E-6", "1.914271696051279E-6"], ["5.787606383370904E-5", "-.002448926099281386", "6.362763344877594", "-6.140864894532446E-6", ".03057638904172567", "-2.304374470901356E-6"], ["-9.722456487415567E-10", "3.553601689218521E-8", "-8.336150086101448E-5", "1.914271696051279E-6", "-2.304374470901356E-6", "7.133399020561441E-7"]]}, "sb_used": "SB441-N16", "model_pars": [], "equinox": "J2000", "moid": "38.464"}}