{"object": {"spkid": "3330190", "kind": "au", "des": "2003 HX56", "pha": false, "orbit_class": {"name": "TransNeptunian Object", "code": "TNO"}, "orbit_id": "5", "prefix": null, "neo": false, "fullname": "(2003 HX56)"}, "signature": {"version": "1.3", "source": "NASA/JPL Small-Body Database (SBDB) API"}, "orbit": {"moid_jup": "31.9606", "last_obs": "2019-06-06", "source": "JPL", "t_jup": "5.199", "first_obs": "2003-04-26", "condition_code": "4", "data_arc": "5885", "rms": ".18835", "not_valid_before": null, "moid": "35.5165", "equinox": "J2000", "model_pars": [], "sb_used": "SB441-N16", "covariance": {"data": [["2.686558342244544E-8", "5.134988713655021E-7", ".001949262797528334", "-3.119957379294298E-9", "8.165141303498395E-6", "1.85257465912924E-8"], ["5.134988713655021E-7", ".0006549635496725213", ".4880406019427758", "-2.665022208346378E-6", ".003463008637830201", "3.893003534744815E-6"], [".001949262797528334", ".4880406019427758", "456.7053022415965", "-.002044655813838341", "2.904007938254772", ".003814580174770624"], ["-3.119957379294298E-9", "-2.665022208346378E-6", "-.002044655813838341", "4.278067641756416E-8", "-1.432414621353279E-5", "4.914736208415203E-8"], ["8.165141303498395E-6", ".003463008637830201", "2.904007938254772", "-1.432414621353279E-5", ".01943541324079475", "2.370617050337541E-5"], ["1.85257465912924E-8", "3.893003534744815E-6", ".003814580174770624", "4.914736208415203E-8", "2.370617050337541E-5", "5.865988351005181E-7"]], "epoch": "2454287.5", "labels": ["e", "q", "tp", "node", "peri", "i"], "elements": [{"sigma": 0.000163907240299034, "units": null, "label": "e", "name": "e", "title": "eccentricity", "value": ".2225812916781336"}, {"value": "36.82889689157405", "title": "perihelion distance", "name": "q", "label": "q", "sigma": 0.025592255658158, "units": "au"}, {"value": "2430556.654189475714", "label": "tp", "units": "TDB", "sigma": 21.3706645250352, "title": "time of perihelion passage", "name": "tp"}, {"name": "om", "title": "longitude of the ascending node", "units": "deg", "sigma": 0.000206834901352659, "label": "node", "value": "197.5427126674762"}, {"value": "266.2046055247902", "title": "argument of perihelion", "name": "w", "label": "peri", "units": "deg", "sigma": 0.139410950935695}, {"value": "29.47773048144596", "sigma": 0.000765897405074934, "units": "deg", "label": "i", "name": "i", "title": "inclination"}]}, "comment": null, "pe_used": "DE441", "n_dop_obs_used": null, "orbit_id": "5", "epoch": "2460200.5", "n_obs_used": 23, "two_body": null, "soln_date": "2021-04-14 21:44:21", "producer": "Otto Matic", "elements": [{"value": ".2256329179364423", "title": "eccentricity", "name": "e", "label": "e", "units": null, "sigma": ".00015681"}, {"units": "au", "sigma": ".034885", "label": "a", "name": "a", "title": "semi-major axis", "value": "46.96825854233212"}, {"label": "q", "sigma": ".025926", "units": "au", "title": "perihelion distance", "name": "q", "value": "36.37067331703249"}, {"value": "29.62584231722815", "name": "i", "title": "inclination; angle with respect to x-y ecliptic plane", "sigma": ".00076476", "units": "deg", "label": "i"}, {"value": "197.6211461343499", "title": "longitude of the ascending node", "name": "om", "label": "node", "sigma": ".00021324", "units": "deg"}, {"label": "peri", "sigma": ".13716", "units": "deg", "title": "argument of perihelion", "name": "w", "value": "263.8712363020998"}, {"value": "91.77874789231723", "units": "deg", "sigma": ".16281", "label": "M", "name": "ma", "title": "mean anomaly"}, {"value": "2430226.497336358043", "units": "TDB", "sigma": "20.084", "label": "tp", "name": "tp", "title": "time of perihelion passage"}, {"value": "117572.3270007085", "label": "period", "units": "d", "sigma": "130.99", "title": "sidereal orbital period", "name": "per"}, {"name": "n", "title": "mean motion", "sigma": "3.4114E-6", "units": "deg/d", "label": "n", "value": ".003061945010221927"}, {"label": "Q", "sigma": ".042757", "units": "au", "title": "aphelion distance", "name": "ad", "value": "57.56584376763174"}], "n_del_obs_used": null, "not_valid_after": null}}