{"signature": {"version": "1.3", "source": "NASA/JPL Small-Body Database (SBDB) API"}, "object": {"neo": false, "spkid": "3841282", "orbit_class": {"name": "TransNeptunian Object", "code": "TNO"}, "orbit_id": "2", "kind": "au", "pha": false, "prefix": null, "des": "2013 LZ36", "fullname": "(2013 LZ36)"}, "orbit": {"model_pars": [], "not_valid_after": null, "equinox": "J2000", "condition_code": "3", "moid_jup": "31.1705", "soln_date": "2021-04-15 08:15:01", "last_obs": "2017-08-09", "producer": "Otto Matic", "t_jup": "6.039", "n_dop_obs_used": null, "rms": ".84479", "first_obs": "2013-05-31", "n_del_obs_used": null, "data_arc": "1531", "pe_used": "DE441", "two_body": null, "orbit_id": "2", "comment": null, "epoch": "2460200.5", "elements": [{"title": "eccentricity", "sigma": "2.8907E-5", "name": "e", "label": "e", "units": null, "value": ".3391936909035579"}, {"label": "a", "value": "55.11688306525562", "units": "au", "title": "semi-major axis", "name": "a", "sigma": ".0024313"}, {"units": "au", "label": "q", "value": "36.42158406725176", "name": "q", "sigma": ".00038017", "title": "perihelion distance"}, {"title": "inclination; angle with respect to x-y ecliptic plane", "sigma": "2.2794E-5", "name": "i", "label": "i", "units": "deg", "value": "13.86111625918102"}, {"sigma": ".00055222", "name": "om", "title": "longitude of the ascending node", "units": "deg", "label": "node", "value": "170.318857858068"}, {"units": "deg", "label": "peri", "value": "69.68947482167161", "title": "argument of perihelion", "sigma": ".011961", "name": "w"}, {"label": "M", "units": "deg", "value": "12.22723931164731", "sigma": ".005232", "name": "ma", "title": "mean anomaly"}, {"title": "time of perihelion passage", "name": "tp", "sigma": "2.2697", "label": "tp", "value": "2455124.152863143291", "units": "TDB"}, {"name": "per", "sigma": "9.8892", "title": "sidereal orbital period", "value": "149460.1457196971", "label": "period", "units": "d"}, {"name": "n", "sigma": "1.5937E-7", "title": "mean motion", "label": "n", "units": "deg/d", "value": ".002408668867988105"}, {"title": "aphelion distance", "name": "ad", "sigma": ".0032559", "units": "au", "label": "Q", "value": "73.81218206325948"}], "not_valid_before": null, "source": "JPL", "sb_used": "SB441-N16", "moid": "35.4352", "n_obs_used": 126, "covariance": {"labels": ["e", "q", "tp", "node", "peri", "i"], "data": [["8.691173395088029E-10", "-1.536257469352135E-9", "-3.821909204715111E-5", "1.003236619247195E-9", "-2.021963148509456E-7", "8.512561341551565E-11"], ["-1.536257469352135E-9", "1.575456720021492E-7", ".0007708683328976259", "-2.729866291972708E-8", "4.077988101541814E-6", "-8.349080797406737E-10"], ["-3.821909204715111E-5", ".0007708683328976259", "4.93765845484044", "-.0001612819610942153", ".0261138990143558", "-6.989379217585373E-6"], ["1.003236619247195E-9", "-2.729866291972708E-8", "-.0001612819610942153", "3.040340025355947E-7", "-1.143018141187775E-6", "1.196157672130476E-8"], ["-2.021963148509456E-7", "4.077988101541814E-6", ".0261138990143558", "-1.143018141187775E-6", ".0001383915297292377", "-4.836538264068228E-8"], ["8.512561341551565E-11", "-8.349080797406737E-10", "-6.989379217585373E-6", "1.196157672130476E-8", "-4.836538264068228E-8", "4.986840428875654E-10"]], "elements": [{"sigma": 2.94807961138909e-05, "name": "e", "title": "eccentricity", "label": "e", "value": ".3443766791691905", "units": null}, {"title": "perihelion distance", "sigma": 0.0003969202338029, "name": "q", "value": "36.38655772475254", "label": "q", "units": "au"}, {"title": "time of perihelion passage", "sigma": 2.2220842591676, "name": "tp", "label": "tp", "units": "TDB", "value": "2455010.773141665799"}, {"name": "om", "sigma": 0.000551392784261451, "title": "longitude of the ascending node", "value": "170.0816151283761", "label": "node", "units": "deg"}, {"sigma": 0.0117639929330665, "name": "w", "title": "argument of perihelion", "value": "69.25411191686652", "label": "peri", "units": "deg"}, {"sigma": 2.23312346924116e-05, "name": "i", "title": "inclination", "label": "i", "value": "13.85886073574875", "units": "deg"}], "epoch": "2457213.5"}}}