{"object": {"spkid": "54196772", "kind": "au", "des": "2013 RD158", "pha": false, "orbit_class": {"code": "TNO", "name": "TransNeptunian Object"}, "orbit_id": "1", "prefix": null, "neo": false, "fullname": "(2013 RD158)"}, "signature": {"version": "1.3", "source": "NASA/JPL Small-Body Database (SBDB) API"}, "orbit": {"moid": "34.8425", "equinox": "J2000", "model_pars": [], "pe_used": "DE441", "sb_used": "SB441-N16", "covariance": {"labels": ["e", "q", "tp", "node", "peri", "i"], "elements": [{"label": "e", "units": null, "sigma": 0.000415699707059421, "title": "eccentricity", "name": "e", "value": ".6309539123386988"}, {"title": "perihelion distance", "name": "q", "label": "q", "units": "au", "sigma": 0.0071797620424635, "value": "35.71332295794168"}, {"label": "tp", "units": "TDB", "sigma": 3.33566507117747, "title": "time of perihelion passage", "name": "tp", "value": "2465806.730954161545"}, {"label": "node", "units": "deg", "sigma": 0.00054157444200672, "title": "longitude of the ascending node", "name": "om", "value": "41.10346338195081"}, {"value": "24.26350258348198", "units": "deg", "sigma": 0.0292661368200506, "label": "peri", "name": "w", "title": "argument of perihelion"}, {"value": "32.72508498243926", "sigma": 0.000747225702631524, "units": "deg", "label": "i", "name": "i", "title": "inclination"}], "data": [["1.728062464492882E-7", "-1.873752939516756E-6", ".0007953874526383337", "-3.982616419486854E-8", "8.19600395019843E-6", "6.559306252571867E-8"], ["-1.873752939516756E-6", "5.154898298639965E-5", "-.02381511769505368", "2.698249588606218E-7", "-.0002095000675013486", "-3.673086273429603E-7"], [".0007953874526383337", "-.02381511769505368", "11.1266614670734", "-.0001074965107859063", ".09675426528004859", ".0001399708960460918"], ["-3.982616419486854E-8", "2.698249588606218E-7", "-.0001074965107859063", "2.933028762348897E-7", "-1.515194650017333E-6", "-4.008985639984643E-7"], ["8.19600395019843E-6", "-.0002095000675013486", ".09675426528004859", "-1.515194650017333E-6", ".0008565067643699223", "2.130225389852098E-6"], ["6.559306252571867E-8", "-3.673086273429603E-7", ".0001399708960460918", "-4.008985639984643E-7", "2.130225389852098E-6", "5.583462506731755E-7"]], "epoch": "2457358.5"}, "comment": null, "two_body": null, "n_obs_used": 15, "orbit_id": "1", "n_dop_obs_used": null, "epoch": "2460200.5", "not_valid_after": null, "n_del_obs_used": null, "producer": "Otto Matic", "soln_date": "2021-09-14 12:12:05", "elements": [{"title": "eccentricity", "name": "e", "label": "e", "units": null, "sigma": ".00041472", "value": ".6399942673502277"}, {"units": "au", "sigma": ".10344", "label": "a", "name": "a", "title": "semi-major axis", "value": "99.46298467511187"}, {"label": "q", "units": "au", "sigma": ".0071135", "title": "perihelion distance", "name": "q", "value": "35.80724466949673"}, {"name": "i", "title": "inclination; angle with respect to x-y ecliptic plane", "units": "deg", "sigma": ".00074614", "label": "i", "value": "32.61182810413512"}, {"value": "41.14241999395549", "name": "om", "title": "longitude of the ascending node", "units": "deg", "sigma": ".00054357", "label": "node"}, {"units": "deg", "sigma": ".029278", "label": "peri", "name": "w", "title": "argument of perihelion", "value": "23.57797203225093"}, {"name": "ma", "title": "mean anomaly", "sigma": ".0075866", "units": "deg", "label": "M", "value": "354.5474901604582"}, {"value": "2465688.127390206302", "title": "time of perihelion passage", "name": "tp", "label": "tp", "units": "TDB", "sigma": "3.382"}, {"value": "362318.6236451197", "label": "period", "sigma": "565.2", "units": "d", "title": "sidereal orbital period", "name": "per"}, {"value": ".000993600594907893", "sigma": "1.55E-6", "units": "deg/d", "label": "n", "name": "n", "title": "mean motion"}, {"label": "Q", "units": "au", "sigma": ".16964", "title": "aphelion distance", "name": "ad", "value": "163.118724680727"}], "moid_jup": "30.9252", "source": "JPL", "last_obs": "2018-09-09", "t_jup": "5.712", "rms": ".22207", "not_valid_before": null, "condition_code": "3", "first_obs": "2013-09-12", "data_arc": "1823"}}