{"signature": {"version": "1.3", "source": "NASA/JPL Small-Body Database (SBDB) API"}, "object": {"fullname": "591392 (2013 PE84)", "prefix": null, "des": "591392", "pha": false, "orbit_id": "5", "kind": "an", "orbit_class": {"name": "TransNeptunian Object", "code": "TNO"}, "spkid": "20591392", "neo": false}, "orbit": {"data_arc": "4074", "n_del_obs_used": null, "first_obs": "2010-06-21", "n_dop_obs_used": null, "rms": ".76823", "orbit_id": "5", "two_body": null, "pe_used": "DE441", "not_valid_before": null, "comment": null, "epoch": "2460200.5", "elements": [{"label": "e", "value": ".1435295246312771", "units": null, "sigma": "3.1527E-5", "name": "e", "title": "eccentricity"}, {"sigma": ".0023496", "name": "a", "title": "semi-major axis", "label": "a", "units": "au", "value": "45.93777713066314"}, {"sigma": ".00079928", "name": "q", "title": "perihelion distance", "value": "39.3443498164815", "label": "q", "units": "au"}, {"label": "i", "value": "8.878401692072648", "units": "deg", "sigma": "2.1895E-5", "name": "i", "title": "inclination; angle with respect to x-y ecliptic plane"}, {"title": "longitude of the ascending node", "name": "om", "sigma": ".00059308", "value": "87.43766770329871", "label": "node", "units": "deg"}, {"label": "peri", "units": "deg", "value": "222.2091728266307", "title": "argument of perihelion", "name": "w", "sigma": ".010886"}, {"title": "mean anomaly", "name": "ma", "sigma": ".0099558", "value": "35.62549310771143", "label": "M", "units": "deg"}, {"name": "tp", "sigma": "2.452", "title": "time of perihelion passage", "label": "tp", "value": "2448946.373951010750", "units": "TDB"}, {"sigma": "8.7249", "name": "per", "title": "sidereal orbital period", "label": "period", "units": "d", "value": "113724.3312081806"}, {"units": "deg/d", "label": "n", "value": ".00316554950181236", "title": "mean motion", "name": "n", "sigma": "2.4286E-7"}, {"title": "aphelion distance", "name": "ad", "sigma": ".0026868", "units": "au", "label": "Q", "value": "52.53120444484477"}], "covariance": {"epoch": "2457243.5", "elements": [{"units": null, "label": "e", "value": ".1361856106081337", "title": "eccentricity", "name": "e", "sigma": 3.05465478189281e-05}, {"value": "39.17765274529839", "label": "q", "units": "au", "name": "q", "sigma": 0.000857644134546785, "title": "perihelion distance"}, {"label": "tp", "value": "2448107.550035993128", "units": "TDB", "sigma": 2.63193426683701, "name": "tp", "title": "time of perihelion passage"}, {"title": "longitude of the ascending node", "sigma": 0.00059577812406496, "name": "om", "value": "87.39600242946997", "label": "node", "units": "deg"}, {"label": "peri", "value": "218.7147626848339", "units": "deg", "title": "argument of perihelion", "sigma": 0.0117652153322799, "name": "w"}, {"title": "inclination", "sigma": 2.18897866666368e-05, "name": "i", "label": "i", "units": "deg", "value": "8.881455102129246"}], "data": [["9.330915836540591E-10", "1.370105160758489E-8", "3.969955123336218E-5", "2.15644121361111E-10", "1.695246732524238E-7", "6.37667136033112E-11"], ["1.370105160758489E-8", "7.355534615225043E-7", ".002252496199945843", "-1.279367850964184E-8", "1.004784279498625E-5", "1.076304528856477E-9"], ["3.969955123336218E-5", ".002252496199945843", "6.927077984950849", "-4.085121081742347E-5", ".03091672129244405", "3.121611222160894E-6"], ["2.15644121361111E-10", "-1.279367850964184E-8", "-4.085121081742347E-5", "3.549515731143624E-7", "-5.374048091603649E-7", "1.243117317112778E-8"], ["1.695246732524238E-7", "1.004784279498625E-5", ".03091672129244405", "-5.374048091603649E-7", ".0001384202918149139", "1.176627206810758E-9"], ["6.37667136033112E-11", "1.076304528856477E-9", "3.121611222160894E-6", "1.243117317112778E-8", "1.176627206810758E-9", "4.7916276031087E-10"]], "labels": ["e", "q", "tp", "node", "peri", "i"]}, "sb_used": "SB441-N16", "source": "JPL", "n_obs_used": 79, "moid": "38.3348", "not_valid_after": null, "equinox": "J2000", "condition_code": "3", "model_pars": [], "soln_date": "2021-10-08 07:11:18", "moid_jup": "34.2681", "producer": "Otto Matic", "last_obs": "2021-08-16", "t_jup": "5.924"}}