{"object": {"des": "2019 QK110", "prefix": null, "fullname": "(2019 QK110)", "orbit_class": {"code": "TNO", "name": "TransNeptunian Object"}, "kind": "au", "orbit_id": "1", "pha": false, "neo": false, "spkid": "54410316"}, "orbit": {"data_arc": "739", "n_del_obs_used": null, "first_obs": "2019-08-28", "rms": ".14054", "n_dop_obs_used": null, "orbit_id": "1", "two_body": null, "pe_used": "DE441", "not_valid_before": null, "epoch": "2460200.5", "comment": null, "elements": [{"title": "eccentricity", "name": "e", "sigma": ".0057466", "label": "e", "units": null, "value": ".1806382286331729"}, {"value": "47.98568337537878", "label": "a", "units": "au", "name": "a", "sigma": ".08911", "title": "semi-major axis"}, {"sigma": ".20682", "name": "q", "title": "perihelion distance", "label": "q", "units": "au", "value": "39.31763453069806"}, {"label": "i", "value": "12.19531616721414", "units": "deg", "title": "inclination; angle with respect to x-y ecliptic plane", "sigma": ".0036989", "name": "i"}, {"label": "node", "units": "deg", "value": "356.4689668881826", "title": "longitude of the ascending node", "sigma": ".0014212", "name": "om"}, {"value": "227.7910064051397", "label": "peri", "units": "deg", "sigma": "1.325", "name": "w", "title": "argument of perihelion"}, {"title": "mean anomaly", "name": "ma", "sigma": "2.2118", "label": "M", "units": "deg", "value": "113.3336620577135"}, {"value": "2421977.710894853961", "label": "tp", "units": "TDB", "title": "time of perihelion passage", "sigma": "642.18", "name": "tp"}, {"sigma": "338.2", "name": "per", "title": "sidereal orbital period", "units": "d", "label": "period", "value": "121413.2132326704"}, {"name": "n", "sigma": "8.2593E-6", "title": "mean motion", "label": "n", "value": ".00296508090359254", "units": "deg/d"}, {"title": "aphelion distance", "sigma": ".10521", "name": "ad", "value": "56.6537322200595", "label": "Q", "units": "au"}], "covariance": {"elements": [{"title": "eccentricity", "sigma": 0.00576723881740922, "name": "e", "value": ".1856809898485897", "label": "e", "units": null}, {"sigma": 0.205289688107526, "name": "q", "title": "perihelion distance", "value": "39.05405384131738", "label": "q", "units": "au"}, {"value": "2422351.260013316576", "label": "tp", "units": "TDB", "title": "time of perihelion passage", "name": "tp", "sigma": 621.698807980875}, {"value": "356.4633906897034", "label": "node", "units": "deg", "name": "om", "sigma": 0.00141989403839891, "title": "longitude of the ascending node"}, {"title": "argument of perihelion", "name": "w", "sigma": 1.27510862025084, "label": "peri", "units": "deg", "value": "228.1930516510343"}, {"label": "i", "value": "12.20748043677082", "units": "deg", "title": "inclination", "name": "i", "sigma": 0.00370297486326407}], "epoch": "2459019.5", "data": [["3.326104357703169E-5", "-.001177926641179964", "3.581891206669389", "7.731190738243603E-7", ".007309415273165522", "-2.076144058412961E-6"], ["-.001177926641179964", ".04214385604328527", "-126.2826886652831", "-2.756262228986857E-5", "-.2559729500213612", "7.403034550109104E-5"], ["3.581891206669389", "-126.2826886652831", "386509.4078448405", ".08303047783174788", "791.0354355495323", "-.222954095706438"], ["7.731190738243603E-7", "-2.756262228986857E-5", ".08303047783174788", "2.016099080280775E-6", ".0001667528278919789", "-5.189131497330075E-6"], [".007309415273165522", "-.2559729500213612", "791.0354355495323", ".0001667528278919789", "1.625901993438013", "-.0004479318538090772"], ["-2.076144058412961E-6", "7.403034550109104E-5", "-.222954095706438", "-5.189131497330075E-6", "-.0004479318538090772", "1.371202283796552E-5"]], "labels": ["e", "q", "tp", "node", "peri", "i"]}, "moid": "38.3208", "source": "JPL", "sb_used": "SB441-N16", "n_obs_used": 8, "equinox": "J2000", "not_valid_after": null, "condition_code": "6", "model_pars": [], "soln_date": "2023-11-29 08:12:03", "moid_jup": "33.9791", "last_obs": "2021-09-05", "producer": "Otto Matic", "t_jup": "5.947"}, "signature": {"version": "1.3", "source": "NASA/JPL Small-Body Database (SBDB) API"}}