{"object": {"fullname": "533028 (2014 AL55)", "neo": false, "prefix": null, "orbit_id": "9", "orbit_class": {"name": "TransNeptunian Object", "code": "TNO"}, "pha": false, "kind": "an", "des": "533028", "spkid": "20533028"}, "orbit": {"moid_jup": "27.4714", "last_obs": "2022-03-02", "source": "JPL", "t_jup": "5.715", "data_arc": "4312", "condition_code": "2", "first_obs": "2010-05-12", "not_valid_before": null, "rms": ".55434", "model_pars": [], "equinox": "J2000", "moid": "31.9236", "comment": null, "covariance": {"labels": ["e", "q", "tp", "node", "peri", "i"], "elements": [{"value": ".2523076778002969", "title": "eccentricity", "name": "e", "label": "e", "units": null, "sigma": 1.66489585831639e-05}, {"sigma": 0.00041756482759836, "units": "au", "label": "q", "name": "q", "title": "perihelion distance", "value": "32.90585340167667"}, {"name": "tp", "title": "time of perihelion passage", "sigma": 0.557137098363314, "units": "TDB", "label": "tp", "value": "2466789.952608847228"}, {"title": "longitude of the ascending node", "name": "om", "label": "node", "units": "deg", "sigma": 0.000283281854368394, "value": "104.594770419864"}, {"title": "argument of perihelion", "name": "w", "label": "peri", "units": "deg", "sigma": 0.00353755695528916, "value": "74.15010222845419"}, {"title": "inclination", "name": "i", "label": "i", "sigma": 5.09536014468212e-05, "units": "deg", "value": "4.315349130779967"}], "data": [["2.771878219039066E-10", "4.56201153028738E-9", "-6.998424567547841E-6", "-1.183003610458933E-10", "-4.16578952532653E-8", "-1.144420516281282E-11"], ["4.56201153028738E-9", "1.743603852472483E-7", "-.0002299614508711246", "-2.250861914499986E-9", "-1.46692617385632E-6", "-1.718750070353832E-10"], ["-6.998424567547841E-6", "-.0002299614508711246", ".3104017463726928", "3.317484350139475E-6", ".001960096134894842", "2.678491143317308E-7"], ["-1.183003610458933E-10", "-2.250861914499986E-9", "3.317484350139475E-6", "8.024860901439587E-8", "-5.990211202475365E-8", "1.398872692665319E-8"], ["-4.16578952532653E-8", "-1.46692617385632E-6", ".001960096134894842", "-5.990211202475365E-8", "1.25143092119147E-5", "-1.236415591186955E-8"], ["-1.144420516281282E-11", "-1.718750070353832E-10", "2.678491143317308E-7", "1.398872692665319E-8", "-1.236415591186955E-8", "2.596269500401503E-9"]], "epoch": "2457397.5"}, "sb_used": "SB441-N16", "pe_used": "DE441", "epoch": "2460200.5", "n_dop_obs_used": null, "orbit_id": "9", "two_body": null, "n_obs_used": 168, "elements": [{"value": ".2444259050106011", "title": "eccentricity", "name": "e", "label": "e", "units": null, "sigma": "1.6494E-5"}, {"title": "semi-major axis", "name": "a", "label": "a", "units": "au", "sigma": ".0013812", "value": "43.56713457479438"}, {"title": "perihelion distance", "name": "q", "label": "q", "units": "au", "sigma": ".00042128", "value": "32.91819827763161"}, {"value": "4.317244619767679", "units": "deg", "sigma": "5.1064E-5", "label": "i", "name": "i", "title": "inclination; angle with respect to x-y ecliptic plane"}, {"units": "deg", "sigma": ".00028376", "label": "node", "name": "om", "title": "longitude of the ascending node", "value": "104.5852446118382"}, {"value": "74.46849256357679", "sigma": ".0036616", "units": "deg", "label": "peri", "name": "w", "title": "argument of perihelion"}, {"name": "ma", "title": "mean anomaly", "sigma": ".0030171", "units": "deg", "label": "M", "value": "337.1219812814813"}, {"label": "tp", "sigma": ".57988", "units": "TDB", "title": "time of perihelion passage", "name": "tp", "value": "2466875.524020338401"}, {"value": "105035.6972291794", "title": "sidereal orbital period", "name": "per", "label": "period", "units": "d", "sigma": "4.9949"}, {"value": ".003427406200908146", "name": "n", "title": "mean motion", "sigma": "1.6299E-7", "units": "deg/d", "label": "n"}, {"name": "ad", "title": "aphelion distance", "units": "au", "sigma": ".0017188", "label": "Q", "value": "54.21607087195714"}], "producer": "Otto Matic", "soln_date": "2022-04-13 12:19:30", "n_del_obs_used": null, "not_valid_after": null}, "signature": {"version": "1.3", "source": "NASA/JPL Small-Body Database (SBDB) API"}}