{"object": {"orbit_id": "5", "orbit_class": {"code": "TNO", "name": "TransNeptunian Object"}, "prefix": null, "neo": false, "fullname": "131695 (2001 XS254)", "pha": false, "spkid": "20131695", "des": "131695", "kind": "an"}, "orbit": {"n_del_obs_used": null, "not_valid_after": null, "elements": [{"value": ".0526881602457483", "units": null, "sigma": "3.7775E-5", "label": "e", "name": "e", "title": "eccentricity"}, {"units": "au", "sigma": ".0022042", "label": "a", "name": "a", "title": "semi-major axis", "value": "37.15441921269848"}, {"label": "q", "units": "au", "sigma": ".00071347", "title": "perihelion distance", "name": "q", "value": "35.19682121938211"}, {"value": "4.259888999600399", "sigma": "7.6377E-5", "units": "deg", "label": "i", "name": "i", "title": "inclination; angle with respect to x-y ecliptic plane"}, {"value": "94.68118276569146", "label": "node", "units": "deg", "sigma": ".00073875", "title": "longitude of the ascending node", "name": "om"}, {"sigma": ".026156", "units": "deg", "label": "peri", "name": "w", "title": "argument of perihelion", "value": "1.861095169440675"}, {"units": "deg", "sigma": ".027003", "label": "M", "name": "ma", "title": "mean anomaly", "value": "42.98414086221797"}, {"title": "time of perihelion passage", "name": "tp", "label": "tp", "units": "TDB", "sigma": "5.3675", "value": "2450323.617385319685"}, {"title": "sidereal orbital period", "name": "per", "label": "period", "sigma": "7.3611", "units": "d", "value": "82720.68883922417"}, {"title": "mean motion", "name": "n", "label": "n", "sigma": "3.8727E-7", "units": "deg/d", "value": ".004351994707148723"}, {"value": "39.11201720601485", "name": "ad", "title": "aphelion distance", "sigma": ".0023203", "units": "au", "label": "Q"}], "soln_date": "2021-04-13 17:56:24", "producer": "Otto Matic", "two_body": null, "n_obs_used": 73, "epoch": "2460200.5", "n_dop_obs_used": null, "orbit_id": "5", "pe_used": "DE441", "covariance": {"labels": ["e", "q", "tp", "node", "peri", "i"], "elements": [{"name": "e", "title": "eccentricity", "units": null, "sigma": 4.02767130597659e-05, "label": "e", "value": ".05636999749931158"}, {"sigma": 0.000624298520223226, "units": "au", "label": "q", "name": "q", "title": "perihelion distance", "value": "35.32341200428854"}, {"label": "tp", "sigma": 4.19040210788617, "units": "TDB", "title": "time of perihelion passage", "name": "tp", "value": "2451777.629424128905"}, {"units": "deg", "sigma": 0.000736331635884147, "label": "node", "name": "om", "title": "longitude of the ascending node", "value": "94.71209969233568"}, {"units": "deg", "sigma": 0.020310339136418, "label": "peri", "name": "w", "title": "argument of perihelion", "value": "8.885812559965508"}, {"label": "i", "sigma": 7.61954927162882e-05, "units": "deg", "title": "inclination", "name": "i", "value": "4.259945829736758"}], "data": [["1.622213614898717E-9", "2.402606308709987E-8", ".0001466835578665388", "-2.073486967397254E-10", "7.093461276608265E-7", "4.78824584122673E-11"], ["2.402606308709987E-8", "3.897486423529091E-7", ".002545742898805562", "-3.64393181287452E-9", "1.232447450503608E-5", "6.739111529021668E-10"], [".0001466835578665388", ".002545742898805562", "17.55946982577685", "-2.51278230880838E-5", ".08505231077312503", "3.88561260181364E-6"], ["-2.073486967397254E-10", "-3.64393181287452E-9", "-2.51278230880838E-5", "5.421842780038245E-7", "-6.623896680111478E-7", "5.50619326004536E-8"], ["7.093461276608265E-7", "1.232447450503608E-5", ".08505231077312503", "-6.623896680111478E-7", ".0004125098758363142", "-3.61352623690194E-8"], ["4.78824584122673E-11", "6.739111529021668E-10", "3.88561260181364E-6", "5.50619326004536E-8", "-3.61352623690194E-8", "5.805753110277931E-9"]], "epoch": "2457254.5"}, "comment": null, "sb_used": "SB441-N16", "model_pars": [], "equinox": "J2000", "moid": "34.2123", "not_valid_before": null, "rms": ".62802", "data_arc": "6623", "condition_code": "3", "first_obs": "2001-12-09", "t_jup": "5.462", "source": "JPL", "last_obs": "2020-01-27", "moid_jup": "30.0131"}, "signature": {"version": "1.3", "source": "NASA/JPL Small-Body Database (SBDB) API"}}