{"signature": {"version": "1.3", "source": "NASA/JPL Small-Body Database (SBDB) API"}, "object": {"spkid": "3775184", "neo": false, "orbit_id": "4", "kind": "au", "pha": false, "orbit_class": {"code": "TNO", "name": "TransNeptunian Object"}, "des": "2013 UR15", "prefix": null, "fullname": "(2013 UR15)"}, "orbit": {"moid": "14.7127", "source": "JPL", "sb_used": "SB441-N16", "n_obs_used": 29, "covariance": {"epoch": "2456739.5", "elements": [{"name": "e", "sigma": 7.81886765079984e-05, "title": "eccentricity", "label": "e", "value": ".7199758750028059", "units": null}, {"label": "q", "value": "15.6860788756135", "units": "au", "title": "perihelion distance", "name": "q", "sigma": 0.000276534308266051}, {"value": "2455676.622196219381", "label": "tp", "units": "TDB", "name": "tp", "sigma": 0.151393769536844, "title": "time of perihelion passage"}, {"title": "longitude of the ascending node", "name": "om", "sigma": 0.000101363102357532, "value": "194.6359720599563", "label": "node", "units": "deg"}, {"sigma": 0.00345175638657984, "name": "w", "title": "argument of perihelion", "label": "peri", "value": "163.6567148431426", "units": "deg"}, {"name": "i", "sigma": 0.000317262044511255, "title": "inclination", "label": "i", "units": "deg", "value": "22.25165035476951"}], "labels": ["e", "q", "tp", "node", "peri", "i"], "data": [["6.113469134072419E-9", "9.854801141686955E-9", "-8.795773594970682E-7", "-1.794583155816763E-10", "-3.217026293946163E-8", "1.851952405723932E-9"], ["9.854801141686955E-9", "7.647122364818342E-8", "3.433972782977916E-5", "-1.993673871535747E-9", "7.677752305220198E-7", "9.888719182726666E-11"], ["-8.795773594970682E-7", "3.433972782977916E-5", ".02292007345457499", "-9.673567334716456E-7", ".0005214496989217118", "-2.187135458713597E-6"], ["-1.794583155816763E-10", "-1.993673871535747E-9", "-9.673567334716456E-7", "1.027447851954359E-8", "-3.132332123200681E-8", "2.357871636804483E-8"], ["-3.217026293946163E-8", "7.677752305220198E-7", ".0005214496989217118", "-3.132332123200681E-8", "1.191462215229473E-5", "-7.484559432415739E-8"], ["1.851952405723932E-9", "9.888719182726666E-11", "-2.187135458713597E-6", "2.357871636804483E-8", "-7.484559432415739E-8", "1.006552048874613E-7"]]}, "not_valid_before": null, "elements": [{"label": "e", "units": null, "value": ".7240197382147907", "sigma": "7.8452E-5", "name": "e", "title": "eccentricity"}, {"units": "au", "label": "a", "value": "56.92685686892446", "title": "semi-major axis", "sigma": ".016663", "name": "a"}, {"title": "perihelion distance", "sigma": ".00027514", "name": "q", "label": "q", "units": "au", "value": "15.71068886129491"}, {"sigma": ".0003167", "name": "i", "title": "inclination; angle with respect to x-y ecliptic plane", "label": "i", "units": "deg", "value": "22.2178760973363"}, {"title": "longitude of the ascending node", "name": "om", "sigma": ".00010143", "label": "node", "value": "194.5133752575083", "units": "deg"}, {"sigma": ".0034372", "name": "w", "title": "argument of perihelion", "units": "deg", "label": "peri", "value": "163.9262594601109"}, {"label": "M", "value": "10.35580368136909", "units": "deg", "title": "mean anomaly", "sigma": ".0045502", "name": "ma"}, {"units": "TDB", "label": "tp", "value": "2455687.601735590186", "name": "tp", "sigma": ".1511", "title": "time of perihelion passage"}, {"name": "per", "sigma": "68.883", "title": "sidereal orbital period", "label": "period", "value": "156882.4038360629", "units": "d"}, {"label": "n", "value": ".002294712416417258", "units": "deg/d", "name": "n", "sigma": "1.0075E-6", "title": "mean motion"}, {"value": "98.14302487655401", "label": "Q", "units": "au", "title": "aphelion distance", "name": "ad", "sigma": ".028728"}], "comment": null, "epoch": "2460200.5", "orbit_id": "4", "pe_used": "DE441", "two_body": null, "first_obs": "2013-09-04", "n_del_obs_used": null, "data_arc": "1568", "n_dop_obs_used": null, "rms": ".23337", "t_jup": "4.316", "last_obs": "2017-12-20", "producer": "Otto Matic", "moid_jup": "10.8046", "soln_date": "2021-04-15 08:53:21", "equinox": "J2000", "not_valid_after": null, "condition_code": "3", "model_pars": []}}