{"orbit": {"last_obs": "2017-08-26", "source": "JPL", "moid_jup": "31.1569", "condition_code": "4", "first_obs": "2014-05-30", "data_arc": "1184", "not_valid_before": null, "rms": ".16507", "t_jup": "5.636", "sb_used": "SB441-N16", "covariance": {"epoch": "2457334.5", "data": [["8.551141827719006E-8", "-2.504485334708878E-6", ".004654444263348372", "2.938056689980526E-8", "2.605234164982308E-5", "-3.560709807321298E-8"], ["-2.504485334708878E-6", "8.463938241141516E-5", "-.1549792156014454", "-1.196335084932728E-6", "-.0008654889795890829", "1.471708975686273E-6"], [".004654444263348372", "-.1549792156014454", "284.5483548612326", ".002142305617824985", "1.58913393042382", "-.00263123573851388"], ["2.938056689980526E-8", "-1.196335084932728E-6", ".002142305617824985", "3.251133801676131E-7", "1.166249890725932E-5", "-4.088917065320404E-7"], ["2.605234164982308E-5", "-.0008654889795890829", "1.58913393042382", "1.166249890725932E-5", ".008875741775440579", "-1.431367003136011E-5"], ["-3.560709807321298E-8", "1.471708975686273E-6", "-.00263123573851388", "-4.088917065320404E-7", "-1.431367003136011E-5", "5.198300038798602E-7"]], "elements": [{"value": ".3021125851579567", "label": "e", "sigma": 0.000292423354534466, "units": null, "title": "eccentricity", "name": "e"}, {"sigma": 0.00919996643534177, "units": "au", "label": "q", "name": "q", "title": "perihelion distance", "value": "36.48931922069915"}, {"value": "2463921.748342601517", "sigma": 16.8685611378455, "units": "TDB", "label": "tp", "name": "tp", "title": "time of perihelion passage"}, {"title": "longitude of the ascending node", "name": "om", "label": "node", "units": "deg", "sigma": 0.00057018714486352, "value": "71.97937793936265"}, {"name": "w", "title": "argument of perihelion", "sigma": 0.0942111552600889, "units": "deg", "label": "peri", "value": "195.5462231572056"}, {"value": "23.24087542092858", "name": "i", "title": "inclination", "sigma": 0.000720992374356248, "units": "deg", "label": "i"}], "labels": ["e", "q", "tp", "node", "peri", "i"]}, "comment": null, "pe_used": "DE441", "equinox": "J2000", "moid": "35.391", "model_pars": [], "producer": "Otto Matic", "soln_date": "2021-04-15 13:49:27", "elements": [{"value": ".2977581034093189", "name": "e", "title": "eccentricity", "sigma": ".0003029", "units": null, "label": "e"}, {"value": "51.83523298826519", "label": "a", "units": "au", "sigma": ".010814", "title": "semi-major axis", "name": "a"}, {"sigma": ".0094924", "units": "au", "label": "q", "name": "q", "title": "perihelion distance", "value": "36.40087232389919"}, {"value": "23.28935878623885", "label": "i", "sigma": ".00072464", "units": "deg", "title": "inclination; angle with respect to x-y ecliptic plane", "name": "i"}, {"name": "om", "title": "longitude of the ascending node", "sigma": ".0005708", "units": "deg", "label": "node", "value": "71.98360972818344"}, {"title": "argument of perihelion", "name": "w", "label": "peri", "sigma": ".093991", "units": "deg", "value": "196.8839672247561"}, {"name": "ma", "title": "mean anomaly", "units": "deg", "sigma": ".041739", "label": "M", "value": "349.4862957068802"}, {"title": "time of perihelion passage", "name": "tp", "label": "tp", "sigma": "16.661", "units": "TDB", "value": "2464181.473315011669"}, {"value": "136312.6024328134", "name": "per", "title": "sidereal orbital period", "units": "d", "sigma": "42.656", "label": "period"}, {"value": ".002640988386803333", "name": "n", "title": "mean motion", "sigma": "8.2644E-7", "units": "deg/d", "label": "n"}, {"value": "67.26959365263119", "title": "aphelion distance", "name": "ad", "label": "Q", "sigma": ".014034", "units": "au"}], "n_del_obs_used": null, "not_valid_after": null, "n_dop_obs_used": null, "orbit_id": "2", "epoch": "2460200.5", "n_obs_used": 38, "two_body": null}, "signature": {"version": "1.3", "source": "NASA/JPL Small-Body Database (SBDB) API"}, "object": {"kind": "au", "des": "2015 KV174", "spkid": "3831149", "fullname": "(2015 KV174)", "neo": false, "orbit_class": {"code": "TNO", "name": "TransNeptunian Object"}, "orbit_id": "2", "prefix": null, "pha": false}}