{"orbit": {"moid_jup": "23.7368", "soln_date": "2021-04-14 15:34:56", "not_valid_after": null, "equinox": "J2000", "condition_code": "4", "model_pars": [], "t_jup": "4.783", "last_obs": "2021-02-15", "producer": "Otto Matic", "orbit_id": "7", "pe_used": "DE441", "two_body": null, "first_obs": "2007-10-03", "n_del_obs_used": null, "data_arc": "4884", "rms": ".20617", "n_dop_obs_used": null, "source": "JPL", "sb_used": "SB441-N16", "moid": "27.5202", "n_obs_used": 40, "covariance": {"epoch": "2455158.5", "elements": [{"value": ".2785498939187477", "label": "e", "units": null, "title": "eccentricity", "sigma": 0.00020109593684761, "name": "e"}, {"title": "perihelion distance", "sigma": 0.00180439896119523, "name": "q", "units": "au", "label": "q", "value": "28.45439627057259"}, {"value": "2454027.156855532065", "label": "tp", "units": "TDB", "title": "time of perihelion passage", "sigma": 1.91208665319439, "name": "tp"}, {"title": "longitude of the ascending node", "sigma": 0.000395901894451362, "name": "om", "label": "node", "value": "96.30924379603853", "units": "deg"}, {"title": "argument of perihelion", "sigma": 0.0142304035893869, "name": "w", "units": "deg", "label": "peri", "value": "312.4434747593778"}, {"name": "i", "sigma": 0.000248607694922118, "title": "inclination", "label": "i", "units": "deg", "value": "28.55895264044141"}], "data": [["4.043957581661798E-8", "3.553310498852555E-7", ".0003111490344932993", "-2.938792909739318E-8", "2.32015257392465E-6", "2.66812982160738E-8"], ["3.553310498852555E-7", "3.255855611162428E-6", ".003130657666763213", "-2.617094504815673E-7", "2.332998313945577E-5", "2.40097869517183E-7"], [".0003111490344932993", ".003130657666763213", "3.656075369324126", "-.0002348794956841837", ".02720235804176996", ".0002211284850836572"], ["-2.938792909739318E-8", "-2.617094504815673E-7", "-.0002348794956841837", "1.56738310030177E-7", "-1.870175241505072E-6", "-9.256876114385876E-8"], ["2.32015257392465E-6", "2.332998313945577E-5", ".02720235804176996", "-1.870175241505072E-6", ".0002025043863168366", "1.712602798713818E-6"], ["2.66812982160738E-8", "2.40097869517183E-7", ".0002211284850836572", "-9.256876114385876E-8", "1.712602798713818E-6", "6.180578597448904E-8"]], "labels": ["e", "q", "tp", "node", "peri", "i"]}, "not_valid_before": null, "comment": null, "epoch": "2460200.5", "elements": [{"title": "eccentricity", "name": "e", "sigma": ".00020196", "label": "e", "value": ".2812814845485542", "units": null}, {"units": "au", "label": "a", "value": "39.57915993605888", "title": "semi-major axis", "sigma": ".013574", "name": "a"}, {"units": "au", "label": "q", "value": "28.44627507205958", "name": "q", "sigma": ".0017918", "title": "perihelion distance"}, {"value": "28.51501012319382", "label": "i", "units": "deg", "name": "i", "sigma": ".00024882", "title": "inclination; angle with respect to x-y ecliptic plane"}, {"value": "96.33937530757359", "label": "node", "units": "deg", "title": "longitude of the ascending node", "name": "om", "sigma": ".00039702"}, {"label": "peri", "value": "312.8635728024591", "units": "deg", "name": "w", "sigma": ".013857", "title": "argument of perihelion"}, {"title": "mean anomaly", "name": "ma", "sigma": ".018946", "units": "deg", "label": "M", "value": "24.15096109554261"}, {"units": "TDB", "label": "tp", "value": "2454099.090097223309", "sigma": "1.8595", "name": "tp", "title": "time of perihelion passage"}, {"sigma": "46.788", "name": "per", "title": "sidereal orbital period", "value": "90949.07471011594", "label": "period", "units": "d"}, {"sigma": "2.0363E-6", "name": "n", "title": "mean motion", "label": "n", "value": ".003958259071325752", "units": "deg/d"}, {"title": "aphelion distance", "name": "ad", "sigma": ".017392", "value": "50.71204480005817", "label": "Q", "units": "au"}]}, "object": {"neo": false, "spkid": "20456826", "orbit_class": {"name": "TransNeptunian Object", "code": "TNO"}, "pha": false, "kind": "an", "orbit_id": "7", "fullname": "456826 (2007 TH422)", "des": "456826", "prefix": null}, "signature": {"version": "1.3", "source": "NASA/JPL Small-Body Database (SBDB) API"}}