{"object": {"spkid": "3727254", "neo": false, "pha": false, "orbit_id": "5", "kind": "au", "orbit_class": {"code": "TNO", "name": "TransNeptunian Object"}, "fullname": "(2013 GE138)", "des": "2013 GE138", "prefix": null}, "orbit": {"data_arc": "2282", "first_obs": "2013-03-07", "n_del_obs_used": null, "n_dop_obs_used": null, "rms": ".32688", "orbit_id": "5", "two_body": null, "pe_used": "DE441", "not_valid_before": null, "comment": null, "elements": [{"units": null, "label": "e", "value": ".05558846512988984", "title": "eccentricity", "sigma": ".00036699", "name": "e"}, {"sigma": ".0096022", "name": "a", "title": "semi-major axis", "label": "a", "value": "43.93631868362112", "units": "au"}, {"name": "q", "sigma": ".013376", "title": "perihelion distance", "label": "q", "units": "au", "value": "41.49396616454093"}, {"sigma": ".0014575", "name": "i", "title": "inclination; angle with respect to x-y ecliptic plane", "label": "i", "value": "3.077618089385148", "units": "deg"}, {"units": "deg", "label": "node", "value": "31.61077315885367", "name": "om", "sigma": ".0036147", "title": "longitude of the ascending node"}, {"title": "argument of perihelion", "sigma": ".55466", "name": "w", "value": "51.3807712204328", "label": "peri", "units": "deg"}, {"units": "deg", "label": "M", "value": "143.9309228885852", "title": "mean anomaly", "name": "ma", "sigma": ".63131"}, {"sigma": "175.32", "name": "tp", "title": "time of perihelion passage", "units": "TDB", "label": "tp", "value": "2417671.464397494005"}, {"sigma": "34.872", "name": "per", "title": "sidereal orbital period", "value": "106373.6166602208", "label": "period", "units": "d"}, {"sigma": "1.1095E-6", "name": "n", "title": "mean motion", "value": ".003384297829695065", "label": "n", "units": "deg/d"}, {"name": "ad", "sigma": ".010136", "title": "aphelion distance", "units": "au", "label": "Q", "value": "46.37867120270133"}], "epoch": "2460200.5", "covariance": {"labels": ["e", "q", "tp", "node", "peri", "i"], "data": [["1.679124804587952E-7", "-5.111269993404247E-6", ".06665822552172337", "2.013860237157786E-8", ".0002047655876598519", "8.371560673335013E-9"], ["-5.111269993404247E-6", ".000210528088137679", "-1.655962420854019", "-3.191357661475678E-7", "-.004828697775396176", "-1.427993418239361E-7"], [".06665822552172337", "-1.655962420854019", "29027.36147436724", ".00993713860862694", "90.92411006459527", ".00406467253379191"], ["2.013860237157786E-8", "-3.191357661475678E-7", ".00993713860862694", "1.31550988410315E-5", "1.877092599330947E-5", "5.224301736743681E-6"], [".0002047655876598519", "-.004828697775396176", "90.92411006459527", "1.877092599330947E-5", ".2859275179460982", "7.796139357743045E-6"], ["8.371560673335013E-9", "-1.427993418239361E-7", ".00406467253379191", "5.224301736743681E-6", "7.796139357743045E-6", "2.114884784825716E-6"]], "elements": [{"name": "e", "sigma": 0.000409771253821928, "title": "eccentricity", "label": "e", "units": null, "value": ".05448737815692288"}, {"sigma": 0.0145095860774069, "name": "q", "title": "perihelion distance", "label": "q", "value": "41.71852848388782", "units": "au"}, {"title": "time of perihelion passage", "name": "tp", "sigma": 170.37418077387, "label": "tp", "value": "2418995.324929019560", "units": "TDB"}, {"value": "31.54737557222381", "label": "node", "units": "deg", "title": "longitude of the ascending node", "sigma": 0.00362699584243372, "name": "om"}, {"label": "peri", "value": "56.40067178024388", "units": "deg", "title": "argument of perihelion", "name": "w", "sigma": 0.534721907112565}, {"sigma": 0.00145426434489254, "name": "i", "title": "inclination", "value": "3.067286779656575", "label": "i", "units": "deg"}], "epoch": "2456553.5"}, "n_obs_used": 28, "source": "JPL", "sb_used": "SB441-N16", "moid": "40.5096", "condition_code": "4", "not_valid_after": null, "equinox": "J2000", "model_pars": [], "soln_date": "2021-04-15 08:00:03", "moid_jup": "36.3799", "producer": "Otto Matic", "last_obs": "2019-06-06", "t_jup": "5.913"}, "signature": {"version": "1.3", "source": "NASA/JPL Small-Body Database (SBDB) API"}}