{"object": {"spkid": "3031988", "kind": "au", "des": "2000 FS53", "prefix": null, "orbit_id": "8", "orbit_class": {"code": "TNO", "name": "TransNeptunian Object"}, "neo": false, "fullname": "(2000 FS53)", "pha": false}, "orbit": {"two_body": null, "n_obs_used": 31, "orbit_id": "8", "n_dop_obs_used": null, "epoch": "2460200.5", "n_del_obs_used": null, "not_valid_after": null, "producer": "Otto Matic", "soln_date": "2021-04-14 20:55:43", "elements": [{"title": "eccentricity", "name": "e", "label": "e", "sigma": ".00014328", "units": null, "value": ".03345654165667052"}, {"value": "42.84881872220674", "units": "au", "sigma": ".017458", "label": "a", "name": "a", "title": "semi-major axis"}, {"value": "41.41524543368811", "title": "perihelion distance", "name": "q", "label": "q", "sigma": ".012749", "units": "au"}, {"name": "i", "title": "inclination; angle with respect to x-y ecliptic plane", "sigma": ".00057887", "units": "deg", "label": "i", "value": "2.095780519805217"}, {"label": "node", "units": "deg", "sigma": ".002043", "title": "longitude of the ascending node", "name": "om", "value": "26.1220993260052"}, {"name": "w", "title": "argument of perihelion", "units": "deg", "sigma": ".4965", "label": "peri", "value": "122.3400223636572"}, {"name": "ma", "title": "mean anomaly", "units": "deg", "sigma": ".50618", "label": "M", "value": "85.23818823102603"}, {"value": "2435943.425808444543", "label": "tp", "units": "TDB", "sigma": "129.35", "title": "time of perihelion passage", "name": "tp"}, {"value": "102448.7602351617", "name": "per", "title": "sidereal orbital period", "sigma": "62.613", "units": "d", "label": "period"}, {"value": ".003513951746938208", "name": "n", "title": "mean motion", "sigma": "2.1476E-6", "units": "deg/d", "label": "n"}, {"value": "44.28239201072538", "name": "ad", "title": "aphelion distance", "sigma": ".018043", "units": "au", "label": "Q"}], "moid": "40.4259", "equinox": "J2000", "model_pars": [], "pe_used": "DE441", "sb_used": "SB441-N16", "comment": null, "covariance": {"labels": ["e", "q", "tp", "node", "peri", "i"], "elements": [{"value": ".0389036163932996", "name": "e", "title": "eccentricity", "units": null, "sigma": 0.000167608858723503, "label": "e"}, {"title": "perihelion distance", "name": "q", "label": "q", "units": "au", "sigma": 0.0114259172466719, "value": "41.45210998818342"}, {"value": "2437762.093752379966", "title": "time of perihelion passage", "name": "tp", "label": "tp", "sigma": 106.706582484017, "units": "TDB"}, {"units": "deg", "sigma": 0.00205246981356941, "label": "node", "name": "om", "title": "longitude of the ascending node", "value": "26.01625937187132"}, {"value": "128.985041248335", "name": "w", "title": "argument of perihelion", "units": "deg", "sigma": 0.409582723607844, "label": "peri"}, {"value": "2.085240970131913", "title": "inclination", "name": "i", "label": "i", "sigma": 0.000577092079960883, "units": "deg"}], "data": [["2.809272952259528E-8", "1.240935446295054E-6", ".01346395598111674", "-7.078009095784202E-9", "5.118769493146335E-5", "4.029799931463788E-11"], ["1.240935446295054E-6", ".0001305515849277943", "1.205660169554751", "-6.182060725333864E-7", ".004635056975969685", "-8.75618352659623E-9"], [".01346395598111674", "1.205660169554751", "11386.29474541832", "-.005851318284695202", "43.70202644039755", "-6.573841050808559E-5"], ["-7.078009095784202E-9", "-6.182060725333864E-7", "-.005851318284695202", "4.212632335613631E-6", "-2.666057872862285E-5", "6.955733057779161E-7"], ["5.118769493146335E-5", ".004635056975969685", "43.70202644039755", "-2.666057872862285E-5", ".1677580074780193", "-9.521391633444232E-7"], ["4.029799931463788E-11", "-8.75618352659623E-9", "-6.573841050808559E-5", "6.955733057779161E-7", "-9.521391633444232E-7", "3.330352687535777E-7"]], "epoch": "2452670.5"}, "t_jup": "5.854", "rms": ".34093", "not_valid_before": null, "first_obs": "1999-05-16", "condition_code": "4", "data_arc": "5822", "moid_jup": "36.0208", "source": "JPL", "last_obs": "2015-04-24"}, "signature": {"version": "1.3", "source": "NASA/JPL Small-Body Database (SBDB) API"}}