{"object": {"spkid": "54199088", "des": "2015 VT207", "kind": "au", "orbit_class": {"name": "TransNeptunian Object", "code": "TNO"}, "orbit_id": "1", "prefix": null, "fullname": "(2015 VT207)", "neo": false, "pha": false}, "signature": {"version": "1.3", "source": "NASA/JPL Small-Body Database (SBDB) API"}, "orbit": {"equinox": "J2000", "moid": "35.5722", "model_pars": [], "pe_used": "DE441", "sb_used": "SB441-N16", "comment": null, "covariance": {"labels": ["e", "q", "tp", "node", "peri", "i"], "elements": [{"value": ".3106592460552705", "label": "e", "sigma": 0.000326231323763629, "units": null, "title": "eccentricity", "name": "e"}, {"value": "36.35896002966456", "title": "perihelion distance", "name": "q", "label": "q", "sigma": 0.00701874065171427, "units": "au"}, {"title": "time of perihelion passage", "name": "tp", "label": "tp", "units": "TDB", "sigma": 25.6197093418293, "value": "2454691.894194997113"}, {"name": "om", "title": "longitude of the ascending node", "units": "deg", "sigma": 0.00162426255823074, "label": "node", "value": "106.0359861896299"}, {"value": "245.6556704896177", "sigma": 0.13456207407916, "units": "deg", "label": "peri", "name": "w", "title": "argument of perihelion"}, {"label": "i", "sigma": 0.000161440896214771, "units": "deg", "title": "inclination", "name": "i", "value": "37.37003319984183"}], "epoch": "2457706.5", "data": [["1.064268766045695E-7", "2.976004800514724E-7", "-.001844593003005393", "3.789762580240859E-8", "-9.784780060105478E-6", "1.850615487775314E-8"], ["2.976004800514724E-7", "4.926272033602639E-5", ".1684779991903975", "-4.260944947760235E-6", ".000884210214015081", "-1.315088506011076E-7"], ["-.001844593003005393", ".1684779991903975", "656.3695067598131", "-.01634214206401005", "3.4472926435091", "-.0009878231117078514"], ["3.789762580240859E-8", "-4.260944947760235E-6", "-.01634214206401005", "2.638228858070273E-6", "-8.759810692747227E-5", "2.353584881770258E-7"], ["-9.784780060105478E-6", ".000884210214015081", "3.4472926435091", "-8.759810692747227E-5", ".01810695178048543", "-5.370298336913261E-6"], ["1.850615487775314E-8", "-1.315088506011076E-7", "-.0009878231117078514", "2.353584881770258E-7", "-5.370298336913261E-6", "2.606316297062847E-8"]]}, "two_body": null, "n_obs_used": 10, "n_dop_obs_used": null, "orbit_id": "1", "epoch": "2460200.5", "n_del_obs_used": null, "not_valid_after": null, "producer": "Otto Matic", "soln_date": "2021-09-22 11:42:08", "elements": [{"label": "e", "sigma": ".00032584", "units": null, "title": "eccentricity", "name": "e", "value": ".3225868204530936"}, {"units": "au", "sigma": ".029313", "label": "a", "name": "a", "title": "semi-major axis", "value": "53.74308288175637"}, {"value": "36.4062726535835", "sigma": ".0066863", "units": "au", "label": "q", "name": "q", "title": "perihelion distance"}, {"name": "i", "title": "inclination; angle with respect to x-y ecliptic plane", "units": "deg", "sigma": ".0001621", "label": "i", "value": "37.35771995952244"}, {"title": "longitude of the ascending node", "name": "om", "label": "node", "units": "deg", "sigma": ".0016227", "value": "106.0656056902605"}, {"value": "246.5765072422632", "title": "argument of perihelion", "name": "w", "label": "peri", "units": "deg", "sigma": ".1305"}, {"value": "13.28368925143123", "name": "ma", "title": "mean anomaly", "units": "deg", "sigma": ".064541", "label": "M"}, {"label": "tp", "units": "TDB", "sigma": "24.82", "title": "time of perihelion passage", "name": "tp", "value": "2454890.451391326445"}, {"value": "143907.1227081374", "name": "per", "title": "sidereal orbital period", "sigma": "117.74", "units": "d", "label": "period"}, {"value": ".00250161349365679", "title": "mean motion", "name": "n", "label": "n", "sigma": "2.0467E-6", "units": "deg/d"}, {"label": "Q", "sigma": ".038769", "units": "au", "title": "aphelion distance", "name": "ad", "value": "71.07989310992923"}], "moid_jup": "32.2658", "source": "JPL", "last_obs": "2018-12-02", "t_jup": "4.933", "rms": ".17792", "not_valid_before": null, "condition_code": "4", "first_obs": "2014-11-27", "data_arc": "1466"}}