{"orbit": {"model_pars": [], "not_valid_after": null, "condition_code": "2", "equinox": "J2000", "soln_date": "2021-04-15 09:25:45", "moid_jup": "8.42103", "last_obs": "2017-03-26", "producer": "Otto Matic", "t_jup": "3.292", "rms": ".58828", "n_dop_obs_used": null, "data_arc": "2267", "first_obs": "2011-01-10", "n_del_obs_used": null, "two_body": null, "pe_used": "DE441", "orbit_id": "10", "epoch": "2460200.5", "comment": null, "elements": [{"label": "e", "value": ".7211321358917757", "units": null, "title": "eccentricity", "sigma": "1.3893E-5", "name": "e"}, {"label": "a", "units": "au", "value": "47.50057593201318", "name": "a", "sigma": ".0025234", "title": "semi-major axis"}, {"label": "q", "value": "13.24638415407104", "units": "au", "sigma": "4.5402E-5", "name": "q", "title": "perihelion distance"}, {"title": "inclination; angle with respect to x-y ecliptic plane", "name": "i", "sigma": "2.454E-5", "label": "i", "value": "40.52139044352301", "units": "deg"}, {"label": "node", "units": "deg", "value": "158.9652806283132", "sigma": "9.7052E-6", "name": "om", "title": "longitude of the ascending node"}, {"name": "w", "sigma": ".00038402", "title": "argument of perihelion", "label": "peri", "value": "321.3236181435616", "units": "deg"}, {"title": "mean anomaly", "name": "ma", "sigma": ".0011381", "units": "deg", "label": "M", "value": "13.80241720157063"}, {"value": "2455615.921749990549", "label": "tp", "units": "TDB", "name": "tp", "sigma": ".014078", "title": "time of perihelion passage"}, {"sigma": "9.5284", "name": "per", "title": "sidereal orbital period", "label": "period", "value": "119576.7484709556", "units": "d"}, {"title": "mean motion", "name": "n", "sigma": "2.399E-7", "label": "n", "value": ".003010618741547749", "units": "deg/d"}, {"label": "Q", "value": "81.75476770995533", "units": "au", "sigma": ".0043431", "name": "ad", "title": "aphelion distance"}], "not_valid_before": null, "covariance": {"data": [["1.951860355992142E-10", "6.068767164969512E-10", "1.720592678481862E-7", "-2.620353635234629E-12", "4.592500973014293E-9", "7.651963663238843E-11"], ["6.068767164969512E-10", "2.037887266850559E-9", "6.079495485338719E-7", "-7.09859325425572E-12", "1.642883645680825E-8", "2.507850435991501E-10"], ["1.720592678481862E-7", "6.079495485338719E-7", ".0001923837943994342", "-1.721968136861506E-9", "5.211963839665301E-6", "7.320368610186811E-8"], ["-2.620353635234629E-12", "-7.09859325425572E-12", "-1.721968136861506E-9", "9.408985254802808E-11", "-1.164168003504567E-10", "-8.388575105148495E-11"], ["4.592500973014293E-9", "1.642883645680825E-8", "5.211963839665301E-6", "-1.164168003504567E-10", "1.41603547042948E-7", "2.036012194284202E-9"], ["7.651963663238843E-11", "2.507850435991501E-10", "7.320368610186811E-8", "-8.388575105148495E-11", "2.036012194284202E-9", "6.018852459946128E-10"]], "labels": ["e", "q", "tp", "node", "peri", "i"], "epoch": "2456923.5", "elements": [{"name": "e", "sigma": 1.39708995987808e-05, "title": "eccentricity", "units": null, "label": "e", "value": ".727297660717142"}, {"name": "q", "sigma": 4.51429647547717e-05, "title": "perihelion distance", "units": "au", "label": "q", "value": "13.29366582105155"}, {"label": "tp", "value": "2455628.565424651398", "units": "TDB", "sigma": 0.0138702485341624, "name": "tp", "title": "time of perihelion passage"}, {"sigma": 9.69999239937991e-06, "name": "om", "title": "longitude of the ascending node", "units": "deg", "label": "node", "value": "158.916908585391"}, {"sigma": 0.000376302467495163, "name": "w", "title": "argument of perihelion", "units": "deg", "label": "peri", "value": "321.7379660395205"}, {"value": "40.44123320574695", "label": "i", "units": "deg", "name": "i", "sigma": 2.45333496692688e-05, "title": "inclination"}]}, "source": "JPL", "sb_used": "SB441-N16", "n_obs_used": 126, "moid": "12.3464"}, "object": {"orbit_class": {"name": "TransNeptunian Object", "code": "TNO"}, "pha": false, "orbit_id": "10", "kind": "au", "fullname": "(2014 DT112)", "prefix": null, "des": "2014 DT112", "neo": false, "spkid": "3663063"}, "signature": {"version": "1.3", "source": "NASA/JPL Small-Body Database (SBDB) API"}}