{"signature": {"version": "1.3", "source": "NASA/JPL Small-Body Database (SBDB) API"}, "object": {"neo": false, "spkid": "20612579", "orbit_class": {"name": "TransNeptunian Object", "code": "TNO"}, "kind": "an", "orbit_id": "12", "pha": false, "prefix": null, "des": "612579", "fullname": "612579 (2003 QT91)"}, "orbit": {"rms": ".17773", "n_dop_obs_used": null, "n_del_obs_used": null, "first_obs": "2003-08-25", "data_arc": "6593", "pe_used": "DE441", "two_body": null, "orbit_id": "12", "elements": [{"label": "e", "units": null, "value": ".08717830944056329", "sigma": ".00010613", "name": "e", "title": "eccentricity"}, {"label": "a", "units": "au", "value": "44.56002088380652", "title": "semi-major axis", "sigma": ".0084782", "name": "a"}, {"title": "perihelion distance", "name": "q", "sigma": ".0031911", "label": "q", "value": "40.67535359452007", "units": "au"}, {"units": "deg", "label": "i", "value": ".1892132561023756", "name": "i", "sigma": ".00020326", "title": "inclination; angle with respect to x-y ecliptic plane"}, {"units": "deg", "label": "node", "value": "145.2970700965379", "sigma": ".049622", "name": "om", "title": "longitude of the ascending node"}, {"label": "peri", "value": "178.247363187387", "units": "deg", "name": "w", "sigma": ".080899", "title": "argument of perihelion"}, {"title": "mean anomaly", "name": "ma", "sigma": ".064735", "label": "M", "value": "44.27639714083178", "units": "deg"}, {"label": "tp", "units": "TDB", "value": "2446838.044285448485", "sigma": "15.865", "name": "tp", "title": "time of perihelion passage"}, {"units": "d", "label": "period", "value": "108646.6914174981", "title": "sidereal orbital period", "sigma": "31.007", "name": "per"}, {"title": "mean motion", "name": "n", "sigma": "9.4566E-7", "label": "n", "value": ".003313492526124179", "units": "deg/d"}, {"title": "aphelion distance", "name": "ad", "sigma": ".0092173", "units": "au", "label": "Q", "value": "48.44468817309296"}], "comment": null, "epoch": "2460200.5", "not_valid_before": null, "n_obs_used": 49, "source": "JPL", "sb_used": "SB441-N16", "moid": "39.6626", "covariance": {"data": [["9.290415045174126E-9", "3.050260296716794E-7", ".001607639282689125", "-1.555741181624933E-10", "6.488478247830529E-6", "1.933109806994375E-11"], ["3.050260296716794E-7", "1.280680004669717E-5", ".06718960406749351", "-2.200563161438828E-8", ".0002723093874406853", "6.270021940410807E-10"], [".001607639282689125", ".06718960406749351", "352.9862385479591", "-.0001145662955236284", "1.430384055455246", "3.295152975219066E-6"], ["-1.555741181624933E-10", "-2.200563161438828E-8", "-.0001145662955236284", ".002498672152665132", "-.002499127634574768", "1.002731144880657E-5"], ["6.488478247830529E-6", ".0002723093874406853", "1.430384055455246", "-.002499127634574768", ".008295292929958717", "-1.001395867706268E-5"], ["1.933109806994375E-11", "6.270021940410807E-10", "3.295152975219066E-6", "1.002731144880657E-5", "-1.001395867706268E-5", "4.179558503037851E-8"]], "labels": ["e", "q", "tp", "node", "peri", "i"], "epoch": "2457191.5", "elements": [{"value": ".07939757672646272", "label": "e", "units": null, "title": "eccentricity", "sigma": 9.63867991229822e-05, "name": "e"}, {"title": "perihelion distance", "sigma": 0.00357865897323246, "name": "q", "label": "q", "units": "au", "value": "40.50723733371733"}, {"title": "time of perihelion passage", "name": "tp", "sigma": 18.7879280003932, "label": "tp", "value": "2445360.242241522807", "units": "TDB"}, {"sigma": 0.0499867197630044, "name": "om", "title": "longitude of the ascending node", "value": "145.3786309256766", "label": "node", "units": "deg"}, {"sigma": 0.0910784987247743, "name": "w", "title": "argument of perihelion", "label": "peri", "units": "deg", "value": "172.4150386252664"}, {"label": "i", "value": ".1885928871092077", "units": "deg", "title": "inclination", "name": "i", "sigma": 0.000204439685556348}]}, "model_pars": [], "not_valid_after": null, "condition_code": "4", "equinox": "J2000", "moid_jup": "35.6284", "soln_date": "2023-10-11 13:20:44", "producer": "Otto Matic", "last_obs": "2021-09-12", "t_jup": "5.947"}}