{"object": {"spkid": "3831116", "kind": "au", "des": "2015 VX167", "prefix": null, "orbit_class": {"name": "TransNeptunian Object", "code": "TNO"}, "orbit_id": "2", "fullname": "(2015 VX167)", "neo": false, "pha": false}, "signature": {"version": "1.3", "source": "NASA/JPL Small-Body Database (SBDB) API"}, "orbit": {"pe_used": "DE441", "comment": null, "covariance": {"labels": ["e", "q", "tp", "node", "peri", "i"], "elements": [{"title": "eccentricity", "name": "e", "label": "e", "units": null, "sigma": 0.000184385942829671, "value": ".0418216103448967"}, {"title": "perihelion distance", "name": "q", "label": "q", "sigma": 0.00475028934748944, "units": "au", "value": "36.99977100301372"}, {"title": "time of perihelion passage", "name": "tp", "label": "tp", "units": "TDB", "sigma": 349.298841813365, "value": "2456131.953731105774"}, {"label": "node", "sigma": 7.57847964797684e-05, "units": "deg", "title": "longitude of the ascending node", "name": "om", "value": "233.1949590129991"}, {"value": "173.5916859915413", "name": "w", "title": "argument of perihelion", "sigma": 1.56223527051503, "units": "deg", "label": "peri"}, {"label": "i", "sigma": 0.00124076856319907, "units": "deg", "title": "inclination", "name": "i", "value": "20.13340831109903"}], "data": [["3.399817591318662E-8", "-6.825116509453676E-7", "-.05641542870782096", "-1.04332363373897E-10", "-.0002523231351947117", "-1.276060918048E-8"], ["-6.825116509453676E-7", "2.256524888487167E-5", "1.627669728379766", "1.844008371004028E-8", ".007279742598068675", "5.112839098751965E-7"], ["-.05641542870782096", "1.627669728379766", "122009.6808921585", ".001041017196159222", "545.6869678734051", ".03514727252236497"], ["-1.04332363373897E-10", "1.844008371004028E-8", ".001041017196159222", "5.743335377479922E-9", "4.650610623834586E-6", "-1.198697761570007E-8"], ["-.0002523231351947117", ".007279742598068675", "545.6869678734051", "4.650610623834586E-6", "2.440579040441154", ".0001572079157377973"], ["-1.276060918048E-8", "5.112839098751965E-7", ".03514727252236497", "-1.198697761570007E-8", ".0001572079157377973", "1.539506627423074E-6"]], "epoch": "2457530.5"}, "sb_used": "SB441-N16", "model_pars": [], "equinox": "J2000", "moid": "36.0024", "n_del_obs_used": null, "not_valid_after": null, "elements": [{"value": ".0503356317001426", "label": "e", "units": null, "sigma": ".00021687", "title": "eccentricity", "name": "e"}, {"label": "a", "units": "au", "sigma": ".0049349", "title": "semi-major axis", "name": "a", "value": "38.9533053153468"}, {"value": "36.9925660854903", "title": "perihelion distance", "name": "q", "label": "q", "units": "au", "sigma": ".005903"}, {"label": "i", "units": "deg", "sigma": ".0012373", "title": "inclination; angle with respect to x-y ecliptic plane", "name": "i", "value": "20.04978060349851"}, {"units": "deg", "sigma": "7.6166E-5", "label": "node", "name": "om", "title": "longitude of the ascending node", "value": "233.1509217079347"}, {"value": "171.898489869358", "units": "deg", "sigma": "1.297", "label": "peri", "name": "w", "title": "argument of perihelion"}, {"value": "18.00105157629752", "label": "M", "sigma": "1.1686", "units": "deg", "title": "mean anomaly", "name": "ma"}, {"value": "2455760.220843794401", "name": "tp", "title": "time of perihelion passage", "sigma": "288.58", "units": "TDB", "label": "tp"}, {"value": "88800.39532461567", "label": "period", "sigma": "16.875", "units": "d", "title": "sidereal orbital period", "name": "per"}, {"value": ".004054036006078536", "title": "mean motion", "name": "n", "label": "n", "units": "deg/d", "sigma": "7.704E-7"}, {"sigma": ".0051833", "units": "au", "label": "Q", "name": "ad", "title": "aphelion distance", "value": "40.9140445452033"}], "producer": "Otto Matic", "soln_date": "2021-04-15 15:18:36", "two_body": null, "n_obs_used": 28, "epoch": "2460200.5", "orbit_id": "2", "n_dop_obs_used": null, "source": "JPL", "last_obs": "2017-12-13", "moid_jup": "32.0049", "rms": ".16538", "not_valid_before": null, "data_arc": "846", "first_obs": "2015-08-20", "condition_code": "5", "t_jup": "5.268"}}