{"signature": {"version": "1.3", "source": "NASA/JPL Small-Body Database (SBDB) API"}, "orbit": {"n_del_obs_used": null, "not_valid_after": null, "elements": [{"value": ".04649976839979017", "units": null, "sigma": "3.7526E-6", "label": "e", "name": "e", "title": "eccentricity"}, {"value": "38.20744624343658", "title": "semi-major axis", "name": "a", "label": "a", "units": "au", "sigma": ".00047687"}, {"name": "q", "title": "perihelion distance", "units": "au", "sigma": ".00034928", "label": "q", "value": "36.43080884196934"}, {"units": "deg", "sigma": "2.8928E-5", "label": "i", "name": "i", "title": "inclination; angle with respect to x-y ecliptic plane", "value": "4.590605676897671"}, {"value": "192.0388658536157", "title": "longitude of the ascending node", "name": "om", "label": "node", "units": "deg", "sigma": "6.106E-5"}, {"value": "255.7209201178088", "title": "argument of perihelion", "name": "w", "label": "peri", "units": "deg", "sigma": ".011006"}, {"value": "307.5190306060508", "label": "M", "units": "deg", "sigma": ".010691", "title": "mean anomaly", "name": "ma"}, {"value": "2472775.841585105622", "label": "tp", "units": "TDB", "sigma": "2.3272", "title": "time of perihelion passage", "name": "tp"}, {"value": "86262.18270960478", "units": "d", "sigma": "1.615", "label": "period", "name": "per", "title": "sidereal orbital period"}, {"label": "n", "sigma": "7.8131E-8", "units": "deg/d", "title": "mean motion", "name": "n", "value": ".004173323566503217"}, {"sigma": ".00049904", "units": "au", "label": "Q", "name": "ad", "title": "aphelion distance", "value": "39.98408364490381"}], "producer": "Otto Matic", "soln_date": "2023-10-11 09:49:08", "two_body": null, "n_obs_used": 483, "epoch": "2460200.5", "orbit_id": "27", "n_dop_obs_used": null, "pe_used": "DE441", "comment": null, "covariance": {"data": [["6.208096459447285E-12", "1.26530408332635E-10", "-1.972234727262001E-6", "1.107053571128051E-13", "-8.972159372516306E-9", "2.218361290890962E-13"], ["1.26530408332635E-10", "1.792831101114921E-7", "-.001071989724766018", "2.503386116492983E-11", "-5.205555531124745E-6", "1.447997178279524E-10"], ["-1.972234727262001E-6", "-.001071989724766018", "6.657798685213106", "-1.677558606929955E-7", ".03220635426195667", "-8.873024152127872E-7"], ["1.107053571128051E-13", "2.503386116492983E-11", "-1.677558606929955E-7", "3.687051815428008E-9", "-4.480734151207442E-9", "1.323223739907632E-9"], ["-8.972159372516306E-9", "-5.205555531124745E-6", ".03220635426195667", "-4.480734151207442E-9", ".0001558577562142555", "-5.617041706747E-9"], ["2.218361290890962E-13", "1.447997178279524E-10", "-8.873024152127872E-7", "1.323223739907632E-9", "-5.617041706747E-9", "8.46107859360434E-10"]], "epoch": "2457558.5", "elements": [{"value": ".04262099438134215", "name": "e", "title": "eccentricity", "units": null, "sigma": 2.49160519734714e-06, "label": "e"}, {"value": "36.14195273053673", "title": "perihelion distance", "name": "q", "label": "q", "sigma": 0.000423418362983341, "units": "au"}, {"value": "2475775.245128720762", "sigma": 2.58027104878792, "units": "TDB", "label": "tp", "name": "tp", "title": "time of perihelion passage"}, {"label": "node", "units": "deg", "sigma": 6.07210986019523e-05, "title": "longitude of the ascending node", "name": "om", "value": "192.1184497669551"}, {"label": "peri", "units": "deg", "sigma": 0.0124843003894594, "title": "argument of perihelion", "name": "w", "value": "269.5034958444563"}, {"value": "4.615482723696164", "label": "i", "units": "deg", "sigma": 2.90879332260034e-05, "title": "inclination", "name": "i"}], "labels": ["e", "q", "tp", "node", "peri", "i"]}, "sb_used": "SB441-N16", "model_pars": [], "moid": "35.449", "equinox": "J2000", "not_valid_before": null, "rms": ".5365", "data_arc": "9106", "condition_code": "2", "first_obs": "1998-09-15", "t_jup": "5.532", "source": "JPL", "last_obs": "2023-08-21", "moid_jup": "31.3029"}, "object": {"pha": false, "fullname": "35671 (1998 SN165)", "neo": false, "prefix": null, "orbit_class": {"code": "TNO", "name": "TransNeptunian Object"}, "orbit_id": "27", "kind": "an", "des": "35671", "spkid": "20035671"}}