{"orbit": {"producer": "Otto Matic", "last_obs": "2020-08-19", "t_jup": "6.001", "equinox": "J2000", "not_valid_after": null, "condition_code": "2", "model_pars": [], "soln_date": "2022-04-13 12:10:47", "moid_jup": "33.0306", "not_valid_before": null, "elements": [{"label": "e", "units": null, "value": ".1852628210094181", "name": "e", "sigma": "2.3554E-5", "title": "eccentricity"}, {"title": "semi-major axis", "name": "a", "sigma": ".0018338", "label": "a", "units": "au", "value": "46.90813979480816"}, {"label": "q", "value": "38.21780548811786", "units": "au", "sigma": ".00049616", "name": "q", "title": "perihelion distance"}, {"units": "deg", "label": "i", "value": "3.492960199867681", "title": "inclination; angle with respect to x-y ecliptic plane", "name": "i", "sigma": "4.7888E-5"}, {"units": "deg", "label": "node", "value": "273.2390373846189", "sigma": ".0011963", "name": "om", "title": "longitude of the ascending node"}, {"name": "w", "sigma": ".0052528", "title": "argument of perihelion", "value": "15.27852460598636", "label": "peri", "units": "deg"}, {"sigma": ".0053692", "name": "ma", "title": "mean anomaly", "label": "M", "value": "38.84518179254361", "units": "deg"}, {"units": "TDB", "label": "tp", "value": "2447538.409871490727", "title": "time of perihelion passage", "name": "tp", "sigma": "1.0817"}, {"name": "per", "sigma": "6.8814", "title": "sidereal orbital period", "label": "period", "value": "117346.6627240323", "units": "d"}, {"title": "mean motion", "name": "n", "sigma": "1.799E-7", "label": "n", "units": "deg/d", "value": ".003067833303846252"}, {"title": "aphelion distance", "name": "ad", "sigma": ".0021736", "value": "55.59847410149847", "label": "Q", "units": "au"}], "comment": null, "epoch": "2460200.5", "covariance": {"data": [["5.255278306574214E-10", "8.140022286837226E-9", "1.841614017562344E-5", "1.343367276136058E-10", "8.416110600089662E-8", "1.666178388348061E-11"], ["8.140022286837226E-9", "2.719420069612199E-7", ".0005957331778761368", "-5.750513967108341E-10", "2.843046720043446E-6", "2.102371229600344E-10"], ["1.841614017562344E-5", ".0005957331778761368", "1.315392350582194", "-1.032098664636714E-6", ".006264434898071157", "4.734941075342366E-7"], ["1.343367276136058E-10", "-5.750513967108341E-10", "-1.032098664636714E-6", "1.437829746605047E-6", "-1.441946983173646E-6", "5.712916622465929E-8"], ["8.416110600089662E-8", "2.843046720043446E-6", ".006264434898071157", "-1.441946983173646E-6", "3.131851212865812E-5", "-5.488996423963408E-8"], ["1.666178388348061E-11", "2.102371229600344E-10", "4.734941075342366E-7", "5.712916622465929E-8", "-5.488996423963408E-8", "2.315139475908281E-9"]], "labels": ["e", "q", "tp", "node", "peri", "i"], "elements": [{"label": "e", "units": null, "value": ".1797520988654021", "title": "eccentricity", "name": "e", "sigma": 2.2924393790402e-05}, {"value": "38.03029126743995", "label": "q", "units": "au", "sigma": 0.000521480591164446, "name": "q", "title": "perihelion distance"}, {"title": "time of perihelion passage", "name": "tp", "sigma": 1.14690555434273, "label": "tp", "units": "TDB", "value": "2446952.728417276147"}, {"name": "om", "sigma": 0.00119909538678332, "title": "longitude of the ascending node", "label": "node", "value": "273.2859210869949", "units": "deg"}, {"name": "w", "sigma": 0.00559629449981487, "title": "argument of perihelion", "units": "deg", "label": "peri", "value": "12.55990386415984"}, {"sigma": 4.81158962912288e-05, "name": "i", "title": "inclination", "value": "3.497613910423238", "label": "i", "units": "deg"}], "epoch": "2456936.5"}, "source": "JPL", "moid": "37.201", "sb_used": "SB441-N16", "n_obs_used": 125, "data_arc": "6205", "first_obs": "2003-08-24", "n_del_obs_used": null, "n_dop_obs_used": null, "rms": ".60026", "orbit_id": "9", "two_body": null, "pe_used": "DE441"}, "object": {"kind": "an", "orbit_id": "9", "pha": false, "orbit_class": {"code": "TNO", "name": "TransNeptunian Object"}, "des": "612578", "prefix": null, "fullname": "612578 (2003 QR91)", "spkid": "20612578", "neo": false}, "signature": {"version": "1.3", "source": "NASA/JPL Small-Body Database (SBDB) API"}}