{"orbit": {"condition_code": "2", "first_obs": "2005-09-03", "data_arc": "5874", "not_valid_before": null, "rms": ".50671", "t_jup": "6.384", "last_obs": "2021-10-03", "source": "JPL", "moid_jup": "33.4011", "soln_date": "2022-04-13 12:08:54", "producer": "Otto Matic", "elements": [{"name": "e", "title": "eccentricity", "units": null, "sigma": "3.0358E-5", "label": "e", "value": ".5990335179942385"}, {"sigma": ".0080238", "units": "au", "label": "a", "name": "a", "title": "semi-major axis", "value": "95.77248834834289"}, {"value": "38.40155772597283", "label": "q", "units": "au", "sigma": ".00037356", "title": "perihelion distance", "name": "q"}, {"value": "22.8944858217453", "name": "i", "title": "inclination; angle with respect to x-y ecliptic plane", "units": "deg", "sigma": "5.2268E-5", "label": "i"}, {"value": "344.1619964960096", "units": "deg", "sigma": "5.4616E-5", "label": "node", "name": "om", "title": "longitude of the ascending node"}, {"label": "peri", "units": "deg", "sigma": ".0013806", "title": "argument of perihelion", "name": "w", "value": "347.1061046733382"}, {"value": "11.02548224975521", "sigma": ".0015851", "units": "deg", "label": "M", "name": "ma", "title": "mean anomaly"}, {"value": "2449715.832131028421", "label": "tp", "sigma": ".24129", "units": "TDB", "title": "time of perihelion passage", "name": "tp"}, {"value": "342341.5273208182", "label": "period", "units": "d", "sigma": "43.022", "title": "sidereal orbital period", "name": "per"}, {"units": "deg/d", "sigma": "1.3215E-7", "label": "n", "name": "n", "title": "mean motion", "value": ".001051581450890221"}, {"value": "153.143418970713", "label": "Q", "units": "au", "sigma": ".01283", "title": "aphelion distance", "name": "ad"}], "not_valid_after": null, "n_del_obs_used": null, "orbit_id": "13", "n_dop_obs_used": null, "epoch": "2460200.5", "n_obs_used": 184, "two_body": null, "sb_used": "SB441-N16", "comment": null, "covariance": {"epoch": "2456644.5", "data": [["9.09658898227899E-10", "9.16492451835877E-9", "5.284321259678624E-6", "5.181342378359951E-11", "2.79538281030256E-8", "7.938370178577194E-11"], ["9.16492451835877E-9", "1.417436906474995E-7", "9.119354659579011E-5", "5.274296001098869E-10", "5.155603979224229E-7", "8.393225509463939E-10"], ["5.284321259678624E-6", "9.119354659579011E-5", ".06054292024468061", "3.011165467228588E-7", ".0003452242891337786", "4.85681838522173E-7"], ["5.181342378359951E-11", "5.274296001098869E-10", "3.011165467228588E-7", "2.968247992810062E-9", "-1.130842042057649E-9", "2.746620851546185E-9"], ["2.79538281030256E-8", "5.155603979224229E-7", ".0003452242891337786", "-1.130842042057649E-9", "1.983396603062962E-6", "7.525247949315196E-11"], ["7.938370178577194E-11", "8.393225509463939E-10", "4.85681838522173E-7", "2.746620851546185E-9", "7.525247949315196E-11", "2.746949801880495E-9"]], "elements": [{"value": ".5909791462162203", "label": "e", "sigma": 3.01605520212727e-05, "units": null, "title": "eccentricity", "name": "e"}, {"name": "q", "title": "perihelion distance", "sigma": 0.00037648863282641, "units": "au", "label": "q", "value": "38.33876637698804"}, {"value": "2449624.365283791099", "label": "tp", "units": "TDB", "sigma": 0.246054709860796, "title": "time of perihelion passage", "name": "tp"}, {"value": "344.2599133568354", "title": "longitude of the ascending node", "name": "om", "label": "node", "units": "deg", "sigma": 5.448162986558e-05}, {"title": "argument of perihelion", "name": "w", "label": "peri", "sigma": 0.00140833114112518, "units": "deg", "value": "346.6279740116722"}, {"value": "22.96017494748942", "title": "inclination", "name": "i", "label": "i", "sigma": 5.24113518417575e-05, "units": "deg"}], "labels": ["e", "q", "tp", "node", "peri", "i"]}, "pe_used": "DE441", "moid": "37.3946", "equinox": "J2000", "model_pars": []}, "signature": {"version": "1.3", "source": "NASA/JPL Small-Body Database (SBDB) API"}, "object": {"des": "613037", "kind": "an", "spkid": "20613037", "fullname": "613037 (2005 RP43)", "neo": false, "prefix": null, "orbit_id": "13", "orbit_class": {"code": "TNO", "name": "TransNeptunian Object"}, "pha": false}}