{"signature": {"version": "1.3", "source": "NASA/JPL Small-Body Database (SBDB) API"}, "orbit": {"t_jup": "5.815", "last_obs": "2019-05-07", "producer": "Otto Matic", "soln_date": "2021-04-15 00:41:11", "moid_jup": "32.0541", "condition_code": "3", "not_valid_after": null, "equinox": "J2000", "model_pars": [], "covariance": {"data": [["2.48994522529383E-8", "1.650638637077359E-7", "-9.145571093423829E-6", "8.743543181646533E-9", "-5.822536959091744E-8", "-6.593177493269254E-10"], ["1.650638637077359E-7", "1.138957597192037E-6", "-.0002015159232884838", "6.471396560787625E-8", "-1.213539270346926E-6", "-6.444347512105483E-9"], ["-9.145571093423829E-6", "-.0002015159232884838", ".60894364917858", "-2.929171933790455E-5", ".003555121697898146", "8.845904375383256E-6"], ["8.743543181646533E-9", "6.471396560787625E-8", "-2.929171933790455E-5", "1.693973739765829E-7", "-3.095838667880686E-7", "-5.430538685904552E-8"], ["-5.822536959091744E-8", "-1.213539270346926E-6", ".003555121697898146", "-3.095838667880686E-7", "2.087254153301282E-5", "9.620525616867275E-8"], ["-6.593177493269254E-10", "-6.444347512105483E-9", "8.845904375383256E-6", "-5.430538685904552E-8", "9.620525616867275E-8", "1.84700074864056E-8"]], "labels": ["e", "q", "tp", "node", "peri", "i"], "elements": [{"value": ".7266970033779455", "label": "e", "units": null, "name": "e", "sigma": 0.000157795602768069, "title": "eccentricity"}, {"value": "36.79132301419628", "label": "q", "units": "au", "title": "perihelion distance", "sigma": 0.0010672195637225, "name": "q"}, {"label": "tp", "value": "2457005.317702239241", "units": "TDB", "title": "time of perihelion passage", "sigma": 0.780348415247048, "name": "tp"}, {"title": "longitude of the ascending node", "name": "om", "sigma": 0.000411579122376953, "label": "node", "value": "122.9932181309961", "units": "deg"}, {"sigma": 0.00456864767004557, "name": "w", "title": "argument of perihelion", "units": "deg", "label": "peri", "value": "130.2778369732348"}, {"title": "inclination", "sigma": 0.000135904405691668, "name": "i", "label": "i", "units": "deg", "value": "34.1765382202026"}], "epoch": "2455293.5"}, "moid": "35.9015", "source": "JPL", "sb_used": "SB441-N16", "n_obs_used": 44, "not_valid_before": null, "comment": null, "epoch": "2460200.5", "elements": [{"sigma": ".00015754", "name": "e", "title": "eccentricity", "label": "e", "units": null, "value": ".7227475612779501"}, {"label": "a", "units": "au", "value": "132.7961511679567", "title": "semi-major axis", "sigma": ".079231", "name": "a"}, {"label": "q", "value": "36.81805676421799", "units": "au", "sigma": ".0010672", "name": "q", "title": "perihelion distance"}, {"title": "inclination; angle with respect to x-y ecliptic plane", "name": "i", "sigma": ".00013647", "value": "34.19208162632054", "label": "i", "units": "deg"}, {"sigma": ".00041178", "name": "om", "title": "longitude of the ascending node", "value": "122.9451514088677", "label": "node", "units": "deg"}, {"label": "peri", "value": "130.3619450906564", "units": "deg", "title": "argument of perihelion", "name": "w", "sigma": ".0045912"}, {"units": "deg", "label": "M", "value": "2.056808763840082", "name": "ma", "sigma": ".0018681", "title": "mean anomaly"}, {"label": "tp", "value": "2457006.991530373346", "units": "TDB", "title": "time of perihelion passage", "sigma": ".7859", "name": "tp"}, {"name": "per", "sigma": "500.24", "title": "sidereal orbital period", "value": "558954.7600522487", "label": "period", "units": "d"}, {"name": "n", "sigma": "5.764E-7", "title": "mean motion", "units": "deg/d", "label": "n", "value": ".00064405927944213"}, {"units": "au", "label": "Q", "value": "228.7742455716954", "name": "ad", "sigma": ".1365", "title": "aphelion distance"}], "orbit_id": "6", "two_body": null, "pe_used": "DE441", "data_arc": "4347", "n_del_obs_used": null, "first_obs": "2007-06-12", "n_dop_obs_used": null, "rms": ".37287"}, "object": {"neo": false, "spkid": "3716468", "des": "2007 LH38", "prefix": null, "fullname": "(2007 LH38)", "orbit_class": {"name": "TransNeptunian Object", "code": "TNO"}, "kind": "au", "orbit_id": "6", "pha": false}}