{"object": {"neo": false, "fullname": "(2014 UH228)", "prefix": null, "orbit_id": "2", "orbit_class": {"code": "TNO", "name": "TransNeptunian Object"}, "pha": false, "des": "2014 UH228", "kind": "au", "spkid": "3790082"}, "signature": {"version": "1.3", "source": "NASA/JPL Small-Body Database (SBDB) API"}, "orbit": {"not_valid_after": null, "n_del_obs_used": null, "elements": [{"title": "eccentricity", "name": "e", "label": "e", "units": null, "sigma": ".00013691", "value": ".3333043867351991"}, {"value": "48.21805210945615", "name": "a", "title": "semi-major axis", "units": "au", "sigma": ".0084927", "label": "a"}, {"value": "32.14676382154799", "title": "perihelion distance", "name": "q", "label": "q", "sigma": ".002097", "units": "au"}, {"value": "3.10782984784753", "title": "inclination; angle with respect to x-y ecliptic plane", "name": "i", "label": "i", "units": "deg", "sigma": ".00015158"}, {"value": "282.6652527290768", "title": "longitude of the ascending node", "name": "om", "label": "node", "sigma": ".010527", "units": "deg"}, {"value": "83.35770420936686", "title": "argument of perihelion", "name": "w", "label": "peri", "sigma": ".037429", "units": "deg"}, {"name": "ma", "title": "mean anomaly", "sigma": ".014298", "units": "deg", "label": "M", "value": "19.8806119038742"}, {"value": "2453446.824864158530", "label": "tp", "sigma": "5.4696", "units": "TDB", "title": "time of perihelion passage", "name": "tp"}, {"value": "122296.1878969696", "name": "per", "title": "sidereal orbital period", "units": "d", "sigma": "32.31", "label": "period"}, {"value": ".002943673111898532", "label": "n", "sigma": "7.7771E-7", "units": "deg/d", "title": "mean motion", "name": "n"}, {"name": "ad", "title": "aphelion distance", "units": "au", "sigma": ".011323", "label": "Q", "value": "64.2893403973643"}], "producer": "Otto Matic", "soln_date": "2021-04-15 11:41:15", "n_obs_used": 43, "two_body": null, "epoch": "2460200.5", "n_dop_obs_used": null, "orbit_id": "2", "pe_used": "DE441", "covariance": {"elements": [{"value": ".3252849415701953", "label": "e", "sigma": 0.000136964752974945, "units": null, "title": "eccentricity", "name": "e"}, {"label": "q", "units": "au", "sigma": 0.0021319483473875, "title": "perihelion distance", "name": "q", "value": "32.1276911983521"}, {"sigma": 5.58164329041171, "units": "TDB", "label": "tp", "name": "tp", "title": "time of perihelion passage", "value": "2453380.933367508239"}, {"value": "282.7724004449813", "name": "om", "title": "longitude of the ascending node", "sigma": 0.010559383471178, "units": "deg", "label": "node"}, {"sigma": 0.0380762044850699, "units": "deg", "label": "peri", "name": "w", "title": "argument of perihelion", "value": "82.95063796231678"}, {"sigma": 0.000151551756927362, "units": "deg", "label": "i", "name": "i", "title": "inclination", "value": "3.108590652026516"}], "labels": ["e", "q", "tp", "node", "peri", "i"], "epoch": "2456914.5", "data": [["1.875934355748779E-8", "-1.698570452490453E-7", "-.0005574070541778549", "3.19280742379938E-8", "-3.690643279739187E-6", "-3.557314325201582E-10"], ["-1.698570452490453E-7", "4.54520375592828E-6", ".01162593016713145", "-4.080741024448204E-7", "7.607849343796381E-5", "6.502574005166402E-9"], ["-.0005574070541778549", ".01162593016713145", "31.15474182139803", "-.001223532659849628", ".204207020060983", "1.782688885676827E-5"], ["3.19280742379938E-8", "-4.080741024448204E-7", "-.001223532659849628", ".0001115005792913868", "-.0001193342850467411", "-1.584088663632935E-6"], ["-3.690643279739187E-6", "7.607849343796381E-5", ".204207020060983", "-.0001193342850467411", ".001449797347988857", "1.698029860684679E-6"], ["-3.557314325201582E-10", "6.502574005166402E-9", "1.782688885676827E-5", "-1.584088663632935E-6", "1.698029860684679E-6", "2.296793502777008E-8"]]}, "comment": null, "sb_used": "SB441-N16", "model_pars": [], "equinox": "J2000", "moid": "31.1462", "rms": ".26763", "not_valid_before": null, "data_arc": "1482", "condition_code": "4", "first_obs": "2013-08-09", "t_jup": "5.840", "source": "JPL", "last_obs": "2017-08-30", "moid_jup": "27.2099"}}