{"object": {"spkid": "54199492", "kind": "au", "des": "2013 RQ158", "prefix": null, "orbit_id": "1", "orbit_class": {"name": "TransNeptunian Object", "code": "TNO"}, "fullname": "(2013 RQ158)", "neo": false, "pha": false}, "signature": {"version": "1.3", "source": "NASA/JPL Small-Body Database (SBDB) API"}, "orbit": {"equinox": "J2000", "moid": "41.1516", "model_pars": [], "sb_used": "SB441-N16", "covariance": {"labels": ["e", "q", "tp", "node", "peri", "i"], "elements": [{"value": ".07185218107677044", "sigma": 0.00016243009675093, "units": null, "label": "e", "name": "e", "title": "eccentricity"}, {"value": "41.98284033579942", "title": "perihelion distance", "name": "q", "label": "q", "sigma": 0.00574589073971575, "units": "au"}, {"name": "tp", "title": "time of perihelion passage", "sigma": 30.6734606263571, "units": "TDB", "label": "tp", "value": "2472040.536214856158"}, {"value": "148.4841113179054", "label": "node", "units": "deg", "sigma": 0.00212381487211509, "title": "longitude of the ascending node", "name": "om"}, {"value": "267.2823352583972", "units": "deg", "sigma": 0.118052457278357, "label": "peri", "name": "w", "title": "argument of perihelion"}, {"sigma": 0.000471348526535221, "units": "deg", "label": "i", "name": "i", "title": "inclination", "value": "8.274302088494608"}], "epoch": "2457251.5", "data": [["2.63835363305165E-8", "4.630940528701718E-7", "-.003468028082805781", "1.035906580476764E-8", "-1.288354700921094E-5", "4.068637691168693E-9"], ["4.630940528701718E-7", "3.301526039275123E-5", "-.1705214056062232", "4.039136726209245E-7", "-.0006615244696720994", "1.578649393303702E-7"], ["-.003468028082805781", "-.1705214056062232", "940.8611867966807", "-.002332499585532095", "3.618486506797642", "-.0009125918901620552"], ["1.035906580476764E-8", "4.039136726209245E-7", "-.002332499585532095", "4.510589611017253E-6", "-1.337436456959077E-5", "9.930148485191096E-7"], ["-1.288354700921094E-5", "-.0006615244696720994", "3.618486506797642", "-1.337436456959077E-5", ".01393638266945819", "-4.468526032688144E-6"], ["4.068637691168693E-9", "1.578649393303702E-7", "-.0009125918901620552", "9.930148485191096E-7", "-4.468526032688144E-6", "2.22169433466924E-7"]]}, "comment": null, "pe_used": "DE441", "n_dop_obs_used": null, "orbit_id": "1", "epoch": "2460200.5", "two_body": null, "n_obs_used": 20, "producer": "Otto Matic", "soln_date": "2021-09-24 11:42:03", "elements": [{"value": ".08045520614957055", "name": "e", "title": "eccentricity", "sigma": ".00017341", "units": null, "label": "e"}, {"value": "45.818130082896", "label": "a", "units": "au", "sigma": ".012582", "title": "semi-major axis", "name": "a"}, {"label": "q", "sigma": ".0051743", "units": "au", "title": "perihelion distance", "name": "q", "value": "42.13182298168876"}, {"value": "8.246638520076012", "name": "i", "title": "inclination; angle with respect to x-y ecliptic plane", "units": "deg", "sigma": ".00046843", "label": "i"}, {"label": "node", "units": "deg", "sigma": ".0021263", "title": "longitude of the ascending node", "name": "om", "value": "148.3453637989846"}, {"label": "peri", "units": "deg", "sigma": ".097974", "title": "argument of perihelion", "name": "w", "value": "261.4757435371036"}, {"units": "deg", "sigma": ".09328", "label": "M", "name": "ma", "title": "mean anomaly", "value": "327.5196753603323"}, {"label": "tp", "units": "TDB", "sigma": "25.49", "title": "time of perihelion passage", "name": "tp", "value": "2470421.004383102658"}, {"value": "113280.3202780609", "sigma": "46.662", "units": "d", "label": "period", "name": "per", "title": "sidereal orbital period"}, {"value": ".003177957116614205", "label": "n", "units": "deg/d", "sigma": "1.3091E-6", "title": "mean motion", "name": "n"}, {"value": "49.50443718410324", "units": "au", "sigma": ".013594", "label": "Q", "name": "ad", "title": "aphelion distance"}], "n_del_obs_used": null, "not_valid_after": null, "moid_jup": "37.1775", "last_obs": "2017-10-17", "source": "JPL", "t_jup": "5.968", "condition_code": "4", "first_obs": "2004-07-16", "data_arc": "4841", "not_valid_before": null, "rms": ".21822"}}