{"object": {"pha": false, "orbit_id": "9", "kind": "au", "orbit_class": {"name": "TransNeptunian Object", "code": "TNO"}, "fullname": "(2004 EV95)", "des": "2004 EV95", "prefix": null, "spkid": "3180166", "neo": false}, "orbit": {"t_jup": "5.406", "last_obs": "2019-06-06", "producer": "Otto Matic", "moid_jup": "26.8964", "soln_date": "2021-04-14 22:10:37", "condition_code": "4", "not_valid_after": null, "equinox": "J2000", "model_pars": [], "n_obs_used": 23, "source": "JPL", "sb_used": "SB441-N16", "moid": "30.9316", "covariance": {"epoch": "2454924.5", "elements": [{"units": null, "label": "e", "value": ".1833051143213505", "name": "e", "sigma": 0.00010268600126691, "title": "eccentricity"}, {"sigma": 0.0199669453588902, "name": "q", "title": "perihelion distance", "value": "32.23991712479386", "label": "q", "units": "au"}, {"title": "time of perihelion passage", "sigma": 16.3879332370078, "name": "tp", "value": "2428982.200699037887", "label": "tp", "units": "TDB"}, {"units": "deg", "label": "node", "value": "192.1766051123303", "name": "om", "sigma": 0.000677359405378556, "title": "longitude of the ascending node"}, {"sigma": 0.130550660502631, "name": "w", "title": "argument of perihelion", "label": "peri", "units": "deg", "value": "255.1991975011055"}, {"sigma": 0.000431460249633981, "name": "i", "title": "inclination", "units": "deg", "label": "i", "value": "12.285849982658"}], "data": [["1.054441485618783E-8", "-1.496461065580037E-6", "-.0005780253807078582", "9.328517385676106E-9", "-7.423809892229713E-6", "3.036878217893446E-9"], ["-1.496461065580037E-6", ".0003986789069649078", ".292041459972023", "-2.204395247867353E-6", ".002537188624874318", "-5.789630534691094E-7"], ["-.0005780253807078582", ".292041459972023", "268.5643557806242", "-.001502100622996588", "2.07984890974828", "-.0003325920700150728"], ["9.328517385676106E-9", "-2.204395247867353E-6", "-.001502100622996588", "4.58815764054791E-7", "-1.400952874490942E-5", "2.686401700042015E-7"], ["-7.423809892229713E-6", ".002537188624874318", "2.07984890974828", "-1.400952874490942E-5", ".01704347495767316", "-3.573315354734711E-6"], ["3.036878217893446E-9", "-5.789630534691094E-7", "-.0003325920700150728", "2.686401700042015E-7", "-3.573315354734711E-6", "1.861579470142172E-7"]], "labels": ["e", "q", "tp", "node", "peri", "i"]}, "not_valid_before": null, "comment": null, "epoch": "2460200.5", "elements": [{"title": "eccentricity", "name": "e", "sigma": ".00010662", "value": ".1882127126408868", "label": "e", "units": null}, {"value": "39.28997465309643", "label": "a", "units": "au", "title": "semi-major axis", "sigma": ".020885", "name": "a"}, {"value": "31.89510194404546", "label": "q", "units": "au", "title": "perihelion distance", "sigma": ".019952", "name": "q"}, {"label": "i", "units": "deg", "value": "12.31340568904236", "sigma": ".00043309", "name": "i", "title": "inclination; angle with respect to x-y ecliptic plane"}, {"label": "node", "units": "deg", "value": "192.2756843854316", "sigma": ".00067829", "name": "om", "title": "longitude of the ascending node"}, {"sigma": ".12631", "name": "w", "title": "argument of perihelion", "units": "deg", "label": "peri", "value": "253.9704477642387"}, {"label": "M", "value": "125.0532711690048", "units": "deg", "title": "mean anomaly", "name": "ma", "sigma": ".15859"}, {"units": "TDB", "label": "tp", "value": "2428953.120234883587", "title": "time of perihelion passage", "name": "tp", "sigma": "15.227"}, {"name": "per", "sigma": "71.725", "title": "sidereal orbital period", "label": "period", "units": "d", "value": "89954.11803533899"}, {"label": "n", "value": ".004002040238542186", "units": "deg/d", "name": "n", "sigma": "3.191E-6", "title": "mean motion"}, {"label": "Q", "units": "au", "value": "46.68484736214739", "sigma": ".024816", "name": "ad", "title": "aphelion distance"}], "orbit_id": "9", "pe_used": "DE441", "two_body": null, "n_del_obs_used": null, "first_obs": "2004-03-15", "data_arc": "5561", "rms": ".21592", "n_dop_obs_used": null}, "signature": {"version": "1.3", "source": "NASA/JPL Small-Body Database (SBDB) API"}}