{"signature": {"version": "1.3", "source": "NASA/JPL Small-Body Database (SBDB) API"}, "object": {"neo": false, "spkid": "20469442", "des": "469442", "prefix": null, "fullname": "469442 (2002 GG166)", "orbit_class": {"name": "TransNeptunian Object", "code": "TNO"}, "orbit_id": "11", "kind": "an", "pha": false}, "orbit": {"equinox": "J2000", "not_valid_after": null, "condition_code": "2", "model_pars": [], "soln_date": "2021-04-14 16:19:06", "moid_jup": "9.07228", "last_obs": "2020-07-14", "producer": "Otto Matic", "t_jup": "4.267", "data_arc": "7375", "first_obs": "2000-05-05", "n_del_obs_used": null, "n_dop_obs_used": null, "rms": ".47899", "orbit_id": "11", "two_body": null, "pe_used": "DE441", "not_valid_before": null, "epoch": "2460200.5", "comment": null, "elements": [{"title": "eccentricity", "sigma": "4.3779E-6", "name": "e", "label": "e", "units": null, "value": ".5904538591970229"}, {"title": "semi-major axis", "sigma": ".0005453", "name": "a", "label": "a", "units": "au", "value": "34.45602731228188"}, {"title": "perihelion distance", "name": "q", "sigma": "8.4888E-5", "units": "au", "label": "q", "value": "14.11133301314702"}, {"title": "inclination; angle with respect to x-y ecliptic plane", "name": "i", "sigma": "1.8556E-5", "units": "deg", "label": "i", "value": "7.717311411690186"}, {"name": "om", "sigma": "4.0947E-5", "title": "longitude of the ascending node", "label": "node", "units": "deg", "value": "33.05461541299542"}, {"value": "275.2725855064768", "label": "peri", "units": "deg", "sigma": ".0006175", "name": "w", "title": "argument of perihelion"}, {"sigma": ".00030939", "name": "ma", "title": "mean anomaly", "label": "M", "value": "350.129343947849", "units": "deg"}, {"sigma": ".015554", "name": "tp", "title": "time of perihelion passage", "label": "tp", "units": "TDB", "value": "2462226.034989066691"}, {"title": "sidereal orbital period", "sigma": "1.7537", "name": "per", "units": "d", "label": "period", "value": "73874.78524338877"}, {"name": "n", "sigma": "1.1568E-7", "title": "mean motion", "value": ".00487311061296408", "label": "n", "units": "deg/d"}, {"name": "ad", "sigma": ".00086727", "title": "aphelion distance", "label": "Q", "value": "54.80072161141675", "units": "au"}], "covariance": {"data": [["1.966399839255261E-11", "2.93204654459646E-10", "-6.908772158501525E-8", "2.666131684077097E-12", "-2.37817873892014E-9", "5.512493735470618E-12"], ["2.93204654459646E-10", "7.175173315565989E-9", "-1.138052534058558E-6", "6.842341450292748E-11", "-5.142447777428909E-8", "1.313354984325519E-10"], ["-6.908772158501525E-8", "-1.138052534058558E-6", ".0002495662867544368", "-1.038017160434341E-8", "8.999150702047731E-6", "-2.107244734016912E-8"], ["2.666131684077097E-12", "6.842341450292748E-11", "-1.038017160434341E-8", "1.683306931166685E-9", "-2.152198064590962E-9", "5.732390085931566E-10"], ["-2.37817873892014E-9", "-5.142447777428909E-8", "8.999150702047731E-6", "-2.152198064590962E-9", "3.80512183818658E-7", "-1.511325781805395E-9"], ["5.512493735470618E-12", "1.313354984325519E-10", "-2.107244734016912E-8", "5.732390085931566E-10", "-1.511325781805395E-9", "3.428278003603205E-10"]], "labels": ["e", "q", "tp", "node", "peri", "i"], "epoch": "2457469.5", "elements": [{"label": "e", "units": null, "value": ".5905058354256507", "title": "eccentricity", "name": "e", "sigma": 4.43441071536598e-06}, {"label": "q", "value": "14.17616504099335", "units": "au", "title": "perihelion distance", "sigma": 8.47063947737477e-05, "name": "q"}, {"label": "tp", "value": "2462212.251208199255", "units": "TDB", "title": "time of perihelion passage", "sigma": 0.0157976671301315, "name": "tp"}, {"label": "node", "value": "32.96495171552779", "units": "deg", "name": "om", "sigma": 4.10281236612971e-05, "title": "longitude of the ascending node"}, {"label": "peri", "units": "deg", "value": "274.7922463383364", "name": "w", "sigma": 0.000616856696339318, "title": "argument of perihelion"}, {"units": "deg", "label": "i", "value": "7.699139068226591", "title": "inclination", "name": "i", "sigma": 1.85156096405255e-05}]}, "source": "JPL", "sb_used": "SB441-N16", "moid": "13.1059", "n_obs_used": 362}}