{"object": {"orbit_id": "2", "kind": "au", "pha": false, "orbit_class": {"name": "TransNeptunian Object", "code": "TNO"}, "prefix": null, "des": "2022 FG12", "fullname": "(2022 FG12)", "spkid": "54278348", "neo": false}, "orbit": {"comment": null, "epoch": "2460200.5", "elements": [{"label": "e", "units": null, "value": ".1411153226536369", "title": "eccentricity", "sigma": ".0035234", "name": "e"}, {"name": "a", "sigma": ".28868", "title": "semi-major axis", "value": "41.40264228845741", "label": "a", "units": "au"}, {"sigma": ".34109", "name": "q", "title": "perihelion distance", "units": "au", "label": "q", "value": "35.56009506320864"}, {"label": "i", "value": "21.34045598031102", "units": "deg", "name": "i", "sigma": ".015043", "title": "inclination; angle with respect to x-y ecliptic plane"}, {"title": "longitude of the ascending node", "name": "om", "sigma": ".0030814", "label": "node", "units": "deg", "value": "197.6490457613424"}, {"name": "w", "sigma": "2.4393", "title": "argument of perihelion", "label": "peri", "units": "deg", "value": "81.22213245320508"}, {"title": "mean anomaly", "sigma": "1.9866", "name": "ma", "value": "299.7403230310445", "label": "M", "units": "deg"}, {"title": "time of perihelion passage", "name": "tp", "sigma": "367.37", "units": "TDB", "label": "tp", "value": "2476488.389447042980"}, {"name": "per", "sigma": "1017.7", "title": "sidereal orbital period", "value": "97306.20036274486", "label": "period", "units": "d"}, {"title": "mean motion", "name": "n", "sigma": "3.8694E-5", "units": "deg/d", "label": "n", "value": ".003699661467182634"}, {"label": "Q", "units": "au", "value": "47.24518951370619", "name": "ad", "sigma": ".32942", "title": "aphelion distance"}], "not_valid_before": null, "covariance": {"epoch": "2459423.5", "elements": [{"name": "e", "sigma": 0.00347285723362419, "title": "eccentricity", "label": "e", "units": null, "value": ".1447475857801621"}, {"sigma": 0.33790655365779, "name": "q", "title": "perihelion distance", "value": "35.53640168315322", "label": "q", "units": "au"}, {"label": "tp", "units": "TDB", "value": "2476296.088015760386", "title": "time of perihelion passage", "name": "tp", "sigma": 359.148462811583}, {"value": "197.6444107808561", "label": "node", "units": "deg", "title": "longitude of the ascending node", "name": "om", "sigma": 0.00309081012159391}, {"value": "80.50602980144129", "label": "peri", "units": "deg", "title": "argument of perihelion", "sigma": 2.39229559066356, "name": "w"}, {"units": "deg", "label": "i", "value": "21.31290299018811", "sigma": 0.0150646671907294, "name": "i", "title": "inclination"}], "labels": ["e", "q", "tp", "node", "peri", "i"], "data": [["1.206073736513585E-5", "-.0008840700777906303", ".6882639789143568", "-5.409387042231165E-6", ".005278558407252133", "-2.626134061577373E-5"], ["-.0008840700777906303", ".1141808390048848", "-117.0041337946611", ".0009839962652466226", "-.7974274426263008", ".004770770253233573"], [".6882639789143568", "-117.0041337946611", "128987.6183399228", "-1.100440803514475", "854.5514605034931", "-5.333889321269451"], ["-5.409387042231165E-6", ".0009839962652466226", "-1.100440803514475", "9.553107207747352E-6", "-.007251314125283465", "4.637072652501116E-5"], [".005278558407252133", "-.7974274426263008", "854.5514605034931", "-.007251314125283465", "5.723078193108291", "-.03515110950085648"], ["-2.626134061577373E-5", ".004770770253233573", "-5.333889321269451", "4.637072652501116E-5", "-.03515110950085648", ".0002269441975674375"]]}, "n_obs_used": 13, "source": "JPL", "sb_used": "SB441-N16", "moid": "34.6129", "n_dop_obs_used": null, "rms": ".24999", "data_arc": "1180", "n_del_obs_used": null, "first_obs": "2020-01-30", "two_body": null, "pe_used": "DE441", "orbit_id": "2", "last_obs": "2023-04-24", "producer": "Otto Matic", "t_jup": "5.328", "model_pars": [], "not_valid_after": null, "condition_code": "6", "equinox": "J2000", "soln_date": "2023-04-29 06:33:12", "moid_jup": "30.7097"}, "signature": {"version": "1.3", "source": "NASA/JPL Small-Body Database (SBDB) API"}}