{"object": {"des": "2015 PL312", "kind": "au", "spkid": "3771804", "fullname": "(2015 PL312)", "neo": false, "prefix": null, "orbit_id": "5", "orbit_class": {"name": "TransNeptunian Object", "code": "TNO"}, "pha": false}, "orbit": {"pe_used": "DE441", "sb_used": "SB441-N16", "comment": null, "covariance": {"labels": ["e", "q", "tp", "node", "peri", "i"], "elements": [{"value": ".132548659058032", "label": "e", "units": null, "sigma": 0.000488975512371662, "title": "eccentricity", "name": "e"}, {"value": "36.18834277366932", "name": "q", "title": "perihelion distance", "sigma": 0.015758540931567, "units": "au", "label": "q"}, {"name": "tp", "title": "time of perihelion passage", "sigma": 47.3196104393494, "units": "TDB", "label": "tp", "value": "2466317.377322518623"}, {"value": "71.70726587667741", "label": "node", "sigma": 0.00161673656690829, "units": "deg", "title": "longitude of the ascending node", "name": "om"}, {"value": "5.937179359235347", "sigma": 0.246467228183466, "units": "deg", "label": "peri", "name": "w", "title": "argument of perihelion"}, {"value": "26.15391886271765", "units": "deg", "sigma": 0.00103519099870874, "label": "i", "name": "i", "title": "inclination"}], "data": [["2.390970516991291E-7", "-7.007132605290946E-6", ".02108949407548712", "-1.537671836810522E-7", ".0001103427723783824", "1.017940518094986E-7"], ["-7.007132605290946E-6", ".0002483316122918723", "-.7451496882147837", "4.096593022943804E-6", "-.003881278907307104", "-2.527576250620868E-6"], [".02108949407548712", "-.7451496882147837", "2239.145532131786", "-.01241936174487454", "11.6618517969302", ".007687763978330917"], ["-1.537671836810522E-7", "4.096593022943804E-6", "-.01241936174487454", "2.61383712677841E-6", "-6.73533322615071E-5", "-1.669224808093494E-6"], [".0001103427723783824", "-.003881278907307104", "11.6618517969302", "-6.73533322615071E-5", ".06074609456844059", "4.180533106944806E-5"], ["1.017940518094986E-7", "-2.527576250620868E-6", ".007687763978330917", "-1.669224808093494E-6", "4.180533106944806E-5", "1.071620403807589E-6"]], "epoch": "2457736.5"}, "moid": "35.3032", "equinox": "J2000", "model_pars": [], "not_valid_after": null, "n_del_obs_used": null, "soln_date": "2021-09-09 00:02:26", "producer": "Otto Matic", "elements": [{"value": ".1408088912568248", "name": "e", "title": "eccentricity", "sigma": ".00046316", "units": null, "label": "e"}, {"sigma": ".010534", "units": "au", "label": "a", "name": "a", "title": "semi-major axis", "value": "42.23643498751347"}, {"name": "q", "title": "perihelion distance", "units": "au", "sigma": ".014812", "label": "q", "value": "36.28916940628073"}, {"title": "inclination; angle with respect to x-y ecliptic plane", "name": "i", "label": "i", "units": "deg", "sigma": ".0010309", "value": "26.07501776971452"}, {"title": "longitude of the ascending node", "name": "om", "label": "node", "units": "deg", "sigma": ".0016206", "value": "71.78762006421559"}, {"value": "2.866228295855399", "name": "w", "title": "argument of perihelion", "units": "deg", "sigma": ".24265", "label": "peri"}, {"value": "340.3252323109219", "title": "mean anomaly", "name": "ma", "label": "M", "sigma": ".16674", "units": "deg"}, {"value": "2465679.943083667154", "units": "TDB", "sigma": "47.071", "label": "tp", "name": "tp", "title": "time of perihelion passage"}, {"sigma": "37.507", "units": "d", "label": "period", "name": "per", "title": "sidereal orbital period", "value": "100260.3711155994"}, {"value": ".003590650981980934", "name": "n", "title": "mean motion", "units": "deg/d", "sigma": "1.3432E-6", "label": "n"}, {"label": "Q", "sigma": ".012017", "units": "au", "title": "aphelion distance", "name": "ad", "value": "48.1837005687462"}], "n_obs_used": 31, "two_body": null, "n_dop_obs_used": null, "orbit_id": "5", "epoch": "2460200.5", "source": "JPL", "last_obs": "2018-12-01", "moid_jup": "31.2167", "rms": ".16062", "not_valid_before": null, "condition_code": "4", "first_obs": "2014-09-30", "data_arc": "1523", "t_jup": "5.190"}, "signature": {"version": "1.3", "source": "NASA/JPL Small-Body Database (SBDB) API"}}