{"orbit": {"source": "JPL", "last_obs": "2017-08-30", "moid_jup": "34.9046", "not_valid_before": null, "rms": ".27352", "first_obs": "2013-09-01", "condition_code": "4", "data_arc": "1459", "t_jup": "5.981", "pe_used": "DE441", "sb_used": "SB441-N16", "covariance": {"labels": ["e", "q", "tp", "node", "peri", "i"], "elements": [{"value": ".1171625274979299", "title": "eccentricity", "name": "e", "label": "e", "units": null, "sigma": 0.000441030557244358}, {"value": "39.8095409187085", "name": "q", "title": "perihelion distance", "units": "au", "sigma": 0.0142530500463895, "label": "q"}, {"value": "2441171.750810275991", "units": "TDB", "sigma": 17.1891778686375, "label": "tp", "name": "tp", "title": "time of perihelion passage"}, {"value": "289.6761153301755", "label": "node", "units": "deg", "sigma": 0.0293709965854133, "title": "longitude of the ascending node", "name": "om"}, {"title": "argument of perihelion", "name": "w", "label": "peri", "units": "deg", "sigma": 0.100408909030722, "value": "33.64323485966907"}, {"value": "2.134270097565804", "label": "i", "units": "deg", "sigma": 0.000121519423692021, "title": "inclination", "name": "i"}], "epoch": "2456884.5", "data": [["1.945079524232688E-7", "-5.963843353285711E-6", "-.005714432124381878", "1.862708585991497E-7", "-3.574032287935718E-5", "-7.333354824537142E-10"], ["-5.963843353285711E-6", ".0002031494356248843", ".2257414390874869", "-5.814719707478037E-6", ".001326829067866185", "2.68547126253176E-8"], ["-.005714432124381878", ".2257414390874869", "295.4678357996584", "-.005745788691078774", "1.631711189750967", "3.209865078677349E-5"], ["1.862708585991497E-7", "-5.814719707478037E-6", "-.005745788691078774", ".0008626554404203573", "-.0008973406964379768", "-3.496863895060203E-6"], ["-3.574032287935718E-5", ".001326829067866185", "1.631711189750967", "-.0008973406964379768", ".01008194901273977", "3.676997046973938E-6"], ["-7.333354824537142E-10", "2.68547126253176E-8", "3.209865078677349E-5", "-3.496863895060203E-6", "3.676997046973938E-6", "1.476697033444099E-8"]]}, "comment": null, "moid": "38.9253", "equinox": "J2000", "model_pars": [], "n_del_obs_used": null, "not_valid_after": null, "soln_date": "2021-04-15 11:41:22", "producer": "Otto Matic", "elements": [{"units": null, "sigma": ".00043373", "label": "e", "name": "e", "title": "eccentricity", "value": ".1227164193607181"}, {"name": "a", "title": "semi-major axis", "sigma": ".0090869", "units": "au", "label": "a", "value": "45.52376392526742"}, {"title": "perihelion distance", "name": "q", "label": "q", "sigma": ".01389", "units": "au", "value": "39.93725062053597"}, {"value": "2.13378059217255", "name": "i", "title": "inclination; angle with respect to x-y ecliptic plane", "units": "deg", "sigma": ".00012343", "label": "i"}, {"value": "289.5043129005151", "label": "node", "units": "deg", "sigma": ".029258", "title": "longitude of the ascending node", "name": "om"}, {"label": "peri", "units": "deg", "sigma": ".10543", "title": "argument of perihelion", "name": "w", "value": "36.86738511868545"}, {"value": "58.5697703914934", "title": "mean anomaly", "name": "ma", "label": "M", "units": "deg", "sigma": ".056925"}, {"label": "tp", "units": "TDB", "sigma": "18.828", "title": "time of perihelion passage", "name": "tp", "value": "2441947.817838325751"}, {"sigma": "33.591", "units": "d", "label": "period", "name": "per", "title": "sidereal orbital period", "value": "112190.3933425201"}, {"value": ".003208830892507088", "units": "deg/d", "sigma": "9.6076E-7", "label": "n", "name": "n", "title": "mean motion"}, {"name": "ad", "title": "aphelion distance", "sigma": ".010202", "units": "au", "label": "Q", "value": "51.11027722999888"}], "two_body": null, "n_obs_used": 32, "n_dop_obs_used": null, "orbit_id": "2", "epoch": "2460200.5"}, "signature": {"version": "1.3", "source": "NASA/JPL Small-Body Database (SBDB) API"}, "object": {"orbit_class": {"code": "TNO", "name": "TransNeptunian Object"}, "orbit_id": "2", "prefix": null, "fullname": "(2014 UC230)", "neo": false, "pha": false, "spkid": "3790119", "kind": "au", "des": "2014 UC230"}}