{"orbit": {"two_body": null, "pe_used": "DE441", "orbit_id": "5", "rms": ".21277", "n_dop_obs_used": null, "data_arc": "6199", "first_obs": "2004-02-26", "n_del_obs_used": null, "covariance": {"epoch": "2454644.5", "elements": [{"title": "eccentricity", "name": "e", "sigma": 0.000281067525506128, "value": ".3808460911943964", "label": "e", "units": null}, {"title": "perihelion distance", "name": "q", "sigma": 0.00231478781166201, "label": "q", "units": "au", "value": "32.72129829040474"}, {"label": "tp", "value": "2457452.282066380777", "units": "TDB", "title": "time of perihelion passage", "name": "tp", "sigma": 2.17482220458271}, {"label": "node", "units": "deg", "value": "101.6872891008163", "sigma": 0.000970605765362275, "name": "om", "title": "longitude of the ascending node"}, {"label": "peri", "units": "deg", "value": "56.51685016532131", "sigma": 0.0132815842507141, "name": "w", "title": "argument of perihelion"}, {"units": "deg", "label": "i", "value": "11.32154644558011", "sigma": 0.000232750665330552, "name": "i", "title": "inclination"}], "labels": ["e", "q", "tp", "node", "peri", "i"], "data": [["7.899895389413779E-8", "6.480539938530303E-7", "-.0005098974115410013", "1.933608334718087E-8", "-3.106183461214075E-6", "5.88495729469454E-9"], ["6.480539938530303E-7", "5.35824261301899E-6", "-.004390915562468532", "1.622514336315232E-7", "-2.675718116905883E-5", "4.923505210520535E-8"], ["-.0005098974115410013", "-.004390915562468532", "4.729851621545982", "-.000148073357579985", ".02881035961949959", "-4.405796099591033E-5"], ["1.933608334718087E-8", "1.622514336315232E-7", "-.000148073357579985", "9.420755517544869E-7", "-1.820911569261676E-6", "2.055684489037924E-7"], ["-3.106183461214075E-6", "-2.675718116905883E-5", ".02881035961949959", "-1.820911569261676E-6", ".0001764004802088176", "-4.684980261714117E-7"], ["5.88495729469454E-9", "4.923505210520535E-8", "-4.405796099591033E-5", "2.055684489037924E-7", "-4.684980261714117E-7", "5.417287221181463E-8"]]}, "sb_used": "SB441-N16", "source": "JPL", "n_obs_used": 30, "moid": "31.7352", "epoch": "2460200.5", "comment": null, "elements": [{"value": ".3785744764866979", "label": "e", "units": null, "title": "eccentricity", "name": "e", "sigma": ".00028158"}, {"sigma": ".02753", "name": "a", "title": "semi-major axis", "value": "52.64228397673956", "label": "a", "units": "au"}, {"name": "q", "sigma": ".0022912", "title": "perihelion distance", "label": "q", "value": "32.7132588791813", "units": "au"}, {"title": "inclination; angle with respect to x-y ecliptic plane", "name": "i", "sigma": ".00023239", "units": "deg", "label": "i", "value": "11.3072527625788"}, {"units": "deg", "label": "node", "value": "101.5886810479223", "sigma": ".0009743", "name": "om", "title": "longitude of the ascending node"}, {"value": "55.89576859755879", "label": "peri", "units": "deg", "title": "argument of perihelion", "sigma": ".012985", "name": "w"}, {"label": "M", "units": "deg", "value": "7.403773305286749", "sigma": ".0033113", "name": "ma", "title": "mean anomaly"}, {"name": "tp", "sigma": "2.1274", "title": "time of perihelion passage", "label": "tp", "value": "2457331.364069237390", "units": "TDB"}, {"label": "period", "value": "139508.4496086602", "units": "d", "sigma": "109.44", "name": "per", "title": "sidereal orbital period"}, {"title": "mean motion", "sigma": "2.0242E-6", "name": "n", "label": "n", "value": ".002580488859347574", "units": "deg/d"}, {"value": "72.57130907429782", "label": "Q", "units": "au", "title": "aphelion distance", "sigma": ".037952", "name": "ad"}], "not_valid_before": null, "soln_date": "2021-04-13 21:41:09", "moid_jup": "27.3709", "model_pars": [], "condition_code": "4", "not_valid_after": null, "equinox": "J2000", "t_jup": "5.873", "producer": "Otto Matic", "last_obs": "2021-02-15"}, "object": {"neo": false, "spkid": "20183964", "orbit_class": {"name": "TransNeptunian Object", "code": "TNO"}, "kind": "an", "orbit_id": "5", "pha": false, "des": "183964", "prefix": null, "fullname": "183964 (2004 DJ71)"}, "signature": {"version": "1.3", "source": "NASA/JPL Small-Body Database (SBDB) API"}}