{"object": {"pha": false, "neo": false, "fullname": "(2015 VM167)", "prefix": null, "orbit_class": {"name": "TransNeptunian Object", "code": "TNO"}, "orbit_id": "2", "kind": "au", "des": "2015 VM167", "spkid": "3831085"}, "orbit": {"not_valid_after": null, "n_del_obs_used": null, "elements": [{"sigma": ".0003962", "units": null, "label": "e", "name": "e", "title": "eccentricity", "value": ".2129135766545751"}, {"value": "36.69008305670558", "sigma": ".0067472", "units": "au", "label": "a", "name": "a", "title": "semi-major axis"}, {"value": "28.87826624534897", "name": "q", "title": "perihelion distance", "units": "au", "sigma": ".010448", "label": "q"}, {"name": "i", "title": "inclination; angle with respect to x-y ecliptic plane", "sigma": ".00071572", "units": "deg", "label": "i", "value": "4.342197752391613"}, {"sigma": ".00568", "units": "deg", "label": "node", "name": "om", "title": "longitude of the ascending node", "value": "198.6486383118661"}, {"title": "argument of perihelion", "name": "w", "label": "peri", "sigma": ".15132", "units": "deg", "value": "173.8991752453228"}, {"value": "35.58837935367474", "sigma": ".080739", "units": "deg", "label": "M", "name": "ma", "title": "mean anomaly"}, {"value": "2452175.830039987522", "title": "time of perihelion passage", "name": "tp", "label": "tp", "units": "TDB", "sigma": "19.629"}, {"name": "per", "title": "sidereal orbital period", "units": "d", "sigma": "22.392", "label": "period", "value": "81174.84521829443"}, {"value": ".004434871406676443", "title": "mean motion", "name": "n", "label": "n", "sigma": "1.2233E-6", "units": "deg/d"}, {"value": "44.5018998680622", "title": "aphelion distance", "name": "ad", "label": "Q", "sigma": ".0081837", "units": "au"}], "soln_date": "2021-04-15 15:18:34", "producer": "Otto Matic", "two_body": null, "n_obs_used": 25, "epoch": "2460200.5", "n_dop_obs_used": null, "orbit_id": "2", "pe_used": "DE441", "covariance": {"epoch": "2457609.5", "data": [["1.634823704921152E-7", "-4.186242566230354E-6", "-.007839082814841433", "4.21739015810269E-8", "-6.061763120754442E-5", "5.15691664407268E-9"], ["-4.186242566230354E-6", ".0001153099510353971", ".2154003768819301", "-9.724820005674637E-7", ".001662542648710492", "-1.124304452727208E-7"], ["-.007839082814841433", ".2154003768819301", "402.7612250490903", "-.001840050226862267", "3.108419999333097", "-.0002137289697148441"], ["4.21739015810269E-8", "-9.724820005674637E-7", "-.001840050226862267", "3.202819937308719E-5", "-4.61778651320602E-5", "4.061584613433535E-6"], ["-6.061763120754442E-5", ".001662542648710492", "3.108419999333097", "-4.61778651320602E-5", ".02402353691288495", "-5.70604171328915E-6"], ["5.15691664407268E-9", "-1.124304452727208E-7", "-.0002137289697148441", "4.061584613433535E-6", "-5.70604171328915E-6", "5.178529930664521E-7"]], "elements": [{"value": ".2044351178510979", "name": "e", "title": "eccentricity", "units": null, "sigma": 0.000404329532055371, "label": "e"}, {"label": "q", "sigma": 0.0107382471118613, "units": "au", "title": "perihelion distance", "name": "q", "value": "28.84791342215217"}, {"sigma": 20.0689119049611, "units": "TDB", "label": "tp", "name": "tp", "title": "time of perihelion passage", "value": "2451994.006579958446"}, {"value": "198.8360393055627", "units": "deg", "sigma": 0.00565934619661028, "label": "node", "name": "om", "title": "longitude of the ascending node"}, {"value": "172.6199029074635", "name": "w", "title": "argument of perihelion", "units": "deg", "sigma": 0.154995280292288, "label": "peri"}, {"label": "i", "sigma": 0.000719620033813993, "units": "deg", "title": "inclination", "name": "i", "value": "4.358219391401144"}], "labels": ["e", "q", "tp", "node", "peri", "i"]}, "comment": null, "sb_used": "SB441-N16", "model_pars": [], "equinox": "J2000", "moid": "27.8781", "not_valid_before": null, "rms": ".13592", "data_arc": "831", "first_obs": "2015-09-07", "condition_code": "4", "t_jup": "5.316", "source": "JPL", "last_obs": "2017-12-16", "moid_jup": "23.9296"}, "signature": {"version": "1.3", "source": "NASA/JPL Small-Body Database (SBDB) API"}}