{"signature": {"version": "1.3", "source": "NASA/JPL Small-Body Database (SBDB) API"}, "orbit": {"covariance": {"data": [["4.968009420238444E-10", "1.776635791707094E-8", "-1.331640376926188E-5", "2.21415498936393E-10", "-8.982761853039211E-8", "2.364957159104785E-10"], ["1.776635791707094E-8", "1.639237250794949E-6", "-.0007597908081795138", "1.811198642684684E-8", "-6.632721437578873E-6", "1.888168038033417E-8"], ["-1.331640376926188E-5", "-.0007597908081795138", ".4394655921354749", "-8.757284349910933E-6", ".003382034036141158", "-9.223344078965653E-6"], ["2.21415498936393E-10", "1.811198642684684E-8", "-8.757284349910933E-6", "1.986935465627274E-8", "-9.309589861404441E-8", "1.519030807584004E-8"], ["-8.982761853039211E-8", "-6.632721437578873E-6", ".003382034036141158", "-9.309589861404441E-8", "2.793996538705143E-5", "-9.218164439436733E-8"], ["2.364957159104785E-10", "1.888168038033417E-8", "-9.223344078965653E-6", "1.519030807584004E-8", "-9.218164439436733E-8", "1.21610829715586E-8"]], "labels": ["e", "q", "tp", "node", "peri", "i"], "epoch": "2457433.5", "elements": [{"label": "e", "units": null, "value": ".3966035265278222", "name": "e", "sigma": 2.22890318772226e-05, "title": "eccentricity"}, {"name": "q", "sigma": 0.00128032700932026, "title": "perihelion distance", "label": "q", "units": "au", "value": "34.71310280168032"}, {"title": "time of perihelion passage", "name": "tp", "sigma": 0.662922010598136, "value": "2474386.732105891038", "label": "tp", "units": "TDB"}, {"label": "node", "value": "130.6276840489367", "units": "deg", "sigma": 0.000140958698405855, "name": "om", "title": "longitude of the ascending node"}, {"label": "peri", "units": "deg", "value": "102.4976373983248", "title": "argument of perihelion", "sigma": 0.0052858268404339, "name": "w"}, {"units": "deg", "label": "i", "value": "19.65037321362099", "title": "inclination", "name": "i", "sigma": 0.000110277300345804}]}, "source": "JPL", "n_obs_used": 69, "sb_used": "SB441-N16", "moid": "33.6047", "not_valid_before": null, "epoch": "2460200.5", "comment": null, "elements": [{"sigma": "2.1504E-5", "name": "e", "title": "eccentricity", "label": "e", "units": null, "value": ".3890883881917674"}, {"label": "a", "units": "au", "value": "56.5704475502867", "name": "a", "sigma": ".0036908", "title": "semi-major axis"}, {"label": "q", "units": "au", "value": "34.55954329365873", "name": "q", "sigma": ".0013001", "title": "perihelion distance"}, {"units": "deg", "label": "i", "value": "19.70008201431177", "title": "inclination; angle with respect to x-y ecliptic plane", "name": "i", "sigma": ".00011071"}, {"title": "longitude of the ascending node", "sigma": ".00014089", "name": "om", "label": "node", "units": "deg", "value": "130.6843692177672"}, {"sigma": ".0054094", "name": "w", "title": "argument of perihelion", "value": "103.7182307876512", "label": "peri", "units": "deg"}, {"label": "M", "units": "deg", "value": "326.5416867087584", "name": "ma", "sigma": ".004827", "title": "mean anomaly"}, {"label": "tp", "units": "TDB", "value": "2474644.397288023845", "name": "tp", "sigma": ".67166", "title": "time of perihelion passage"}, {"units": "d", "label": "period", "value": "155411.3914358541", "sigma": "15.209", "name": "per", "title": "sidereal orbital period"}, {"title": "mean motion", "name": "n", "sigma": "2.2669E-7", "units": "deg/d", "label": "n", "value": ".002316432512919039"}, {"title": "aphelion distance", "name": "ad", "sigma": ".0051268", "label": "Q", "value": "78.58135180691467", "units": "au"}], "orbit_id": "9", "two_body": null, "pe_used": "DE441", "data_arc": "8443", "first_obs": "2000-02-05", "n_del_obs_used": null, "n_dop_obs_used": null, "rms": ".54778", "t_jup": "5.811", "last_obs": "2023-03-19", "producer": "Otto Matic", "soln_date": "2023-04-26 18:58:26", "moid_jup": "29.4777", "not_valid_after": null, "condition_code": "2", "equinox": "J2000", "model_pars": []}, "object": {"spkid": "20524049", "neo": false, "pha": false, "kind": "an", "orbit_id": "9", "orbit_class": {"name": "TransNeptunian Object", "code": "TNO"}, "fullname": "524049 (2000 CQ105)", "prefix": null, "des": "524049"}}