{"signature": {"version": "1.3", "source": "NASA/JPL Small-Body Database (SBDB) API"}, "object": {"orbit_class": {"code": "TNO", "name": "TransNeptunian Object"}, "orbit_id": "7", "kind": "au", "pha": false, "prefix": null, "des": "2016 QP85", "fullname": "(2016 QP85)", "neo": false, "spkid": "3771805"}, "orbit": {"sb_used": "SB441-N16", "source": "JPL", "n_obs_used": 70, "moid": "38.8596", "covariance": {"labels": ["e", "q", "tp", "node", "peri", "i"], "data": [["3.27535871960815E-8", "2.315107824108217E-7", ".001210308252125858", "-3.725381668572579E-8", "5.520070503893341E-6", "3.321728351812692E-9"], ["2.315107824108217E-7", "8.838480654706191E-6", "-.09266964082217785", "2.009641246284447E-6", "-.0004217677894016841", "-1.418424547741159E-8"], [".001210308252125858", "-.09266964082217785", "1510.863954731992", "-.03437734844193868", "6.877738025032898", ".000695533391467262"], ["-3.725381668572579E-8", "2.009641246284447E-6", "-.03437734844193868", "1.415926026920281E-5", "-.000169375230827681", "-3.767425904675965E-7"], ["5.520070503893341E-6", "-.0004217677894016841", "6.877738025032898", "-.000169375230827681", ".03132117354515881", "3.513679709317903E-6"], ["3.321728351812692E-9", "-1.418424547741159E-8", ".000695533391467262", "-3.767425904675965E-7", "3.513679709317903E-6", "1.143830990652826E-8"]], "elements": [{"label": "e", "units": null, "value": ".3303883345228268", "title": "eccentricity", "sigma": 0.000180979521482629, "name": "e"}, {"title": "perihelion distance", "sigma": 0.00297295823292326, "name": "q", "label": "q", "value": "39.80503401262397", "units": "au"}, {"title": "time of perihelion passage", "name": "tp", "sigma": 38.869833479602, "units": "TDB", "label": "tp", "value": "2458329.638388931883"}, {"label": "node", "units": "deg", "value": "121.3471519093208", "sigma": 0.00376287925254091, "name": "om", "title": "longitude of the ascending node"}, {"title": "argument of perihelion", "name": "w", "sigma": 0.176977889989566, "units": "deg", "label": "peri", "value": "278.7690905839057"}, {"name": "i", "sigma": 0.00010695003462612, "title": "inclination", "units": "deg", "label": "i", "value": "15.61529978908468"}], "epoch": "2457655.5"}, "elements": [{"title": "eccentricity", "sigma": ".00018131", "name": "e", "value": ".3433386688112754", "label": "e", "units": null}, {"units": "au", "label": "a", "value": "60.63330312482185", "title": "semi-major axis", "name": "a", "sigma": ".019222"}, {"sigma": ".0028746", "name": "q", "title": "perihelion distance", "units": "au", "label": "q", "value": "39.81554554431497"}, {"sigma": ".00010693", "name": "i", "title": "inclination; angle with respect to x-y ecliptic plane", "value": "15.61345308744962", "label": "i", "units": "deg"}, {"label": "node", "value": "121.2858878826755", "units": "deg", "name": "om", "sigma": ".0037477", "title": "longitude of the ascending node"}, {"title": "argument of perihelion", "sigma": ".17123", "name": "w", "value": "278.5718701816921", "label": "peri", "units": "deg"}, {"units": "deg", "label": "M", "value": "4.013145781307697", "title": "mean anomaly", "name": "ma", "sigma": ".078073"}, {"label": "tp", "units": "TDB", "value": "2458278.082531036498", "sigma": "37.437", "name": "tp", "title": "time of perihelion passage"}, {"value": "172450.8220086007", "label": "period", "units": "d", "name": "per", "sigma": "82.006", "title": "sidereal orbital period"}, {"title": "mean motion", "name": "n", "sigma": "9.927E-7", "units": "deg/d", "label": "n", "value": ".002087551661435662"}, {"title": "aphelion distance", "name": "ad", "sigma": ".025822", "label": "Q", "units": "au", "value": "81.45106070532873"}], "comment": null, "epoch": "2460200.5", "not_valid_before": null, "pe_used": "DE441", "two_body": null, "orbit_id": "7", "rms": ".1485", "n_dop_obs_used": null, "n_del_obs_used": null, "first_obs": "2014-09-24", "data_arc": "1210", "t_jup": "6.261", "last_obs": "2018-01-16", "producer": "Otto Matic", "moid_jup": "35.015", "soln_date": "2021-09-09 00:17:00", "model_pars": [], "condition_code": "4", "not_valid_after": null, "equinox": "J2000"}}