{"orbit": {"model_pars": [], "moid": "36.2393", "equinox": "J2000", "covariance": {"labels": ["e", "q", "tp", "node", "peri", "i"], "elements": [{"title": "eccentricity", "name": "e", "label": "e", "units": null, "sigma": 2.09102892368083e-05, "value": ".2292403966834953"}, {"value": "36.94894615190958", "sigma": 0.00068438944194736, "units": "au", "label": "q", "name": "q", "title": "perihelion distance"}, {"value": "2471339.994923422833", "units": "TDB", "sigma": 1.00485224349115, "label": "tp", "name": "tp", "title": "time of perihelion passage"}, {"value": "223.6128991185441", "name": "om", "title": "longitude of the ascending node", "units": "deg", "sigma": 7.92056258223138e-05, "label": "node"}, {"name": "w", "title": "argument of perihelion", "sigma": 0.00530206621496934, "units": "deg", "label": "peri", "value": "275.9412701814398"}, {"value": "29.99822670150063", "sigma": 6.11930707180009e-05, "units": "deg", "label": "i", "name": "i", "title": "inclination"}], "data": [["4.372401959669828E-10", "9.439171207103542E-9", "-1.778964522182168E-5", "-1.502379831632232E-10", "-8.780791037536589E-8", "-9.812043468500048E-12"], ["9.439171207103542E-9", "4.683889082490187E-7", "-.0006579382955811646", "-3.912406907730601E-9", "-3.557376252184045E-6", "5.413861923190178E-10"], ["-1.778964522182168E-5", "-.0006579382955811646", "1.009728031249201", "6.779906649090457E-6", ".005302171878251881", "-3.778604411111395E-7"], ["-1.502379831632232E-10", "-3.912406907730601E-9", "6.779906649090457E-6", "6.273531161904378E-9", "2.888721595645246E-8", "4.746039764892838E-9"], ["-8.780791037536589E-8", "-3.557376252184045E-6", ".005302171878251881", "2.888721595645246E-8", "2.811190614791925E-5", "-6.858674664120621E-9"], ["-9.812043468500048E-12", "5.413861923190178E-10", "-3.778604411111395E-7", "4.746039764892838E-9", "-6.858674664120621E-9", "3.744591903898264E-9"]], "epoch": "2457282.5"}, "comment": null, "sb_used": "SB441-N16", "pe_used": "DE441", "epoch": "2460200.5", "orbit_id": "10", "n_dop_obs_used": null, "two_body": null, "n_obs_used": 100, "elements": [{"value": ".2268540130244373", "title": "eccentricity", "name": "e", "label": "e", "sigma": "2.117E-5", "units": null}, {"name": "a", "title": "semi-major axis", "units": "au", "sigma": ".0020035", "label": "a", "value": "47.97736016933013"}, {"name": "q", "title": "perihelion distance", "units": "au", "sigma": ".00067599", "label": "q", "value": "37.09350348059879"}, {"name": "i", "title": "inclination; angle with respect to x-y ecliptic plane", "sigma": "6.1045E-5", "units": "deg", "label": "i", "value": "29.9142029121529"}, {"value": "223.4534830566068", "label": "node", "units": "deg", "sigma": "7.9423E-5", "title": "longitude of the ascending node", "name": "om"}, {"units": "deg", "sigma": ".0053018", "label": "peri", "name": "w", "title": "argument of perihelion", "value": "275.043756291937"}, {"title": "mean anomaly", "name": "ma", "label": "M", "units": "deg", "sigma": ".0050138", "value": "327.4662260164725"}, {"value": "2471169.951034455466", "name": "tp", "title": "time of perihelion passage", "sigma": "1.0148", "units": "TDB", "label": "tp"}, {"units": "d", "sigma": "7.6033", "label": "period", "name": "per", "title": "sidereal orbital period", "value": "121381.6255809555"}, {"name": "n", "title": "mean motion", "sigma": "1.8578E-7", "units": "deg/d", "label": "n", "value": ".002965852519085749"}, {"value": "58.86121685806147", "name": "ad", "title": "aphelion distance", "units": "au", "sigma": ".002458", "label": "Q"}], "producer": "Otto Matic", "soln_date": "2022-10-06 23:34:20", "not_valid_after": null, "n_del_obs_used": null, "moid_jup": "32.5958", "last_obs": "2022-10-01", "source": "JPL", "t_jup": "5.235", "data_arc": "6087", "first_obs": "2006-01-31", "condition_code": "2", "rms": ".54253", "not_valid_before": null}, "signature": {"version": "1.3", "source": "NASA/JPL Small-Body Database (SBDB) API"}, "object": {"prefix": null, "orbit_class": {"code": "TNO", "name": "TransNeptunian Object"}, "orbit_id": "10", "fullname": "(2012 XR157)", "neo": false, "pha": false, "spkid": "3667049", "kind": "au", "des": "2012 XR157"}}