{"orbit": {"source": "JPL", "sb_used": "SB441-N16", "moid": "40.2949", "n_obs_used": 139, "covariance": {"epoch": "2456924.5", "elements": [{"name": "e", "sigma": 2.64666488093242e-05, "title": "eccentricity", "label": "e", "units": null, "value": ".1084325546612563"}, {"value": "41.20537711159161", "label": "q", "units": "au", "sigma": 0.000469255241860224, "name": "q", "title": "perihelion distance"}, {"name": "tp", "sigma": 2.537729459852, "title": "time of perihelion passage", "label": "tp", "units": "TDB", "value": "2450876.039217791185"}, {"name": "om", "sigma": 0.000171946501750308, "title": "longitude of the ascending node", "units": "deg", "label": "node", "value": "351.3909192407526"}, {"name": "w", "sigma": 0.0101127851151747, "title": "argument of perihelion", "units": "deg", "label": "peri", "value": "318.9928114289314"}, {"label": "i", "units": "deg", "value": "9.274415479895016", "sigma": 8.73973880978446e-05, "name": "i", "title": "inclination"}], "data": [["7.004834991961036E-10", "7.023274243055336E-9", "9.38131209234739E-6", "4.702206799627112E-11", "3.553115381488172E-8", "1.138282817733859E-11"], ["7.023274243055336E-9", "2.202004820132975E-7", ".001060102058733296", "2.102362220813592E-10", "4.210705697057151E-6", "4.333141809196721E-10"], ["9.38131209234739E-6", ".001060102058733296", "6.440070811400718", "-1.127854970283189E-6", ".0256590936729761", "2.208084776998683E-6"], ["4.702206799627112E-11", "2.102362220813592E-10", "-1.127854970283189E-6", "2.956559946416883E-8", "-3.379352186079287E-8", "-1.472784425677848E-8"], ["3.553115381488172E-8", "4.210705697057151E-6", ".0256590936729761", "-3.379352186079287E-8", ".0001022684227856983", "2.331519445863187E-8"], ["1.138282817733859E-11", "4.333141809196721E-10", "2.208084776998683E-6", "-1.472784425677848E-8", "2.331519445863187E-8", "7.638303446325267E-9"]], "labels": ["e", "q", "tp", "node", "peri", "i"]}, "comment": null, "epoch": "2460200.5", "elements": [{"label": "e", "value": ".1166475278689232", "units": null, "title": "eccentricity", "sigma": "2.6732E-5", "name": "e"}, {"value": "46.75857078552681", "label": "a", "units": "au", "title": "semi-major axis", "name": "a", "sigma": ".0017675"}, {"name": "q", "sigma": ".00043589", "title": "perihelion distance", "label": "q", "units": "au", "value": "41.30429909671105"}, {"title": "inclination; angle with respect to x-y ecliptic plane", "sigma": "8.7004E-5", "name": "i", "label": "i", "value": "9.232129695858321", "units": "deg"}, {"title": "longitude of the ascending node", "name": "om", "sigma": ".00017269", "value": "351.4458094900552", "label": "node", "units": "deg"}, {"sigma": ".0093719", "name": "w", "title": "argument of perihelion", "units": "deg", "label": "peri", "value": "322.015413154422"}, {"label": "M", "value": "26.28024455905479", "units": "deg", "title": "mean anomaly", "sigma": ".0078653", "name": "ma"}, {"value": "2451675.052768664982", "label": "tp", "units": "TDB", "title": "time of perihelion passage", "sigma": "2.3576", "name": "tp"}, {"value": "116785.8615768907", "label": "period", "units": "d", "name": "per", "sigma": "6.6218", "title": "sidereal orbital period"}, {"title": "mean motion", "sigma": "1.7478E-7", "name": "n", "value": ".003082564919581293", "label": "n", "units": "deg/d"}, {"value": "52.21284247434257", "label": "Q", "units": "au", "sigma": ".0019737", "name": "ad", "title": "aphelion distance"}], "not_valid_before": null, "pe_used": "DE441", "two_body": null, "orbit_id": "7", "rms": ".59349", "n_dop_obs_used": null, "n_del_obs_used": null, "first_obs": "2010-08-18", "data_arc": "4031", "t_jup": "5.989", "producer": "Otto Matic", "last_obs": "2021-08-31", "moid_jup": "36.2475", "soln_date": "2021-10-08 07:11:59", "model_pars": [], "not_valid_after": null, "equinox": "J2000", "condition_code": "2"}, "object": {"spkid": "20592044", "neo": false, "fullname": "592044 (2014 MB70)", "des": "592044", "prefix": null, "pha": false, "orbit_id": "7", "kind": "an", "orbit_class": {"name": "TransNeptunian Object", "code": "TNO"}}, "signature": {"version": "1.3", "source": "NASA/JPL Small-Body Database (SBDB) API"}}