{"signature": {"version": "1.3", "source": "NASA/JPL Small-Body Database (SBDB) API"}, "object": {"prefix": null, "des": "307261", "fullname": "307261 (2002 MS4)", "kind": "an", "orbit_id": "20", "pha": false, "orbit_class": {"code": "TNO", "name": "TransNeptunian Object"}, "spkid": "20307261", "neo": false}, "orbit": {"covariance": {"elements": [{"label": "e", "value": ".148347735184456", "units": null, "title": "eccentricity", "sigma": 3.45379072378051e-06, "name": "e"}, {"label": "q", "value": "35.43458119722591", "units": "au", "name": "q", "sigma": 0.000232472385637407, "title": "perihelion distance"}, {"units": "TDB", "label": "tp", "value": "2496416.266793030787", "name": "tp", "sigma": 0.636893878176612, "title": "time of perihelion passage"}, {"label": "node", "units": "deg", "value": "216.1494698609606", "name": "om", "sigma": 0.00012867996125029, "title": "longitude of the ascending node"}, {"value": "215.1429217605124", "label": "peri", "units": "deg", "sigma": 0.00192823435878356, "name": "w", "title": "argument of perihelion"}, {"label": "i", "units": "deg", "value": "17.70702669907168", "sigma": 1.96020627721911e-05, "name": "i", "title": "inclination"}], "epoch": "2456491.5", "labels": ["e", "q", "tp", "node", "peri", "i"], "data": [["1.192867036367231E-11", "-7.236282883408583E-10", "-1.614917186379865E-6", "-5.700137060935196E-11", "-2.889090821548333E-9", "-9.5914272220164E-12"], ["-7.236282883408583E-10", "5.404341008394709E-8", "5.585481726120678E-5", "5.92486921430383E-9", "4.156887917290367E-9", "9.72110851069032E-10"], ["-1.614917186379865E-6", "5.585481726120678E-5", ".4056338120588446", "-5.765498286016167E-6", ".001139487211131085", "-7.866635253069664E-7"], ["-5.700137060935196E-11", "5.92486921430383E-9", "-5.765498286016167E-6", "1.655853242737621E-8", "-5.207435016433274E-8", "2.519571077938506E-9"], ["-2.889090821548333E-9", "4.156887917290367E-9", ".001139487211131085", "-5.207435016433274E-8", "3.718087742393462E-6", "-7.86357819951513E-9"], ["-9.5914272220164E-12", "9.72110851069032E-10", "-7.866635253069664E-7", "2.519571077938506E-9", "-7.86357819951513E-9", "3.842408649249195E-10"]]}, "source": "JPL", "sb_used": "SB441-N16", "moid": "34.6715", "n_obs_used": 147, "comment": null, "elements": [{"value": ".1467734977684897", "label": "e", "units": null, "title": "eccentricity", "name": "e", "sigma": "3.524E-6"}, {"sigma": ".00014283", "name": "a", "title": "semi-major axis", "units": "au", "label": "a", "value": "41.77606882335311"}, {"units": "au", "label": "q", "value": "35.64444907913242", "title": "perihelion distance", "sigma": ".00023398", "name": "q"}, {"label": "i", "value": "17.71228981040321", "units": "deg", "title": "inclination; angle with respect to x-y ecliptic plane", "sigma": "1.9624E-5", "name": "i"}, {"units": "deg", "label": "node", "value": "216.2744923352801", "title": "longitude of the ascending node", "sigma": ".00012825", "name": "om"}, {"sigma": ".0019364", "name": "w", "title": "argument of perihelion", "value": "213.3545769171915", "label": "peri", "units": "deg"}, {"name": "ma", "sigma": ".0025327", "title": "mean anomaly", "units": "deg", "label": "M", "value": "228.9927153126468"}, {"units": "TDB", "label": "tp", "value": "2496091.265918584715", "sigma": ".63731", "name": "tp", "title": "time of perihelion passage"}, {"label": "period", "value": "98625.62804446703", "units": "d", "name": "per", "sigma": ".5058", "title": "sidereal orbital period"}, {"label": "n", "value": ".003650166869788529", "units": "deg/d", "title": "mean motion", "sigma": "1.872E-8", "name": "n"}, {"title": "aphelion distance", "sigma": ".0001638", "name": "ad", "label": "Q", "units": "au", "value": "47.9076885675738"}], "epoch": "2460200.5", "not_valid_before": null, "two_body": null, "pe_used": "DE441", "orbit_id": "20", "n_dop_obs_used": null, "rms": ".44442", "data_arc": "24924", "first_obs": "1954-04-08", "n_del_obs_used": null, "t_jup": "5.464", "last_obs": "2022-07-04", "producer": "Otto Matic", "soln_date": "2023-08-23 05:57:15", "moid_jup": "30.6637", "model_pars": [], "not_valid_after": null, "equinox": "J2000", "condition_code": "2"}}