{"signature": {"version": "1.3", "source": "NASA/JPL Small-Body Database (SBDB) API"}, "orbit": {"t_jup": "5.418", "last_obs": "2017-03-28", "producer": "Otto Matic", "moid_jup": "24.3817", "soln_date": "2021-04-15 13:49:20", "model_pars": [], "not_valid_after": null, "equinox": "J2000", "condition_code": "4", "source": "JPL", "n_obs_used": 27, "sb_used": "SB441-N16", "moid": "28.5274", "covariance": {"elements": [{"label": "e", "units": null, "value": ".2508059171182683", "sigma": 0.000374975349030958, "name": "e", "title": "eccentricity"}, {"units": "au", "label": "q", "value": "29.65507834688826", "title": "perihelion distance", "sigma": 0.00853249072037022, "name": "q"}, {"value": "2465349.165136818457", "label": "tp", "units": "TDB", "title": "time of perihelion passage", "name": "tp", "sigma": 7.07843984415283}, {"value": "153.8690129564741", "label": "node", "units": "deg", "title": "longitude of the ascending node", "name": "om", "sigma": 0.00784348732558438}, {"title": "argument of perihelion", "name": "w", "sigma": 0.065479098847449, "units": "deg", "label": "peri", "value": "133.3864776262973"}, {"units": "deg", "label": "i", "value": "7.037106225522469", "name": "i", "sigma": 0.000151737622734513, "title": "inclination"}], "epoch": "2457257.5", "labels": ["e", "q", "tp", "node", "peri", "i"], "data": [["1.40606512380889E-7", "-2.951271936758421E-6", ".002258078229059077", "-2.313951101726544E-7", "2.17572021287619E-5", "-3.84363785630626E-9"], ["-2.951271936758421E-6", "7.280339789320395E-5", "-.05957351779654441", "4.678755928385879E-6", "-.0005529757804777426", "8.990357463584222E-8"], [".002258078229059077", "-.05957351779654441", "50.10431062729036", "-.003542589686497426", ".4585072758593549", "-7.204552817316581E-5"], ["-2.313951101726544E-7", "4.678755928385879E-6", "-.003542589686497426", "6.152029342660282E-5", "-9.505434485329443E-5", "1.171463783520237E-6"], ["2.17572021287619E-5", "-.0005529757804777426", ".4585072758593549", "-9.505434485329443E-5", ".004287512385873996", "-1.83293346407284E-6"], ["-3.84363785630626E-9", "8.990357463584222E-8", "-7.204552817316581E-5", "1.171463783520237E-6", "-1.83293346407284E-6", "2.302430615312147E-8"]]}, "epoch": "2460200.5", "comment": null, "elements": [{"title": "eccentricity", "sigma": ".00038103", "name": "e", "units": null, "label": "e", "value": ".2492638629107752"}, {"value": "39.34849780497147", "label": "a", "units": "au", "title": "semi-major axis", "sigma": ".010296", "name": "a"}, {"value": "29.54033924236812", "label": "q", "units": "au", "title": "perihelion distance", "name": "q", "sigma": ".0086497"}, {"value": "7.038344897868835", "label": "i", "units": "deg", "sigma": ".00015456", "name": "i", "title": "inclination; angle with respect to x-y ecliptic plane"}, {"sigma": ".0078608", "name": "om", "title": "longitude of the ascending node", "label": "node", "units": "deg", "value": "154.0707606989444"}, {"units": "deg", "label": "peri", "value": "134.7203088664435", "sigma": ".063595", "name": "w", "title": "argument of perihelion"}, {"label": "M", "units": "deg", "value": "338.6017446154784", "title": "mean anomaly", "name": "ma", "sigma": ".023225"}, {"sigma": "6.6487", "name": "tp", "title": "time of perihelion passage", "value": "2465559.287407769022", "label": "tp", "units": "TDB"}, {"title": "sidereal orbital period", "name": "per", "sigma": "35.384", "label": "period", "value": "90155.17536968482", "units": "d"}, {"title": "mean motion", "name": "n", "sigma": "1.5672E-6", "units": "deg/d", "label": "n", "value": ".003993115187495403"}, {"name": "ad", "sigma": ".012862", "title": "aphelion distance", "units": "au", "label": "Q", "value": "49.15665636757482"}], "not_valid_before": null, "pe_used": "DE441", "two_body": null, "orbit_id": "2", "n_dop_obs_used": null, "rms": ".21338", "first_obs": "2014-05-29", "n_del_obs_used": null, "data_arc": "1034"}, "object": {"spkid": "3830916", "neo": false, "fullname": "(2015 KD173)", "des": "2015 KD173", "prefix": null, "pha": false, "orbit_id": "2", "kind": "au", "orbit_class": {"name": "TransNeptunian Object", "code": "TNO"}}}