{"orbit": {"elements": [{"title": "eccentricity", "name": "e", "label": "e", "sigma": ".00083393", "units": null, "value": ".2854130916614344"}, {"value": "39.94500957308522", "label": "a", "sigma": ".022123", "units": "au", "title": "semi-major axis", "name": "a"}, {"label": "q", "sigma": ".01806", "units": "au", "title": "perihelion distance", "name": "q", "value": "28.54418089438538"}, {"value": "14.12992834464417", "label": "i", "sigma": ".001141", "units": "deg", "title": "inclination; angle with respect to x-y ecliptic plane", "name": "i"}, {"units": "deg", "sigma": ".00065227", "label": "node", "name": "om", "title": "longitude of the ascending node", "value": "224.9475723633041"}, {"name": "w", "title": "argument of perihelion", "sigma": ".062304", "units": "deg", "label": "peri", "value": "119.4097250549689"}, {"sigma": ".042467", "units": "deg", "label": "M", "name": "ma", "title": "mean anomaly", "value": "50.98168976010302"}, {"name": "tp", "title": "time of perihelion passage", "sigma": "2.1203", "units": "TDB", "label": "tp", "value": "2447141.679681378124"}, {"value": "92213.01484563378", "units": "d", "sigma": "76.608", "label": "period", "name": "per", "title": "sidereal orbital period"}, {"units": "deg/d", "sigma": "3.2433E-6", "label": "n", "name": "n", "title": "mean motion", "value": ".003904004229800386"}, {"label": "Q", "sigma": ".028438", "units": "au", "title": "aphelion distance", "name": "ad", "value": "51.34583825178507"}], "producer": "Otto Matic", "soln_date": "2021-04-15 15:18:25", "not_valid_after": null, "n_del_obs_used": null, "epoch": "2460200.5", "orbit_id": "2", "n_dop_obs_used": null, "n_obs_used": 25, "two_body": null, "comment": null, "covariance": {"labels": ["e", "q", "tp", "node", "peri", "i"], "elements": [{"value": ".2794156947070069", "label": "e", "units": null, "sigma": 0.000836955775482765, "title": "eccentricity", "name": "e"}, {"title": "perihelion distance", "name": "q", "label": "q", "sigma": 0.0181972913580266, "units": "au", "value": "28.45100822203668"}, {"value": "2446925.483931042336", "name": "tp", "title": "time of perihelion passage", "units": "TDB", "sigma": 2.05022085891312, "label": "tp"}, {"value": "225.0324239801452", "label": "node", "sigma": 0.000648806891082033, "units": "deg", "title": "longitude of the ascending node", "name": "om"}, {"value": "117.948020438851", "units": "deg", "sigma": 0.0596271274475642, "label": "peri", "name": "w", "title": "argument of perihelion"}, {"value": "14.19098639409171", "name": "i", "title": "inclination", "sigma": 0.00114515976113003, "units": "deg", "label": "i"}], "epoch": "2457536.5", "data": [["7.004949701139569E-7", "-1.50141922453429E-5", "9.624695365274931E-5", "-2.524485930025726E-8", "-4.696647908734445E-5", "-4.370886831939183E-8"], ["-1.50141922453429E-5", ".0003311414127689102", ".004060518595622824", "5.63988754870311E-7", ".001067838151312769", "9.605451152167653E-7"], ["9.624695365274931E-5", ".004060518595622824", "4.20340557032246", "1.061676238945351E-5", ".03461564389874535", "8.778646712116291E-6"], ["-2.524485930025726E-8", "5.63988754870311E-7", "1.061676238945351E-5", "4.209503819155327E-7", "1.430478701256089E-6", "7.318323084117001E-7"], ["-4.696647908734445E-5", ".001067838151312769", ".03461564389874535", "1.430478701256089E-6", ".003555394327648069", "2.373891428832235E-6"], ["-4.370886831939183E-8", "9.605451152167653E-7", "8.778646712116291E-6", "7.318323084117001E-7", "2.373891428832235E-6", "1.31139087851138E-6"]]}, "sb_used": "SB441-N16", "pe_used": "DE441", "model_pars": [], "equinox": "J2000", "moid": "27.5603", "data_arc": "828", "condition_code": "4", "first_obs": "2015-09-07", "rms": ".21777", "not_valid_before": null, "t_jup": "5.280", "last_obs": "2017-12-13", "source": "JPL", "moid_jup": "23.7266"}, "signature": {"version": "1.3", "source": "NASA/JPL Small-Body Database (SBDB) API"}, "object": {"fullname": "(2015 VA165)", "neo": false, "orbit_id": "2", "orbit_class": {"name": "TransNeptunian Object", "code": "TNO"}, "prefix": null, "pha": false, "kind": "au", "des": "2015 VA165", "spkid": "3830958"}}