{"orbit": {"elements": [{"value": ".2181326772798187", "title": "eccentricity", "name": "e", "label": "e", "units": null, "sigma": "8.3914E-5"}, {"value": "47.02533763761439", "title": "semi-major axis", "name": "a", "label": "a", "sigma": ".006416", "units": "au"}, {"value": "36.76757483873414", "name": "q", "title": "perihelion distance", "sigma": ".0011127", "units": "au", "label": "q"}, {"units": "deg", "sigma": "2.7663E-5", "label": "i", "name": "i", "title": "inclination; angle with respect to x-y ecliptic plane", "value": "6.966391138239047"}, {"value": "190.1052306051932", "name": "om", "title": "longitude of the ascending node", "sigma": ".0014348", "units": "deg", "label": "node"}, {"value": "271.4322305166144", "title": "argument of perihelion", "name": "w", "label": "peri", "sigma": ".018732", "units": "deg"}, {"name": "ma", "title": "mean anomaly", "sigma": ".013657", "units": "deg", "label": "M", "value": "12.83220597088749"}, {"value": "2456001.990582780285", "title": "time of perihelion passage", "name": "tp", "label": "tp", "sigma": "3.7887", "units": "TDB"}, {"value": "117786.7152092294", "name": "per", "title": "sidereal orbital period", "units": "d", "sigma": "24.106", "label": "period"}, {"name": "n", "title": "mean motion", "units": "deg/d", "sigma": "6.2551E-7", "label": "n", "value": ".003056371844316375"}, {"value": "57.28310043649464", "units": "au", "sigma": ".0078156", "label": "Q", "name": "ad", "title": "aphelion distance"}], "soln_date": "2023-03-01 22:20:21", "producer": "Otto Matic", "not_valid_after": null, "n_del_obs_used": null, "epoch": "2460200.5", "orbit_id": "5", "n_dop_obs_used": null, "n_obs_used": 44, "two_body": null, "covariance": {"data": [["7.26284770886351E-9", "8.751379231978363E-8", ".0002210846712069487", "-1.456810292474484E-8", "1.092391245304331E-6", "5.70618416863362E-10"], ["8.751379231978363E-8", "1.139067117568707E-6", ".003411770001352378", "-1.888154469449967E-7", "1.683130092099051E-5", "7.310473485101983E-9"], [".0002210846712069487", ".003411770001352378", "13.74056951618649", "-.0005602264842898094", ".06762779129960017", "2.112949823358463E-5"], ["-1.456810292474484E-8", "-1.888154469449967E-7", "-.0005602264842898094", "2.067490998200077E-6", "-4.78520214908773E-6", "-3.608892383696002E-8"], ["1.092391245304331E-6", "1.683130092099051E-5", ".06762779129960017", "-4.78520214908773E-6", ".0003348597987122361", "1.388919529236389E-7"], ["5.70618416863362E-10", "7.310473485101983E-9", "2.112949823358463E-5", "-3.608892383696002E-8", "1.388919529236389E-7", "7.301472932265727E-10"]], "epoch": "2457426.5", "elements": [{"units": null, "sigma": 8.52223427797166e-05, "label": "e", "name": "e", "title": "eccentricity", "value": ".2196820691972999"}, {"value": "36.80889580777472", "label": "q", "units": "au", "sigma": 0.00106727087356899, "title": "perihelion distance", "name": "q"}, {"value": "2456291.843035133097", "label": "tp", "units": "TDB", "sigma": 3.70682741926118, "title": "time of perihelion passage", "name": "tp"}, {"value": "190.3756061361561", "name": "om", "title": "longitude of the ascending node", "units": "deg", "sigma": 0.0014378772542189, "label": "node"}, {"value": "272.6049213554487", "sigma": 0.0182991748095983, "units": "deg", "label": "peri", "name": "w", "title": "argument of perihelion"}, {"name": "i", "title": "inclination", "units": "deg", "sigma": 2.70212378181787e-05, "label": "i", "value": "6.956761702439016"}], "labels": ["e", "q", "tp", "node", "peri", "i"]}, "comment": null, "sb_used": "SB441-N16", "pe_used": "DE441", "model_pars": [], "equinox": "J2000", "moid": "35.7906", "data_arc": "3339", "first_obs": "2013-12-30", "condition_code": "3", "rms": ".50128", "not_valid_before": null, "t_jup": "5.935", "last_obs": "2023-02-20", "source": "JPL", "moid_jup": "31.6207"}, "signature": {"version": "1.3", "source": "NASA/JPL Small-Body Database (SBDB) API"}, "object": {"orbit_id": "5", "orbit_class": {"code": "TNO", "name": "TransNeptunian Object"}, "prefix": null, "neo": false, "fullname": "(2016 AN278)", "pha": false, "spkid": "3841311", "kind": "au", "des": "2016 AN278"}}