{"object": {"orbit_id": "4", "kind": "au", "pha": false, "orbit_class": {"name": "TransNeptunian Object", "code": "TNO"}, "des": "2014 UQ250", "prefix": null, "fullname": "(2014 UQ250)", "spkid": "3989626", "neo": false}, "orbit": {"model_pars": [], "not_valid_after": null, "equinox": "J2000", "condition_code": "4", "moid_jup": "30.6668", "soln_date": "2021-09-08 23:45:57", "producer": "Otto Matic", "last_obs": "2021-01-11", "t_jup": "5.275", "n_dop_obs_used": null, "rms": ".18575", "n_del_obs_used": null, "first_obs": "2014-10-31", "data_arc": "2264", "pe_used": "DE441", "two_body": null, "orbit_id": "4", "comment": null, "elements": [{"title": "eccentricity", "sigma": ".00018154", "name": "e", "label": "e", "units": null, "value": ".3654082077456374"}, {"title": "semi-major axis", "name": "a", "sigma": ".01814", "value": "56.16326157954764", "label": "a", "units": "au"}, {"units": "au", "label": "q", "value": "35.64074482461573", "name": "q", "sigma": ".0046814", "title": "perihelion distance"}, {"units": "deg", "label": "i", "value": "32.08565904101495", "sigma": ".0003023", "name": "i", "title": "inclination; angle with respect to x-y ecliptic plane"}, {"title": "longitude of the ascending node", "name": "om", "sigma": ".00092616", "label": "node", "value": "89.10196772895672", "units": "deg"}, {"label": "peri", "value": "337.6975245450573", "units": "deg", "title": "argument of perihelion", "name": "w", "sigma": ".035355"}, {"value": "350.2017732632935", "label": "M", "units": "deg", "title": "mean anomaly", "name": "ma", "sigma": ".016174"}, {"name": "tp", "sigma": "5.8732", "title": "time of perihelion passage", "value": "2464384.791115287945", "label": "tp", "units": "TDB"}, {"label": "period", "units": "d", "value": "153736.4710964005", "sigma": "74.484", "name": "per", "title": "sidereal orbital period"}, {"label": "n", "units": "deg/d", "value": ".002341669464848467", "title": "mean motion", "sigma": "1.1345E-6", "name": "n"}, {"value": "76.68577833447956", "label": "Q", "units": "au", "title": "aphelion distance", "name": "ad", "sigma": ".024769"}], "epoch": "2460200.5", "not_valid_before": null, "sb_used": "SB441-N16", "source": "JPL", "n_obs_used": 35, "moid": "34.6744", "covariance": {"elements": [{"label": "e", "value": ".3560420155752856", "units": null, "title": "eccentricity", "sigma": 0.000180978772165912, "name": "e"}, {"label": "q", "value": "35.55995361096384", "units": "au", "title": "perihelion distance", "name": "q", "sigma": 0.00479048029159219}, {"label": "tp", "units": "TDB", "value": "2464598.258153702888", "title": "time of perihelion passage", "sigma": 5.95856774151572, "name": "tp"}, {"label": "node", "units": "deg", "value": "89.06615732735753", "sigma": 0.000928513534083899, "name": "om", "title": "longitude of the ascending node"}, {"sigma": 0.0360297773296904, "name": "w", "title": "argument of perihelion", "label": "peri", "value": "338.8262462626767", "units": "deg"}, {"sigma": 0.000304194062070761, "name": "i", "title": "inclination", "units": "deg", "label": "i", "value": "32.11810796391112"}], "epoch": "2457476.5", "data": [["3.275331597468118E-8", "3.733481465664665E-8", "3.471309588827411E-5", "9.87029518754537E-9", "4.262624353431824E-7", "-1.156046123233057E-9"], ["3.733481465664665E-8", "2.29487014241332E-5", "-.02841567219860049", "4.606026994279079E-7", "-.0001713604421627015", "-9.763113654597553E-8"], ["3.471309588827411E-5", "-.02841567219860049", "35.50452953023171", "-.0005446060214813619", ".2145021083941373", ".0001179642862933425"], ["9.87029518754537E-9", "4.606026994279079E-7", "-.0005446060214813619", "8.621373829769719E-7", "-3.947672676609371E-6", "-2.807650739049372E-7"], ["4.262624353431824E-7", "-.0001713604421627015", ".2145021083941373", "-3.947672676609371E-6", ".001298144854427072", "9.412092086703057E-7"], ["-1.156046123233057E-9", "-9.763113654597553E-8", ".0001179642862933425", "-2.807650739049372E-7", "9.412092086703057E-7", "9.253402739910993E-8"]], "labels": ["e", "q", "tp", "node", "peri", "i"]}}, "signature": {"version": "1.3", "source": "NASA/JPL Small-Body Database (SBDB) API"}}