{"object": {"prefix": null, "orbit_class": {"name": "TransNeptunian Object", "code": "TNO"}, "orbit_id": "2", "fullname": "(2015 RB281)", "neo": false, "pha": false, "spkid": "3835657", "kind": "au", "des": "2015 RB281"}, "orbit": {"rms": ".14832", "not_valid_before": null, "data_arc": "822", "condition_code": "5", "first_obs": "2015-06-23", "t_jup": "5.897", "source": "JPL", "last_obs": "2017-09-22", "moid_jup": "36.0232", "n_del_obs_used": null, "not_valid_after": null, "elements": [{"value": ".0615104191410902", "label": "e", "sigma": ".00012355", "units": null, "title": "eccentricity", "name": "e"}, {"value": "43.65082243927523", "label": "a", "sigma": ".0049457", "units": "au", "title": "semi-major axis", "name": "a"}, {"label": "q", "units": "au", "sigma": ".0033684", "title": "perihelion distance", "name": "q", "value": "40.96584205518211"}, {"value": "2.204652855350326", "title": "inclination; angle with respect to x-y ecliptic plane", "name": "i", "label": "i", "units": "deg", "sigma": "3.8845E-5"}, {"value": "279.0568307665474", "label": "node", "sigma": ".033919", "units": "deg", "title": "longitude of the ascending node", "name": "om"}, {"name": "w", "title": "argument of perihelion", "units": "deg", "sigma": "1.3303", "label": "peri", "value": "88.67905922544699"}, {"name": "ma", "title": "mean anomaly", "units": "deg", "sigma": "1.1717", "label": "M", "value": "11.7750778770831"}, {"value": "2456755.030891795755", "units": "TDB", "sigma": "342.95", "label": "tp", "name": "tp", "title": "time of perihelion passage"}, {"value": "105338.4862419941", "sigma": "17.902", "units": "d", "label": "period", "name": "per", "title": "sidereal orbital period"}, {"value": ".003417554332164712", "title": "mean motion", "name": "n", "label": "n", "sigma": "5.8082E-7", "units": "deg/d"}, {"label": "Q", "units": "au", "sigma": ".0052499", "title": "aphelion distance", "name": "ad", "value": "46.33580282336835"}], "producer": "Otto Matic", "soln_date": "2021-04-15 14:37:09", "two_body": null, "n_obs_used": 38, "epoch": "2460200.5", "n_dop_obs_used": null, "orbit_id": "2", "pe_used": "DE441", "comment": null, "covariance": {"data": [["2.67098687569331E-8", "-6.593833288899861E-7", "-.05997787809167612", "1.98479625564746E-7", "-.0002314745969972594", "-1.931978504448747E-10"], ["-6.593833288899861E-7", "2.822080000185904E-5", "2.200431502407617", "-7.119580517772088E-6", ".008492034644892926", "1.0636904284705E-8"], ["-.05997787809167612", "2.200431502407617", "179790.5960124196", "-.5857329013255341", "693.8572832506591", ".0007763562428492257"], ["1.98479625564746E-7", "-7.119580517772088E-6", "-.5857329013255341", ".001161324842892437", "-.003419046341018297", "-1.132264402113839E-6"], ["-.0002314745969972594", ".008492034644892926", "693.8572832506591", "-.003419046341018297", "2.678928073295888", "4.125107805811993E-6"], ["-1.931978504448747E-10", "1.0636904284705E-8", ".0007763562428492257", "-1.132264402113839E-6", "4.125107805811993E-6", "1.59684951088454E-9"]], "epoch": "2457457.5", "labels": ["e", "q", "tp", "node", "peri", "i"], "elements": [{"name": "e", "title": "eccentricity", "sigma": 0.000163431541499593, "units": null, "label": "e", "value": ".04953372182233318"}, {"label": "q", "sigma": 0.00531232529141985, "units": "au", "title": "perihelion distance", "name": "q", "value": "40.94157992211198"}, {"value": "2456211.384922273335", "title": "time of perihelion passage", "name": "tp", "label": "tp", "sigma": 424.017211929445, "units": "TDB"}, {"value": "279.0357842542285", "sigma": 0.0340782165450664, "units": "deg", "label": "node", "name": "om", "title": "longitude of the ascending node"}, {"value": "86.64802807961773", "title": "argument of perihelion", "name": "w", "label": "peri", "sigma": 1.63674312990643, "units": "deg"}, {"title": "inclination", "name": "i", "label": "i", "sigma": 3.99605994810456e-05, "units": "deg", "value": "2.206292897958905"}]}, "sb_used": "SB441-N16", "model_pars": [], "equinox": "J2000", "moid": "39.965"}, "signature": {"version": "1.3", "source": "NASA/JPL Small-Body Database (SBDB) API"}}