{"orbit": {"t_jup": "5.928", "producer": "Otto Matic", "last_obs": "2015-12-09", "soln_date": "2021-04-15 09:42:33", "moid_jup": "31.7252", "model_pars": [], "not_valid_after": null, "equinox": "J2000", "condition_code": "7", "covariance": {"labels": ["e", "q", "tp", "node", "peri", "i"], "data": [[".0002334702941283647", "-.005625968627852634", "-13.60055720868892", "-.0001720888229376655", "-.02219287789873922", "1.859909595974971E-5"], ["-.005625968627852634", ".1369493460558505", "327.1498305189664", ".004095776960406956", ".5299957434265328", "-.0004419558816160953"], ["-13.60055720868892", "327.1498305189664", "792554.109524118", "10.0444580831506", "1294.894288501319", "-1.085857905448332"], ["-.0001720888229376655", ".004095776960406956", "10.0444580831506", ".000935120613731889", ".01576983861054581", "-9.741881643604923E-5"], ["-.02219287789873922", ".5299957434265328", "1294.894288501319", ".01576983861054581", "2.127010590122063", "-.001710249601514489"], ["1.859909595974971E-5", "-.0004419558816160953", "-1.085857905448332", "-9.741881643604923E-5", "-.001710249601514489", "1.01587693136816E-5"]], "epoch": "2456984.5", "elements": [{"label": "e", "units": null, "value": ".3485810507254435", "title": "eccentricity", "sigma": 0.0152797347532071, "name": "e"}, {"label": "q", "units": "au", "value": "37.32221176655975", "name": "q", "sigma": 0.370066677851236, "title": "perihelion distance"}, {"label": "tp", "units": "TDB", "value": "2491039.919886440992", "title": "time of perihelion passage", "name": "tp", "sigma": 890.255081156023}, {"value": "236.2747494230588", "label": "node", "units": "deg", "title": "longitude of the ascending node", "sigma": 0.0305797418846512, "name": "om"}, {"title": "argument of perihelion", "sigma": 1.45842743738661, "name": "w", "value": "44.51555674067325", "label": "peri", "units": "deg"}, {"value": "19.17185870762772", "label": "i", "units": "deg", "name": "i", "sigma": 0.00318728243393672, "title": "inclination"}]}, "source": "JPL", "sb_used": "SB441-N16", "moid": "35.8004", "n_obs_used": 12, "elements": [{"title": "eccentricity", "sigma": ".014898", "name": "e", "label": "e", "value": ".3505516627455053", "units": null}, {"label": "a", "value": "56.64433412795886", "units": "au", "sigma": ".76053", "name": "a", "title": "semi-major axis"}, {"title": "perihelion distance", "sigma": ".35327", "name": "q", "label": "q", "units": "au", "value": "36.78756861429091"}, {"units": "deg", "label": "i", "value": "19.1992273056069", "title": "inclination; angle with respect to x-y ecliptic plane", "name": "i", "sigma": ".0032052"}, {"name": "om", "sigma": ".030435", "title": "longitude of the ascending node", "label": "node", "units": "deg", "value": "236.1203776723463"}, {"units": "deg", "label": "peri", "value": "46.44814637719541", "title": "argument of perihelion", "sigma": "1.5184", "name": "w"}, {"value": "288.2006092095087", "label": "M", "units": "deg", "name": "ma", "sigma": "3.5208", "title": "mean anomaly"}, {"title": "time of perihelion passage", "sigma": "898.02", "name": "tp", "label": "tp", "units": "TDB", "value": "2491256.920563455224"}, {"title": "sidereal orbital period", "name": "per", "sigma": "3136.1", "label": "period", "value": "155715.9647143488", "units": "d"}, {"label": "n", "units": "deg/d", "value": ".00231190167726474", "title": "mean motion", "sigma": "4.6561E-5", "name": "n"}, {"sigma": "1.0271", "name": "ad", "title": "aphelion distance", "units": "au", "label": "Q", "value": "76.50109964162679"}], "comment": null, "epoch": "2460200.5", "not_valid_before": null, "two_body": null, "pe_used": "DE441", "orbit_id": "3", "n_dop_obs_used": null, "rms": ".15717", "data_arc": "625", "n_del_obs_used": null, "first_obs": "2014-03-24"}, "object": {"fullname": "(2014 FH72)", "des": "2014 FH72", "prefix": null, "orbit_class": {"name": "TransNeptunian Object", "code": "TNO"}, "pha": false, "kind": "au", "orbit_id": "3", "neo": false, "spkid": "3757905"}, "signature": {"version": "1.3", "source": "NASA/JPL Small-Body Database (SBDB) API"}}