{"object": {"kind": "au", "des": "2015 KE173", "spkid": "3830918", "pha": false, "neo": false, "fullname": "(2015 KE173)", "orbit_id": "3", "orbit_class": {"name": "TransNeptunian Object", "code": "TNO"}, "prefix": null}, "signature": {"version": "1.3", "source": "NASA/JPL Small-Body Database (SBDB) API"}, "orbit": {"model_pars": [], "equinox": "J2000", "moid": "28.1672", "covariance": {"elements": [{"title": "eccentricity", "name": "e", "label": "e", "units": null, "sigma": 0.000186716457709496, "value": ".2512234561692868"}, {"title": "perihelion distance", "name": "q", "label": "q", "sigma": 0.00802416546165819, "units": "au", "value": "29.5065324142329"}, {"value": "2482013.487801398376", "units": "TDB", "sigma": 8.76970523267458, "label": "tp", "name": "tp", "title": "time of perihelion passage"}, {"name": "om", "title": "longitude of the ascending node", "sigma": 0.00579561055976033, "units": "deg", "label": "node", "value": "109.8193670631083"}, {"title": "argument of perihelion", "name": "w", "label": "peri", "sigma": 0.0259485442364071, "units": "deg", "value": "250.4061244351287"}, {"value": "8.123842077218148", "units": "deg", "sigma": 0.000583333236024443, "label": "i", "name": "i", "title": "inclination"}], "labels": ["e", "q", "tp", "node", "peri", "i"], "data": [["3.486303557958192E-8", "-1.331392036922665E-6", "-.001566171443335044", "-4.836036785539349E-8", "-1.925344660452372E-6", "4.512134148775692E-9"], ["-1.331392036922665E-6", "6.438723135606826E-5", ".05061807982163258", "2.122324798894266E-6", "-1.127779841221914E-5", "-1.84165027355494E-7"], ["-.001566171443335044", ".05061807982163258", "76.9077298679999", ".002005602808380108", ".1450375210951267", "-.0001960370007432183"], ["-4.836036785539349E-8", "2.122324798894266E-6", ".002005602808380108", "3.358910176040541E-5", "-3.216974677343303E-5", "-3.376612072887071E-6"], ["-1.925344660452372E-6", "-1.127779841221914E-5", ".1450375210951267", "-3.216974677343303E-5", ".0006733269479887745", "3.156868627953698E-6"], ["4.512134148775692E-9", "-1.84165027355494E-7", "-.0001960370007432183", "-3.376612072887071E-6", "3.156868627953698E-6", "3.40277664250748E-7"]], "epoch": "2457232.5"}, "comment": null, "sb_used": "SB441-N16", "pe_used": "DE441", "epoch": "2460200.5", "n_dop_obs_used": null, "orbit_id": "3", "n_obs_used": 36, "two_body": null, "elements": [{"value": ".2570252211163056", "name": "e", "title": "eccentricity", "sigma": ".00018512", "units": null, "label": "e"}, {"value": "39.24945834529681", "units": "au", "sigma": ".004896", "label": "a", "name": "a", "title": "semi-major axis"}, {"units": "au", "sigma": ".0078939", "label": "q", "name": "q", "title": "perihelion distance", "value": "29.16135763540167"}, {"title": "inclination; angle with respect to x-y ecliptic plane", "name": "i", "label": "i", "units": "deg", "sigma": ".00058501", "value": "8.119189344529358"}, {"name": "om", "title": "longitude of the ascending node", "sigma": ".0058222", "units": "deg", "label": "node", "value": "109.8918688124007"}, {"value": "251.1607758962517", "sigma": ".025578", "units": "deg", "label": "peri", "name": "w", "title": "argument of perihelion"}, {"value": "272.8522602058147", "name": "ma", "title": "mean anomaly", "units": "deg", "sigma": ".043233", "label": "M"}, {"label": "tp", "units": "TDB", "sigma": "8.6963", "title": "time of perihelion passage", "name": "tp", "value": "2481942.653408104419"}, {"sigma": "16.806", "units": "d", "label": "period", "name": "per", "title": "sidereal orbital period", "value": "89815.01121432225"}, {"value": ".004008238657800145", "label": "n", "sigma": "7.4999E-7", "units": "deg/d", "title": "mean motion", "name": "n"}, {"value": "49.33755905519195", "label": "Q", "units": "au", "sigma": ".0061545", "title": "aphelion distance", "name": "ad"}], "soln_date": "2022-04-28 21:48:19", "producer": "Otto Matic", "n_del_obs_used": null, "not_valid_after": null, "moid_jup": "24.2399", "last_obs": "2022-04-26", "source": "JPL", "t_jup": "5.388", "data_arc": "2888", "condition_code": "4", "first_obs": "2014-05-30", "rms": ".1963", "not_valid_before": null}}