{"orbit": {"rms": ".1098", "n_dop_obs_used": null, "data_arc": "858", "first_obs": "2015-08-11", "n_del_obs_used": null, "two_body": null, "pe_used": "DE441", "orbit_id": "2", "elements": [{"label": "e", "units": null, "value": ".1649633011699094", "title": "eccentricity", "name": "e", "sigma": ".00084601"}, {"value": "39.53088654392776", "label": "a", "units": "au", "title": "semi-major axis", "sigma": ".010809", "name": "a"}, {"label": "q", "value": "33.00974100146829", "units": "au", "title": "perihelion distance", "name": "q", "sigma": ".025035"}, {"name": "i", "sigma": ".0010706", "title": "inclination; angle with respect to x-y ecliptic plane", "value": "5.128522634996463", "label": "i", "units": "deg"}, {"sigma": ".0069966", "name": "om", "title": "longitude of the ascending node", "units": "deg", "label": "node", "value": "80.45291082002936"}, {"label": "peri", "value": "7.373707925436269", "units": "deg", "title": "argument of perihelion", "sigma": ".40328", "name": "w"}, {"label": "M", "value": "343.6097879734414", "units": "deg", "sigma": ".25816", "name": "ma", "title": "mean anomaly"}, {"sigma": "66.635", "name": "tp", "title": "time of perihelion passage", "label": "tp", "value": "2464333.689611307528", "units": "TDB"}, {"title": "sidereal orbital period", "name": "per", "sigma": "37.236", "label": "period", "units": "d", "value": "90782.73408907966"}, {"title": "mean motion", "sigma": "1.6265E-6", "name": "n", "label": "n", "value": ".003965511764018405", "units": "deg/d"}, {"value": "46.05203208638723", "label": "Q", "units": "au", "sigma": ".012593", "name": "ad", "title": "aphelion distance"}], "comment": null, "epoch": "2460200.5", "not_valid_before": null, "covariance": {"labels": ["e", "q", "tp", "node", "peri", "i"], "data": [["7.936791795092775E-7", "-2.329307010893659E-5", ".05822414069996235", "-2.021515734848131E-7", ".0003566999561237725", "3.180207049366716E-8"], ["-2.329307010893659E-5", ".0006915835341136529", "-1.729465780378661", "5.78507220254853E-6", "-.01059119604277964", "-9.082791089956574E-7"], [".05822414069996235", "-1.729465780378661", "4326.488384003675", "-.01449948270811826", "26.49367198507075", ".002276790799791675"], ["-2.021515734848131E-7", "5.78507220254853E-6", "-.01449948270811826", "4.892711677516842E-5", "-.0001375346090969387", "-7.515621301659843E-6"], [".0003566999561237725", "-.01059119604277964", "26.49367198507075", "-.0001375346090969387", ".1622881231642054", "2.143041808470733E-5"], ["3.180207049366716E-8", "-9.082791089956574E-7", ".002276790799791675", "-7.515621301659843E-6", "2.143041808470733E-5", "1.156450348688377E-6"]], "elements": [{"title": "eccentricity", "name": "e", "sigma": 0.000890886737755859, "label": "e", "units": null, "value": ".1592624039319863"}, {"value": "32.91779259197962", "label": "q", "units": "au", "name": "q", "sigma": 0.0262979758558269, "title": "perihelion distance"}, {"label": "tp", "units": "TDB", "value": "2464760.894809725909", "name": "tp", "sigma": 65.7760471904756, "title": "time of perihelion passage"}, {"label": "node", "units": "deg", "value": "80.42930144169155", "name": "om", "sigma": 0.00699479211808102, "title": "longitude of the ascending node"}, {"sigma": 0.402850000824383, "name": "w", "title": "argument of perihelion", "label": "peri", "value": "9.78580051476346", "units": "deg"}, {"sigma": 0.0010753838145929, "name": "i", "title": "inclination", "value": "5.13810314085456", "label": "i", "units": "deg"}], "epoch": "2457482.5"}, "sb_used": "SB441-N16", "source": "JPL", "moid": "32.0249", "n_obs_used": 37, "model_pars": [], "not_valid_after": null, "condition_code": "5", "equinox": "J2000", "soln_date": "2021-04-15 15:18:29", "moid_jup": "27.8766", "producer": "Otto Matic", "last_obs": "2017-12-16", "t_jup": "5.547"}, "object": {"neo": false, "spkid": "3830977", "orbit_class": {"code": "TNO", "name": "TransNeptunian Object"}, "pha": false, "kind": "au", "orbit_id": "2", "fullname": "(2015 VU165)", "des": "2015 VU165", "prefix": null}, "signature": {"version": "1.3", "source": "NASA/JPL Small-Body Database (SBDB) API"}}