{"object": {"kind": "au", "des": "2015 VK166", "spkid": "3830998", "fullname": "(2015 VK166)", "neo": false, "prefix": null, "orbit_id": "2", "orbit_class": {"code": "TNO", "name": "TransNeptunian Object"}, "pha": false}, "orbit": {"covariance": {"data": [["1.858703547302645E-7", "-5.866248653095074E-6", "-.01163315507877034", "2.76543826520368E-7", "-5.999133899207684E-5", "-1.020235391816476E-9"], ["-5.866248653095074E-6", ".0001993452445017357", ".3965000647414593", "-9.484195829514157E-6", ".002038481496674661", "3.810176186064242E-8"], ["-.01163315507877034", ".3965000647414593", "789.6773176430296", "-.01884671862729671", "4.058470229049101", "7.566220407906544E-5"], ["2.76543826520368E-7", "-9.484195829514157E-6", "-.01884671862729671", ".0005962770183168113", "-.000692218293366975", "-2.105784474924931E-6"], ["-5.999133899207684E-5", ".002038481496674661", "4.058470229049101", "-.000692218293366975", ".02145640404231021", "2.490193573836368E-6"], ["-1.020235391816476E-9", "3.810176186064242E-8", "7.566220407906544E-5", "-2.105784474924931E-6", "2.490193573836368E-6", "7.896378874045579E-9"]], "epoch": "2457465.5", "labels": ["e", "q", "tp", "node", "peri", "i"], "elements": [{"value": ".1994950449635667", "title": "eccentricity", "name": "e", "label": "e", "units": null, "sigma": 0.000431126842971143}, {"value": "38.33346405562354", "sigma": 0.0141189675437596, "units": "au", "label": "q", "name": "q", "title": "perihelion distance"}, {"sigma": 28.1011977973009, "units": "TDB", "label": "tp", "name": "tp", "title": "time of perihelion passage", "value": "2448143.991269972215"}, {"value": "135.2589455295705", "title": "longitude of the ascending node", "name": "om", "label": "node", "units": "deg", "sigma": 0.0244187841285518}, {"label": "peri", "sigma": 0.146480046567136, "units": "deg", "title": "argument of perihelion", "name": "w", "value": "233.7885474970192"}, {"label": "i", "units": "deg", "sigma": 8.88615714133257e-05, "title": "inclination", "name": "i", "value": "2.322445567221034"}]}, "comment": null, "sb_used": "SB441-N16", "pe_used": "DE441", "model_pars": [], "moid": "37.3599", "equinox": "J2000", "elements": [{"title": "eccentricity", "name": "e", "label": "e", "sigma": ".000424", "units": null, "value": ".2089862158358682"}, {"value": "48.49503180105086", "label": "a", "units": "au", "sigma": ".010417", "title": "semi-major axis", "name": "a"}, {"value": "38.36023861810915", "name": "q", "title": "perihelion distance", "sigma": ".01375", "units": "au", "label": "q"}, {"label": "i", "sigma": "9.0519E-5", "units": "deg", "title": "inclination; angle with respect to x-y ecliptic plane", "name": "i", "value": "2.32346171862299"}, {"label": "node", "sigma": ".024299", "units": "deg", "title": "longitude of the ascending node", "name": "om", "value": "135.0971849075261"}, {"value": "235.0548901237837", "title": "argument of perihelion", "name": "w", "label": "peri", "sigma": ".14267", "units": "deg"}, {"title": "mean anomaly", "name": "ma", "label": "M", "sigma": ".072237", "units": "deg", "value": "34.34152132549703"}, {"units": "TDB", "sigma": "27.373", "label": "tp", "name": "tp", "title": "time of perihelion passage", "value": "2448433.619871311335"}, {"value": "123351.4615202217", "units": "d", "sigma": "39.744", "label": "period", "name": "per", "title": "sidereal orbital period"}, {"value": ".002918489943801624", "sigma": "9.4034E-7", "units": "deg/d", "label": "n", "name": "n", "title": "mean motion"}, {"value": "58.62982498399256", "title": "aphelion distance", "name": "ad", "label": "Q", "units": "au", "sigma": ".012594"}], "producer": "Otto Matic", "soln_date": "2021-04-15 15:18:32", "not_valid_after": null, "n_del_obs_used": null, "epoch": "2460200.5", "orbit_id": "2", "n_dop_obs_used": null, "n_obs_used": 41, "two_body": null, "last_obs": "2017-12-16", "source": "JPL", "moid_jup": "33.4085", "data_arc": "1125", "first_obs": "2014-11-17", "condition_code": "4", "not_valid_before": null, "rms": ".10231", "t_jup": "6.073"}, "signature": {"version": "1.3", "source": "NASA/JPL Small-Body Database (SBDB) API"}}