{"object": {"spkid": "3787118", "kind": "au", "des": "2013 SC101", "prefix": null, "orbit_id": "2", "orbit_class": {"code": "TNO", "name": "TransNeptunian Object"}, "fullname": "(2013 SC101)", "neo": false, "pha": false}, "orbit": {"t_jup": "5.863", "data_arc": "878", "condition_code": "5", "first_obs": "2013-08-05", "not_valid_before": null, "rms": ".22695", "moid_jup": "36.1681", "last_obs": "2015-12-31", "source": "JPL", "epoch": "2460200.5", "orbit_id": "2", "n_dop_obs_used": null, "two_body": null, "n_obs_used": 47, "elements": [{"sigma": ".0011072", "units": null, "label": "e", "name": "e", "title": "eccentricity", "value": ".03311913018549439"}, {"value": "42.99650701847074", "label": "a", "units": "au", "sigma": ".0058573", "title": "semi-major axis", "name": "a"}, {"label": "q", "sigma": ".044123", "units": "au", "title": "perihelion distance", "name": "q", "value": "41.57250010500449"}, {"label": "i", "sigma": "2.1201E-5", "units": "deg", "title": "inclination; angle with respect to x-y ecliptic plane", "name": "i", "value": "2.237681909661755"}, {"value": "101.6580890531952", "name": "om", "title": "longitude of the ascending node", "units": "deg", "sigma": ".03216", "label": "node"}, {"label": "peri", "sigma": "1.977", "units": "deg", "title": "argument of perihelion", "name": "w", "value": "135.0398443918833"}, {"title": "mean anomaly", "name": "ma", "label": "M", "units": "deg", "sigma": "2.1652", "value": "144.2116115626528"}, {"value": "2418948.413528415280", "label": "tp", "units": "TDB", "sigma": "613.33", "title": "time of perihelion passage", "name": "tp"}, {"value": "102978.8861579886", "name": "per", "title": "sidereal orbital period", "units": "d", "sigma": "21.043", "label": "period"}, {"name": "n", "title": "mean motion", "sigma": "7.1435E-7", "units": "deg/d", "label": "n", "value": ".003495862243525275"}, {"label": "Q", "units": "au", "sigma": ".0060513", "title": "aphelion distance", "name": "ad", "value": "44.420513931937"}], "producer": "Otto Matic", "soln_date": "2021-04-15 08:42:01", "n_del_obs_used": null, "not_valid_after": null, "model_pars": [], "equinox": "J2000", "moid": "40.5604", "comment": null, "covariance": {"epoch": "2456800.5", "data": [["8.168481978450388E-7", "-3.176506302825051E-5", ".523309895875506", "1.458291857745234E-6", ".001700752337416055", "-3.913138393179915E-10"], ["-3.176506302825051E-5", ".001253280451493657", "-20.13206492753412", "-5.682582244371778E-5", "-.06532423388363946", "1.901492055783373E-8"], [".523309895875506", "-20.13206492753412", "337970.4699484246", ".93354176071745", "1099.674063549991", "-.0002085844268035306"], ["1.458291857745234E-6", "-5.682582244371778E-5", ".93354176071745", ".001042738359393935", ".001994036828412264", "-7.144477830058303E-8"], [".001700752337416055", "-.06532423388363946", "1099.674063549991", ".001994036828412264", "3.57971653588795", "-5.854412663516795E-7"], ["-3.913138393179915E-10", "1.901492055783373E-8", "-.0002085844268035306", "-7.144477830058303E-8", "-5.854412663516795E-7", "4.508893164644538E-10"]], "labels": ["e", "q", "tp", "node", "peri", "i"], "elements": [{"sigma": 0.000903796546710065, "units": null, "label": "e", "name": "e", "title": "eccentricity", "value": ".03937248696017388"}, {"value": "40.94101358923618", "label": "q", "units": "au", "sigma": 0.035401701251404, "title": "perihelion distance", "name": "q"}, {"title": "time of perihelion passage", "name": "tp", "label": "tp", "sigma": 581.352276978791, "units": "TDB", "value": "2416775.778796251478"}, {"value": "101.6865985271108", "title": "longitude of the ascending node", "name": "om", "label": "node", "sigma": 0.0322914595426397, "units": "deg"}, {"value": "125.6356022215916", "sigma": 1.89201388364038, "units": "deg", "label": "peri", "name": "w", "title": "argument of perihelion"}, {"value": "2.238025848177773", "name": "i", "title": "inclination", "units": "deg", "sigma": 2.12341544796221e-05, "label": "i"}]}, "sb_used": "SB441-N16", "pe_used": "DE441"}, "signature": {"version": "1.3", "source": "NASA/JPL Small-Body Database (SBDB) API"}}