{"signature": {"version": "1.3", "source": "NASA/JPL Small-Body Database (SBDB) API"}, "orbit": {"soln_date": "2021-12-17 13:42:02", "producer": "Otto Matic", "elements": [{"sigma": ".0097118", "units": null, "label": "e", "name": "e", "title": "eccentricity", "value": ".3582324611492999"}, {"units": "au", "sigma": ".49451", "label": "a", "name": "a", "title": "semi-major axis", "value": "56.45828276325281"}, {"value": "36.23309317670966", "title": "perihelion distance", "name": "q", "label": "q", "units": "au", "sigma": ".27434"}, {"value": "18.38361709242064", "title": "inclination; angle with respect to x-y ecliptic plane", "name": "i", "label": "i", "units": "deg", "sigma": ".013259"}, {"sigma": ".010967", "units": "deg", "label": "node", "name": "om", "title": "longitude of the ascending node", "value": "313.2207065608658"}, {"name": "w", "title": "argument of perihelion", "sigma": "2.2472", "units": "deg", "label": "peri", "value": "21.39695360200718"}, {"value": "116.3235744305501", "sigma": "4.6836", "units": "deg", "label": "M", "name": "ma", "title": "mean anomaly"}, {"value": "2410133.085860615894", "label": "tp", "sigma": "1374.9", "units": "TDB", "title": "time of perihelion passage", "name": "tp"}, {"value": "154949.4088228822", "name": "per", "title": "sidereal orbital period", "sigma": "2035.8", "units": "d", "label": "period"}, {"title": "mean motion", "name": "n", "label": "n", "sigma": "3.0525E-5", "units": "deg/d", "value": ".002323338970666901"}, {"value": "76.68347234979596", "units": "au", "sigma": ".67166", "label": "Q", "name": "ad", "title": "aphelion distance"}], "n_del_obs_used": null, "not_valid_after": null, "orbit_id": "1", "n_dop_obs_used": null, "epoch": "2460200.5", "two_body": null, "n_obs_used": 9, "sb_used": "SB441-N16", "comment": null, "covariance": {"data": [["8.813344193540986E-5", "-.002252348132993911", "12.81674185201753", "2.182382998085295E-5", ".02061344080493747", "-2.661865278765107E-5"], ["-.002252348132993911", ".06965423978190129", "-314.5560704033333", "3.19603180027222E-5", "-.4731479004846184", "-1.951581705687241E-5"], ["12.81674185201753", "-314.5560704033333", "1877928.377883299", "3.800073482964994", "3055.489212332956", "-4.614313496810465"], ["2.182382998085295E-5", "3.19603180027222E-5", "3.800073482964994", ".0001200938515474104", ".007628932067511202", "-.0001462306517144918"], [".02061344080493747", "-.4731479004846184", "3055.489212332956", ".007628932067511202", "5.059606487882032", "-.009218384740165462"], ["-2.661865278765107E-5", "-1.951581705687241E-5", "-4.614313496810465", "-.0001462306517144918", "-.009218384740165462", ".0001781736859156497"]], "epoch": "2459077.5", "elements": [{"label": "e", "sigma": 0.00938794130442931, "units": null, "title": "eccentricity", "name": "e", "value": ".3610166758605987"}, {"value": "35.82867404890607", "label": "q", "units": "au", "sigma": 0.263920896826874, "title": "perihelion distance", "name": "q"}, {"label": "tp", "units": "TDB", "sigma": 1370.37526899871, "title": "time of perihelion passage", "name": "tp", "value": "2409948.710723931057"}, {"title": "longitude of the ascending node", "name": "om", "label": "node", "units": "deg", "sigma": 0.0109587340303253, "value": "313.1693910123929"}, {"label": "peri", "sigma": 2.24935690540253, "units": "deg", "title": "argument of perihelion", "name": "w", "value": "20.27937995186731"}, {"title": "inclination", "name": "i", "label": "i", "units": "deg", "sigma": 0.0133481716319371, "value": "18.45218318821664"}], "labels": ["e", "q", "tp", "node", "peri", "i"]}, "pe_used": "DE441", "moid": "35.2293", "equinox": "J2000", "model_pars": [], "condition_code": "7", "first_obs": "2020-01-25", "data_arc": "682", "not_valid_before": null, "rms": ".076368", "t_jup": "5.929", "last_obs": "2021-12-07", "source": "JPL", "moid_jup": "31.2662"}, "object": {"spkid": "54231247", "des": "2020 BA95", "kind": "au", "pha": false, "orbit_id": "1", "orbit_class": {"name": "TransNeptunian Object", "code": "TNO"}, "prefix": null, "neo": false, "fullname": "(2020 BA95)"}}