{"object": {"des": "2013 SG113", "prefix": null, "fullname": "(2013 SG113)", "orbit_class": {"code": "TNO", "name": "TransNeptunian Object"}, "kind": "au", "orbit_id": "1", "pha": false, "neo": false, "spkid": "54199269"}, "orbit": {"producer": "Otto Matic", "last_obs": "2018-11-08", "t_jup": "5.966", "model_pars": [], "equinox": "J2000", "not_valid_after": null, "condition_code": "4", "soln_date": "2021-09-23 13:12:05", "moid_jup": "33.4013", "epoch": "2460200.5", "comment": null, "elements": [{"name": "e", "sigma": ".00054915", "title": "eccentricity", "units": null, "label": "e", "value": ".1790782113792204"}, {"name": "a", "sigma": ".014313", "title": "semi-major axis", "label": "a", "units": "au", "value": "46.99782298088015"}, {"title": "perihelion distance", "name": "q", "sigma": ".022417", "value": "38.58153690274691", "label": "q", "units": "au"}, {"value": "8.024150789528269", "label": "i", "units": "deg", "title": "inclination; angle with respect to x-y ecliptic plane", "sigma": ".00073387", "name": "i"}, {"title": "longitude of the ascending node", "sigma": ".0021722", "name": "om", "value": "335.9926682730353", "label": "node", "units": "deg"}, {"units": "deg", "label": "peri", "value": "304.1847536260006", "sigma": ".082059", "name": "w", "title": "argument of perihelion"}, {"label": "M", "value": "68.32624865786482", "units": "deg", "sigma": ".065978", "name": "ma", "title": "mean anomaly"}, {"label": "tp", "value": "2437864.771859385568", "units": "TDB", "sigma": "11.922", "name": "tp", "title": "time of perihelion passage"}, {"name": "per", "sigma": "53.76", "title": "sidereal orbital period", "value": "117683.3543267509", "label": "period", "units": "d"}, {"label": "n", "units": "deg/d", "value": ".003059056245120704", "title": "mean motion", "name": "n", "sigma": "1.3974E-6"}, {"label": "Q", "units": "au", "value": "55.41410905901339", "name": "ad", "sigma": ".016876", "title": "aphelion distance"}], "not_valid_before": null, "covariance": {"epoch": "2457061.5", "elements": [{"units": null, "label": "e", "value": ".1772686426491921", "title": "eccentricity", "sigma": 0.000553882975592054, "name": "e"}, {"label": "q", "value": "38.20749713643655", "units": "au", "name": "q", "sigma": 0.0225806876190378, "title": "perihelion distance"}, {"label": "tp", "value": "2437137.035918275185", "units": "TDB", "sigma": 12.0953011708521, "name": "tp", "title": "time of perihelion passage"}, {"title": "longitude of the ascending node", "sigma": 0.00216607450343381, "name": "om", "label": "node", "units": "deg", "value": "336.1112232306101"}, {"value": "300.5967519390436", "label": "peri", "units": "deg", "title": "argument of perihelion", "name": "w", "sigma": 0.0766370405961616}, {"value": "8.060050503902829", "label": "i", "units": "deg", "name": "i", "sigma": 0.000738171370237346, "title": "inclination"}], "labels": ["e", "q", "tp", "node", "peri", "i"], "data": [["3.067863506507076E-7", "-1.119264516382239E-5", ".002104155910113826", "8.924310396592088E-8", "-2.098339016522571E-5", "2.667730016569056E-8"], ["-1.119264516382239E-5", ".0005098874533485652", ".0387524954899683", "-4.05424893488445E-6", ".001436105399034588", "-1.060287894144939E-6"], [".002104155910113826", ".0387524954899683", "146.2963104136166", "-.0002916619018179396", ".6204691576155246", "8.425130678842919E-5"], ["8.924310396592088E-8", "-4.05424893488445E-6", "-.0002916619018179396", "4.691878754426008E-6", "-1.597427903138203E-5", "1.587883207140828E-6"], ["-2.098339016522571E-5", ".001436105399034588", ".6204691576155246", "-1.597427903138203E-5", ".005873235991337714", "-3.962161800124328E-6"], ["2.667730016569056E-8", "-1.060287894144939E-6", "8.425130678842919E-5", "1.587883207140828E-6", "-3.962161800124328E-6", "5.448969718380806E-7"]]}, "sb_used": "SB441-N16", "source": "JPL", "moid": "37.5714", "n_obs_used": 18, "rms": ".23652", "n_dop_obs_used": null, "data_arc": "1893", "n_del_obs_used": null, "first_obs": "2013-09-02", "two_body": null, "pe_used": "DE441", "orbit_id": "1"}, "signature": {"version": "1.3", "source": "NASA/JPL Small-Body Database (SBDB) API"}}