{"object": {"orbit_class": {"name": "TransNeptunian Object", "code": "TNO"}, "orbit_id": "7", "prefix": null, "neo": false, "fullname": "(2006 HP122)", "pha": false, "spkid": "3335692", "kind": "au", "des": "2006 HP122"}, "signature": {"version": "1.3", "source": "NASA/JPL Small-Body Database (SBDB) API"}, "orbit": {"source": "JPL", "last_obs": "2016-03-13", "moid_jup": "33.158", "rms": ".15593", "not_valid_before": null, "data_arc": "3609", "first_obs": "2006-04-26", "condition_code": "4", "t_jup": "5.907", "pe_used": "DE441", "comment": null, "covariance": {"elements": [{"label": "e", "units": null, "sigma": 0.000399071933513135, "title": "eccentricity", "name": "e", "value": ".1665825682007356"}, {"title": "perihelion distance", "name": "q", "label": "q", "units": "au", "sigma": 0.00980638587720998, "value": "38.67042274573478"}, {"value": "2449052.249830147836", "name": "tp", "title": "time of perihelion passage", "sigma": 29.4044144417042, "units": "TDB", "label": "tp"}, {"title": "longitude of the ascending node", "name": "om", "label": "node", "units": "deg", "sigma": 0.000631644160408281, "value": "40.77008482319422"}, {"name": "w", "title": "argument of perihelion", "sigma": 0.133250057239371, "units": "deg", "label": "peri", "value": "148.6386168699218"}, {"value": "9.083133505224952", "title": "inclination", "name": "i", "label": "i", "units": "deg", "sigma": 0.000684888186762234}], "labels": ["e", "q", "tp", "node", "peri", "i"], "data": [["1.592584081179119E-7", "3.030324414262284E-6", ".007828018307604269", "6.5633633052103E-9", "3.507522489491656E-5", "-4.593634995238745E-8"], ["3.030324414262284E-6", "9.616520397274324E-5", ".2847167199964064", "2.475285787719934E-8", ".00128820593405492", "-1.061377006393665E-6"], [".007828018307604269", ".2847167199964064", "864.6195886595043", "-3.242063445102224E-5", "3.917891985535434", "-.002912859400572874"], ["6.5633633052103E-9", "2.475285787719934E-8", "-3.242063445102224E-5", "3.98974345377882E-7", "-5.707983308932812E-7", "-3.319212935001984E-7"], ["3.507522489491656E-5", ".00128820593405492", "3.917891985535434", "-5.707983308932812E-7", ".01775557775429569", "-1.278695926145349E-5"], ["-4.593634995238745E-8", "-1.061377006393665E-6", "-.002912859400572874", "-3.319212935001984E-7", "-1.278695926145349E-5", "4.690718283664603E-7"]], "epoch": "2454712.5"}, "sb_used": "SB441-N16", "model_pars": [], "equinox": "J2000", "moid": "37.6121", "n_del_obs_used": null, "not_valid_after": null, "elements": [{"value": ".1603418689839854", "name": "e", "title": "eccentricity", "sigma": ".0003888", "units": null, "label": "e"}, {"value": "45.98070127392455", "title": "semi-major axis", "name": "a", "label": "a", "sigma": ".031534", "units": "au"}, {"value": "38.60806969446917", "title": "perihelion distance", "name": "q", "label": "q", "units": "au", "sigma": ".01025"}, {"value": "9.114405383815235", "name": "i", "title": "inclination; angle with respect to x-y ecliptic plane", "sigma": ".00068817", "units": "deg", "label": "i"}, {"value": "40.81017258595831", "name": "om", "title": "longitude of the ascending node", "units": "deg", "sigma": ".00062922", "label": "node"}, {"title": "argument of perihelion", "name": "w", "label": "peri", "sigma": ".14088", "units": "deg", "value": "146.7006378393735"}, {"title": "mean anomaly", "name": "ma", "label": "M", "units": "deg", "sigma": ".13122", "value": "36.68326739959989"}, {"value": "2448595.976198918030", "sigma": "31.023", "units": "TDB", "label": "tp", "name": "tp", "title": "time of perihelion passage"}, {"value": "113883.7640301113", "name": "per", "title": "sidereal orbital period", "units": "d", "sigma": "117.16", "label": "period"}, {"value": ".003161117856139832", "label": "n", "sigma": "3.2519E-6", "units": "deg/d", "title": "mean motion", "name": "n"}, {"value": "53.35333285337994", "units": "au", "sigma": ".036591", "label": "Q", "name": "ad", "title": "aphelion distance"}], "soln_date": "2022-07-14 20:25:52", "producer": "Otto Matic", "n_obs_used": 21, "two_body": null, "epoch": "2460200.5", "n_dop_obs_used": null, "orbit_id": "7"}}