{"orbit": {"last_obs": "2022-11-28", "source": "JPL", "moid_jup": "34.9935", "condition_code": "4", "first_obs": "2001-10-21", "data_arc": "7708", "rms": ".32585", "not_valid_before": null, "t_jup": "5.779", "sb_used": "SB441-N16", "comment": null, "covariance": {"labels": ["e", "q", "tp", "node", "peri", "i"], "elements": [{"label": "e", "sigma": 0.000133465110548524, "units": null, "title": "eccentricity", "name": "e", "value": ".1356231627962817"}, {"title": "perihelion distance", "name": "q", "label": "q", "sigma": 0.0175022290792486, "units": "au", "value": "39.87346738853153"}, {"title": "time of perihelion passage", "name": "tp", "label": "tp", "units": "TDB", "sigma": 17.6193658994079, "value": "2486346.175859945761"}, {"value": "42.30758474946663", "label": "node", "sigma": 0.000526007234091402, "units": "deg", "title": "longitude of the ascending node", "name": "om"}, {"label": "peri", "sigma": 0.100819754150472, "units": "deg", "title": "argument of perihelion", "name": "w", "value": "134.83079451808"}, {"value": "16.8949399530439", "title": "inclination", "name": "i", "label": "i", "units": "deg", "sigma": 0.00047891800678791}], "data": [["1.781293573372978E-8", "-1.879919082753259E-6", ".0006454167506004147", "-4.807201588952498E-9", "7.322413542732711E-6", "-5.073369563560313E-9"], ["-1.879919082753259E-6", ".0003063280227424938", "-.2440069750220839", "7.639185853974404E-7", "-.001651304482278917", "7.996957665461544E-7"], [".0006454167506004147", "-.2440069750220839", "310.4420546972175", "-.0005910166188090537", "1.698198512896467", "-.0006131358749663996"], ["-4.807201588952498E-9", "7.639185853974404E-7", "-.0005910166188090537", "2.76683610316487E-7", "-4.323832621205115E-6", "2.359990320038425E-7"], ["7.322413542732711E-6", "-.001651304482278917", "1.698198512896467", "-4.323832621205115E-6", ".01016462282696158", "-4.456653814326894E-6"], ["-5.073369563560313E-9", "7.996957665461544E-7", "-.0006131358749663996", "2.359990320038425E-7", "-4.456653814326894E-6", "2.293624572257045E-7"]], "epoch": "2453411.5"}, "pe_used": "DE441", "equinox": "J2000", "moid": "39.3663", "model_pars": [], "producer": "Otto Matic", "soln_date": "2022-12-21 22:19:24", "elements": [{"value": ".1302102471311786", "label": "e", "units": null, "sigma": ".00012968", "title": "eccentricity", "name": "e"}, {"value": "46.3789162901305", "label": "a", "sigma": ".015317", "units": "au", "title": "semi-major axis", "name": "a"}, {"sigma": ".017444", "units": "au", "label": "q", "name": "q", "title": "perihelion distance", "value": "40.33990613831637"}, {"label": "i", "sigma": ".00047743", "units": "deg", "title": "inclination; angle with respect to x-y ecliptic plane", "name": "i", "value": "16.81583118013805"}, {"value": "42.14839510343327", "label": "node", "sigma": ".00053007", "units": "deg", "title": "longitude of the ascending node", "name": "om"}, {"value": "132.78560050", "units": "deg", "sigma": ".10657", "label": "peri", "name": "w", "title": "argument of perihelion"}, {"label": "M", "units": "deg", "sigma": ".099663", "title": "mean anomaly", "name": "ma", "value": "279.3271035203351"}, {"name": "tp", "title": "time of perihelion passage", "units": "TDB", "sigma": "19.526", "label": "tp", "value": "2486053.114543045031"}, {"value": "115366.3949309443", "name": "per", "title": "sidereal orbital period", "sigma": "57.15", "units": "d", "label": "period"}, {"value": ".003120492758879116", "name": "n", "title": "mean motion", "units": "deg/d", "sigma": "1.5458E-6", "label": "n"}, {"value": "52.41792644194464", "label": "Q", "sigma": ".017311", "units": "au", "title": "aphelion distance", "name": "ad"}], "n_del_obs_used": null, "not_valid_after": null, "orbit_id": "6", "n_dop_obs_used": null, "epoch": "2460200.5", "two_body": null, "n_obs_used": 29}, "signature": {"version": "1.3", "source": "NASA/JPL Small-Body Database (SBDB) API"}, "object": {"fullname": "(2002 CX224)", "neo": false, "prefix": null, "orbit_id": "6", "orbit_class": {"code": "TNO", "name": "TransNeptunian Object"}, "pha": false, "kind": "au", "des": "2002 CX224", "spkid": "3114092"}}