{"object": {"neo": false, "spkid": "3831142", "orbit_class": {"name": "TransNeptunian Object", "code": "TNO"}, "pha": false, "kind": "au", "orbit_id": "2", "fullname": "(2015 GZ55)", "prefix": null, "des": "2015 GZ55"}, "orbit": {"moid_jup": "32.0791", "soln_date": "2021-04-15 13:31:09", "equinox": "J2000", "not_valid_after": null, "condition_code": "4", "model_pars": [], "t_jup": "6.451", "last_obs": "2017-06-25", "producer": "Otto Matic", "orbit_id": "2", "pe_used": "DE441", "two_body": null, "n_del_obs_used": null, "first_obs": "2015-02-17", "data_arc": "859", "rms": ".131", "n_dop_obs_used": null, "n_obs_used": 39, "source": "JPL", "sb_used": "SB441-N16", "moid": "36.5077", "covariance": {"data": [["7.459952992794557E-7", "-1.870568479124454E-5", "-.01725195367324309", "2.506802457816134E-8", "-.0001106421253567802", "1.30701137822815E-8"], ["-1.870568479124454E-5", ".000481595908691078", ".4445109496379482", "-5.843904174153112E-7", ".002845198197298883", "-3.025163616348066E-7"], ["-.01725195367324309", ".4445109496379482", "410.6216111782588", "-.0005417884097729044", "2.627476526573891", "-.0002805668352435572"], ["2.506802457816134E-8", "-5.843904174153112E-7", "-.0005417884097729044", "5.259822664463608E-6", "-8.730848818541773E-6", "2.506638825873109E-6"], ["-.0001106421253567802", ".002845198197298883", "2.627476526573891", "-8.730848818541773E-6", ".01682158962147198", "-4.305399678511354E-6"], ["1.30701137822815E-8", "-3.025163616348066E-7", "-.0002805668352435572", "2.506638825873109E-6", "-4.305399678511354E-6", "1.215499097491144E-6"]], "labels": ["e", "q", "tp", "node", "peri", "i"], "elements": [{"title": "eccentricity", "sigma": 0.000863710194034698, "name": "e", "units": null, "label": "e", "value": ".4267864847196597"}, {"units": "au", "label": "q", "value": "37.57458598509568", "sigma": 0.0219452935430602, "name": "q", "title": "perihelion distance"}, {"label": "tp", "units": "TDB", "value": "2449028.613656972209", "title": "time of perihelion passage", "sigma": 20.263800511707, "name": "tp"}, {"label": "node", "units": "deg", "value": "198.8818793731335", "name": "om", "sigma": 0.00229343032692594, "title": "longitude of the ascending node"}, {"sigma": 0.129698071001353, "name": "w", "title": "argument of perihelion", "units": "deg", "label": "peri", "value": "328.1282292549691"}, {"title": "inclination", "sigma": 0.00110249675622704, "name": "i", "label": "i", "units": "deg", "value": "4.214889232418804"}], "epoch": "2457364.5"}, "not_valid_before": null, "epoch": "2460200.5", "comment": null, "elements": [{"sigma": ".00087236", "name": "e", "title": "eccentricity", "value": ".4154237127788602", "label": "e", "units": null}, {"value": "64.15035633736538", "label": "a", "units": "au", "sigma": ".058277", "name": "a", "title": "semi-major axis"}, {"value": "37.50077713161016", "label": "q", "units": "au", "sigma": ".022365", "name": "q", "title": "perihelion distance"}, {"sigma": ".0011079", "name": "i", "title": "inclination; angle with respect to x-y ecliptic plane", "value": "4.234573034362387", "label": "i", "units": "deg"}, {"label": "node", "value": "198.9673182004168", "units": "deg", "name": "om", "sigma": ".0022814", "title": "longitude of the ascending node"}, {"value": "327.2096155022277", "label": "peri", "units": "deg", "title": "argument of perihelion", "name": "w", "sigma": ".13094"}, {"units": "deg", "label": "M", "value": "21.81178141691488", "name": "ma", "sigma": ".013069", "title": "mean anomaly"}, {"units": "TDB", "label": "tp", "value": "2448829.840028194500", "sigma": "20.299", "name": "tp", "title": "time of perihelion passage"}, {"value": "187670.9431296405", "label": "period", "units": "d", "title": "sidereal orbital period", "sigma": "255.73", "name": "per"}, {"title": "mean motion", "sigma": "2.6139E-6", "name": "n", "value": ".001918251136785288", "label": "n", "units": "deg/d"}, {"sigma": ".082487", "name": "ad", "title": "aphelion distance", "value": "90.7999355431206", "label": "Q", "units": "au"}]}, "signature": {"version": "1.3", "source": "NASA/JPL Small-Body Database (SBDB) API"}}