{"object": {"pha": false, "fullname": "523671 (2013 FZ27)", "neo": false, "prefix": null, "orbit_class": {"code": "TNO", "name": "TransNeptunian Object"}, "orbit_id": "27", "kind": "an", "des": "523671", "spkid": "20523671"}, "signature": {"version": "1.3", "source": "NASA/JPL Small-Body Database (SBDB) API"}, "orbit": {"first_obs": "2001-02-20", "condition_code": "2", "data_arc": "8097", "not_valid_before": null, "rms": ".46517", "t_jup": "5.852", "last_obs": "2023-04-23", "source": "JPL", "moid_jup": "32.2771", "soln_date": "2023-07-28 05:32:21", "producer": "Otto Matic", "elements": [{"value": ".2148668782252358", "label": "e", "sigma": "1.4409E-5", "units": null, "title": "eccentricity", "name": "e"}, {"value": "47.80132314920491", "label": "a", "sigma": ".0011761", "units": "au", "title": "semi-major axis", "name": "a"}, {"label": "q", "units": "au", "sigma": ".0010793", "title": "perihelion distance", "name": "q", "value": "37.53040206909955"}, {"label": "i", "units": "deg", "sigma": "3.1319E-5", "title": "inclination; angle with respect to x-y ecliptic plane", "name": "i", "value": "14.03248967428591"}, {"value": "285.0050612425222", "units": "deg", "sigma": ".00020306", "label": "node", "name": "om", "title": "longitude of the ascending node"}, {"value": "343.647170777752", "units": "deg", "sigma": ".0048098", "label": "peri", "name": "w", "title": "argument of perihelion"}, {"value": "285.4155884229064", "title": "mean anomaly", "name": "ma", "label": "M", "sigma": ".0052278", "units": "deg"}, {"title": "time of perihelion passage", "name": "tp", "label": "tp", "units": "TDB", "sigma": ".90758", "value": "2485209.934457596286"}, {"value": "120714.1842961162", "title": "sidereal orbital period", "name": "per", "label": "period", "units": "d", "sigma": "4.4549"}, {"label": "n", "sigma": "1.1006E-7", "units": "deg/d", "title": "mean motion", "name": "n", "value": ".002982251026249801"}, {"value": "58.07224422931027", "label": "Q", "units": "au", "sigma": ".0014288", "title": "aphelion distance", "name": "ad"}], "not_valid_after": null, "n_del_obs_used": null, "n_dop_obs_used": null, "orbit_id": "27", "epoch": "2460200.5", "two_body": null, "n_obs_used": 255, "sb_used": "SB441-N16", "covariance": {"data": [["2.121597793483542E-10", "-7.595021043543432E-9", "-8.401142393905315E-6", "-1.124890821986264E-10", "-7.65507212161969E-9", "-1.88268119676356E-11"], ["-7.595021043543432E-9", "1.130411522250093E-6", "-.0003255467144683884", "1.221508306842071E-8", "-4.099102372963264E-6", "2.842064018753393E-9"], ["-8.401142393905315E-6", "-.0003255467144683884", ".7916452810917074", "-1.480733593154829E-6", ".003499280738676929", "-8.26541726442459E-7"], ["-1.124890821986264E-10", "1.221508306842071E-8", "-1.480733593154829E-6", "4.070382012699058E-8", "-7.689512283443792E-8", "6.236145863107501E-9"], ["-7.65507212161969E-9", "-4.099102372963264E-6", ".003499280738676929", "-7.689512283443792E-8", "2.260715311438049E-5", "-1.635728367535128E-8"], ["-1.88268119676356E-11", "2.842064018753393E-9", "-8.26541726442459E-7", "6.236145863107501E-9", "-1.635728367535128E-8", "9.770623041159503E-10"]], "epoch": "2457907.5", "labels": ["e", "q", "tp", "node", "peri", "i"], "elements": [{"value": ".2180433717986418", "label": "e", "units": null, "sigma": 1.45657055904736e-05, "title": "eccentricity", "name": "e"}, {"units": "au", "sigma": 0.00106320812743794, "label": "q", "name": "q", "title": "perihelion distance", "value": "37.81624740865237"}, {"value": "2484588.929805269458", "sigma": 0.889744503265801, "units": "TDB", "label": "tp", "name": "tp", "title": "time of perihelion passage"}, {"value": "285.1016296069496", "units": "deg", "sigma": 0.000201751877629405, "label": "node", "name": "om", "title": "longitude of the ascending node"}, {"title": "argument of perihelion", "name": "w", "label": "peri", "sigma": 0.0047546980045404, "units": "deg", "value": "340.8054236258467"}, {"value": "14.04127187102075", "name": "i", "title": "inclination", "units": "deg", "sigma": 3.12579958429191e-05, "label": "i"}]}, "comment": null, "pe_used": "DE441", "equinox": "J2000", "moid": "36.516", "model_pars": []}}