{"orbit": {"orbit_id": "10", "n_dop_obs_used": null, "epoch": "2460200.5", "n_obs_used": 21, "two_body": null, "producer": "Otto Matic", "soln_date": "2021-04-13 16:58:28", "elements": [{"value": ".6075024164062461", "title": "eccentricity", "name": "e", "label": "e", "sigma": ".00047749", "units": null}, {"value": "100.2281507688835", "units": "au", "sigma": ".12791", "label": "a", "name": "a", "title": "semi-major axis"}, {"title": "perihelion distance", "name": "q", "label": "q", "sigma": ".0042249", "units": "au", "value": "39.33930698485721"}, {"label": "i", "sigma": ".00084403", "units": "deg", "title": "inclination; angle with respect to x-y ecliptic plane", "name": "i", "value": "23.32889249406024"}, {"name": "om", "title": "longitude of the ascending node", "units": "deg", "sigma": ".00057347", "label": "node", "value": "327.0436038534195"}, {"title": "argument of perihelion", "name": "w", "label": "peri", "sigma": ".02206", "units": "deg", "value": "349.4901739414892"}, {"value": "12.30696829604388", "label": "M", "units": "deg", "sigma": ".023954", "title": "mean anomaly", "name": "ma"}, {"name": "tp", "title": "time of perihelion passage", "units": "TDB", "sigma": "3.978", "label": "tp", "value": "2447671.062204933756"}, {"value": "366507.6156630545", "name": "per", "title": "sidereal orbital period", "sigma": "701.58", "units": "d", "label": "period"}, {"label": "n", "sigma": "1.8802E-6", "units": "deg/d", "title": "mean motion", "name": "n", "value": ".0009822442552761654"}, {"name": "ad", "title": "aphelion distance", "units": "au", "sigma": ".20561", "label": "Q", "value": "161.1169945529097"}], "not_valid_after": null, "n_del_obs_used": null, "moid": "38.3282", "equinox": "J2000", "model_pars": [], "sb_used": "SB441-N16", "covariance": {"labels": ["e", "q", "tp", "node", "peri", "i"], "elements": [{"title": "eccentricity", "name": "e", "label": "e", "units": null, "sigma": 0.000474791727571912, "value": ".5971450967965801"}, {"value": "39.20532897569218", "sigma": 0.00428743183409427, "units": "au", "label": "q", "name": "q", "title": "perihelion distance"}, {"label": "tp", "units": "TDB", "sigma": 3.99782927141389, "title": "time of perihelion passage", "name": "tp", "value": "2447521.601257490181"}, {"label": "node", "units": "deg", "sigma": 0.000572962420040342, "title": "longitude of the ascending node", "name": "om", "value": "327.139460872986"}, {"value": "348.7013540733669", "name": "w", "title": "argument of perihelion", "units": "deg", "sigma": 0.0222855955272584, "label": "peri"}, {"value": "23.4086784900717", "sigma": 0.000847877039122111, "units": "deg", "label": "i", "name": "i", "title": "inclination"}], "data": [["2.254271845707204E-7", "1.044230411234707E-6", "-5.822425889205157E-5", "-1.3094223304193E-8", "-8.271647003590849E-7", "-4.227972828452713E-8"], ["1.044230411234707E-6", "1.838207173200492E-5", ".01432306964675981", "-7.373515555978324E-8", "7.746585544247919E-5", "-2.657282774995291E-7"], ["-5.822425889205157E-5", ".01432306964675981", "15.98263888337375", "-9.571540281573094E-6", ".08895075572875939", "-6.061716373994567E-5"], ["-1.3094223304193E-8", "-7.373515555978324E-8", "-9.571540281573094E-6", "3.282859347784856E-7", "-3.256862268384084E-7", "4.698303542209494E-7"], ["-8.271647003590849E-7", "7.746585544247919E-5", ".08895075572875939", "-3.256862268384084E-7", ".0004966477680045594", "-6.755780213019969E-7"], ["-4.227972828452713E-8", "-2.657282774995291E-7", "-6.061716373994567E-5", "4.698303542209494E-7", "-6.755780213019969E-7", "7.18895473470478E-7"]], "epoch": "2452794.5"}, "comment": null, "pe_used": "DE441", "t_jup": "6.454", "first_obs": "2000-07-31", "condition_code": "4", "data_arc": "2916", "rms": ".20272", "not_valid_before": null, "moid_jup": "34.2863", "last_obs": "2008-07-25", "source": "JPL"}, "signature": {"version": "1.3", "source": "NASA/JPL Small-Body Database (SBDB) API"}, "object": {"pha": false, "neo": false, "fullname": "118702 (2000 OM67)", "orbit_id": "10", "orbit_class": {"name": "TransNeptunian Object", "code": "TNO"}, "prefix": null, "des": "118702", "kind": "an", "spkid": "20118702"}}