{"object": {"fullname": "(2021 FQ54)", "neo": false, "orbit_class": {"name": "TransNeptunian Object", "code": "TNO"}, "orbit_id": "1", "prefix": null, "pha": false, "kind": "au", "des": "2021 FQ54", "spkid": "54341537"}, "signature": {"version": "1.3", "source": "NASA/JPL Small-Body Database (SBDB) API"}, "orbit": {"pe_used": "DE441", "covariance": {"labels": ["e", "q", "tp", "node", "peri", "i"], "elements": [{"value": ".4368850863586035", "name": "e", "title": "eccentricity", "sigma": 0.0135943748326601, "units": null, "label": "e"}, {"value": "37.63698849158758", "label": "q", "units": "au", "sigma": 0.372459662909475, "title": "perihelion distance", "name": "q"}, {"units": "TDB", "sigma": 362.153985235723, "label": "tp", "name": "tp", "title": "time of perihelion passage", "value": "2433141.001228596753"}, {"label": "node", "sigma": 0.0178206938069385, "units": "deg", "title": "longitude of the ascending node", "name": "om", "value": "35.89512553025016"}, {"value": "24.50187226507538", "label": "peri", "sigma": 0.276991995761493, "units": "deg", "title": "argument of perihelion", "name": "w"}, {"value": "17.59699066228398", "name": "i", "title": "inclination", "sigma": 0.00331343534828972, "units": "deg", "label": "i"}], "data": [[".0001848070270908631", "-.004949543635956182", "4.922024410192132", "8.860759289681103E-5", ".002626893568109983", "-1.656530257573384E-5"], ["-.004949543635956182", ".1387262004946399", "-131.2259461633526", "-.002379076289690867", "-.05482724109549137", ".0004525919134481994"], ["4.922024410192132", "-131.2259461633526", "131155.509022116", "2.359330227327695", "71.48328710663125", "-.4403505978215895"], ["8.860759289681103E-5", "-.002379076289690867", "2.359330227327695", ".0003175771277606563", ".0009822346246225748", "-5.90020579985468E-5"], [".002626893568109983", "-.05482724109549137", "71.48328710663125", ".0009822346246225748", ".0767245657159349", "-.0001643591513837292"], ["-1.656530257573384E-5", ".0004525919134481994", "-.4403505978215895", "-5.90020579985468E-5", "-.0001643591513837292", "1.097885380729583E-5"]], "epoch": "2459198.5"}, "comment": null, "sb_used": "SB441-N16", "model_pars": [], "moid": "36.602", "equinox": "J2000", "not_valid_after": null, "n_del_obs_used": null, "elements": [{"label": "e", "sigma": ".013613", "units": null, "title": "eccentricity", "name": "e", "value": ".4414534648539343"}, {"value": "67.28579441293404", "units": "au", "sigma": "1.0003", "label": "a", "name": "a", "title": "semi-major axis"}, {"value": "37.58224733389481", "sigma": ".37118", "units": "au", "label": "q", "name": "q", "title": "perihelion distance"}, {"title": "inclination; angle with respect to x-y ecliptic plane", "name": "i", "label": "i", "sigma": ".0033211", "units": "deg", "value": "17.62854030718348"}, {"label": "node", "units": "deg", "sigma": ".017727", "title": "longitude of the ascending node", "name": "om", "value": "35.73116118812224"}, {"sigma": ".26818", "units": "deg", "label": "peri", "name": "w", "title": "argument of perihelion", "value": "24.95289151098818"}, {"value": "48.04384001178278", "name": "ma", "title": "mean anomaly", "units": "deg", "sigma": "1.7052", "label": "M"}, {"value": "2433296.384755381769", "title": "time of perihelion passage", "name": "tp", "label": "tp", "units": "TDB", "sigma": "356.57"}, {"value": "201596.7392632894", "title": "sidereal orbital period", "name": "per", "label": "period", "sigma": "4495.5", "units": "d"}, {"value": ".001785743168840805", "label": "n", "sigma": "3.9821E-5", "units": "deg/d", "title": "mean motion", "name": "n"}, {"value": "96.98934149197326", "title": "aphelion distance", "name": "ad", "label": "Q", "units": "au", "sigma": "1.4419"}], "producer": "Otto Matic", "soln_date": "2023-02-13 09:12:22", "n_obs_used": 9, "two_body": null, "epoch": "2460200.5", "n_dop_obs_used": null, "orbit_id": "1", "source": "JPL", "last_obs": "2022-04-09", "moid_jup": "32.6172", "not_valid_before": null, "rms": ".094902", "data_arc": "746", "first_obs": "2020-03-24", "condition_code": "6", "t_jup": "6.228"}}