{"signature": {"version": "1.3", "source": "NASA/JPL Small-Body Database (SBDB) API"}, "orbit": {"covariance": {"labels": ["e", "q", "tp", "node", "peri", "i"], "data": [["6.333067088343515E-8", "-1.400420774329935E-6", ".0007871341875069215", "-7.26543771993405E-8", "7.264855490261472E-6", "-4.780007319515055E-10"], ["-1.400420774329935E-6", "5.129252657066162E-5", "-.03198755421576854", "2.799040704519899E-6", "-.0002731565807029526", "1.103380723436379E-7"], [".0007871341875069215", "-.03198755421576854", "20.30455899848556", "-.001754416697893405", ".171301764963953", "-7.674647190426247E-5"], ["-7.26543771993405E-8", "2.799040704519899E-6", "-.001754416697893405", "1.769442465864753E-6", "-1.634010453253461E-5", "2.940803845615938E-8"], ["7.264855490261472E-6", "-.0002731565807029526", ".171301764963953", "-1.634010453253461E-5", ".001458829087755707", "-6.236123662017382E-7"], ["-4.780007319515055E-10", "1.103380723436379E-7", "-7.674647190426247E-5", "2.940803845615938E-8", "-6.236123662017382E-7", "1.343808808259569E-9"]], "elements": [{"units": null, "label": "e", "value": ".3951695629519961", "sigma": 0.000251655858035205, "name": "e", "title": "eccentricity"}, {"name": "q", "sigma": 0.00716188010027127, "title": "perihelion distance", "units": "au", "label": "q", "value": "33.24021515406037"}, {"title": "time of perihelion passage", "sigma": 4.50605803319105, "name": "tp", "value": "2466455.572541773287", "label": "tp", "units": "TDB"}, {"value": "106.2068893487492", "label": "node", "units": "deg", "sigma": 0.00133020391890295, "name": "om", "title": "longitude of the ascending node"}, {"label": "peri", "units": "deg", "value": "318.3641606918983", "title": "argument of perihelion", "name": "w", "sigma": 0.0381946211887971}, {"sigma": 3.66579978757647e-05, "name": "i", "title": "inclination", "label": "i", "units": "deg", "value": "28.15208239940603"}], "epoch": "2457571.5"}, "source": "JPL", "sb_used": "SB441-N16", "moid": "32.4033", "n_obs_used": 40, "not_valid_before": null, "epoch": "2460200.5", "comment": null, "elements": [{"name": "e", "sigma": ".00024897", "title": "eccentricity", "label": "e", "units": null, "value": ".405541053480247"}, {"name": "a", "sigma": ".016247", "title": "semi-major axis", "label": "a", "value": "56.08069930734057", "units": "au"}, {"title": "perihelion distance", "sigma": ".00705", "name": "q", "label": "q", "units": "au", "value": "33.33767343033271"}, {"name": "i", "sigma": "3.7006E-5", "title": "inclination; angle with respect to x-y ecliptic plane", "label": "i", "units": "deg", "value": "28.14067483491236"}, {"label": "node", "value": "106.2022274900331", "units": "deg", "name": "om", "sigma": ".0013265", "title": "longitude of the ascending node"}, {"value": "317.2614857200789", "label": "peri", "units": "deg", "name": "w", "sigma": ".037974", "title": "argument of perihelion"}, {"sigma": ".010694", "name": "ma", "title": "mean anomaly", "units": "deg", "label": "M", "value": "345.7898276936794"}, {"title": "time of perihelion passage", "name": "tp", "sigma": "4.5439", "label": "tp", "value": "2466255.517475048421", "units": "TDB"}, {"title": "sidereal orbital period", "sigma": "66.662", "name": "per", "units": "d", "label": "period", "value": "153397.5974413671"}, {"label": "n", "units": "deg/d", "value": ".002346842493003204", "title": "mean motion", "sigma": "1.0199E-6", "name": "n"}, {"sigma": ".022836", "name": "ad", "title": "aphelion distance", "units": "au", "label": "Q", "value": "78.82372518434842"}], "orbit_id": "4", "two_body": null, "pe_used": "DE441", "data_arc": "1524", "first_obs": "2014-09-30", "n_del_obs_used": null, "n_dop_obs_used": null, "rms": ".21005", "t_jup": "5.385", "producer": "Otto Matic", "last_obs": "2018-12-02", "soln_date": "2022-08-17 22:45:54", "moid_jup": "28.5452", "not_valid_after": null, "equinox": "J2000", "condition_code": "4", "model_pars": []}, "object": {"fullname": "(2014 SU373)", "prefix": null, "des": "2014 SU373", "orbit_class": {"code": "TNO", "name": "TransNeptunian Object"}, "pha": false, "kind": "au", "orbit_id": "4", "neo": false, "spkid": "3989614"}}