{"object": {"spkid": "3835750", "neo": false, "kind": "au", "orbit_id": "2", "pha": false, "orbit_class": {"name": "TransNeptunian Object", "code": "TNO"}, "prefix": null, "des": "2015 VP171", "fullname": "(2015 VP171)"}, "orbit": {"not_valid_after": null, "equinox": "J2000", "condition_code": "5", "model_pars": [], "soln_date": "2021-04-15 15:18:51", "moid_jup": "36.3273", "producer": "Otto Matic", "last_obs": "2017-12-16", "t_jup": "5.892", "data_arc": "858", "n_del_obs_used": null, "first_obs": "2015-08-11", "rms": ".19194", "n_dop_obs_used": null, "orbit_id": "2", "two_body": null, "pe_used": "DE441", "not_valid_before": null, "comment": null, "epoch": "2460200.5", "elements": [{"title": "eccentricity", "sigma": ".00086366", "name": "e", "units": null, "label": "e", "value": ".049338409380794"}, {"value": "43.65793204908856", "label": "a", "units": "au", "sigma": ".0062527", "name": "a", "title": "semi-major axis"}, {"name": "q", "sigma": ".034161", "title": "perihelion distance", "label": "q", "value": "41.50391912493175", "units": "au"}, {"name": "i", "sigma": ".0012338", "title": "inclination; angle with respect to x-y ecliptic plane", "value": "3.934275740306739", "label": "i", "units": "deg"}, {"label": "node", "units": "deg", "value": "76.37519777744647", "title": "longitude of the ascending node", "sigma": ".0085852", "name": "om"}, {"units": "deg", "label": "peri", "value": "19.45314769016555", "title": "argument of perihelion", "sigma": "1.0225", "name": "w"}, {"label": "M", "units": "deg", "value": "327.967991131189", "title": "mean anomaly", "name": "ma", "sigma": ".8863"}, {"name": "tp", "sigma": "260.46", "title": "time of perihelion passage", "value": "2469575.576991866588", "label": "tp", "units": "TDB"}, {"title": "sidereal orbital period", "name": "per", "sigma": "22.635", "label": "period", "value": "105364.2227340345", "units": "d"}, {"label": "n", "units": "deg/d", "value": ".003416719552980803", "sigma": "7.3401E-7", "name": "n", "title": "mean motion"}, {"sigma": ".0065612", "name": "ad", "title": "aphelion distance", "units": "au", "label": "Q", "value": "45.81194497324538"}], "covariance": {"labels": ["e", "q", "tp", "node", "peri", "i"], "data": [["1.019630360083868E-6", "-4.003575937733311E-5", ".2184354994848821", "-3.538050807909704E-7", ".0008890580397477128", "5.198510682550614E-8"], ["-4.003575937733311E-5", ".001592462489924839", "-8.738448772090031", "1.399485200941377E-5", "-.03554018278820598", "-2.049251040818234E-6"], [".2184354994848821", "-8.738448772090031", "48092.8916103643", "-.07660768793303875", "195.5269638804667", ".01120400101475908"], ["-3.538050807909704E-7", "1.399485200941377E-5", "-.07660768793303875", "7.356016489404134E-5", "-.0003849326336010653", "-1.062977785966057E-5"], [".0008890580397477128", "-.03554018278820598", "195.5269638804667", "-.0003849326336010653", ".795046111986569", "5.617629558374728E-5"], ["5.198510682550614E-8", "-2.049251040818234E-6", ".01120400101475908", "-1.062977785966057E-5", "5.617629558374728E-5", "1.538791152077935E-6"]], "epoch": "2457556.5", "elements": [{"value": ".04483753993916836", "label": "e", "units": null, "name": "e", "sigma": 0.00100976747822648, "title": "eccentricity"}, {"title": "perihelion distance", "sigma": 0.0399056698969562, "name": "q", "label": "q", "value": "41.2865360613729", "units": "au"}, {"value": "2472475.384527974478", "label": "tp", "units": "TDB", "sigma": 219.300915662394, "name": "tp", "title": "time of perihelion passage"}, {"sigma": 0.00857672226984419, "name": "om", "title": "longitude of the ascending node", "label": "node", "units": "deg", "value": "76.33063312825116"}, {"sigma": 0.891653582949437, "name": "w", "title": "argument of perihelion", "label": "peri", "units": "deg", "value": "30.4948137714216"}, {"label": "i", "value": "3.944845677431885", "units": "deg", "title": "inclination", "sigma": 0.00124048021027259, "name": "i"}]}, "sb_used": "SB441-N16", "source": "JPL", "moid": "40.5197", "n_obs_used": 37}, "signature": {"version": "1.3", "source": "NASA/JPL Small-Body Database (SBDB) API"}}