{"object": {"spkid": "20533507", "neo": false, "kind": "an", "orbit_id": "10", "pha": false, "orbit_class": {"code": "TNO", "name": "TransNeptunian Object"}, "prefix": null, "des": "533507", "fullname": "533507 (2014 HV199)"}, "orbit": {"orbit_id": "10", "pe_used": "DE441", "two_body": null, "first_obs": "2011-05-01", "n_del_obs_used": null, "data_arc": "4051", "rms": ".61532", "n_dop_obs_used": null, "source": "JPL", "n_obs_used": 168, "sb_used": "SB441-N16", "moid": "35.8866", "covariance": {"elements": [{"title": "eccentricity", "name": "e", "sigma": 1.82199551179163e-05, "label": "e", "units": null, "value": ".01375804336913566"}, {"units": "au", "label": "q", "value": "37.50645383854387", "name": "q", "sigma": 0.001578725564901, "title": "perihelion distance"}, {"name": "tp", "sigma": 13.3744331937178, "title": "time of perihelion passage", "label": "tp", "value": "2498534.065784985192", "units": "TDB"}, {"sigma": 9.62489784522862e-05, "name": "om", "title": "longitude of the ascending node", "label": "node", "value": "87.91252236721739", "units": "deg"}, {"name": "w", "sigma": 0.0543253098878072, "title": "argument of perihelion", "units": "deg", "label": "peri", "value": "313.2691646826101"}, {"units": "deg", "label": "i", "value": "24.43729957892853", "title": "inclination", "sigma": 4.85739966784672e-05, "name": "i"}], "epoch": "2457502.5", "data": [["3.319667644988847E-10", "-2.870577324764324E-8", "-5.360123059680098E-5", "5.201468268833895E-11", "-1.065063548755429E-7", "-7.133223002902041E-11"], ["-2.870577324764324E-8", "2.492374409271982E-6", ".003372406240158351", "-5.002233759032579E-9", "3.977964304589447E-6", "6.477130132880923E-9"], ["-5.360123059680098E-5", ".003372406240158351", "178.8754632532217", "5.763227705116493E-5", ".7218518290117303", "-2.797537837032249E-5"], ["5.201468268833895E-11", "-5.002233759032579E-9", "5.763227705116493E-5", "9.263865853108649E-9", "2.483519813215476E-7", "-4.611151690321989E-9"], ["-1.065063548755429E-7", "3.977964304589447E-6", ".7218518290117303", "2.483519813215476E-7", ".002951239294406279", "-1.365351493814837E-7"], ["-7.133223002902041E-11", "6.477130132880923E-9", "-2.797537837032249E-5", "-4.611151690321989E-9", "-1.365351493814837E-7", "2.359433153319743E-9"]], "labels": ["e", "q", "tp", "node", "peri", "i"]}, "not_valid_before": null, "comment": null, "elements": [{"label": "e", "units": null, "value": ".02303184199170204", "title": "eccentricity", "name": "e", "sigma": "1.8171E-5"}, {"label": "a", "value": "37.69777203202074", "units": "au", "title": "semi-major axis", "sigma": ".00088236", "name": "a"}, {"title": "perihelion distance", "sigma": ".001542", "name": "q", "value": "36.82952290314003", "label": "q", "units": "au"}, {"name": "i", "sigma": "4.8818E-5", "title": "inclination; angle with respect to x-y ecliptic plane", "label": "i", "units": "deg", "value": "24.47549690876613"}, {"label": "node", "value": "87.87899032125928", "units": "deg", "title": "longitude of the ascending node", "sigma": "9.6385E-5", "name": "om"}, {"label": "peri", "units": "deg", "value": "309.4932930126373", "title": "argument of perihelion", "sigma": ".032062", "name": "w"}, {"title": "mean anomaly", "sigma": ".033528", "name": "ma", "label": "M", "units": "deg", "value": "203.2122811011257"}, {"units": "TDB", "label": "tp", "value": "2497020.305790712380", "name": "tp", "sigma": "7.8807", "title": "time of perihelion passage"}, {"title": "sidereal orbital period", "sigma": "2.9682", "name": "per", "label": "period", "units": "d", "value": "84541.89000100075"}, {"units": "deg/d", "label": "n", "value": ".004258244049142248", "title": "mean motion", "sigma": "1.495E-7", "name": "n"}, {"title": "aphelion distance", "sigma": ".00090268", "name": "ad", "label": "Q", "value": "38.56602116090144", "units": "au"}], "epoch": "2460200.5", "moid_jup": "31.9375", "soln_date": "2022-08-01 21:37:58", "not_valid_after": null, "equinox": "J2000", "condition_code": "2", "model_pars": [], "t_jup": "5.036", "producer": "Otto Matic", "last_obs": "2022-06-03"}, "signature": {"version": "1.3", "source": "NASA/JPL Small-Body Database (SBDB) API"}}