{"orbit": {"elements": [{"name": "e", "title": "eccentricity", "sigma": ".0032741", "units": null, "label": "e", "value": ".04897120394069349"}, {"value": "42.23409511617055", "name": "a", "title": "semi-major axis", "sigma": ".022172", "units": "au", "label": "a"}, {"title": "perihelion distance", "name": "q", "label": "q", "sigma": ".13648", "units": "au", "value": "40.16584063098591"}, {"value": "17.67385386527556", "title": "inclination; angle with respect to x-y ecliptic plane", "name": "i", "label": "i", "sigma": ".0026753", "units": "deg"}, {"units": "deg", "sigma": ".00016278", "label": "node", "name": "om", "title": "longitude of the ascending node", "value": "351.9603707163523"}, {"value": "226.7110515258596", "units": "deg", "sigma": "3.4099", "label": "peri", "name": "w", "title": "argument of perihelion"}, {"value": "133.3028480173469", "units": "deg", "sigma": "3.9219", "label": "M", "name": "ma", "title": "mean anomaly"}, {"title": "time of perihelion passage", "name": "tp", "label": "tp", "units": "TDB", "sigma": "1083.2", "value": "2423078.604415729242"}, {"value": "100252.039690843", "label": "period", "units": "d", "sigma": "78.944", "title": "sidereal orbital period", "name": "per"}, {"label": "n", "units": "deg/d", "sigma": "2.8277E-6", "title": "mean motion", "name": "n", "value": ".003590949382278576"}, {"label": "Q", "units": "au", "sigma": ".023258", "title": "aphelion distance", "name": "ad", "value": "44.30234960135519"}], "soln_date": "2023-11-28 12:42:04", "producer": "Otto Matic", "not_valid_after": null, "n_del_obs_used": null, "epoch": "2460200.5", "orbit_id": "1", "n_dop_obs_used": null, "two_body": null, "n_obs_used": 8, "comment": null, "covariance": {"data": [["1.13287021409897E-5", "-.0004603450363770381", "3.202272181169813", "-3.727871727815108E-9", ".009887836151389079", "-7.429413408055872E-8"], ["-.0004603450363770381", ".01913608017845641", "-127.4842848312862", "-6.205704353139022E-7", "-.3910008356991775", "1.51841281657252E-5"], ["3.202272181169813", "-127.4842848312862", "921513.0008559782", "-.005733129909993904", "2861.654216820868", ".05272508440309827"], ["-3.727871727815108E-9", "-6.205704353139022E-7", "-.005733129909993904", "2.645795960528363E-8", "-2.244979226081089E-5", "-2.665055417500183E-8"], [".009887836151389079", "-.3910008356991775", "2861.654216820868", "-2.244979226081089E-5", "8.902473966293561", ".000237231046832656"], ["-7.429413408055872E-8", "1.51841281657252E-5", ".05272508440309827", "-2.665055417500183E-8", ".000237231046832656", "7.168558696174502E-6"]], "epoch": "2459026.5", "labels": ["e", "q", "tp", "node", "peri", "i"], "elements": [{"name": "e", "title": "eccentricity", "sigma": 0.00336581374128006, "units": null, "label": "e", "value": ".05376340476689905"}, {"label": "q", "units": "au", "sigma": 0.138333221528512, "title": "perihelion distance", "name": "q", "value": "39.89615800331908"}, {"sigma": 959.954686876406, "units": "TDB", "label": "tp", "name": "tp", "title": "time of perihelion passage", "value": "2423867.979676507442"}, {"value": "351.9587562552417", "title": "longitude of the ascending node", "name": "om", "label": "node", "sigma": 0.000162659028662056, "units": "deg"}, {"value": "228.6651380086715", "sigma": 2.98370138691752, "units": "deg", "label": "peri", "name": "w", "title": "argument of perihelion"}, {"title": "inclination", "name": "i", "label": "i", "units": "deg", "sigma": 0.00267741642188407, "value": "17.68482851676951"}]}, "sb_used": "SB441-N16", "pe_used": "DE441", "model_pars": [], "moid": "39.1831", "equinox": "J2000", "data_arc": "767", "first_obs": "2019-08-28", "condition_code": "6", "not_valid_before": null, "rms": ".43381", "t_jup": "5.546", "last_obs": "2021-10-03", "source": "JPL", "moid_jup": "34.8676"}, "signature": {"version": "1.3", "source": "NASA/JPL Small-Body Database (SBDB) API"}, "object": {"spkid": "54410267", "kind": "au", "des": "2019 SJ235", "prefix": null, "orbit_id": "1", "orbit_class": {"code": "TNO", "name": "TransNeptunian Object"}, "fullname": "(2019 SJ235)", "neo": false, "pha": false}}