{"signature": {"version": "1.3", "source": "NASA/JPL Small-Body Database (SBDB) API"}, "orbit": {"sb_used": "SB441-N16", "source": "JPL", "moid": "44.5467", "n_obs_used": 17, "covariance": {"epoch": "2455943.5", "elements": [{"value": ".6914145959277253", "label": "e", "units": null, "title": "eccentricity", "sigma": 0.00051633282328086, "name": "e"}, {"value": "45.39221870054839", "label": "q", "units": "au", "name": "q", "sigma": 0.00968742570485372, "title": "perihelion distance"}, {"title": "time of perihelion passage", "name": "tp", "sigma": 4.94493637586515, "units": "TDB", "label": "tp", "value": "2443914.212605942339"}, {"units": "deg", "label": "node", "value": "144.1930214610856", "sigma": 0.000211135269994427, "name": "om", "title": "longitude of the ascending node"}, {"label": "peri", "value": "147.8242057335454", "units": "deg", "name": "w", "sigma": 0.0259958471062936, "title": "argument of perihelion"}, {"label": "i", "value": "48.2224936778269", "units": "deg", "sigma": 0.000627913859772839, "name": "i", "title": "inclination"}], "labels": ["e", "q", "tp", "node", "peri", "i"], "data": [["2.665995843971837E-7", "2.591857989212841E-6", ".001529656275172243", "-2.968361492616278E-9", "6.053239462854187E-6", "8.079307610686465E-8"], ["2.591857989212841E-6", "9.384621678706059E-5", ".04758460175104233", "-2.479120584385558E-7", ".0002509253831428607", "6.943671556687251E-7"], [".001529656275172243", ".04758460175104233", "24.45239576135437", "-.0001213049828932966", ".1265413374071195", ".0004178345936236579"], ["-2.968361492616278E-9", "-2.479120584385558E-7", "-.0001213049828932966", "4.457810223561961E-8", "-7.09151676340848E-7", "1.183697324255972E-7"], ["6.053239462854187E-6", ".0002509253831428607", ".1265413374071195", "-7.09151676340848E-7", ".000675784066773794", "1.492824389102339E-6"], ["8.079307610686465E-8", "6.943671556687251E-7", ".0004178345936236579", "1.183697324255972E-7", "1.492824389102339E-6", "3.942758152948242E-7"]]}, "not_valid_before": null, "elements": [{"title": "eccentricity", "name": "e", "sigma": ".00051773", "label": "e", "units": null, "value": ".6934854370316771"}, {"sigma": ".26834", "name": "a", "title": "semi-major axis", "value": "148.3803995351529", "label": "a", "units": "au"}, {"units": "au", "label": "q", "value": "45.48075331658255", "sigma": ".0096555", "name": "q", "title": "perihelion distance"}, {"value": "48.17667497680789", "label": "i", "units": "deg", "title": "inclination; angle with respect to x-y ecliptic plane", "name": "i", "sigma": ".00062827"}, {"name": "om", "sigma": ".00021078", "title": "longitude of the ascending node", "label": "node", "value": "144.1609545226512", "units": "deg"}, {"units": "deg", "label": "peri", "value": "148.0855599734606", "sigma": ".025882", "name": "w", "title": "argument of perihelion"}, {"label": "M", "units": "deg", "value": "8.853188313065459", "name": "ma", "sigma": ".025903", "title": "mean anomaly"}, {"title": "time of perihelion passage", "sigma": "4.941", "name": "tp", "units": "TDB", "label": "tp", "value": "2443965.195726141146"}, {"value": "660181.3190806768", "label": "period", "units": "d", "title": "sidereal orbital period", "sigma": "1790.9", "name": "per"}, {"units": "deg/d", "label": "n", "value": ".0005453047361311454", "sigma": "1.4792E-6", "name": "n", "title": "mean motion"}, {"title": "aphelion distance", "sigma": ".45443", "name": "ad", "label": "Q", "units": "au", "value": "251.2800457537233"}], "comment": null, "epoch": "2460200.5", "orbit_id": "5", "pe_used": "DE441", "two_body": null, "n_del_obs_used": null, "first_obs": "2007-09-05", "data_arc": "4496", "rms": ".19301", "n_dop_obs_used": null, "t_jup": "5.166", "producer": "Otto Matic", "last_obs": "2019-12-27", "moid_jup": "40.7906", "soln_date": "2022-03-09 00:58:23", "not_valid_after": null, "equinox": "J2000", "condition_code": "3", "model_pars": []}, "object": {"neo": false, "spkid": "3757870", "orbit_class": {"code": "TNO", "name": "TransNeptunian Object"}, "pha": false, "kind": "au", "orbit_id": "5", "fullname": "(2014 SS349)", "prefix": null, "des": "2014 SS349"}}