{"signature": {"version": "1.3", "source": "NASA/JPL Small-Body Database (SBDB) API"}, "orbit": {"model_pars": [], "equinox": "J2000", "moid": "24.7681", "comment": null, "covariance": {"data": [["2.979017299531964E-10", "3.666021811393423E-9", "-7.491786199343925E-6", "-1.109864844770478E-10", "-6.143672830288893E-8", "1.457736064846871E-10"], ["3.666021811393423E-9", "5.062765878040917E-8", "-.0001052806749341464", "-1.33159422946505E-9", "-8.674668782319958E-7", "1.806142022660686E-9"], ["-7.491786199343925E-6", "-.0001052806749341464", ".220685666691389", "2.691577849102095E-6", ".001818854799407063", "-3.672654001116394E-6"], ["-1.109864844770478E-10", "-1.33159422946505E-9", "2.691577849102095E-6", "3.263502637646076E-9", "1.922980016776858E-8", "-1.92715664025962E-9"], ["-6.143672830288893E-8", "-8.674668782319958E-7", ".001818854799407063", "1.922980016776858E-8", "1.499623649169782E-5", "-2.849556981435443E-8"], ["1.457736064846871E-10", "1.806142022660686E-9", "-3.672654001116394E-6", "-1.92715664025962E-9", "-2.849556981435443E-8", "1.254236603993522E-9"]], "epoch": "2457412.5", "labels": ["e", "q", "tp", "node", "peri", "i"], "elements": [{"value": ".1584687721609558", "title": "eccentricity", "name": "e", "label": "e", "units": null, "sigma": 1.72598299514565e-05}, {"title": "perihelion distance", "name": "q", "label": "q", "sigma": 0.000225005908323335, "units": "au", "value": "25.7963982858965"}, {"value": "2461957.559926840136", "label": "tp", "sigma": 0.469771930506058, "units": "TDB", "title": "time of perihelion passage", "name": "tp"}, {"value": "15.83241887785658", "name": "om", "title": "longitude of the ascending node", "units": "deg", "sigma": 5.71270744712704e-05, "label": "node"}, {"sigma": 0.00387249744889494, "units": "deg", "label": "peri", "name": "w", "title": "argument of perihelion", "value": "177.7662856332677"}, {"label": "i", "units": "deg", "sigma": 3.5415203006527e-05, "title": "inclination", "name": "i", "value": "28.66821476831259"}]}, "sb_used": "SB441-N16", "pe_used": "DE441", "epoch": "2460200.5", "n_dop_obs_used": null, "orbit_id": "4", "n_obs_used": 80, "two_body": null, "elements": [{"title": "eccentricity", "name": "e", "label": "e", "sigma": "1.7004E-5", "units": null, "value": ".1502851398358422"}, {"value": "30.32765571190658", "title": "semi-major axis", "name": "a", "label": "a", "sigma": ".00086591", "units": "au"}, {"name": "q", "title": "perihelion distance", "sigma": ".00022932", "units": "au", "label": "q", "value": "25.76985973234942"}, {"sigma": "3.5442E-5", "units": "deg", "label": "i", "name": "i", "title": "inclination; angle with respect to x-y ecliptic plane", "value": "28.77168914716709"}, {"value": "15.72554639364566", "title": "longitude of the ascending node", "name": "om", "label": "node", "sigma": "5.6916E-5", "units": "deg"}, {"value": "178.7894314724435", "title": "argument of perihelion", "name": "w", "label": "peri", "sigma": ".004168", "units": "deg"}, {"value": "348.8951331592893", "name": "ma", "title": "mean anomaly", "units": "deg", "sigma": ".0034484", "label": "M"}, {"title": "time of perihelion passage", "name": "tp", "label": "tp", "units": "TDB", "sigma": ".50656", "value": "2462082.274344388829"}, {"sigma": "2.6127", "units": "d", "label": "period", "name": "per", "title": "sidereal orbital period", "value": "61003.77192245779"}, {"value": ".005901274440170649", "name": "n", "title": "mean motion", "sigma": "2.5274E-7", "units": "deg/d", "label": "n"}, {"title": "aphelion distance", "name": "ad", "label": "Q", "units": "au", "sigma": ".00099604", "value": "34.88545169146374"}], "soln_date": "2023-05-24 22:34:49", "producer": "Otto Matic", "not_valid_after": null, "n_del_obs_used": null, "moid_jup": "20.3058", "last_obs": "2023-05-14", "source": "JPL", "t_jup": "4.356", "data_arc": "4830", "condition_code": "2", "first_obs": "2010-02-21", "rms": ".83872", "not_valid_before": null}, "object": {"pha": false, "prefix": null, "orbit_class": {"code": "TNO", "name": "TransNeptunian Object"}, "orbit_id": "4", "fullname": "(2010 DF106)", "neo": false, "spkid": "3841219", "kind": "au", "des": "2010 DF106"}}