{"orbit": {"moid_jup": "30.515", "last_obs": "2018-05-20", "source": "JPL", "t_jup": "5.505", "condition_code": "2", "first_obs": "2007-05-12", "data_arc": "4026", "not_valid_before": null, "rms": ".3721", "moid": "34.9226", "equinox": "J2000", "model_pars": [], "sb_used": "SB441-N16", "covariance": {"elements": [{"value": ".08906294590460406", "label": "e", "sigma": 2.40043095272062e-05, "units": null, "title": "eccentricity", "name": "e"}, {"name": "q", "title": "perihelion distance", "sigma": 0.00119907215947732, "units": "au", "label": "q", "value": "35.84475312654966"}, {"label": "tp", "units": "TDB", "sigma": 1.91060555153572, "title": "time of perihelion passage", "name": "tp", "value": "2436295.250221409839"}, {"units": "deg", "sigma": 0.000467948171308152, "label": "node", "name": "om", "title": "longitude of the ascending node", "value": "176.1699667164157"}, {"name": "w", "title": "argument of perihelion", "units": "deg", "sigma": 0.0102732409775031, "label": "peri", "value": "342.3045999453684"}, {"name": "i", "title": "inclination", "units": "deg", "sigma": 2.41480821358094e-05, "label": "i", "value": "11.00987889826519"}], "labels": ["e", "q", "tp", "node", "peri", "i"], "data": [["5.762068758779229E-10", "-2.252100065127483E-8", "7.319392731864017E-6", "7.004715754217463E-10", "-3.71011076447483E-8", "3.209087036255484E-11"], ["-2.252100065127483E-8", "1.437774043633602E-6", ".001119079474493632", "-3.209791856349905E-8", "9.01649581783114E-6", "-6.079013200412542E-10"], ["7.319392731864017E-6", ".001119079474493632", "3.650413573559122", "-2.88022031405934E-6", ".0186623248914897", "2.019111162881489E-6"], ["7.004715754217463E-10", "-3.209791856349905E-8", "-2.88022031405934E-6", "2.189754910306436E-7", "-3.227565266978973E-7", "1.110036287584108E-8"], ["-3.71011076447483E-8", "9.01649581783114E-6", ".0186623248914897", "-3.227565266978973E-7", ".0001055394801818492", "-4.227883922314458E-9"], ["3.209087036255484E-11", "-6.079013200412542E-10", "2.019111162881489E-6", "1.110036287584108E-8", "-4.227883922314458E-9", "5.831298708377967E-10"]], "epoch": "2456977.5"}, "comment": null, "pe_used": "DE441", "n_dop_obs_used": null, "orbit_id": "8", "epoch": "2460200.5", "n_obs_used": 225, "two_body": null, "soln_date": "2021-04-15 00:40:01", "producer": "Otto Matic", "elements": [{"value": ".08506115564781382", "name": "e", "title": "eccentricity", "units": null, "sigma": "2.4055E-5", "label": "e"}, {"value": "39.25103614149635", "units": "au", "sigma": ".0008147", "label": "a", "name": "a", "title": "semi-major axis"}, {"value": "35.91229764692656", "label": "q", "sigma": ".0012161", "units": "au", "title": "perihelion distance", "name": "q"}, {"label": "i", "sigma": "2.4508E-5", "units": "deg", "title": "inclination; angle with respect to x-y ecliptic plane", "name": "i", "value": "11.01600919113811"}, {"name": "om", "title": "longitude of the ascending node", "sigma": ".00046793", "units": "deg", "label": "node", "value": "176.4314525500922"}, {"value": "340.4600115635381", "name": "w", "title": "argument of perihelion", "units": "deg", "sigma": ".010677", "label": "peri"}, {"value": "97.59216349659529", "label": "M", "units": "deg", "sigma": ".011082", "title": "mean anomaly", "name": "ma"}, {"value": "2435851.139451366413", "label": "tp", "sigma": "2.0195", "units": "TDB", "title": "time of perihelion passage", "name": "tp"}, {"title": "sidereal orbital period", "name": "per", "label": "period", "sigma": "2.7965", "units": "d", "value": "89820.42700399713"}, {"value": ".004007996978059117", "label": "n", "sigma": "1.2479E-7", "units": "deg/d", "title": "mean motion", "name": "n"}, {"value": "42.58977463606614", "title": "aphelion distance", "name": "ad", "label": "Q", "units": "au", "sigma": ".000884"}], "n_del_obs_used": null, "not_valid_after": null}, "signature": {"version": "1.3", "source": "NASA/JPL Small-Body Database (SBDB) API"}, "object": {"kind": "au", "des": "2007 JF45", "spkid": "3424767", "pha": false, "neo": false, "fullname": "(2007 JF45)", "prefix": null, "orbit_class": {"code": "TNO", "name": "TransNeptunian Object"}, "orbit_id": "8"}}