{"object": {"pha": false, "prefix": null, "orbit_class": {"name": "TransNeptunian Object", "code": "TNO"}, "orbit_id": "8", "neo": false, "fullname": "535169 (2014 XX40)", "spkid": "20535169", "kind": "an", "des": "535169"}, "orbit": {"moid_jup": "26.8776", "last_obs": "2020-12-22", "source": "JPL", "t_jup": "5.977", "first_obs": "2012-01-20", "condition_code": "2", "data_arc": "3259", "rms": ".54492", "not_valid_before": null, "moid": "31.1973", "equinox": "J2000", "model_pars": [], "sb_used": "SB441-N16", "covariance": {"labels": ["e", "q", "tp", "node", "peri", "i"], "elements": [{"value": ".6064606927317455", "title": "eccentricity", "name": "e", "label": "e", "sigma": 3.33761264270568e-05, "units": null}, {"title": "perihelion distance", "name": "q", "label": "q", "units": "au", "sigma": 0.000211569718119833, "value": "32.19578089933349"}, {"value": "2457718.741043374872", "label": "tp", "units": "TDB", "sigma": 0.192403395970805, "title": "time of perihelion passage", "name": "tp"}, {"value": "202.3443140517464", "title": "longitude of the ascending node", "name": "om", "label": "node", "units": "deg", "sigma": 0.000147818217294002}, {"value": "324.9856615183555", "title": "argument of perihelion", "name": "w", "label": "peri", "units": "deg", "sigma": 0.00132685625636744}, {"value": "19.65646766253746", "name": "i", "title": "inclination", "sigma": 6.46087532614535e-05, "units": "deg", "label": "i"}], "data": [["1.113965815274876E-9", "6.975266304067356E-9", "2.688395043646434E-7", "2.215075904221311E-10", "1.739872736900297E-9", "4.184356909180726E-11"], ["6.975266304067356E-9", "4.47617456253057E-8", "-1.152205250798395E-6", "1.512393513897471E-9", "-8.672831562893341E-9", "2.249507939804061E-10"], ["2.688395043646434E-7", "-1.152205250798395E-6", ".03701906678109831", "-1.193499657646333E-6", ".0002538838882622044", "5.451982515067474E-7"], ["2.215075904221311E-10", "1.512393513897471E-9", "-1.193499657646333E-6", "2.185022536397669E-8", "-2.870564593913643E-8", "-9.417085181818567E-9"], ["1.739872736900297E-9", "-8.672831562893341E-9", ".0002538838882622044", "-2.870564593913643E-8", "1.760547525061417E-6", "1.259425818073568E-8"], ["4.184356909180726E-11", "2.249507939804061E-10", "5.451982515067474E-7", "-9.417085181818567E-9", "1.259425818073568E-8", "4.174290997999375E-9"]], "epoch": "2457344.5"}, "comment": null, "pe_used": "DE441", "orbit_id": "8", "n_dop_obs_used": null, "epoch": "2460200.5", "two_body": null, "n_obs_used": 104, "soln_date": "2021-04-14 20:02:20", "producer": "Otto Matic", "elements": [{"value": ".5944053535208683", "sigma": "3.3207E-5", "units": null, "label": "e", "name": "e", "title": "eccentricity"}, {"label": "a", "sigma": ".00701", "units": "au", "title": "semi-major axis", "name": "a", "value": "79.32181293122363"}, {"value": "32.17250267392347", "units": "au", "sigma": ".00021154", "label": "q", "name": "q", "title": "perihelion distance"}, {"value": "19.72311128681723", "title": "inclination; angle with respect to x-y ecliptic plane", "name": "i", "label": "i", "units": "deg", "sigma": "6.4902E-5"}, {"value": "202.2548417167587", "sigma": ".0001475", "units": "deg", "label": "node", "name": "om", "title": "longitude of the ascending node"}, {"value": "324.8630726719704", "title": "argument of perihelion", "name": "w", "label": "peri", "sigma": ".001348", "units": "deg"}, {"value": "3.507563565249055", "units": "deg", "sigma": ".00054948", "label": "M", "name": "ma", "title": "mean anomaly"}, {"value": "2457686.354407788167", "units": "TDB", "sigma": ".19611", "label": "tp", "name": "tp", "title": "time of perihelion passage"}, {"name": "per", "title": "sidereal orbital period", "sigma": "34.206", "units": "d", "label": "period", "value": "258040.2026533177"}, {"value": ".001395131441915923", "title": "mean motion", "name": "n", "label": "n", "sigma": "1.8494E-7", "units": "deg/d"}, {"name": "ad", "title": "aphelion distance", "sigma": ".011177", "units": "au", "label": "Q", "value": "126.4711231885238"}], "not_valid_after": null, "n_del_obs_used": null}, "signature": {"version": "1.3", "source": "NASA/JPL Small-Body Database (SBDB) API"}}