{"signature": {"version": "1.3", "source": "NASA/JPL Small-Body Database (SBDB) API"}, "orbit": {"not_valid_before": null, "comment": null, "elements": [{"units": null, "label": "e", "value": ".07739165381892475", "title": "eccentricity", "name": "e", "sigma": "3.7546E-5"}, {"name": "a", "sigma": ".0011464", "title": "semi-major axis", "units": "au", "label": "a", "value": "43.95421009822073"}, {"units": "au", "label": "q", "value": "40.55252108641494", "name": "q", "sigma": ".0020193", "title": "perihelion distance"}, {"sigma": "5.4167E-5", "name": "i", "title": "inclination; angle with respect to x-y ecliptic plane", "value": ".24360958231853", "label": "i", "units": "deg"}, {"title": "longitude of the ascending node", "name": "om", "sigma": ".024159", "value": "7.889324693704011", "label": "node", "units": "deg"}, {"label": "peri", "value": "132.6474456927739", "units": "deg", "sigma": ".028946", "name": "w", "title": "argument of perihelion"}, {"label": "M", "value": "111.1397390385037", "units": "deg", "name": "ma", "sigma": ".018763", "title": "mean anomaly"}, {"title": "time of perihelion passage", "name": "tp", "sigma": "4.5461", "label": "tp", "value": "2427340.616571240658", "units": "TDB"}, {"sigma": "4.164", "name": "per", "title": "sidereal orbital period", "label": "period", "units": "d", "value": "106438.5982610152"}, {"label": "n", "value": ".003382231689271088", "units": "deg/d", "sigma": "1.3232E-7", "name": "n", "title": "mean motion"}, {"label": "Q", "value": "47.35589911002651", "units": "au", "name": "ad", "sigma": ".0012351", "title": "aphelion distance"}], "epoch": "2460200.5", "n_obs_used": 170, "source": "JPL", "sb_used": "SB441-N16", "moid": "39.5643", "covariance": {"epoch": "2457244.5", "elements": [{"name": "e", "sigma": 3.80517336962208e-05, "title": "eccentricity", "value": ".08053478164816827", "label": "e", "units": null}, {"title": "perihelion distance", "sigma": 0.00200141509433104, "name": "q", "label": "q", "units": "au", "value": "40.61876243040469"}, {"value": "2428553.818996975635", "label": "tp", "units": "TDB", "sigma": 4.07874443911521, "name": "tp", "title": "time of perihelion passage"}, {"title": "longitude of the ascending node", "name": "om", "sigma": 0.0243183094833788, "units": "deg", "label": "node", "value": "7.476384256297003"}, {"units": "deg", "label": "peri", "value": "137.3337128613016", "title": "argument of perihelion", "name": "w", "sigma": 0.0284809521366862}, {"title": "inclination", "sigma": 5.33593365876267e-05, "name": "i", "value": ".2422282676704237", "label": "i", "units": "deg"}], "labels": ["e", "q", "tp", "node", "peri", "i"], "data": [["1.447934437288103E-9", "-6.44094980760051E-8", "9.090866480413693E-5", "1.58596991473143E-9", "1.328573846748302E-7", "3.252129893893428E-12"], ["-6.44094980760051E-8", "4.005662379816132E-6", "-.0005212358705805918", "-7.93952340965361E-8", "9.458944646092289E-6", "-1.313543214785905E-10"], ["9.090866480413693E-5", "-.0005212358705805918", "16.63615619961324", "7.272556303498625E-5", ".05596666570137436", "2.453111290644443E-7"], ["1.58596991473143E-9", "-7.93952340965361E-8", "7.272556303498625E-5", ".0005913801761293909", "-.0005913452283206243", "1.291023809243392E-6"], ["1.328573846748302E-7", "9.458944646092289E-6", ".05596666570137436", "-.0005913452283206243", ".000811164634612212", "-1.290530991886149E-6"], ["3.252129893893428E-12", "-1.313543214785905E-10", "2.453111290644443E-7", "1.291023809243392E-6", "-1.290530991886149E-6", "2.847218801071641E-9"]]}, "n_del_obs_used": null, "first_obs": "2010-06-07", "data_arc": "3282", "n_dop_obs_used": null, "rms": ".5343", "orbit_id": "3", "pe_used": "DE441", "two_body": null, "producer": "Otto Matic", "last_obs": "2019-06-02", "t_jup": "5.914", "not_valid_after": null, "condition_code": "2", "equinox": "J2000", "model_pars": [], "moid_jup": "35.1911", "soln_date": "2022-07-14 20:36:35"}, "object": {"neo": false, "spkid": "3841256", "fullname": "(2011 LJ29)", "prefix": null, "des": "2011 LJ29", "orbit_class": {"name": "TransNeptunian Object", "code": "TNO"}, "pha": false, "orbit_id": "3", "kind": "au"}}