{"object": {"pha": false, "prefix": null, "orbit_class": {"code": "TNO", "name": "TransNeptunian Object"}, "orbit_id": "7", "fullname": "(2014 WN510)", "neo": false, "spkid": "3755767", "kind": "au", "des": "2014 WN510"}, "orbit": {"source": "JPL", "last_obs": "2021-02-07", "moid_jup": "31.6244", "rms": ".68245", "not_valid_before": null, "condition_code": "2", "first_obs": "2012-02-16", "data_arc": "3279", "t_jup": "6.485", "pe_used": "DE441", "sb_used": "SB441-N16", "covariance": {"elements": [{"value": ".521293916815308", "title": "eccentricity", "name": "e", "label": "e", "sigma": 4.00211349040982e-05, "units": null}, {"value": "37.04480624480291", "label": "q", "sigma": 0.000619177884973369, "units": "au", "title": "perihelion distance", "name": "q"}, {"value": "2466299.339871134867", "label": "tp", "sigma": 0.417249807791655, "units": "TDB", "title": "time of perihelion passage", "name": "tp"}, {"label": "node", "sigma": 0.000401972902085829, "units": "deg", "title": "longitude of the ascending node", "name": "om", "value": "126.5383798724909"}, {"name": "w", "title": "argument of perihelion", "sigma": 0.00276197615937617, "units": "deg", "label": "peri", "value": "88.55989582005827"}, {"value": "11.57902429619854", "label": "i", "units": "deg", "sigma": 8.60252957816272e-05, "title": "inclination", "name": "i"}], "labels": ["e", "q", "tp", "node", "peri", "i"], "data": [["1.601691239012031E-9", "5.10546584484934E-9", "-4.449136050906299E-6", "-9.968535291812064E-12", "-1.302965108433944E-8", "4.969643184122414E-11"], ["5.10546584484934E-9", "3.833812532400941E-7", "-.0002559248299685548", "4.612970651088589E-9", "-1.680742543720465E-6", "1.534808528715294E-9"], ["-4.449136050906299E-6", "-.0002559248299685548", ".1740974021021732", "-3.014335733147723E-6", ".001126692697710947", "-1.031937691565151E-6"], ["-9.968535291812064E-12", "4.612970651088589E-9", "-3.014335733147723E-6", "1.615822140113035E-7", "-1.788227672362382E-7", "3.435721313678304E-8"], ["-1.302965108433944E-8", "-1.680742543720465E-6", ".001126692697710947", "-1.788227672362382E-7", "7.628512304962332E-6", "-4.013717783393099E-8"], ["4.969643184122414E-11", "1.534808528715294E-9", "-1.031937691565151E-6", "3.435721313678304E-8", "-4.013717783393099E-8", "7.400351514316451E-9"]], "epoch": "2457231.5"}, "comment": null, "moid": "35.9793", "equinox": "J2000", "model_pars": [], "n_del_obs_used": null, "not_valid_after": null, "producer": "Otto Matic", "soln_date": "2021-04-15 12:04:15", "elements": [{"value": ".509728832433443", "name": "e", "title": "eccentricity", "sigma": "3.9759E-5", "units": null, "label": "e"}, {"value": "75.39863058993694", "units": "au", "sigma": ".0064903", "label": "a", "name": "a", "title": "semi-major axis"}, {"name": "q", "title": "perihelion distance", "units": "au", "sigma": ".00062711", "label": "q", "value": "36.9657746522479"}, {"title": "inclination; angle with respect to x-y ecliptic plane", "name": "i", "label": "i", "units": "deg", "sigma": "8.6471E-5", "value": "11.59900282788998"}, {"value": "126.6243823549885", "name": "om", "title": "longitude of the ascending node", "sigma": ".00040253", "units": "deg", "label": "node"}, {"value": "89.17492235486979", "label": "peri", "sigma": ".0028142", "units": "deg", "title": "argument of perihelion", "name": "w"}, {"title": "mean anomaly", "name": "ma", "label": "M", "units": "deg", "sigma": ".0016134", "value": "350.5918777503953"}, {"units": "TDB", "sigma": ".42559", "label": "tp", "name": "tp", "title": "time of perihelion passage", "value": "2466449.982630916435"}, {"value": "239135.2586032179", "name": "per", "title": "sidereal orbital period", "units": "d", "sigma": "30.877", "label": "period"}, {"name": "n", "title": "mean motion", "sigma": "1.9438E-7", "units": "deg/d", "label": "n", "value": ".001505424177525094"}, {"title": "aphelion distance", "name": "ad", "label": "Q", "sigma": ".0097985", "units": "au", "value": "113.831486527626"}], "two_body": null, "n_obs_used": 85, "n_dop_obs_used": null, "orbit_id": "7", "epoch": "2460200.5"}, "signature": {"version": "1.3", "source": "NASA/JPL Small-Body Database (SBDB) API"}}