{"orbit": {"t_jup": "5.247", "data_arc": "1861", "condition_code": "4", "first_obs": "2013-10-27", "not_valid_before": null, "rms": ".14655", "moid_jup": "29.077", "last_obs": "2018-12-01", "source": "JPL", "epoch": "2460200.5", "orbit_id": "4", "n_dop_obs_used": null, "n_obs_used": 60, "two_body": null, "elements": [{"sigma": "7.6829E-5", "units": null, "label": "e", "name": "e", "title": "eccentricity", "value": ".07465974644459426"}, {"value": "36.64220231941576", "label": "a", "sigma": ".0032806", "units": "au", "title": "semi-major axis", "name": "a"}, {"label": "q", "units": "au", "sigma": ".002294", "title": "perihelion distance", "name": "q", "value": "33.90650478507666"}, {"value": "15.30747044275849", "label": "i", "units": "deg", "sigma": ".00014286", "title": "inclination; angle with respect to x-y ecliptic plane", "name": "i"}, {"value": "144.9560451973672", "title": "longitude of the ascending node", "name": "om", "label": "node", "units": "deg", "sigma": ".0015217"}, {"name": "w", "title": "argument of perihelion", "units": "deg", "sigma": ".14509", "label": "peri", "value": "269.5873433170503"}, {"label": "M", "sigma": ".12357", "units": "deg", "title": "mean anomaly", "name": "ma", "value": "355.9684954227124"}, {"value": "2461107.767671114598", "sigma": "27.777", "units": "TDB", "label": "tp", "name": "tp", "title": "time of perihelion passage"}, {"units": "d", "sigma": "10.88", "label": "period", "name": "per", "title": "sidereal orbital period", "value": "81015.99671778189"}, {"value": ".004443566882896659", "label": "n", "units": "deg/d", "sigma": "5.9675E-7", "title": "mean motion", "name": "n"}, {"units": "au", "sigma": ".0035255", "label": "Q", "name": "ad", "title": "aphelion distance", "value": "39.37789985375486"}], "soln_date": "2021-09-09 00:19:09", "producer": "Otto Matic", "n_del_obs_used": null, "not_valid_after": null, "model_pars": [], "moid": "32.9532", "equinox": "J2000", "comment": null, "covariance": {"data": [["6.800246075748604E-9", "-9.504455219854986E-8", ".001514242453190564", "-9.416630799012625E-9", "7.909234303721287E-6", "-5.990307465489153E-10"], ["-9.504455219854986E-8", "6.894474593059299E-6", "-.07995650317268167", "7.002322534087276E-7", "-.0004172099017574242", "7.673767558748507E-8"], [".001514242453190564", "-.07995650317268167", "961.1938905001058", "-.008095379889081343", "5.015750658572728", "-.0008525834899164397"], ["-9.416630799012625E-9", "7.002322534087276E-7", "-.008095379889081343", "2.327013552510813E-6", "-4.441751175786732E-5", "2.177368027947392E-7"], ["7.909234303721287E-6", "-.0004172099017574242", "5.015750658572728", "-4.441751175786732E-5", ".02617558848902978", "-4.65084541424559E-6"], ["-5.990307465489153E-10", "7.673767558748507E-8", "-.0008525834899164397", "2.177368027947392E-7", "-4.65084541424559E-6", "2.08479772365604E-8"]], "epoch": "2457443.5", "elements": [{"name": "e", "title": "eccentricity", "sigma": 8.24636045522423e-05, "units": null, "label": "e", "value": ".06568682716162055"}, {"value": "33.86988776636279", "label": "q", "sigma": 0.00262573315343721, "units": "au", "title": "perihelion distance", "name": "q"}, {"units": "TDB", "sigma": 31.003127108408, "label": "tp", "name": "tp", "title": "time of perihelion passage", "value": "2461747.901131581971"}, {"label": "node", "sigma": 0.001525455195183, "units": "deg", "title": "longitude of the ascending node", "name": "om", "value": "145.1435129593769"}, {"value": "272.6878204979479", "name": "w", "title": "argument of perihelion", "units": "deg", "sigma": 0.161788715580011, "label": "peri"}, {"value": "15.32310627985474", "name": "i", "title": "inclination", "sigma": 0.000144388286355093, "units": "deg", "label": "i"}], "labels": ["e", "q", "tp", "node", "peri", "i"]}, "sb_used": "SB441-N16", "pe_used": "DE441"}, "signature": {"version": "1.3", "source": "NASA/JPL Small-Body Database (SBDB) API"}, "object": {"spkid": "3989512", "kind": "au", "des": "2016 SJ57", "orbit_class": {"name": "TransNeptunian Object", "code": "TNO"}, "orbit_id": "4", "prefix": null, "fullname": "(2016 SJ57)", "neo": false, "pha": false}}