{"signature": {"version": "1.3", "source": "NASA/JPL Small-Body Database (SBDB) API"}, "orbit": {"moid_jup": "32.466", "last_obs": "2021-08-07", "source": "JPL", "t_jup": "5.265", "data_arc": "2568", "condition_code": "3", "first_obs": "2014-07-27", "rms": ".68605", "not_valid_before": null, "model_pars": [], "moid": "36.2839", "equinox": "J2000", "covariance": {"epoch": "2458364.5", "data": [["3.848561123345186E-9", "3.003903258311195E-8", "-7.144447691546812E-5", "2.08577308966536E-9", "-3.303504252343194E-7", "5.844074941686513E-10"], ["3.003903258311195E-8", "5.931924443276563E-7", ".003931026321012517", "-2.090026326903294E-8", "1.787418008941136E-5", "5.635533061866384E-9"], ["-7.144447691546812E-5", ".003931026321012517", "58.14556803680247", "-.0005095126823083489", ".2649952402541977", "1.990047798615951E-6"], ["2.08577308966536E-9", "-2.090026326903294E-8", "-.0005095126823083489", "1.666214857626823E-7", "-2.473148790036923E-6", "1.993004679960825E-10"], ["-3.303504252343194E-7", "1.787418008941136E-5", ".2649952402541977", "-2.473148790036923E-6", ".001207847044276816", "8.379093493552083E-9"], ["5.844074941686513E-10", "5.635533061866384E-9", "1.990047798615951E-6", "1.993004679960825E-10", "8.379093493552083E-9", "2.006111988574434E-10"]], "labels": ["e", "q", "tp", "node", "peri", "i"], "elements": [{"value": ".0821121214743815", "sigma": 6.20367723479001e-05, "units": null, "label": "e", "name": "e", "title": "eccentricity"}, {"value": "37.16307581059961", "title": "perihelion distance", "name": "q", "label": "q", "units": "au", "sigma": 0.000770189875503214}, {"name": "tp", "title": "time of perihelion passage", "units": "TDB", "sigma": 7.62532412667176, "label": "tp", "value": "2454700.285915691914"}, {"units": "deg", "sigma": 0.000408192951632782, "label": "node", "name": "om", "title": "longitude of the ascending node", "value": "43.36540396220274"}, {"sigma": 0.0347540939211025, "units": "deg", "label": "peri", "name": "w", "title": "argument of perihelion", "value": "253.5680795760582"}, {"value": "22.54749358004737", "name": "i", "title": "inclination", "sigma": 1.41637282823924e-05, "units": "deg", "label": "i"}]}, "comment": null, "sb_used": "SB441-N16", "pe_used": "DE441", "epoch": "2460200.5", "orbit_id": "3", "n_dop_obs_used": null, "n_obs_used": 35, "two_body": null, "elements": [{"value": ".08070682365437268", "name": "e", "title": "eccentricity", "sigma": "6.1451E-5", "units": null, "label": "e"}, {"units": "au", "sigma": ".0033213", "label": "a", "name": "a", "title": "semi-major axis", "value": "40.49293911272286"}, {"name": "q", "title": "perihelion distance", "sigma": ".00070467", "units": "au", "label": "q", "value": "37.22488261650508"}, {"name": "i", "title": "inclination; angle with respect to x-y ecliptic plane", "units": "deg", "sigma": "1.4278E-5", "label": "i", "value": "22.53944272463545"}, {"name": "om", "title": "longitude of the ascending node", "sigma": ".00040843", "units": "deg", "label": "node", "value": "43.65964819052084"}, {"name": "w", "title": "argument of perihelion", "units": "deg", "sigma": ".035842", "label": "peri", "value": "257.0092759623319"}, {"value": "17.92835033921244", "units": "deg", "sigma": ".030273", "label": "M", "name": "ma", "title": "mean anomaly"}, {"value": "2455513.389341158177", "sigma": "7.9075", "units": "TDB", "label": "tp", "name": "tp", "title": "time of perihelion passage"}, {"value": "94116.84874834833", "label": "period", "sigma": "11.579", "units": "d", "title": "sidereal orbital period", "name": "per"}, {"units": "deg/d", "sigma": "4.706E-7", "label": "n", "name": "n", "title": "mean motion", "value": ".003825032444111848"}, {"name": "ad", "title": "aphelion distance", "sigma": ".0035893", "units": "au", "label": "Q", "value": "43.76099560894063"}], "soln_date": "2021-11-09 11:12:03", "producer": "Otto Matic", "n_del_obs_used": null, "not_valid_after": null}, "object": {"spkid": "54017366", "kind": "au", "des": "2014 PE88", "pha": false, "prefix": null, "orbit_id": "3", "orbit_class": {"name": "TransNeptunian Object", "code": "TNO"}, "fullname": "(2014 PE88)", "neo": false}}