{"orbit": {"not_valid_before": null, "rms": ".75227", "first_obs": "2003-01-28", "condition_code": "2", "data_arc": "6970", "t_jup": "5.844", "source": "JPL", "last_obs": "2022-02-27", "moid_jup": "29.2784", "not_valid_after": null, "n_del_obs_used": null, "soln_date": "2022-11-01 12:12:03", "producer": "Otto Matic", "elements": [{"title": "eccentricity", "name": "e", "label": "e", "units": null, "sigma": "2.6618E-5", "value": ".3230677437505795"}, {"value": "51.31922086702736", "title": "semi-major axis", "name": "a", "label": "a", "units": "au", "sigma": ".0023498"}, {"label": "q", "sigma": ".00022572", "units": "au", "title": "perihelion distance", "name": "q", "value": "34.73963597047917"}, {"value": "14.94528500275329", "title": "inclination; angle with respect to x-y ecliptic plane", "name": "i", "label": "i", "sigma": "5.696E-5", "units": "deg"}, {"name": "om", "title": "longitude of the ascending node", "units": "deg", "sigma": "2.4766E-5", "label": "node", "value": "12.48036472814305"}, {"units": "deg", "sigma": ".0011548", "label": "peri", "name": "w", "title": "argument of perihelion", "value": "173.0380821735865"}, {"value": "8.552800368884366", "title": "mean anomaly", "name": "ma", "label": "M", "units": "deg", "sigma": ".00069167"}, {"value": "2457010.252751631012", "label": "tp", "sigma": ".20909", "units": "TDB", "title": "time of perihelion passage", "name": "tp"}, {"title": "sidereal orbital period", "name": "per", "label": "period", "units": "d", "sigma": "9.2229", "value": "134282.2186743785"}, {"value": ".002680920851277901", "name": "n", "title": "mean motion", "units": "deg/d", "sigma": "1.8413E-7", "label": "n"}, {"value": "67.89880576357555", "sigma": ".003109", "units": "au", "label": "Q", "name": "ad", "title": "aphelion distance"}], "two_body": null, "n_obs_used": 116, "n_dop_obs_used": null, "orbit_id": "2", "epoch": "2460200.5", "pe_used": "DE441", "sb_used": "SB441-N16", "comment": null, "covariance": {"elements": [{"title": "eccentricity", "name": "e", "label": "e", "units": null, "sigma": 2.67751565629492e-05, "value": ".3354767551043218"}, {"name": "q", "title": "perihelion distance", "units": "au", "sigma": 0.000226079100137282, "label": "q", "value": "34.76118403463404"}, {"value": "2457087.080280032396", "name": "tp", "title": "time of perihelion passage", "units": "TDB", "sigma": 0.203083643686731, "label": "tp"}, {"value": "12.46692714793996", "label": "node", "units": "deg", "sigma": 2.48730878848902e-05, "title": "longitude of the ascending node", "name": "om"}, {"units": "deg", "sigma": 0.00112563580549283, "label": "peri", "name": "w", "title": "argument of perihelion", "value": "173.4352205271111"}, {"sigma": 5.67333173130632e-05, "units": "deg", "label": "i", "name": "i", "title": "inclination", "value": "14.87754376354702"}], "labels": ["e", "q", "tp", "node", "peri", "i"], "epoch": "2457660.5", "data": [["7.169090089704401E-10", "6.021771463568625E-9", "-1.622535831297697E-6", "3.627566041182018E-11", "-8.999591185207077E-9", "1.017449451730407E-10"], ["6.021771463568625E-9", "5.111175951888334E-8", "-1.33167930833557E-5", "3.079757665085848E-10", "-7.378988467408825E-8", "8.632060955344168E-10"], ["-1.622535831297697E-6", "-1.33167930833557E-5", ".04124296633307929", "-8.48749570541726E-8", ".0002285425540070443", "-2.039568320792701E-7"], ["3.627566041182018E-11", "3.079757665085848E-10", "-8.48749570541726E-8", "6.186705009294697E-10", "-1.066414001829445E-9", "-6.987690090333021E-10"], ["-8.999591185207077E-9", "-7.378988467408825E-8", ".0002285425540070443", "-1.066414001829445E-9", "1.267055966607497E-6", "-4.498618441161219E-10"], ["1.017449451730407E-10", "8.632060955344168E-10", "-2.039568320792701E-7", "-6.987690090333021E-10", "-4.498618441161219E-10", "3.218669293344722E-9"]]}, "equinox": "J2000", "moid": "33.7409", "model_pars": []}, "signature": {"version": "1.3", "source": "NASA/JPL Small-Body Database (SBDB) API"}, "object": {"pha": false, "prefix": null, "orbit_id": "2", "orbit_class": {"code": "TNO", "name": "TransNeptunian Object"}, "fullname": "(2021 GV122)", "neo": false, "spkid": "54161271", "kind": "au", "des": "2021 GV122"}}