{"orbit": {"producer": "Otto Matic", "last_obs": "2018-09-12", "t_jup": "5.178", "equinox": "J2000", "not_valid_after": null, "condition_code": "5", "model_pars": [], "soln_date": "2021-04-15 08:53:28", "moid_jup": "26.2603", "not_valid_before": null, "epoch": "2460200.5", "comment": null, "elements": [{"label": "e", "units": null, "value": ".2805079978075172", "name": "e", "sigma": ".00035596", "title": "eccentricity"}, {"title": "semi-major axis", "name": "a", "sigma": ".0070201", "value": "43.92033666016861", "label": "a", "units": "au"}, {"name": "q", "sigma": ".013251", "title": "perihelion distance", "label": "q", "units": "au", "value": "31.60033096059262"}, {"label": "i", "units": "deg", "value": "24.88423022129897", "sigma": ".00095017", "name": "i", "title": "inclination; angle with respect to x-y ecliptic plane"}, {"label": "node", "units": "deg", "value": "21.35898021639471", "name": "om", "sigma": ".00024293", "title": "longitude of the ascending node"}, {"sigma": ".12172", "name": "w", "title": "argument of perihelion", "units": "deg", "label": "peri", "value": "149.0411345503203"}, {"value": "232.3082208549428", "label": "M", "units": "deg", "name": "ma", "sigma": ".21659", "title": "mean anomaly"}, {"label": "tp", "units": "TDB", "value": "2497910.571411872043", "name": "tp", "sigma": "57.232", "title": "time of perihelion passage"}, {"units": "d", "label": "period", "value": "106315.5811530521", "sigma": "25.49", "name": "per", "title": "sidereal orbital period"}, {"label": "n", "units": "deg/d", "value": ".003386145248848741", "sigma": "8.1185E-7", "name": "n", "title": "mean motion"}, {"title": "aphelion distance", "name": "ad", "sigma": ".0089893", "value": "56.2403423597446", "label": "Q", "units": "au"}], "covariance": {"labels": ["e", "q", "tp", "node", "peri", "i"], "data": [["1.195615008751495E-7", "-4.183978405545139E-6", "-.01901707681450329", "-2.374790949103458E-8", "-3.921143407352598E-5", "8.629679346075929E-8"], ["-4.183978405545139E-6", ".0001621834297487526", ".6320817125761812", "9.2852358568618E-7", ".001235800490469829", "-3.292306841477546E-6"], ["-.01901707681450329", ".6320817125761812", "3096.992057726231", ".003581494647125001", "6.528783793844042", "-.01318318773284131"], ["-2.374790949103458E-8", "9.2852358568618E-7", ".003581494647125001", "5.822365327954834E-8", "6.920138645920175E-6", "-2.25012579656588E-7"], ["-3.921143407352598E-5", ".001235800490469829", "6.528783793844042", "6.920138645920175E-6", ".01404569676722968", "-2.583165777793752E-5"], ["8.629679346075929E-8", "-3.292306841477546E-6", "-.01318318773284131", "-2.25012579656588E-7", "-2.583165777793752E-5", "9.120165209592129E-7"]], "elements": [{"name": "e", "sigma": 0.000345776663288819, "title": "eccentricity", "label": "e", "value": ".2885538605392541", "units": null}, {"name": "q", "sigma": 0.0127351258238289, "title": "perihelion distance", "label": "q", "value": "31.02118082353403", "units": "au"}, {"name": "tp", "sigma": 55.6506249535999, "title": "time of perihelion passage", "units": "TDB", "label": "tp", "value": "2497643.551985169594"}, {"value": "21.35270441484555", "label": "node", "units": "deg", "name": "om", "sigma": 0.000241295779655485, "title": "longitude of the ascending node"}, {"title": "argument of perihelion", "name": "w", "sigma": 0.118514542429314, "value": "149.8118472284701", "label": "peri", "units": "deg"}, {"title": "inclination", "sigma": 0.000954995560701312, "name": "i", "label": "i", "units": "deg", "value": "25.03653523453607"}], "epoch": "2457077.5"}, "n_obs_used": 41, "source": "JPL", "sb_used": "SB441-N16", "moid": "30.6284", "data_arc": "1867", "n_del_obs_used": null, "first_obs": "2013-08-02", "n_dop_obs_used": null, "rms": ".30524", "orbit_id": "3", "two_body": null, "pe_used": "DE441"}, "object": {"kind": "au", "orbit_id": "3", "pha": false, "orbit_class": {"code": "TNO", "name": "TransNeptunian Object"}, "prefix": null, "des": "2013 UK17", "fullname": "(2013 UK17)", "spkid": "3787134", "neo": false}, "signature": {"version": "1.3", "source": "NASA/JPL Small-Body Database (SBDB) API"}}