{"signature": {"version": "1.3", "source": "NASA/JPL Small-Body Database (SBDB) API"}, "orbit": {"n_del_obs_used": null, "not_valid_after": null, "producer": "Otto Matic", "soln_date": "2023-11-16 01:32:51", "elements": [{"value": ".08960467230751688", "name": "e", "title": "eccentricity", "sigma": ".00016612", "units": null, "label": "e"}, {"name": "a", "title": "semi-major axis", "units": "au", "sigma": ".011207", "label": "a", "value": "44.36319922573363"}, {"value": "40.38804929659868", "label": "q", "units": "au", "sigma": ".0051696", "title": "perihelion distance", "name": "q"}, {"value": "1.796706593819004", "label": "i", "sigma": ".00023462", "units": "deg", "title": "inclination; angle with respect to x-y ecliptic plane", "name": "i"}, {"value": "287.2343138059742", "name": "om", "title": "longitude of the ascending node", "sigma": ".018732", "units": "deg", "label": "node"}, {"value": "51.61834277281871", "title": "argument of perihelion", "name": "w", "label": "peri", "units": "deg", "sigma": ".22422"}, {"label": "M", "units": "deg", "sigma": ".18864", "title": "mean anomaly", "name": "ma", "value": "23.3488448845964"}, {"sigma": "55.274", "units": "TDB", "label": "tp", "name": "tp", "title": "time of perihelion passage", "value": "2453200.539129413120"}, {"value": "107927.6480642411", "title": "sidereal orbital period", "name": "per", "label": "period", "sigma": "40.897", "units": "d"}, {"value": ".003335567914773047", "title": "mean motion", "name": "n", "label": "n", "sigma": "1.2639E-6", "units": "deg/d"}, {"value": "48.33834915486857", "label": "Q", "sigma": ".012211", "units": "au", "title": "aphelion distance", "name": "ad"}], "two_body": null, "n_obs_used": 24, "n_dop_obs_used": null, "orbit_id": "2", "epoch": "2460200.5", "pe_used": "DE441", "sb_used": "SB441-N16", "comment": null, "covariance": {"labels": ["e", "q", "tp", "node", "peri", "i"], "elements": [{"sigma": 0.000166810565536996, "units": null, "label": "e", "name": "e", "title": "eccentricity", "value": ".07925193823673422"}, {"sigma": 0.00604803776039013, "units": "au", "label": "q", "name": "q", "title": "perihelion distance", "value": "40.31038886623291"}, {"units": "TDB", "sigma": 61.9123240969258, "label": "tp", "name": "tp", "title": "time of perihelion passage", "value": "2452180.237273266979"}, {"value": "287.273265798314", "title": "longitude of the ascending node", "name": "om", "label": "node", "sigma": 0.0188076218612542, "units": "deg"}, {"units": "deg", "sigma": 0.251091935395341, "label": "peri", "name": "w", "title": "argument of perihelion", "value": "47.58026659652405"}, {"value": "1.798550499400287", "sigma": 0.000235967480510394, "units": "deg", "label": "i", "name": "i", "title": "inclination"}], "data": [["2.782576477477232E-8", "1.168802409221498E-7", "-.001368413384933707", "1.07838774349262E-8", "-5.589511207595839E-6", "4.404998195646726E-10"], ["1.168802409221498E-7", "3.657876075110482E-5", ".3624510702198674", "-2.409700212532048E-6", ".001465403455615676", "-1.916709227763044E-8"], ["-.001368413384933707", ".3624510702198674", "3833.135875082784", "-.02561266472707372", "15.50205793352939", "-.0002372484961939309"], ["1.07838774349262E-8", "-2.409700212532048E-6", "-.02561266472707372", ".0003537266400759254", "-.0004569698548783477", "4.398232416680962E-6"], ["-5.589511207595839E-6", ".001465403455615676", "15.50205793352939", "-.0004569698548783477", ".06304716002057816", "-5.354619829788454E-6"], ["4.404998195646726E-10", "-1.916709227763044E-8", "-.0002372484961939309", "4.398232416680962E-6", "-5.354619829788454E-6", "5.568065185842316E-8"]], "epoch": "2457386.5"}, "moid": "39.379", "equinox": "J2000", "model_pars": [], "not_valid_before": null, "rms": ".22906", "first_obs": "2013-09-02", "condition_code": "4", "data_arc": "1855", "t_jup": "5.931", "source": "JPL", "last_obs": "2018-10-01", "moid_jup": "35.3931"}, "object": {"kind": "au", "des": "2013 RU155", "spkid": "54194318", "fullname": "(2013 RU155)", "neo": false, "orbit_id": "2", "orbit_class": {"code": "TNO", "name": "TransNeptunian Object"}, "prefix": null, "pha": false}}