{"object": {"pha": false, "fullname": "(2013 TW228)", "neo": false, "prefix": null, "orbit_class": {"code": "TNO", "name": "TransNeptunian Object"}, "orbit_id": "2", "kind": "au", "des": "2013 TW228", "spkid": "54197605"}, "orbit": {"two_body": null, "n_obs_used": 18, "epoch": "2460200.5", "orbit_id": "2", "n_dop_obs_used": null, "not_valid_after": null, "n_del_obs_used": null, "elements": [{"name": "e", "title": "eccentricity", "units": null, "sigma": ".00028229", "label": "e", "value": ".05937546800849348"}, {"label": "a", "units": "au", "sigma": ".013621", "title": "semi-major axis", "name": "a", "value": "43.85654960658783"}, {"value": "41.25254644845896", "name": "q", "title": "perihelion distance", "units": "au", "sigma": ".0079522", "label": "q"}, {"value": "3.213557523616803", "label": "i", "sigma": ".00017408", "units": "deg", "title": "inclination; angle with respect to x-y ecliptic plane", "name": "i"}, {"value": "108.987359927489", "name": "om", "title": "longitude of the ascending node", "units": "deg", "sigma": ".013141", "label": "node"}, {"label": "peri", "units": "deg", "sigma": ".27142", "title": "argument of perihelion", "name": "w", "value": "290.9161744319514"}, {"value": "337.9861831131839", "name": "ma", "title": "mean anomaly", "sigma": ".23782", "units": "deg", "label": "M"}, {"value": "2466687.486093478959", "label": "tp", "units": "TDB", "sigma": "69.192", "title": "time of perihelion passage", "name": "tp"}, {"label": "period", "sigma": "49.423", "units": "d", "title": "sidereal orbital period", "name": "per", "value": "106084.0564659657"}, {"units": "deg/d", "sigma": "1.581E-6", "label": "n", "name": "n", "title": "mean motion", "value": ".00339353539064088"}, {"label": "Q", "units": "au", "sigma": ".01443", "title": "aphelion distance", "name": "ad", "value": "46.46055276471669"}], "soln_date": "2023-11-02 00:58:07", "producer": "Otto Matic", "model_pars": [], "moid": "40.2612", "equinox": "J2000", "pe_used": "DE441", "comment": null, "covariance": {"data": [["8.386370330761851E-8", "-9.154300377917853E-7", ".008271183089978968", "-7.417617291968763E-8", "3.335277582159257E-5", "-9.472795829181253E-11"], ["-9.154300377917853E-7", "8.049497624069727E-5", "-.7363254902425631", "3.169988255162507E-6", "-.002880047756621059", "6.232903798776796E-8"], [".008271183089978968", "-.7363254902425631", "6745.784412429242", "-.02895198727554239", "26.38214953858953", "-.0005697356529427604"], ["-7.417617291968763E-8", "3.169988255162507E-6", "-.02895198727554239", ".0001745779511172816", "-.0002879193030220935", "2.261057600924528E-6"], ["3.335277582159257E-5", "-.002880047756621059", "26.38214953858953", "-.0002879193030220935", ".1033660242430418", "-4.475674453849139E-6"], ["-9.472795829181253E-11", "6.232903798776796E-8", "-.0005697356529427604", "2.261057600924528E-6", "-4.475674453849139E-6", "3.054852885126558E-8"]], "epoch": "2457752.5", "labels": ["e", "q", "tp", "node", "peri", "i"], "elements": [{"value": ".04806341697214619", "title": "eccentricity", "name": "e", "label": "e", "units": null, "sigma": 0.000289592305332201}, {"title": "perihelion distance", "name": "q", "label": "q", "sigma": 0.00897189925493467, "units": "au", "value": "41.19907334439159"}, {"value": "2468124.591688221441", "units": "TDB", "sigma": 82.1327243699443, "label": "tp", "name": "tp", "title": "time of perihelion passage"}, {"value": "108.9903923082705", "title": "longitude of the ascending node", "name": "om", "label": "node", "units": "deg", "sigma": 0.0132127949774937}, {"title": "argument of perihelion", "name": "w", "label": "peri", "units": "deg", "sigma": 0.321505869686763, "value": "296.2437826666565"}, {"value": "3.214214730907611", "name": "i", "title": "inclination", "units": "deg", "sigma": 0.000174781374440372, "label": "i"}]}, "sb_used": "SB441-N16", "t_jup": "5.906", "rms": ".16327", "not_valid_before": null, "data_arc": "2175", "condition_code": "4", "first_obs": "2013-10-13", "moid_jup": "36.2778", "source": "JPL", "last_obs": "2019-09-27"}, "signature": {"version": "1.3", "source": "NASA/JPL Small-Body Database (SBDB) API"}}