{"signature": {"version": "1.3", "source": "NASA/JPL Small-Body Database (SBDB) API"}, "orbit": {"orbit_id": "8", "two_body": null, "pe_used": "DE441", "data_arc": "6610", "n_del_obs_used": null, "first_obs": "2005-02-10", "rms": ".6232", "n_dop_obs_used": null, "covariance": {"epoch": "2457069.5", "elements": [{"title": "eccentricity", "name": "e", "sigma": 1.41672471913818e-05, "label": "e", "value": ".105153618778819", "units": null}, {"units": "au", "label": "q", "value": "39.09999289985787", "title": "perihelion distance", "sigma": 0.00113459745247495, "name": "q"}, {"label": "tp", "units": "TDB", "value": "2436277.467166218728", "title": "time of perihelion passage", "name": "tp", "sigma": 2.97911833121066}, {"label": "node", "units": "deg", "value": "318.416553627519", "name": "om", "sigma": 8.20990644741497e-05, "title": "longitude of the ascending node"}, {"title": "argument of perihelion", "sigma": 0.0137025817694375, "name": "w", "label": "peri", "units": "deg", "value": "105.1085431802672"}, {"name": "i", "sigma": 7.14052231282553e-05, "title": "inclination", "label": "i", "units": "deg", "value": "7.844617935976374"}], "data": [["2.007108929817144E-10", "3.100137814921507E-9", "2.338846227676671E-5", "1.042084127661602E-11", "9.386626538817226E-8", "1.299869996074256E-11"], ["3.100137814921507E-9", "1.287311379162639E-6", ".003119913135168674", "1.224767223915632E-9", "1.479701947235608E-5", "1.413721926397023E-9"], ["2.338846227676671E-5", ".003119913135168674", "8.875146031355401", "3.573351495116904E-6", ".04067991684064153", "4.204249936571465E-6"], ["1.042084127661602E-11", "1.224767223915632E-9", "3.573351495116904E-6", "6.740256387530586E-9", "9.622597965955425E-9", "5.157821700471336E-9"], ["9.386626538817226E-8", "1.479701947235608E-5", ".04067991684064153", "9.622597965955425E-9", ".0001877607471481211", "1.399698059551087E-8"], ["1.299869996074256E-11", "1.413721926397023E-9", "4.204249936571465E-6", "5.157821700471336E-9", "1.399698059551087E-8", "5.098705889995923E-9"]], "labels": ["e", "q", "tp", "node", "peri", "i"]}, "n_obs_used": 178, "source": "JPL", "sb_used": "SB441-N16", "moid": "37.6757", "not_valid_before": null, "elements": [{"units": null, "label": "e", "value": ".1068282136461136", "name": "e", "sigma": "1.3134E-5", "title": "eccentricity"}, {"name": "a", "sigma": ".0015263", "title": "semi-major axis", "units": "au", "label": "a", "value": "43.27837816658545"}, {"sigma": ".0011983", "name": "q", "title": "perihelion distance", "label": "q", "units": "au", "value": "38.65502633754816"}, {"title": "inclination; angle with respect to x-y ecliptic plane", "sigma": "7.1705E-5", "name": "i", "label": "i", "value": "7.87575009088497", "units": "deg"}, {"name": "om", "sigma": "8.1894E-5", "title": "longitude of the ascending node", "label": "node", "units": "deg", "value": "318.4469017171239"}, {"label": "peri", "units": "deg", "value": "99.9879707993332", "name": "w", "sigma": ".013688", "title": "argument of perihelion"}, {"label": "M", "value": "86.53064694528626", "units": "deg", "title": "mean anomaly", "name": "ma", "sigma": ".014569"}, {"units": "TDB", "label": "tp", "value": "2435204.394845015584", "sigma": "2.8868", "name": "tp", "title": "time of perihelion passage"}, {"title": "sidereal orbital period", "sigma": "5.5014", "name": "per", "label": "period", "value": "103993.1882340397", "units": "d"}, {"value": ".003461765199368726", "label": "n", "units": "deg/d", "title": "mean motion", "name": "n", "sigma": "1.8313E-7"}, {"value": "47.90172999562274", "label": "Q", "units": "au", "name": "ad", "sigma": ".0016894", "title": "aphelion distance"}], "comment": null, "epoch": "2460200.5", "soln_date": "2023-04-26 19:30:52", "moid_jup": "33.6933", "not_valid_after": null, "condition_code": "2", "equinox": "J2000", "model_pars": [], "t_jup": "5.801", "last_obs": "2023-03-18", "producer": "Otto Matic"}, "object": {"fullname": "308634 (2005 XU100)", "des": "308634", "prefix": null, "pha": false, "orbit_id": "8", "kind": "an", "orbit_class": {"name": "TransNeptunian Object", "code": "TNO"}, "spkid": "20308634", "neo": false}}