{"object": {"spkid": "54343142", "neo": false, "kind": "au", "orbit_id": "2", "pha": false, "orbit_class": {"name": "TransNeptunian Object", "code": "TNO"}, "prefix": null, "des": "2021 LU43", "fullname": "(2021 LU43)"}, "orbit": {"last_obs": "2022-08-16", "producer": "Otto Matic", "t_jup": "5.849", "not_valid_after": null, "condition_code": "4", "equinox": "J2000", "model_pars": [], "moid_jup": "36.6561", "soln_date": "2023-05-29 20:12:03", "not_valid_before": null, "comment": null, "epoch": "2460200.5", "elements": [{"value": ".01636363729963664", "label": "e", "units": null, "title": "eccentricity", "sigma": ".00035315", "name": "e"}, {"name": "a", "sigma": ".015107", "title": "semi-major axis", "value": "42.80877126884046", "label": "a", "units": "au"}, {"label": "q", "units": "au", "value": "42.10826406255405", "title": "perihelion distance", "sigma": ".021351", "name": "q"}, {"value": "3.121968768704237", "label": "i", "units": "deg", "sigma": ".0011326", "name": "i", "title": "inclination; angle with respect to x-y ecliptic plane"}, {"title": "longitude of the ascending node", "sigma": ".011881", "name": "om", "units": "deg", "label": "node", "value": "134.9842083064427"}, {"units": "deg", "label": "peri", "value": "77.32420042659976", "title": "argument of perihelion", "name": "w", "sigma": "1.0918"}, {"title": "mean anomaly", "name": "ma", "sigma": "1.0661", "label": "M", "value": "75.2773376162269", "units": "deg"}, {"title": "time of perihelion passage", "sigma": "292.64", "name": "tp", "units": "TDB", "label": "tp", "value": "2438808.109353787193"}, {"units": "d", "label": "period", "value": "102305.1674847825", "name": "per", "sigma": "54.156", "title": "sidereal orbital period"}, {"value": ".003518883834030658", "label": "n", "units": "deg/d", "title": "mean motion", "sigma": "1.8628E-6", "name": "n"}, {"units": "au", "label": "Q", "value": "43.50927847512688", "title": "aphelion distance", "name": "ad", "sigma": ".015355"}], "source": "JPL", "moid": "41.1029", "sb_used": "SB441-N16", "n_obs_used": 24, "covariance": {"elements": [{"sigma": 0.000308304734821645, "name": "e", "title": "eccentricity", "value": ".02215951834977823", "label": "e", "units": null}, {"title": "perihelion distance", "name": "q", "sigma": 0.0172172046522913, "label": "q", "value": "42.19019728436599", "units": "au"}, {"name": "tp", "sigma": 250.137888205259, "title": "time of perihelion passage", "label": "tp", "units": "TDB", "value": "2443670.897654038490"}, {"name": "om", "sigma": 0.0118459838174005, "title": "longitude of the ascending node", "label": "node", "value": "134.9921437328177", "units": "deg"}, {"title": "argument of perihelion", "sigma": 0.927580334715094, "name": "w", "label": "peri", "value": "94.7645748364183", "units": "deg"}, {"title": "inclination", "sigma": 0.00112807677824938, "name": "i", "label": "i", "units": "deg", "value": "3.120928221336183"}], "epoch": "2459041.5", "labels": ["e", "q", "tp", "node", "peri", "i"], "data": [["9.505180951344482E-8", "-2.872442969625369E-6", "-.03310619726810485", "3.000907174281364E-8", "-.0001247893520953745", "-2.275615865899344E-9"], ["-2.872442969625369E-6", ".00029643213603888", "4.267554506149318", "-4.640741357654437E-6", ".01584059339941978", "5.021580117885948E-7"], ["-.03310619726810485", "4.267554506149318", "62568.9631157867", "-.06843068186352158", "231.9966539144129", ".007518190083713063"], ["3.000907174281364E-8", "-4.640741357654437E-6", "-.06843068186352158", ".0001403273326021136", "-.0003936561391507077", "-1.329146955531958E-5"], ["-.0001247893520953745", ".01584059339941978", "231.9966539144129", "-.0003936561391507077", ".8604052773501661", "4.110064886016294E-5"], ["-2.275615865899344E-9", "5.021580117885948E-7", ".007518190083713063", "-1.329146955531958E-5", "4.110064886016294E-5", "1.27255721762549E-6"]]}, "n_del_obs_used": null, "first_obs": "2013-04-15", "data_arc": "3410", "n_dop_obs_used": null, "rms": ".041495", "orbit_id": "2", "pe_used": "DE441", "two_body": null}, "signature": {"version": "1.3", "source": "NASA/JPL Small-Body Database (SBDB) API"}}