{"orbit": {"t_jup": "6.161", "producer": "Otto Matic", "last_obs": "2022-10-31", "moid_jup": "28.4321", "soln_date": "2022-11-05 00:48:15", "condition_code": "3", "not_valid_after": null, "equinox": "J2000", "model_pars": [], "sb_used": "SB441-N16", "source": "JPL", "moid": "32.3053", "n_obs_used": 25, "covariance": {"epoch": "2458105.5", "elements": [{"value": ".6212698119485048", "label": "e", "units": null, "title": "eccentricity", "name": "e", "sigma": 0.000174510169774662}, {"name": "q", "sigma": 0.00214152445799791, "title": "perihelion distance", "label": "q", "units": "au", "value": "33.26119361075035"}, {"title": "time of perihelion passage", "sigma": 1.31485197189437, "name": "tp", "value": "2463757.626683333579", "label": "tp", "units": "TDB"}, {"title": "longitude of the ascending node", "sigma": 0.000183420494676213, "name": "om", "label": "node", "units": "deg", "value": "174.9813406895973"}, {"title": "argument of perihelion", "name": "w", "sigma": 0.0094551092633843, "label": "peri", "units": "deg", "value": "225.4948972896673"}, {"value": "19.31710739899855", "label": "i", "units": "deg", "sigma": 0.000296335053306263, "name": "i", "title": "inclination"}], "labels": ["e", "q", "tp", "node", "peri", "i"], "data": [["3.045379935478133E-8", "3.079564841437744E-7", "-.0001625276089399903", "-3.142106384061054E-9", "-1.11329623677576E-6", "4.219311559199112E-9"], ["3.079564841437744E-7", "4.586127004203241E-6", "-.002760762736920685", "-2.620315285424912E-8", "-1.968459586796606E-5", "6.749425320565955E-8"], ["-.0001625276089399903", "-.002760762736920685", "1.728835707994522", "1.233097600088189E-5", ".01241344585954957", "-4.130940405370816E-5"], ["-3.142106384061054E-9", "-2.620315285424912E-8", "1.233097600088189E-5", "3.364307786726651E-8", "5.036916606943723E-8", "4.741616349495186E-8"], ["-1.11329623677576E-6", "-1.968459586796606E-5", ".01241344585954957", "5.036916606943723E-8", "8.939909118253554E-5", "-3.411465997662314E-7"], ["4.219311559199112E-9", "6.749425320565955E-8", "-4.130940405370816E-5", "4.741616349495186E-8", "-3.411465997662314E-7", "8.781446381802589E-8"]]}, "not_valid_before": null, "epoch": "2460200.5", "comment": null, "elements": [{"title": "eccentricity", "name": "e", "sigma": ".00017576", "units": null, "label": "e", "value": ".6341473114417778"}, {"label": "a", "units": "au", "value": "90.93813551434023", "title": "semi-major axis", "name": "a", "sigma": ".048608"}, {"sigma": ".0021311", "name": "q", "title": "perihelion distance", "units": "au", "label": "q", "value": "33.26996137039332"}, {"units": "deg", "label": "i", "value": "19.25268175587911", "title": "inclination; angle with respect to x-y ecliptic plane", "name": "i", "sigma": ".00029549"}, {"name": "om", "sigma": ".0001837", "title": "longitude of the ascending node", "label": "node", "units": "deg", "value": "174.9328321547812"}, {"value": "225.3583017763698", "label": "peri", "units": "deg", "name": "w", "sigma": ".0092648", "title": "argument of perihelion"}, {"name": "ma", "sigma": ".0044018", "title": "mean anomaly", "units": "deg", "label": "M", "value": "356.009387103018"}, {"sigma": "1.2823", "name": "tp", "title": "time of perihelion passage", "label": "tp", "value": "2463711.692146554087", "units": "TDB"}, {"label": "period", "value": "316750.6359024216", "units": "d", "sigma": "253.96", "name": "per", "title": "sidereal orbital period"}, {"title": "mean motion", "sigma": "9.1126E-7", "name": "n", "units": "deg/d", "label": "n", "value": ".001136540733294382"}, {"label": "Q", "value": "148.6063096582871", "units": "au", "sigma": ".079433", "name": "ad", "title": "aphelion distance"}], "orbit_id": "2", "pe_used": "DE441", "two_body": null, "first_obs": "2013-10-13", "n_del_obs_used": null, "data_arc": "3305", "n_dop_obs_used": null, "rms": ".13817"}, "object": {"kind": "au", "orbit_id": "2", "pha": false, "orbit_class": {"name": "TransNeptunian Object", "code": "TNO"}, "prefix": null, "des": "2013 TN228", "fullname": "(2013 TN228)", "spkid": "54197595", "neo": false}, "signature": {"version": "1.3", "source": "NASA/JPL Small-Body Database (SBDB) API"}}