{"object": {"pha": false, "neo": false, "fullname": "523703 (2014 HX199)", "orbit_class": {"name": "TransNeptunian Object", "code": "TNO"}, "orbit_id": "11", "prefix": null, "kind": "an", "des": "523703", "spkid": "20523703"}, "signature": {"version": "1.3", "source": "NASA/JPL Small-Body Database (SBDB) API"}, "orbit": {"not_valid_before": null, "rms": ".56209", "data_arc": "4789", "condition_code": "2", "first_obs": "2010-04-04", "t_jup": "5.320", "source": "JPL", "last_obs": "2023-05-15", "moid_jup": "25.3382", "n_del_obs_used": null, "not_valid_after": null, "elements": [{"name": "e", "title": "eccentricity", "sigma": "1.7944E-5", "units": null, "label": "e", "value": ".2232047693188584"}, {"value": "39.40752646236115", "name": "a", "title": "semi-major axis", "units": "au", "sigma": ".0011165", "label": "a"}, {"value": "30.61157860890302", "name": "q", "title": "perihelion distance", "sigma": ".00016429", "units": "au", "label": "q"}, {"units": "deg", "sigma": "1.9808E-5", "label": "i", "name": "i", "title": "inclination; angle with respect to x-y ecliptic plane", "value": "14.75216287862911"}, {"sigma": ".00012619", "units": "deg", "label": "node", "name": "om", "title": "longitude of the ascending node", "value": "109.8318641988958"}, {"title": "argument of perihelion", "name": "w", "label": "peri", "units": "deg", "sigma": ".0017353", "value": "132.9916556954121"}, {"value": "2.853026108621691", "label": "M", "units": "deg", "sigma": ".0010103", "title": "mean anomaly", "name": "ma"}, {"value": "2459484.405338797356", "title": "time of perihelion passage", "name": "tp", "label": "tp", "sigma": ".2677", "units": "TDB"}, {"label": "period", "sigma": "3.8399", "units": "d", "title": "sidereal orbital period", "name": "per", "value": "90358.12089272933"}, {"value": ".003984146598482078", "name": "n", "title": "mean motion", "sigma": "1.6931E-7", "units": "deg/d", "label": "n"}, {"name": "ad", "title": "aphelion distance", "sigma": ".0013657", "units": "au", "label": "Q", "value": "48.20347431581927"}], "producer": "Otto Matic", "soln_date": "2023-07-27 23:04:30", "two_body": null, "n_obs_used": 159, "epoch": "2460200.5", "n_dop_obs_used": null, "orbit_id": "11", "pe_used": "DE441", "covariance": {"data": [["3.271971246385912E-10", "2.858271932761004E-9", "-2.018169018553025E-6", "-7.623263490083429E-11", "-1.297092673780864E-8", "4.770066825722045E-11"], ["2.858271932761004E-9", "2.635317982448644E-8", "-2.550391191900083E-5", "-4.921035339500739E-10", "-1.64524240180913E-7", "3.938280149796061E-10"], ["-2.018169018553025E-6", "-2.550391191900083E-5", ".06409469804908201", "-6.992065302956123E-7", ".0004153143451712265", "-1.24427015129813E-7"], ["-7.623263490083429E-11", "-4.921035339500739E-10", "-6.992065302956123E-7", "1.582195909196329E-8", "-1.982574121657577E-8", "-2.361597879634541E-9"], ["-1.297092673780864E-8", "-1.64524240180913E-7", ".0004153143451712265", "-1.982574121657577E-8", "2.705982035120626E-6", "1.479094054616205E-9"], ["4.770066825722045E-11", "3.938280149796061E-10", "-1.24427015129813E-7", "-2.361597879634541E-9", "1.479094054616205E-9", "3.891593261294898E-10"]], "epoch": "2457602.5", "elements": [{"name": "e", "title": "eccentricity", "units": null, "sigma": 1.80885910075548e-05, "label": "e", "value": ".2318843253607752"}, {"title": "perihelion distance", "name": "q", "label": "q", "units": "au", "sigma": 0.000162336625024935, "value": "30.62800964014832"}, {"value": "2459322.125402774511", "units": "TDB", "sigma": 0.253169307083386, "label": "tp", "name": "tp", "title": "time of perihelion passage"}, {"value": "109.8092323664796", "name": "om", "title": "longitude of the ascending node", "sigma": 0.000125785369149052, "units": "deg", "label": "node"}, {"value": "131.9564271937451", "sigma": 0.00164498694071431, "units": "deg", "label": "peri", "name": "w", "title": "argument of perihelion"}, {"units": "deg", "sigma": 1.97271215875375e-05, "label": "i", "name": "i", "title": "inclination", "value": "14.74816789501465"}], "labels": ["e", "q", "tp", "node", "peri", "i"]}, "comment": null, "sb_used": "SB441-N16", "model_pars": [], "equinox": "J2000", "moid": "29.616"}}