{"signature": {"version": "1.3", "source": "NASA/JPL Small-Body Database (SBDB) API"}, "orbit": {"condition_code": "5", "not_valid_after": null, "equinox": "J2000", "model_pars": [], "moid_jup": "27.9939", "soln_date": "2021-11-13 02:03:12", "producer": "Otto Matic", "last_obs": "2021-11-05", "t_jup": "6.174", "n_del_obs_used": null, "first_obs": "2017-11-17", "data_arc": "1449", "n_dop_obs_used": null, "rms": ".1981", "orbit_id": "4", "pe_used": "DE441", "two_body": null, "not_valid_before": null, "elements": [{"name": "e", "sigma": ".0036416", "title": "eccentricity", "value": ".6134510003415394", "label": "e", "units": null}, {"title": "semi-major axis", "sigma": ".58286", "name": "a", "value": "86.23646024869362", "label": "a", "units": "au"}, {"label": "q", "value": "33.33461744321912", "units": "au", "title": "perihelion distance", "sigma": ".091188", "name": "q"}, {"label": "i", "value": "18.04169337249007", "units": "deg", "title": "inclination; angle with respect to x-y ecliptic plane", "name": "i", "sigma": ".002185"}, {"sigma": ".0083596", "name": "om", "title": "longitude of the ascending node", "value": "200.5393560903184", "label": "node", "units": "deg"}, {"title": "argument of perihelion", "sigma": ".041268", "name": "w", "value": "328.9139906610948", "label": "peri", "units": "deg"}, {"value": "332.8995976961428", "label": "M", "units": "deg", "title": "mean anomaly", "sigma": ".36938", "name": "ma"}, {"value": "2482220.030091594421", "label": "tp", "units": "TDB", "title": "time of perihelion passage", "name": "tp", "sigma": "77.159"}, {"title": "sidereal orbital period", "sigma": "2965.5", "name": "per", "units": "d", "label": "period", "value": "292506.0205414643"}, {"title": "mean motion", "name": "n", "sigma": "1.2478E-5", "label": "n", "value": ".001230743898308815", "units": "deg/d"}, {"label": "Q", "value": "139.1383030541681", "units": "au", "sigma": ".94042", "name": "ad", "title": "aphelion distance"}], "comment": null, "epoch": "2460200.5", "source": "JPL", "moid": "32.3526", "sb_used": "SB441-N16", "n_obs_used": 28, "covariance": {"data": [["1.305466325634255E-5", "-.0003169904167911874", "-.2828615756399497", "-4.521323524907196E-6", "-9.064692494632011E-5", "-1.209700727515716E-6"], ["-.0003169904167911874", ".008006671598790236", "6.893744234305927", ".0001023986581454304", ".001575677377338531", "2.787553327533028E-5"], ["-.2828615756399497", "6.893744234305927", "6132.069426196368", ".09725286280836057", "1.91517463466286", ".02606615867552281"], ["-4.521323524907196E-6", ".0001023986581454304", ".09725286280836057", "6.959790549807338E-5", "-1.839160110639619E-5", "1.843459318003199E-5"], ["-9.064692494632011E-5", ".001575677377338531", "1.91517463466286", "-1.839160110639619E-5", ".001958984968129586", "-5.707238484021794E-6"], ["-1.209700727515716E-6", "2.787553327533028E-5", ".02606615867552281", "1.843459318003199E-5", "-5.707238484021794E-6", "4.888662839797918E-6"]], "labels": ["e", "q", "tp", "node", "peri", "i"], "epoch": "2458361.5", "elements": [{"title": "eccentricity", "sigma": 0.00361312375325598, "name": "e", "label": "e", "units": null, "value": ".6137641616119771"}, {"label": "q", "value": "32.90836978729146", "units": "au", "title": "perihelion distance", "sigma": 0.0894800066986488, "name": "q"}, {"title": "time of perihelion passage", "name": "tp", "sigma": 78.3075310950126, "label": "tp", "value": "2482288.712721421893", "units": "TDB"}, {"value": "200.8486531667609", "label": "node", "units": "deg", "name": "om", "sigma": 0.00834253591530018, "title": "longitude of the ascending node"}, {"title": "argument of perihelion", "name": "w", "sigma": 0.0442604221413396, "units": "deg", "label": "peri", "value": "329.7067008607465"}, {"units": "deg", "label": "i", "value": "18.11858515455198", "sigma": 0.00221103207570535, "name": "i", "title": "inclination"}]}}, "object": {"spkid": "3838198", "neo": false, "kind": "au", "orbit_id": "4", "pha": false, "orbit_class": {"name": "TransNeptunian Object", "code": "TNO"}, "des": "2017 WH30", "prefix": null, "fullname": "(2017 WH30)"}}