{"object": {"spkid": "3757749", "des": "2014 UA225", "kind": "au", "orbit_id": "8", "orbit_class": {"name": "TransNeptunian Object", "code": "TNO"}, "prefix": null, "fullname": "(2014 UA225)", "neo": false, "pha": false}, "signature": {"version": "1.3", "source": "NASA/JPL Small-Body Database (SBDB) API"}, "orbit": {"last_obs": "2020-01-19", "source": "JPL", "moid_jup": "31.7633", "first_obs": "2010-06-15", "condition_code": "2", "data_arc": "3505", "rms": ".72998", "not_valid_before": null, "t_jup": "6.499", "sb_used": "SB441-N16", "comment": null, "covariance": {"elements": [{"value": ".4547672829586474", "title": "eccentricity", "name": "e", "label": "e", "sigma": 1.91819534983392e-05, "units": null}, {"value": "36.68694873409319", "label": "q", "sigma": 0.000161994375335347, "units": "au", "title": "perihelion distance", "name": "q"}, {"value": "2456093.643051126127", "sigma": 0.250743706662853, "units": "TDB", "label": "tp", "name": "tp", "title": "time of perihelion passage"}, {"sigma": 0.000306920756736659, "units": "deg", "label": "node", "name": "om", "title": "longitude of the ascending node", "value": "344.652343546006"}, {"value": "18.25427812775359", "name": "w", "title": "argument of perihelion", "sigma": 0.00137788898837447, "units": "deg", "label": "peri"}, {"value": "3.582599612418675", "label": "i", "sigma": 4.03488832305583e-05, "units": "deg", "title": "inclination", "name": "i"}], "labels": ["e", "q", "tp", "node", "peri", "i"], "epoch": "2457363.5", "data": [["3.679473400124479E-10", "3.005194404184366E-9", "1.121704380893775E-7", "1.922334543814067E-11", "5.76014219304387E-10", "7.450978085372889E-12"], ["3.005194404184366E-9", "2.624217764028933E-8", "1.007100666387723E-5", "1.150209566990492E-10", "5.385322907550341E-8", "5.566380069193395E-11"], ["1.121704380893775E-7", "1.007100666387723E-5", ".06287240643102662", "-2.943597231693909E-7", ".0003368471739681769", "-3.887443720741272E-8"], ["1.922334543814067E-11", "1.150209566990492E-10", "-2.943597231693909E-7", "9.420035091580316E-8", "-9.559174794120244E-8", "1.204357419412131E-8"], ["5.76014219304387E-10", "5.385322907550341E-8", ".0003368471739681769", "-9.559174794120244E-8", "1.898578064283615E-6", "-1.222801597824391E-8"], ["7.450978085372889E-12", "5.566380069193395E-11", "-3.887443720741272E-8", "1.204357419412131E-8", "-1.222801597824391E-8", "1.628032377953225E-9"]]}, "pe_used": "DE441", "equinox": "J2000", "moid": "35.7116", "model_pars": [], "producer": "Otto Matic", "soln_date": "2021-09-08 23:45:54", "elements": [{"title": "eccentricity", "name": "e", "label": "e", "sigma": "1.9304E-5", "units": null, "value": ".4678621941127162"}, {"title": "semi-major axis", "name": "a", "label": "a", "sigma": ".0027983", "units": "au", "value": "68.99379312545382"}, {"value": "36.71420569362017", "units": "au", "sigma": ".00016156", "label": "q", "name": "q", "title": "perihelion distance"}, {"units": "deg", "sigma": "4.0152E-5", "label": "i", "name": "i", "title": "inclination; angle with respect to x-y ecliptic plane", "value": "3.569660605108781"}, {"title": "longitude of the ascending node", "name": "om", "label": "node", "sigma": ".00030752", "units": "deg", "value": "344.5450642864762"}, {"value": "18.66517154761761", "label": "peri", "sigma": ".0013473", "units": "deg", "title": "argument of perihelion", "name": "w"}, {"units": "deg", "sigma": ".00060736", "label": "M", "name": "ma", "title": "mean anomaly", "value": "6.946905014765449"}, {"label": "tp", "units": "TDB", "sigma": ".24413", "title": "time of perihelion passage", "name": "tp", "value": "2456161.235244663870"}, {"value": "209321.3177422584", "title": "sidereal orbital period", "name": "per", "label": "period", "units": "d", "sigma": "12.735"}, {"value": ".00171984394080337", "label": "n", "units": "deg/d", "sigma": "1.0463E-7", "title": "mean motion", "name": "n"}, {"name": "ad", "title": "aphelion distance", "sigma": ".0041075", "units": "au", "label": "Q", "value": "101.2733805572875"}], "n_del_obs_used": null, "not_valid_after": null, "orbit_id": "8", "n_dop_obs_used": null, "epoch": "2460200.5", "two_body": null, "n_obs_used": 246}}