{"orbit": {"n_del_obs_used": null, "first_obs": "2001-08-21", "data_arc": "2565", "rms": ".34909", "n_dop_obs_used": null, "orbit_id": "11", "pe_used": "DE441", "two_body": null, "not_valid_before": null, "epoch": "2460200.5", "comment": null, "elements": [{"label": "e", "value": ".01836953569269206", "units": null, "name": "e", "sigma": ".00024051", "title": "eccentricity"}, {"label": "a", "value": "37.36622711200058", "units": "au", "sigma": ".014214", "name": "a", "title": "semi-major axis"}, {"units": "au", "label": "q", "value": "36.67982686936545", "title": "perihelion distance", "name": "q", "sigma": ".0095434"}, {"label": "i", "units": "deg", "value": "1.832690588387206", "name": "i", "sigma": ".00042274", "title": "inclination; angle with respect to x-y ecliptic plane"}, {"sigma": ".013425", "name": "om", "title": "longitude of the ascending node", "value": "224.3280739036558", "label": "node", "units": "deg"}, {"sigma": ".78886", "name": "w", "title": "argument of perihelion", "label": "peri", "units": "deg", "value": "75.979732336201"}, {"name": "ma", "sigma": ".79621", "title": "mean anomaly", "label": "M", "units": "deg", "value": "83.71065565627718"}, {"sigma": "174.48", "name": "tp", "title": "time of perihelion passage", "label": "tp", "value": "2440800.776356028022", "units": "TDB"}, {"title": "sidereal orbital period", "sigma": "47.605", "name": "per", "label": "period", "value": "83429.05042467211", "units": "d"}, {"label": "n", "value": ".004315043718794848", "units": "deg/d", "name": "n", "sigma": "2.4622E-6", "title": "mean motion"}, {"title": "aphelion distance", "sigma": ".014475", "name": "ad", "label": "Q", "value": "38.05262735463571", "units": "au"}], "source": "JPL", "sb_used": "SB441-N16", "n_obs_used": 19, "moid": "35.6641", "covariance": {"labels": ["e", "q", "tp", "node", "peri", "i"], "data": [["3.994830622781483E-8", "-9.267381898695389E-7", ".005766277132614313", "4.442885145694449E-8", "2.266655792368935E-5", "-1.124028916541946E-9"], ["-9.267381898695389E-7", ".0001996274677063787", "2.07780856698599", "1.709735268624789E-6", ".009814563917349408", "1.097549976498095E-8"], [".005766277132614313", "2.07780856698599", "28300.8110811518", ".04039587357960346", "131.6997603802397", "-.0003494151752729098"], ["4.442885145694449E-8", "1.709735268624789E-6", ".04039587357960346", ".0001786658170482604", "5.628032405124582E-6", "-5.635982179490877E-6"], ["2.266655792368935E-5", ".009814563917349408", "131.6997603802397", "5.628032405124582E-6", ".6135009475437664", "4.118606380551676E-6"], ["-1.124028916541946E-9", "1.097549976498095E-8", "-.0003494151752729098", "-5.635982179490877E-6", "4.118606380551676E-6", "1.815645328025993E-7"]], "epoch": "2453960.5", "elements": [{"title": "eccentricity", "name": "e", "sigma": 0.00019987072378869, "label": "e", "units": null, "value": ".02072614868473145"}, {"title": "perihelion distance", "sigma": 0.0141289584791795, "name": "q", "label": "q", "value": "36.22214769289722", "units": "au"}, {"title": "time of perihelion passage", "sigma": 168.228449083833, "name": "tp", "units": "TDB", "label": "tp", "value": "2434260.425788328484"}, {"title": "longitude of the ascending node", "sigma": 0.0133665933224685, "name": "om", "units": "deg", "label": "node", "value": "224.182566128452"}, {"value": "46.06864001768344", "label": "peri", "units": "deg", "title": "argument of perihelion", "sigma": 0.783263013006338, "name": "w"}, {"value": "1.841859610272214", "label": "i", "units": "deg", "title": "inclination", "name": "i", "sigma": 0.000426103899069933}]}, "equinox": "J2000", "not_valid_after": null, "condition_code": "4", "model_pars": [], "moid_jup": "31.5017", "soln_date": "2021-04-13 18:11:52", "last_obs": "2008-08-29", "producer": "Otto Matic", "t_jup": "5.495"}, "object": {"neo": false, "spkid": "20135182", "des": "135182", "prefix": null, "fullname": "135182 (2001 QT322)", "orbit_class": {"name": "TransNeptunian Object", "code": "TNO"}, "orbit_id": "11", "kind": "an", "pha": false}, "signature": {"version": "1.3", "source": "NASA/JPL Small-Body Database (SBDB) API"}}