{"signature": {"version": "1.3", "source": "NASA/JPL Small-Body Database (SBDB) API"}, "orbit": {"covariance": {"data": [["7.421901013317442E-9", "-5.107632432760943E-7", "4.80711428570661E-5", "-3.708297228276378E-10", "-1.588165745363775E-6", "-6.774258488716585E-10"], ["-5.107632432760943E-7", ".0001864401455905341", ".08301337508884536", "1.283400553559116E-7", ".001087894457868774", "2.424360005087343E-7"], ["4.80711428570661E-5", ".08301337508884536", "49.58321035899821", "5.623454972103501E-5", ".5481513124226263", ".0001072832255298801"], ["-3.708297228276378E-10", "1.283400553559116E-7", "5.623454972103501E-5", "3.941510977488543E-8", "7.060755912143421E-7", "8.628539955775878E-9"], ["-1.588165745363775E-6", ".001087894457868774", ".5481513124226263", "7.060755912143421E-7", ".006670133818764632", "1.403116064098091E-6"], ["-6.774258488716585E-10", "2.424360005087343E-7", ".0001072832255298801", "8.628539955775878E-9", "1.403116064098091E-6", "7.905187863154149E-8"]], "labels": ["e", "q", "tp", "node", "peri", "i"], "epoch": "2455028.5", "elements": [{"value": ".2338937998630022", "label": "e", "units": null, "title": "eccentricity", "name": "e", "sigma": 8.61504556767835e-05}, {"sigma": 0.0136543086822634, "name": "q", "title": "perihelion distance", "label": "q", "value": "27.98918827598981", "units": "au"}, {"name": "tp", "sigma": 7.04153465936213, "title": "time of perihelion passage", "units": "TDB", "label": "tp", "value": "2435816.119568761416"}, {"title": "longitude of the ascending node", "name": "om", "sigma": 0.000198532389737507, "units": "deg", "label": "node", "value": "341.8273696138839"}, {"value": "69.61923162728172", "label": "peri", "units": "deg", "title": "argument of perihelion", "sigma": 0.0816708872167104, "name": "w"}, {"label": "i", "value": "13.54336259008726", "units": "deg", "name": "i", "sigma": 0.000281161659248806, "title": "inclination"}]}, "n_obs_used": 28, "source": "JPL", "sb_used": "SB441-N16", "moid": "26.8724", "comment": null, "elements": [{"name": "e", "sigma": "8.5886E-5", "title": "eccentricity", "value": ".2374843029963645", "label": "e", "units": null}, {"sigma": ".016458", "name": "a", "title": "semi-major axis", "label": "a", "units": "au", "value": "36.50761775711006"}, {"title": "perihelion distance", "sigma": ".013569", "name": "q", "label": "q", "value": "27.83763160000508", "units": "au"}, {"label": "i", "value": "13.54458361525807", "units": "deg", "title": "inclination; angle with respect to x-y ecliptic plane", "sigma": ".0002813", "name": "i"}, {"name": "om", "sigma": ".00019858", "title": "longitude of the ascending node", "label": "node", "units": "deg", "value": "341.864158654961"}, {"label": "peri", "value": "69.57919758612378", "units": "deg", "title": "argument of perihelion", "name": "w", "sigma": ".080385"}, {"title": "mean anomaly", "name": "ma", "sigma": ".10271", "label": "M", "units": "deg", "value": "108.4812985079864"}, {"label": "tp", "units": "TDB", "value": "2435921.765652041333", "name": "tp", "sigma": "6.799", "title": "time of perihelion passage"}, {"title": "sidereal orbital period", "name": "per", "sigma": "54.482", "label": "period", "value": "80570.05664088411", "units": "d"}, {"title": "mean motion", "name": "n", "sigma": "3.0214E-6", "label": "n", "value": ".004468161188027802", "units": "deg/d"}, {"label": "Q", "value": "45.17760391421504", "units": "au", "sigma": ".020366", "name": "ad", "title": "aphelion distance"}], "epoch": "2460200.5", "not_valid_before": null, "two_body": null, "pe_used": "DE441", "orbit_id": "8", "rms": ".30329", "n_dop_obs_used": null, "data_arc": "5138", "first_obs": "2000-02-06", "n_del_obs_used": null, "t_jup": "5.145", "producer": "Otto Matic", "last_obs": "2014-03-02", "soln_date": "2022-04-13 12:12:38", "moid_jup": "23.0098", "model_pars": [], "not_valid_after": null, "condition_code": "4", "equinox": "J2000"}, "object": {"fullname": "612145 (2000 CQ104)", "des": "612145", "prefix": null, "orbit_class": {"name": "TransNeptunian Object", "code": "TNO"}, "pha": false, "kind": "an", "orbit_id": "8", "neo": false, "spkid": "20612145"}}