{"signature": {"version": "1.3", "source": "NASA/JPL Small-Body Database (SBDB) API"}, "orbit": {"orbit_id": "6", "two_body": null, "pe_used": "DE441", "data_arc": "6613", "n_del_obs_used": null, "first_obs": "2003-10-24", "rms": ".11883", "n_dop_obs_used": null, "covariance": {"epoch": "2455031.5", "elements": [{"label": "e", "units": null, "value": ".2172481302563444", "sigma": 9.59900955982556e-05, "name": "e", "title": "eccentricity"}, {"title": "perihelion distance", "name": "q", "sigma": 0.00715932433221721, "label": "q", "value": "30.80503023394695", "units": "au"}, {"label": "tp", "units": "TDB", "value": "2442721.255372376534", "name": "tp", "sigma": 7.85527779352804, "title": "time of perihelion passage"}, {"title": "longitude of the ascending node", "name": "om", "sigma": 0.000552905320862511, "units": "deg", "label": "node", "value": "235.6677397051183"}, {"name": "w", "sigma": 0.0591642570355955, "title": "argument of perihelion", "label": "peri", "units": "deg", "value": "121.6965412288289"}, {"value": "10.97825983248286", "label": "i", "units": "deg", "title": "inclination", "sigma": 0.000367412471264359, "name": "i"}], "labels": ["e", "q", "tp", "node", "peri", "i"], "data": [["9.214098452962256E-9", "5.462323519265005E-7", ".0006689239917217561", "4.721759767875595E-10", "4.868560665961332E-6", "2.323241776433752E-9"], ["5.462323519265005E-7", "5.125592489387736E-5", ".05538181553238358", "3.124700240381033E-8", ".0004208715346841241", "1.808988750675666E-7"], [".0006689239917217561", ".05538181553238358", "61.70538921349479", "3.694381335037346E-5", ".4638366377608438", ".0002044005737466495"], ["4.721759767875595E-10", "3.124700240381033E-8", "3.694381335037346E-5", "3.057042938380762E-7", "-2.801960138951197E-8", "1.503949732938348E-7"], ["4.868560665961332E-6", ".0004208715346841241", ".4638366377608438", "-2.801960138951197E-8", ".00350040931057401", "1.38139730515364E-6"], ["2.323241776433752E-9", "1.808988750675666E-7", ".0002044005737466495", "1.503949732938348E-7", "1.38139730515364E-6", "1.349919240405837E-7"]]}, "sb_used": "SB441-N16", "source": "JPL", "moid": "29.9209", "n_obs_used": 21, "not_valid_before": null, "elements": [{"sigma": ".0001008", "name": "e", "title": "eccentricity", "value": ".2183345712127998", "label": "e", "units": null}, {"title": "semi-major axis", "sigma": ".01347", "name": "a", "label": "a", "units": "au", "value": "39.54582669591561"}, {"units": "au", "label": "q", "value": "30.91160558100719", "name": "q", "sigma": ".0070383", "title": "perihelion distance"}, {"value": "10.9489411279805", "label": "i", "units": "deg", "name": "i", "sigma": ".00036646", "title": "inclination; angle with respect to x-y ecliptic plane"}, {"value": "235.563308814304", "label": "node", "units": "deg", "title": "longitude of the ascending node", "sigma": ".00055476", "name": "om"}, {"name": "w", "sigma": ".058551", "title": "argument of perihelion", "label": "peri", "value": "123.1294925546705", "units": "deg"}, {"name": "ma", "sigma": ".066097", "title": "mean anomaly", "label": "M", "units": "deg", "value": "68.4066044837078"}, {"title": "time of perihelion passage", "name": "tp", "sigma": "7.8666", "units": "TDB", "label": "tp", "value": "2442940.334801624504"}, {"name": "per", "sigma": "46.41", "title": "sidereal orbital period", "units": "d", "label": "period", "value": "90834.20407009192"}, {"sigma": "2.0249E-6", "name": "n", "title": "mean motion", "label": "n", "value": ".003963264760069975", "units": "deg/d"}, {"label": "Q", "value": "48.18004781082404", "units": "au", "sigma": ".016411", "name": "ad", "title": "aphelion distance"}], "comment": null, "epoch": "2460200.5", "soln_date": "2021-12-14 21:07:08", "moid_jup": "26.049", "not_valid_after": null, "condition_code": "4", "equinox": "J2000", "model_pars": [], "t_jup": "5.414", "producer": "Otto Matic", "last_obs": "2021-12-01"}, "object": {"neo": false, "spkid": "3170277", "fullname": "(2003 UV292)", "des": "2003 UV292", "prefix": null, "orbit_class": {"name": "TransNeptunian Object", "code": "TNO"}, "pha": false, "orbit_id": "6", "kind": "au"}}