{"object": {"prefix": null, "des": "2013 GX137", "fullname": "(2013 GX137)", "orbit_id": "5", "kind": "au", "pha": false, "orbit_class": {"code": "TNO", "name": "TransNeptunian Object"}, "spkid": "3727244", "neo": false}, "orbit": {"two_body": null, "pe_used": "DE441", "orbit_id": "5", "rms": ".27851", "n_dop_obs_used": null, "data_arc": "1567", "first_obs": "2013-02-08", "n_del_obs_used": null, "covariance": {"elements": [{"sigma": 0.000687634205412859, "name": "e", "title": "eccentricity", "label": "e", "value": ".05609795168139194", "units": null}, {"units": "au", "label": "q", "value": "40.84674299617527", "title": "perihelion distance", "name": "q", "sigma": 0.0293351297072265}, {"sigma": 46.2578271045872, "name": "tp", "title": "time of perihelion passage", "units": "TDB", "label": "tp", "value": "2477139.380850259313"}, {"sigma": 0.00350870242600575, "name": "om", "title": "longitude of the ascending node", "label": "node", "value": "51.10319193315887", "units": "deg"}, {"title": "argument of perihelion", "name": "w", "sigma": 0.238396972079055, "label": "peri", "value": "240.5708977734352", "units": "deg"}, {"label": "i", "units": "deg", "value": "4.131527131843956", "sigma": 0.00084262641139215, "name": "i", "title": "inclination"}], "epoch": "2456627.5", "data": [["4.728408004537737E-7", "-1.991245288983584E-5", ".02785007656547793", "-1.983314262488572E-8", ".0001511682673253593", "5.305513865206284E-9"], ["-1.991245288983584E-5", ".0008605498349398016", "-1.277032018956926", "5.722777524196285E-7", "-.006796335928859375", "-1.425230712913501E-7"], [".02785007656547793", "-1.277032018956926", "2139.786568437878", "3.91504209229507E-5", "10.96293733740563", "-5.901529548418439E-5"], ["-1.983314262488572E-8", "5.722777524196285E-7", "3.91504209229507E-5", "1.231099271425864E-5", "-1.360846006641984E-5", "-2.945821496355276E-6"], [".0001511682673253593", "-.006796335928859375", "10.96293733740563", "-1.360846006641984E-5", ".05683311629646162", "3.092371406367022E-6"], ["5.305513865206284E-9", "-1.425230712913501E-7", "-5.901529548418439E-5", "-2.945821496355276E-6", "3.092371406367022E-6", "7.100192691756124E-7"]], "labels": ["e", "q", "tp", "node", "peri", "i"]}, "moid": "39.5803", "source": "JPL", "sb_used": "SB441-N16", "n_obs_used": 44, "comment": null, "epoch": "2460200.5", "elements": [{"title": "eccentricity", "name": "e", "sigma": ".00070328", "value": ".05735579352925255", "label": "e", "units": null}, {"title": "semi-major axis", "name": "a", "sigma": ".005016", "value": "43.06448162320135", "label": "a", "units": "au"}, {"name": "q", "sigma": ".029722", "title": "perihelion distance", "label": "q", "value": "40.59448410677673", "units": "au"}, {"name": "i", "sigma": ".00084487", "title": "inclination; angle with respect to x-y ecliptic plane", "units": "deg", "label": "i", "value": "4.140989236211914"}, {"sigma": ".0035", "name": "om", "title": "longitude of the ascending node", "label": "node", "value": "51.10658024817774", "units": "deg"}, {"title": "argument of perihelion", "name": "w", "sigma": ".17292", "units": "deg", "label": "peri", "value": "246.0005278360758"}, {"value": "296.3301078279649", "label": "M", "units": "deg", "title": "mean anomaly", "sigma": ".10773", "name": "ma"}, {"title": "time of perihelion passage", "name": "tp", "sigma": "28.966", "label": "tp", "units": "TDB", "value": "2478456.636584767450"}, {"label": "period", "units": "d", "value": "103223.186757695", "title": "sidereal orbital period", "sigma": "18.034", "name": "per"}, {"sigma": "6.0933E-7", "name": "n", "title": "mean motion", "units": "deg/d", "label": "n", "value": ".003487588509014549"}, {"title": "aphelion distance", "sigma": ".0053036", "name": "ad", "label": "Q", "units": "au", "value": "45.53447913962598"}], "not_valid_before": null, "soln_date": "2021-04-15 08:00:01", "moid_jup": "35.4457", "model_pars": [], "not_valid_after": null, "equinox": "J2000", "condition_code": "4", "t_jup": "5.850", "producer": "Otto Matic", "last_obs": "2017-05-25"}, "signature": {"version": "1.3", "source": "NASA/JPL Small-Body Database (SBDB) API"}}