{"orbit": {"not_valid_after": null, "condition_code": "2", "equinox": "J2000", "model_pars": [], "moid_jup": "31.2726", "soln_date": "2023-07-28 05:32:19", "producer": "Otto Matic", "last_obs": "2023-04-25", "t_jup": "5.880", "first_obs": "2011-03-12", "n_del_obs_used": null, "data_arc": "4427", "rms": ".57777", "n_dop_obs_used": null, "orbit_id": "13", "pe_used": "DE441", "two_body": null, "not_valid_before": null, "comment": null, "epoch": "2460200.5", "elements": [{"label": "e", "units": null, "value": ".2129576801913364", "title": "eccentricity", "name": "e", "sigma": "1.5113E-5"}, {"label": "a", "value": "46.58482006341116", "units": "au", "title": "semi-major axis", "name": "a", "sigma": ".0013373"}, {"value": "36.66422485057629", "label": "q", "units": "au", "sigma": ".00047604", "name": "q", "title": "perihelion distance"}, {"title": "inclination; angle with respect to x-y ecliptic plane", "name": "i", "sigma": "5.7398E-5", "label": "i", "units": "deg", "value": "9.39581154794673"}, {"sigma": "7.9535E-5", "name": "om", "title": "longitude of the ascending node", "units": "deg", "label": "node", "value": "18.88537749716759"}, {"name": "w", "sigma": ".004584", "title": "argument of perihelion", "units": "deg", "label": "peri", "value": "209.6036165284413"}, {"label": "M", "units": "deg", "value": "341.2082759193192", "name": "ma", "sigma": ".0034207", "title": "mean anomaly"}, {"sigma": ".87761", "name": "tp", "title": "time of perihelion passage", "label": "tp", "units": "TDB", "value": "2466262.685014721626"}, {"label": "period", "units": "d", "value": "116135.5177380151", "title": "sidereal orbital period", "sigma": "5.001", "name": "per"}, {"label": "n", "value": ".003099826883383839", "units": "deg/d", "sigma": "1.3348E-7", "name": "n", "title": "mean motion"}, {"units": "au", "label": "Q", "value": "56.50541527624603", "title": "aphelion distance", "name": "ad", "sigma": ".0016221"}], "n_obs_used": 190, "source": "JPL", "sb_used": "SB441-N16", "moid": "35.657", "covariance": {"data": [["2.400463528160219E-10", "4.274235704822478E-9", "-7.300225749737771E-6", "2.536759105100091E-12", "-3.66266816765815E-8", "1.7288592918399E-11"], ["4.274235704822478E-9", "2.118243222993066E-7", "-.0003812633817453988", "-8.126992994703798E-11", "-1.986680502331749E-6", "5.889161486036131E-10"], ["-7.300225749737771E-6", "-.0003812633817453988", ".6902018389364291", "1.591764331210631E-7", ".003597947393822488", "-1.040575613283047E-6"], ["2.536759105100091E-12", "-8.126992994703798E-11", "1.591764331210631E-7", "6.385751572717919E-9", "-5.43459377592652E-9", "-4.259264098733225E-9"], ["-3.66266816765815E-8", "-1.986680502331749E-6", ".003597947393822488", "-5.43459377592652E-9", "1.877649887034172E-5", "-1.174008917182044E-9"], ["1.7288592918399E-11", "5.889161486036131E-10", "-1.040575613283047E-6", "-4.259264098733225E-9", "-1.174008917182044E-9", "3.261328190252207E-9"]], "labels": ["e", "q", "tp", "node", "peri", "i"], "elements": [{"label": "e", "value": ".2234718290224839", "units": null, "name": "e", "sigma": 1.54934293433062e-05, "title": "eccentricity"}, {"label": "q", "units": "au", "value": "36.74852154498186", "sigma": 0.000460243763998282, "name": "q", "title": "perihelion distance"}, {"value": "2465890.288950368420", "label": "tp", "units": "TDB", "name": "tp", "sigma": 0.830783870171075, "title": "time of perihelion passage"}, {"name": "om", "sigma": 7.99108977093733e-05, "title": "longitude of the ascending node", "label": "node", "units": "deg", "value": "18.91433574853172"}, {"name": "w", "sigma": 0.00433318576457803, "title": "argument of perihelion", "units": "deg", "label": "peri", "value": "207.8650121149057"}, {"label": "i", "units": "deg", "value": "9.349046619196606", "sigma": 5.71080396288667e-05, "name": "i", "title": "inclination"}], "epoch": "2457488.5"}}, "object": {"neo": false, "spkid": "20523689", "orbit_class": {"code": "TNO", "name": "TransNeptunian Object"}, "pha": false, "orbit_id": "13", "kind": "an", "fullname": "523689 (2014 DL143)", "des": "523689", "prefix": null}, "signature": {"version": "1.3", "source": "NASA/JPL Small-Body Database (SBDB) API"}}