{"signature": {"version": "1.3", "source": "NASA/JPL Small-Body Database (SBDB) API"}, "object": {"fullname": "592245 (2014 QR441)", "des": "592245", "prefix": null, "pha": false, "orbit_id": "12", "kind": "an", "orbit_class": {"name": "TransNeptunian Object", "code": "TNO"}, "spkid": "20592245", "neo": false}, "orbit": {"condition_code": "4", "not_valid_after": null, "equinox": "J2000", "model_pars": [], "moid_jup": "38.9178", "soln_date": "2021-10-08 07:12:16", "last_obs": "2018-11-30", "producer": "Otto Matic", "t_jup": "5.059", "n_del_obs_used": null, "first_obs": "2013-09-13", "data_arc": "1904", "n_dop_obs_used": null, "rms": ".1754", "orbit_id": "12", "pe_used": "DE441", "two_body": null, "not_valid_before": null, "comment": null, "elements": [{"label": "e", "units": null, "value": ".381335780206549", "title": "eccentricity", "name": "e", "sigma": ".00013178"}, {"value": "68.90398412767914", "label": "a", "units": "au", "title": "semi-major axis", "name": "a", "sigma": ".015194"}, {"units": "au", "label": "q", "value": "42.62842958101094", "sigma": ".0030525", "name": "q", "title": "perihelion distance"}, {"label": "i", "value": "42.2068082171987", "units": "deg", "sigma": "2.3175E-5", "name": "i", "title": "inclination; angle with respect to x-y ecliptic plane"}, {"label": "node", "units": "deg", "value": "78.0268152011882", "name": "om", "sigma": ".00077989", "title": "longitude of the ascending node"}, {"title": "argument of perihelion", "name": "w", "sigma": ".054793", "units": "deg", "label": "peri", "value": "282.7510164417673"}, {"name": "ma", "sigma": ".022314", "title": "mean anomaly", "label": "M", "units": "deg", "value": "359.7237006315144"}, {"units": "TDB", "label": "tp", "value": "2460360.840162586533", "name": "tp", "sigma": "12.954", "title": "time of perihelion passage"}, {"title": "sidereal orbital period", "sigma": "69.099", "name": "per", "label": "period", "units": "d", "value": "208912.7414497188"}, {"label": "n", "value": ".001723207486062524", "units": "deg/d", "title": "mean motion", "name": "n", "sigma": "5.6996E-7"}, {"title": "aphelion distance", "name": "ad", "sigma": ".020987", "units": "au", "label": "Q", "value": "95.17953867434734"}], "epoch": "2460200.5", "source": "JPL", "n_obs_used": 90, "sb_used": "SB441-N16", "moid": "41.8758", "covariance": {"epoch": "2457245.5", "elements": [{"name": "e", "sigma": 0.000131154377156859, "title": "eccentricity", "label": "e", "units": null, "value": ".3683881135860037"}, {"sigma": 0.00306410994542947, "name": "q", "title": "perihelion distance", "label": "q", "value": "42.61400359692651", "units": "au"}, {"units": "TDB", "label": "tp", "value": "2460375.981044059948", "name": "tp", "sigma": 13.40185079113, "title": "time of perihelion passage"}, {"label": "node", "units": "deg", "value": "77.94534130092772", "name": "om", "sigma": 0.00078138687811132, "title": "longitude of the ascending node"}, {"name": "w", "sigma": 0.0564223832834138, "title": "argument of perihelion", "label": "peri", "units": "deg", "value": "282.8418629284666"}, {"sigma": 2.27952966270026e-05, "name": "i", "title": "inclination", "units": "deg", "label": "i", "value": "42.23024727507391"}], "labels": ["e", "q", "tp", "node", "peri", "i"], "data": [["1.720147064740367E-8", "-2.659991498564078E-8", ".0007285202866187001", "2.162791591444149E-9", "3.063389683610143E-6", "9.445672782597469E-10"], ["-2.659991498564078E-8", "9.388769757679798E-6", "-.03828853539411797", "5.338285199161745E-7", "-.0001612537665280183", "2.076858538409862E-8"], [".0007285202866187001", "-.03828853539411797", "179.6096046277109", "-.002037635920195321", ".7561243562938031", "-4.689354928694306E-5"], ["2.162791591444149E-9", "5.338285199161745E-7", "-.002037635920195321", "6.105654532845553E-7", "-9.012466001624281E-6", "1.805898447257541E-9"], ["3.063389683610143E-6", "-.0001612537665280183", ".7561243562938031", "-9.012466001624281E-6", ".00318348533538045", "-1.982683265443139E-7"], ["9.445672782597469E-10", "2.076858538409862E-8", "-4.689354928694306E-5", "1.805898447257541E-9", "-1.982683265443139E-7", "5.196255483130368E-10"]]}}}