{"object": {"pha": false, "fullname": "(2014 SN403)", "neo": false, "orbit_id": "1", "orbit_class": {"code": "TNO", "name": "TransNeptunian Object"}, "prefix": null, "kind": "au", "des": "2014 SN403", "spkid": "54198373"}, "signature": {"version": "1.3", "source": "NASA/JPL Small-Body Database (SBDB) API"}, "orbit": {"elements": [{"label": "e", "units": null, "sigma": ".001579", "title": "eccentricity", "name": "e", "value": ".7059162963858397"}, {"value": "133.3446858489419", "sigma": ".5876", "units": "au", "label": "a", "name": "a", "title": "semi-major axis"}, {"value": "39.21449907172354", "name": "q", "title": "perihelion distance", "units": "au", "sigma": ".038927", "label": "q"}, {"value": "31.19768383684526", "label": "i", "units": "deg", "sigma": "6.2768E-5", "title": "inclination; angle with respect to x-y ecliptic plane", "name": "i"}, {"value": "140.2728354638089", "name": "om", "title": "longitude of the ascending node", "sigma": ".002491", "units": "deg", "label": "node"}, {"sigma": ".087201", "units": "deg", "label": "peri", "name": "w", "title": "argument of perihelion", "value": "209.517313818694"}, {"value": "10.01241975533016", "name": "ma", "title": "mean anomaly", "units": "deg", "sigma": ".064492", "label": "M"}, {"units": "TDB", "sigma": "3.4542", "label": "tp", "name": "tp", "title": "time of perihelion passage", "value": "2444558.274466254870"}, {"title": "sidereal orbital period", "name": "per", "label": "period", "sigma": "3717.6", "units": "d", "value": "562421.6053417505"}, {"name": "n", "title": "mean motion", "units": "deg/d", "sigma": "4.231E-6", "label": "n", "value": ".0006400892081328369"}, {"value": "227.4748726261602", "label": "Q", "sigma": "1.0024", "units": "au", "title": "aphelion distance", "name": "ad"}], "producer": "Otto Matic", "soln_date": "2021-09-17 12:42:08", "n_del_obs_used": null, "not_valid_after": null, "epoch": "2460200.5", "n_dop_obs_used": null, "orbit_id": "1", "n_obs_used": 18, "two_body": null, "covariance": {"epoch": "2457481.5", "data": [["2.502652919109869E-6", "-6.050458768407862E-5", "-.003729681577589135", "2.077392453761902E-6", "-.0001329833986367336", "3.262260178277492E-8"], ["-6.050458768407862E-5", ".001536656486754248", ".1074817262981721", "-5.280096556707874E-5", ".003400887355045548", "-5.966193460278122E-7"], ["-.003729681577589135", ".1074817262981721", "9.764636746729568", "-.003690756890005783", ".2422305277003138", "-5.369072750976064E-6"], ["2.077392453761902E-6", "-5.280096556707874E-5", "-.003690756890005783", "6.269824113679991E-6", "-.0001206502549183299", "1.196698095126494E-7"], ["-.0001329833986367336", ".003400887355045548", ".2422305277003138", "-.0001206502549183299", ".007538764392396909", "-1.341186752233194E-6"], ["3.262260178277492E-8", "-5.966193460278122E-7", "-5.369072750976064E-6", "1.196698095126494E-7", "-1.341186752233194E-6", "4.206815570396341E-9"]], "labels": ["e", "q", "tp", "node", "peri", "i"], "elements": [{"value": ".6947354343116786", "label": "e", "units": null, "sigma": 0.00158197753432527, "title": "eccentricity", "name": "e"}, {"name": "q", "title": "perihelion distance", "sigma": 0.0392002102896687, "units": "au", "label": "q", "value": "39.10172353816671"}, {"title": "time of perihelion passage", "name": "tp", "label": "tp", "sigma": 3.12484187547619, "units": "TDB", "value": "2444394.556627380280"}, {"value": "140.4536778222953", "label": "node", "sigma": 0.00250396168374837, "units": "deg", "title": "longitude of the ascending node", "name": "om"}, {"value": "208.7243229581948", "name": "w", "title": "argument of perihelion", "units": "deg", "sigma": 0.086826058256706, "label": "peri"}, {"value": "31.20159086068559", "label": "i", "units": "deg", "sigma": 6.48599689361346e-05, "title": "inclination", "name": "i"}]}, "comment": null, "sb_used": "SB441-N16", "pe_used": "DE441", "model_pars": [], "moid": "38.2407", "equinox": "J2000", "data_arc": "1236", "first_obs": "2014-09-16", "condition_code": "4", "not_valid_before": null, "rms": ".21931", "t_jup": "6.173", "last_obs": "2018-02-03", "source": "JPL", "moid_jup": "34.379"}}