{"signature": {"version": "1.3", "source": "NASA/JPL Small-Body Database (SBDB) API"}, "orbit": {"two_body": null, "n_obs_used": 104, "orbit_id": "6", "n_dop_obs_used": null, "epoch": "2460200.5", "not_valid_after": null, "n_del_obs_used": null, "producer": "Otto Matic", "soln_date": "2022-04-28 21:33:46", "elements": [{"value": ".2533314570854808", "units": null, "sigma": "3.3347E-5", "label": "e", "name": "e", "title": "eccentricity"}, {"label": "a", "sigma": ".0019376", "units": "au", "title": "semi-major axis", "name": "a", "value": "47.37331006385108"}, {"value": "35.37216039841341", "name": "q", "title": "perihelion distance", "units": "au", "sigma": ".0011179", "label": "q"}, {"value": "16.99711408395283", "units": "deg", "sigma": "3.6371E-5", "label": "i", "name": "i", "title": "inclination; angle with respect to x-y ecliptic plane"}, {"value": "134.062562819108", "sigma": ".0004642", "units": "deg", "label": "node", "name": "om", "title": "longitude of the ascending node"}, {"label": "peri", "sigma": ".0083166", "units": "deg", "title": "argument of perihelion", "name": "w", "value": "25.74517798667943"}, {"value": "39.59716634570103", "sigma": ".0054223", "units": "deg", "label": "M", "name": "ma", "title": "mean anomaly"}, {"value": "2447100.821704363561", "name": "tp", "title": "time of perihelion passage", "units": "TDB", "sigma": "1.3254", "label": "tp"}, {"value": "119096.5066857899", "name": "per", "title": "sidereal orbital period", "units": "d", "sigma": "7.3068", "label": "period"}, {"name": "n", "title": "mean motion", "units": "deg/d", "sigma": "1.8545E-7", "label": "n", "value": ".003022758685523676"}, {"units": "au", "sigma": ".0024285", "label": "Q", "name": "ad", "title": "aphelion distance", "value": "59.37445972928874"}], "equinox": "J2000", "moid": "34.3883", "model_pars": [], "pe_used": "DE441", "sb_used": "SB441-N16", "covariance": {"labels": ["e", "q", "tp", "node", "peri", "i"], "elements": [{"name": "e", "title": "eccentricity", "sigma": 3.32255090108681e-05, "units": null, "label": "e", "value": ".2612224108860857"}, {"name": "q", "title": "perihelion distance", "units": "au", "sigma": 0.00109514117552251, "label": "q", "value": "35.43369508909502"}, {"value": "2447350.959195532558", "label": "tp", "sigma": 1.30432394515093, "units": "TDB", "title": "time of perihelion passage", "name": "tp"}, {"value": "133.8949942323951", "sigma": 0.000462888558531626, "units": "deg", "label": "node", "name": "om", "title": "longitude of the ascending node"}, {"value": "27.02437426623517", "label": "peri", "units": "deg", "sigma": 0.00815272355710408, "title": "argument of perihelion", "name": "w"}, {"value": "16.98490071598188", "title": "inclination", "name": "i", "label": "i", "units": "deg", "sigma": 3.59765125428037e-05}], "data": [["1.103934449031277E-9", "-1.639594547741244E-8", "-1.516036735528367E-5", "8.679905332859586E-10", "-1.118174463180649E-7", "1.044813716832657E-10"], ["-1.639594547741244E-8", "1.19933419432482E-6", ".001416574509440679", "-6.055782151687981E-8", "8.897028114228174E-6", "-2.948581103504603E-9"], ["-1.516036735528367E-5", ".001416574509440679", "1.701260953894086", "-7.111129143368706E-5", ".01059162688744378", "-3.196715334258415E-6"], ["8.679905332859586E-10", "-6.055782151687981E-8", "-7.111129143368706E-5", "2.142658176194865E-7", "-6.497648112064586E-7", "1.636333285771567E-8"], ["-1.118174463180649E-7", "8.897028114228174E-6", ".01059162688744378", "-6.497648112064586E-7", "6.646690139855973E-5", "-3.675668789737663E-8"], ["1.044813716832657E-10", "-2.948581103504603E-9", "-3.196715334258415E-6", "1.636333285771567E-8", "-3.675668789737663E-8", "1.294309454742514E-9"]], "epoch": "2457010.5"}, "comment": null, "t_jup": "5.693", "rms": ".61344", "not_valid_before": null, "condition_code": "2", "first_obs": "2011-04-21", "data_arc": "4005", "moid_jup": "29.995", "source": "JPL", "last_obs": "2022-04-08"}, "object": {"spkid": "3755687", "kind": "au", "des": "2014 GE54", "orbit_id": "6", "orbit_class": {"code": "TNO", "name": "TransNeptunian Object"}, "prefix": null, "neo": false, "fullname": "(2014 GE54)", "pha": false}}