{"object": {"prefix": null, "orbit_class": {"code": "TNO", "name": "TransNeptunian Object"}, "orbit_id": "5", "fullname": "(2014 TE86)", "neo": false, "pha": false, "spkid": "3759727", "kind": "au", "des": "2014 TE86"}, "orbit": {"soln_date": "2021-09-08 23:45:02", "producer": "Otto Matic", "elements": [{"value": ".1582888847452034", "units": null, "sigma": ".00038676", "label": "e", "name": "e", "title": "eccentricity"}, {"value": "44.73262962753807", "label": "a", "sigma": ".010062", "units": "au", "title": "semi-major axis", "name": "a"}, {"sigma": ".013187", "units": "au", "label": "q", "name": "q", "title": "perihelion distance", "value": "37.65195157207483"}, {"value": "28.6929719108956", "label": "i", "units": "deg", "sigma": ".00047261", "title": "inclination; angle with respect to x-y ecliptic plane", "name": "i"}, {"label": "node", "sigma": ".0013212", "units": "deg", "title": "longitude of the ascending node", "name": "om", "value": "161.6300525451"}, {"title": "argument of perihelion", "name": "w", "label": "peri", "sigma": ".091678", "units": "deg", "value": "173.5269199886355"}, {"value": "53.88206995987402", "units": "deg", "sigma": ".054364", "label": "M", "name": "ma", "title": "mean anomaly"}, {"value": "2443844.509816824720", "label": "tp", "sigma": "15.301", "units": "TDB", "title": "time of perihelion passage", "name": "tp"}, {"units": "d", "sigma": "36.871", "label": "period", "name": "per", "title": "sidereal orbital period", "value": "109278.5869274883"}, {"value": ".003294332495705472", "title": "mean motion", "name": "n", "label": "n", "units": "deg/d", "sigma": "1.1115E-6"}, {"value": "51.81330768300133", "label": "Q", "units": "au", "sigma": ".011655", "title": "aphelion distance", "name": "ad"}], "not_valid_after": null, "n_del_obs_used": null, "n_dop_obs_used": null, "orbit_id": "5", "epoch": "2460200.5", "two_body": null, "n_obs_used": 34, "sb_used": "SB441-N16", "covariance": {"data": [["1.561788807406134E-7", "-4.760386115527307E-6", "-.003675237408061782", "1.461967496580614E-7", "-2.670432358887649E-5", "5.344965895252958E-8"], ["-4.760386115527307E-6", ".0001844722057257212", ".1794589565251216", "-5.189479229538904E-6", ".001172477372597639", "-1.720334696381981E-6"], ["-.003675237408061782", ".1794589565251216", "202.539615980473", "-.00469290858759506", "1.244651685641636", "-.001415945352652045"], ["1.461967496580614E-7", "-5.189479229538904E-6", "-.00469290858759506", "1.751939839716116E-6", "-3.306518953323399E-5", "6.290067405572787E-7"], ["-2.670432358887649E-5", ".001172477372597639", "1.244651685641636", "-3.306518953323399E-5", ".007840505234404929", "-1.048328519523262E-5"], ["5.344965895252958E-8", "-1.720334696381981E-6", "-.001415945352652045", "6.290067405572787E-7", "-1.048328519523262E-5", "2.275746092250232E-7"]], "epoch": "2457511.5", "elements": [{"value": ".1520694124603309", "title": "eccentricity", "name": "e", "label": "e", "sigma": 0.000395194737744082, "units": null}, {"value": "37.4680819931647", "label": "q", "units": "au", "sigma": 0.0135820545472959, "title": "perihelion distance", "name": "q"}, {"value": "2443112.721855786653", "name": "tp", "title": "time of perihelion passage", "sigma": 14.2316413663524, "units": "TDB", "label": "tp"}, {"name": "om", "title": "longitude of the ascending node", "sigma": 0.00132360864295913, "units": "deg", "label": "node", "value": "161.8519282979004"}, {"name": "w", "title": "argument of perihelion", "units": "deg", "sigma": 0.0885466274592371, "label": "peri", "value": "170.0942438567249"}, {"name": "i", "title": "inclination", "sigma": 0.000477047806016361, "units": "deg", "label": "i", "value": "28.7641235303834"}], "labels": ["e", "q", "tp", "node", "peri", "i"]}, "comment": null, "pe_used": "DE441", "moid": "36.6434", "equinox": "J2000", "model_pars": [], "condition_code": "4", "first_obs": "2014-10-02", "data_arc": "1505", "not_valid_before": null, "rms": ".14412", "t_jup": "5.195", "last_obs": "2018-11-15", "source": "JPL", "moid_jup": "32.6627"}, "signature": {"version": "1.3", "source": "NASA/JPL Small-Body Database (SBDB) API"}}