{"orbit": {"two_body": null, "pe_used": "DE441", "orbit_id": "10", "rms": ".55312", "n_dop_obs_used": null, "data_arc": "4695", "n_del_obs_used": null, "first_obs": "2010-06-05", "covariance": {"elements": [{"sigma": 1.98866891940661e-05, "name": "e", "title": "eccentricity", "label": "e", "value": ".1505374805360773", "units": null}, {"units": "au", "label": "q", "value": "36.51335167792932", "sigma": 0.000226605647437048, "name": "q", "title": "perihelion distance"}, {"value": "2453989.655700984279", "label": "tp", "units": "TDB", "name": "tp", "sigma": 0.683584160854932, "title": "time of perihelion passage"}, {"value": "333.7379123444066", "label": "node", "units": "deg", "name": "om", "sigma": 3.94867248037486e-05, "title": "longitude of the ascending node"}, {"title": "argument of perihelion", "sigma": 0.00330666453380276, "name": "w", "value": "155.4038836298824", "label": "peri", "units": "deg"}, {"title": "inclination", "name": "i", "sigma": 4.92408025856215e-05, "value": "11.96330499962771", "label": "i", "units": "deg"}], "epoch": "2457491.5", "data": [["3.954804071013861E-10", "3.952068451269979E-9", "3.479181419866777E-6", "1.569094668139153E-11", "1.649295880242709E-8", "2.2981123373606E-11"], ["3.952068451269979E-9", "5.135011945036378E-8", ".000105318850356708", "1.731375780518009E-10", "5.068447618934705E-7", "2.564139794211687E-10"], ["3.479181419866777E-6", ".000105318850356708", ".4672873049717414", "2.277942043112242E-7", ".002260173861867508", "3.520797449171591E-7"], ["1.569094668139153E-11", "1.731375780518009E-10", "2.277942043112242E-7", "1.559201435726976E-9", "-4.34346546536546E-10", "-1.602746950049767E-9"], ["1.649295880242709E-8", "5.068447618934705E-7", ".002260173861867508", "-4.34346546536546E-10", "1.093403033910901E-5", "3.255073129672821E-9"], ["2.2981123373606E-11", "2.564139794211687E-10", "3.520797449171591E-7", "-1.602746950049767E-9", "3.255073129672821E-9", "2.424656639276144E-9"]], "labels": ["e", "q", "tp", "node", "peri", "i"]}, "sb_used": "SB441-N16", "source": "JPL", "moid": "35.4488", "n_obs_used": 184, "comment": null, "epoch": "2460200.5", "elements": [{"label": "e", "value": ".1438800703945536", "units": null, "title": "eccentricity", "sigma": "1.9696E-5", "name": "e"}, {"title": "semi-major axis", "name": "a", "sigma": ".0012215", "units": "au", "label": "a", "value": "42.55290444366821"}, {"units": "au", "label": "q", "value": "36.43038955682052", "name": "q", "sigma": ".00023561", "title": "perihelion distance"}, {"value": "12.00853679636556", "label": "i", "units": "deg", "sigma": "4.94E-5", "name": "i", "title": "inclination; angle with respect to x-y ecliptic plane"}, {"label": "node", "units": "deg", "value": "333.7136638689788", "title": "longitude of the ascending node", "name": "om", "sigma": "3.9345E-5"}, {"name": "w", "sigma": ".0035365", "title": "argument of perihelion", "value": "152.8918865476351", "label": "peri", "units": "deg"}, {"sigma": ".003176", "name": "ma", "title": "mean anomaly", "units": "deg", "label": "M", "value": "23.94819019340362"}, {"name": "tp", "sigma": ".72926", "title": "time of perihelion passage", "label": "tp", "units": "TDB", "value": "2453455.803111677669"}, {"title": "sidereal orbital period", "sigma": "4.3655", "name": "per", "units": "d", "label": "period", "value": "101389.3267168406"}, {"units": "deg/d", "label": "n", "value": ".003550669598639364", "sigma": "1.5288E-7", "name": "n", "title": "mean motion"}, {"value": "48.6754193305159", "label": "Q", "units": "au", "sigma": ".0013972", "name": "ad", "title": "aphelion distance"}], "not_valid_before": null, "soln_date": "2023-07-28 05:32:17", "moid_jup": "31.1393", "model_pars": [], "equinox": "J2000", "not_valid_after": null, "condition_code": "2", "t_jup": "5.658", "producer": "Otto Matic", "last_obs": "2023-04-13"}, "object": {"orbit_id": "10", "kind": "an", "pha": false, "orbit_class": {"code": "TNO", "name": "TransNeptunian Object"}, "prefix": null, "des": "523762", "fullname": "523762 (2014 WX509)", "spkid": "20523762", "neo": false}, "signature": {"version": "1.3", "source": "NASA/JPL Small-Body Database (SBDB) API"}}