{"object": {"spkid": "3740661", "des": "2012 HE85", "kind": "au", "pha": false, "orbit_class": {"code": "TNO", "name": "TransNeptunian Object"}, "orbit_id": "8", "prefix": null, "neo": false, "fullname": "(2012 HE85)"}, "orbit": {"sb_used": "SB441-N16", "covariance": {"data": [["3.247226806934157E-8", "-5.628584782339717E-8", "-.007715419097665393", "4.002698321633622E-8", "-3.138921219780212E-5", "2.425333691281538E-9"], ["-5.628584782339717E-8", "5.179627038101014E-5", ".9461477970558592", "2.237893431289791E-6", ".003841775858834736", "1.41242247542681E-7"], ["-.007715419097665393", ".9461477970558592", "18794.01265954101", ".03133832390392002", "76.32363025836577", ".002000497794626353"], ["4.002698321633622E-8", "2.237893431289791E-6", ".03133832390392002", ".0003009642470993792", "-.000173214109055424", "1.632442889850376E-5"], ["-3.138921219780212E-5", ".003841775858834736", "76.32363025836577", "-.000173214109055424", ".3102549960714406", "-8.173493883746613E-6"], ["2.425333691281538E-9", "1.41242247542681E-7", ".002000497794626353", "1.632442889850376E-5", "-8.173493883746613E-6", "8.892621907096505E-7"]], "epoch": "2456509.5", "labels": ["e", "q", "tp", "node", "peri", "i"], "elements": [{"value": ".09445716112459762", "units": null, "sigma": 0.000180200632821701, "label": "e", "name": "e", "title": "eccentricity"}, {"value": "40.1465109040566", "sigma": 0.00719696258021467, "units": "au", "label": "q", "name": "q", "title": "perihelion distance"}, {"sigma": 137.09125668525, "units": "TDB", "label": "tp", "name": "tp", "title": "time of perihelion passage", "value": "2454702.644134779679"}, {"value": "235.2664567516031", "name": "om", "title": "longitude of the ascending node", "units": "deg", "sigma": 0.0173483211608322, "label": "node"}, {"value": "36.86709799062714", "name": "w", "title": "argument of perihelion", "units": "deg", "sigma": 0.557005382443869, "label": "peri"}, {"title": "inclination", "name": "i", "label": "i", "sigma": 0.000943006993987664, "units": "deg", "value": "3.02937709404713"}]}, "comment": null, "pe_used": "DE441", "moid": "39.1797", "equinox": "J2000", "model_pars": [], "soln_date": "2021-04-15 06:21:44", "producer": "Otto Matic", "elements": [{"label": "e", "units": null, "sigma": ".0001726", "title": "eccentricity", "name": "e", "value": ".09804157091676492"}, {"title": "semi-major axis", "name": "a", "label": "a", "units": "au", "sigma": ".011858", "value": "44.5653512875412"}, {"value": "40.19609423885318", "sigma": ".0059678", "units": "au", "label": "q", "name": "q", "title": "perihelion distance"}, {"value": "3.027442623309016", "title": "inclination; angle with respect to x-y ecliptic plane", "name": "i", "label": "i", "sigma": ".000942", "units": "deg"}, {"value": "235.3136589300778", "name": "om", "title": "longitude of the ascending node", "units": "deg", "sigma": ".017327", "label": "node"}, {"label": "peri", "units": "deg", "sigma": ".53898", "title": "argument of perihelion", "name": "w", "value": "39.04865801987446"}, {"label": "M", "sigma": ".44283", "units": "deg", "title": "mean anomaly", "name": "ma", "value": "16.41153551361487"}, {"units": "TDB", "sigma": "132.8", "label": "tp", "name": "tp", "title": "time of perihelion passage", "value": "2455246.669481859171"}, {"value": "108666.1869665531", "label": "period", "sigma": "43.372", "units": "d", "title": "sidereal orbital period", "name": "per"}, {"value": ".00331289806010039", "title": "mean motion", "name": "n", "label": "n", "units": "deg/d", "sigma": "1.3223E-6"}, {"sigma": ".013021", "units": "au", "label": "Q", "name": "ad", "title": "aphelion distance", "value": "48.93460833622921"}], "not_valid_after": null, "n_del_obs_used": null, "n_dop_obs_used": null, "orbit_id": "8", "epoch": "2460200.5", "two_body": null, "n_obs_used": 54, "last_obs": "2017-06-23", "source": "JPL", "moid_jup": "34.9433", "first_obs": "2012-04-18", "condition_code": "5", "data_arc": "1892", "rms": ".097093", "not_valid_before": null, "t_jup": "5.934"}, "signature": {"version": "1.3", "source": "NASA/JPL Small-Body Database (SBDB) API"}}