{"signature": {"version": "1.3", "source": "NASA/JPL Small-Body Database (SBDB) API"}, "orbit": {"not_valid_before": null, "rms": ".17898", "data_arc": "1551", "condition_code": "5", "first_obs": "2014-09-04", "t_jup": "4.797", "source": "JPL", "last_obs": "2018-12-03", "moid_jup": "26.3917", "not_valid_after": null, "n_del_obs_used": null, "elements": [{"value": ".2156767017823396", "label": "e", "units": null, "sigma": ".00071677", "title": "eccentricity", "name": "e"}, {"value": "39.77451544866293", "name": "a", "title": "semi-major axis", "sigma": ".014371", "units": "au", "label": "a"}, {"name": "q", "title": "perihelion distance", "sigma": ".018543", "units": "au", "label": "q", "value": "31.1960791417046"}, {"value": "30.20056099552261", "title": "inclination; angle with respect to x-y ecliptic plane", "name": "i", "label": "i", "units": "deg", "sigma": ".00035776"}, {"value": "138.0160805005217", "name": "om", "title": "longitude of the ascending node", "units": "deg", "sigma": ".0020197", "label": "node"}, {"value": "129.4884025833097", "units": "deg", "sigma": ".11987", "label": "peri", "name": "w", "title": "argument of perihelion"}, {"value": "108.8685657322972", "sigma": ".22851", "units": "deg", "label": "M", "name": "ma", "title": "mean anomaly"}, {"value": "2432492.462043164142", "label": "tp", "units": "TDB", "sigma": "43.684", "title": "time of perihelion passage", "name": "tp"}, {"value": "91623.26698588749", "title": "sidereal orbital period", "name": "per", "label": "period", "sigma": "49.658", "units": "d"}, {"label": "n", "sigma": "2.1295E-6", "units": "deg/d", "title": "mean motion", "name": "n", "value": ".003929132979458699"}, {"title": "aphelion distance", "name": "ad", "label": "Q", "sigma": ".017471", "units": "au", "value": "48.35295175562126"}], "soln_date": "2021-09-17 12:42:07", "producer": "Otto Matic", "two_body": null, "n_obs_used": 22, "epoch": "2460200.5", "n_dop_obs_used": null, "orbit_id": "1", "pe_used": "DE441", "comment": null, "covariance": {"data": [["4.790266834738255E-7", "-1.185521844044265E-5", ".03043269593339085", "5.596314760017227E-7", "8.390504136401165E-5", "1.006676762795778E-7"], ["-1.185521844044265E-5", ".000310720205897848", "-.7402681119534683", "-1.365720922242033E-5", "-.001963232221379147", "-2.383790402208022E-6"], [".03043269593339085", "-.7402681119534683", "1943.62709927337", ".03570107642645835", "5.416944362338284", ".006472585835489395"], ["5.596314760017227E-7", "-1.365720922242033E-5", ".03570107642645835", "4.110467216558324E-6", "9.63134789412395E-5", "7.299596700624288E-7"], ["8.390504136401165E-5", "-.001963232221379147", "5.416944362338284", "9.63134789412395E-5", ".01544710586042532", "1.779856061038869E-5"], ["1.006676762795778E-7", "-2.383790402208022E-6", ".006472585835489395", "7.299596700624288E-7", "1.779856061038869E-5", "1.309302685676563E-7"]], "epoch": "2457528.5", "labels": ["e", "q", "tp", "node", "peri", "i"], "elements": [{"value": ".2205148276966241", "sigma": 0.000692117535880883, "units": null, "label": "e", "name": "e", "title": "eccentricity"}, {"units": "au", "sigma": 0.0176272574695512, "label": "q", "name": "q", "title": "perihelion distance", "value": "30.6814784222934"}, {"label": "tp", "units": "TDB", "sigma": 44.0865863871696, "title": "time of perihelion passage", "name": "tp", "value": "2432244.307834494935"}, {"sigma": 0.00202742872046302, "units": "deg", "label": "node", "name": "om", "title": "longitude of the ascending node", "value": "138.1980198774513"}, {"value": "126.7717721138368", "label": "peri", "sigma": 0.12428638646459, "units": "deg", "title": "argument of perihelion", "name": "w"}, {"title": "inclination", "name": "i", "label": "i", "units": "deg", "sigma": 0.000361842878287878, "value": "30.23366883109741"}]}, "sb_used": "SB441-N16", "model_pars": [], "equinox": "J2000", "moid": "30.2596"}, "object": {"prefix": null, "orbit_id": "1", "orbit_class": {"name": "TransNeptunian Object", "code": "TNO"}, "fullname": "(2014 RU86)", "neo": false, "pha": false, "spkid": "54198368", "kind": "au", "des": "2014 RU86"}}