{"orbit": {"epoch": "2460200.5", "orbit_id": "15", "n_dop_obs_used": null, "two_body": null, "n_obs_used": 357, "elements": [{"value": ".5086386788214781", "title": "eccentricity", "name": "e", "label": "e", "sigma": "1.5797E-5", "units": null}, {"value": "69.67981635436617", "units": "au", "sigma": ".0025099", "label": "a", "name": "a", "title": "semi-major axis"}, {"value": "34.23796662335814", "sigma": ".00018545", "units": "au", "label": "q", "name": "q", "title": "perihelion distance"}, {"value": "10.68702988668528", "units": "deg", "sigma": "2.6613E-5", "label": "i", "name": "i", "title": "inclination; angle with respect to x-y ecliptic plane"}, {"sigma": "3.066E-5", "units": "deg", "label": "node", "name": "om", "title": "longitude of the ascending node", "value": "316.7344500270745"}, {"value": "27.39265147583007", "name": "w", "title": "argument of perihelion", "sigma": ".00090754", "units": "deg", "label": "peri"}, {"title": "mean anomaly", "name": "ma", "label": "M", "units": "deg", "sigma": ".00057754", "value": "352.5261521941135"}, {"value": "2464611.130456071435", "name": "tp", "title": "time of perihelion passage", "sigma": ".13603", "units": "TDB", "label": "tp"}, {"value": "212451.0701081065", "name": "per", "title": "sidereal orbital period", "units": "d", "sigma": "11.479", "label": "period"}, {"title": "mean motion", "name": "n", "label": "n", "sigma": "9.1557E-8", "units": "deg/d", "value": ".001694507821574223"}, {"value": "105.1216660853742", "title": "aphelion distance", "name": "ad", "label": "Q", "units": "au", "sigma": ".0037866"}], "producer": "Otto Matic", "soln_date": "2023-10-11 03:43:29", "not_valid_after": null, "n_del_obs_used": null, "model_pars": [], "equinox": "J2000", "moid": "33.2336", "covariance": {"data": [["2.494977824364786E-10", "1.968498704819892E-9", "-1.152660988726288E-6", "-1.342441592973729E-11", "-6.70395143297415E-9", "2.08882089314046E-11"], ["1.968498704819892E-9", "3.390906920004324E-8", "-2.483786896041798E-5", "-1.320892432941151E-10", "-1.618287418693675E-7", "1.875256794855465E-10"], ["-1.152660988726288E-6", "-2.483786896041798E-5", ".01896206577803012", "8.372551447748192E-8", ".0001250749932909162", "-1.148365774464653E-7"], ["-1.342441592973729E-11", "-1.320892432941151E-10", "8.372551447748192E-8", "9.377993654476335E-10", "-4.086360123206497E-10", "-6.680217419907102E-10"], ["-6.70395143297415E-9", "-1.618287418693675E-7", ".0001250749932909162", "-4.086360123206497E-10", "8.308522817258891E-7", "-3.477349623590737E-11"], ["2.08882089314046E-11", "1.875256794855465E-10", "-1.148365774464653E-7", "-6.680217419907102E-10", "-3.477349623590737E-11", "7.085799624386504E-10"]], "epoch": "2458068.5", "labels": ["e", "q", "tp", "node", "peri", "i"], "elements": [{"units": null, "sigma": 1.57954988030286e-05, "label": "e", "name": "e", "title": "eccentricity", "value": ".5032997973173843"}, {"label": "q", "units": "au", "sigma": 0.000184144153314851, "title": "perihelion distance", "name": "q", "value": "34.30913005611722"}, {"value": "2464536.137323451816", "label": "tp", "sigma": 0.137702816884878, "units": "TDB", "title": "time of perihelion passage", "name": "tp"}, {"name": "om", "title": "longitude of the ascending node", "sigma": 3.06235100118787e-05, "units": "deg", "label": "node", "value": "316.7134683247725"}, {"name": "w", "title": "argument of perihelion", "units": "deg", "sigma": 0.000911510988263932, "label": "peri", "value": "26.85269094426042"}, {"title": "inclination", "name": "i", "label": "i", "units": "deg", "sigma": 2.66191653219753e-05, "value": "10.69556375356233"}]}, "comment": null, "sb_used": "SB441-N16", "pe_used": "DE441", "t_jup": "6.267", "data_arc": "4787", "first_obs": "2010-08-01", "condition_code": "2", "rms": ".43225", "not_valid_before": null, "moid_jup": "29.2828", "last_obs": "2023-09-09", "source": "JPL"}, "signature": {"version": "1.3", "source": "NASA/JPL Small-Body Database (SBDB) API"}, "object": {"kind": "an", "des": "523722", "spkid": "20523722", "fullname": "523722 (2014 LV28)", "neo": false, "prefix": null, "orbit_class": {"code": "TNO", "name": "TransNeptunian Object"}, "orbit_id": "15", "pha": false}}