{"object": {"spkid": "3378784", "neo": false, "prefix": null, "des": "2006 QF181", "fullname": "(2006 QF181)", "orbit_id": "8", "kind": "au", "pha": false, "orbit_class": {"code": "TNO", "name": "TransNeptunian Object"}}, "orbit": {"t_jup": "5.986", "last_obs": "2018-09-14", "producer": "Otto Matic", "soln_date": "2021-09-08 22:38:20", "moid_jup": "36.5205", "equinox": "J2000", "not_valid_after": null, "condition_code": "3", "model_pars": [], "covariance": {"labels": ["e", "q", "tp", "node", "peri", "i"], "data": [["8.952962199947982E-9", "-2.832949812388654E-7", "-.0005282314019880851", "-4.156935320506573E-9", "-1.067896565645186E-6", "-1.224010068732357E-10"], ["-2.832949812388654E-7", "2.250075618162388E-5", "-.02610453728433107", "2.177907614496637E-7", "-.0001488600794814016", "1.007155969854505E-8"], ["-.0005282314019880851", "-.02610453728433107", "167.5326140634579", "-2.329633530821799E-5", ".6438108589250789", "-1.20746598463403E-5"], ["-4.156935320506573E-9", "2.177907614496637E-7", "-2.329633530821799E-5", "7.349354142343509E-5", "-7.406532414487178E-5", "2.354870420225899E-6"], ["-1.067896565645186E-6", "-.0001488600794814016", ".6438108589250789", "-7.406532414487178E-5", ".00267528360365247", "-2.420233708948341E-6"], ["-1.224010068732357E-10", "1.007155969854505E-8", "-1.20746598463403E-5", "2.354870420225899E-6", "-2.420233708948341E-6", "7.592532905002062E-8"]], "elements": [{"units": null, "label": "e", "value": ".07726524179057839", "title": "eccentricity", "sigma": 9.46200940601307e-05, "name": "e"}, {"label": "q", "value": "41.28388038321049", "units": "au", "title": "perihelion distance", "name": "q", "sigma": 0.00474349619812474}, {"sigma": 12.9434390354132, "name": "tp", "title": "time of perihelion passage", "label": "tp", "units": "TDB", "value": "2482197.408898779340"}, {"title": "longitude of the ascending node", "sigma": 0.00857283741963156, "name": "om", "label": "node", "units": "deg", "value": "136.9107547827823"}, {"value": "327.2348828892204", "label": "peri", "units": "deg", "title": "argument of perihelion", "sigma": 0.0517231437912707, "name": "w"}, {"label": "i", "units": "deg", "value": "2.666723523836422", "title": "inclination", "sigma": 0.000275545511758077, "name": "i"}], "epoch": "2456999.5"}, "sb_used": "SB441-N16", "source": "JPL", "n_obs_used": 66, "moid": "40.7116", "not_valid_before": null, "elements": [{"sigma": "9.667E-5", "name": "e", "title": "eccentricity", "value": ".07777251102791036", "label": "e", "units": null}, {"title": "semi-major axis", "name": "a", "sigma": ".0043029", "label": "a", "value": "45.21193050581633", "units": "au"}, {"value": "41.69568514195961", "label": "q", "units": "au", "sigma": ".0045771", "name": "q", "title": "perihelion distance"}, {"label": "i", "units": "deg", "value": "2.662539769306945", "title": "inclination; angle with respect to x-y ecliptic plane", "sigma": ".00027341", "name": "i"}, {"label": "node", "units": "deg", "value": "136.7553566114288", "name": "om", "sigma": ".0085572", "title": "longitude of the ascending node"}, {"title": "argument of perihelion", "name": "w", "sigma": ".050131", "units": "deg", "label": "peri", "value": "319.9686711650646"}, {"value": "294.7300793535177", "label": "M", "units": "deg", "title": "mean anomaly", "name": "ma", "sigma": ".049317"}, {"title": "time of perihelion passage", "sigma": "12.353", "name": "tp", "units": "TDB", "label": "tp", "value": "2480332.577235560246"}, {"units": "d", "label": "period", "value": "111039.6294804182", "name": "per", "sigma": "15.852", "title": "sidereal orbital period"}, {"value": ".003242085746183853", "label": "n", "units": "deg/d", "title": "mean motion", "name": "n", "sigma": "4.6283E-7"}, {"units": "au", "label": "Q", "value": "48.72817586967304", "name": "ad", "sigma": ".0046376", "title": "aphelion distance"}], "comment": null, "epoch": "2460200.5", "orbit_id": "8", "two_body": null, "pe_used": "DE441", "data_arc": "4407", "first_obs": "2006-08-21", "n_del_obs_used": null, "rms": ".18215", "n_dop_obs_used": null}, "signature": {"version": "1.3", "source": "NASA/JPL Small-Body Database (SBDB) API"}}