{"signature": {"version": "1.3", "source": "NASA/JPL Small-Body Database (SBDB) API"}, "orbit": {"t_jup": "5.985", "not_valid_before": null, "rms": ".14448", "condition_code": "4", "first_obs": "2014-05-29", "data_arc": "1184", "moid_jup": "27.4371", "source": "JPL", "last_obs": "2017-08-25", "two_body": null, "n_obs_used": 40, "orbit_id": "2", "n_dop_obs_used": null, "epoch": "2460200.5", "n_del_obs_used": null, "not_valid_after": null, "soln_date": "2021-04-15 13:49:24", "producer": "Otto Matic", "elements": [{"label": "e", "sigma": ".00077124", "units": null, "title": "eccentricity", "name": "e", "value": ".4047632792098725"}, {"value": "55.17024437935003", "name": "a", "title": "semi-major axis", "sigma": ".043135", "units": "au", "label": "a"}, {"value": "32.83935534955427", "name": "q", "title": "perihelion distance", "sigma": ".017466", "units": "au", "label": "q"}, {"value": "8.413204551688601", "units": "deg", "sigma": ".00042996", "label": "i", "name": "i", "title": "inclination; angle with respect to x-y ecliptic plane"}, {"value": "168.7563122526146", "units": "deg", "sigma": ".0063861", "label": "node", "name": "om", "title": "longitude of the ascending node"}, {"value": "347.8592812174196", "sigma": ".026133", "units": "deg", "label": "peri", "name": "w", "title": "argument of perihelion"}, {"units": "deg", "sigma": ".064954", "label": "M", "name": "ma", "title": "mean anomaly", "value": "43.17144719218855"}, {"value": "2442251.101691017993", "label": "tp", "units": "TDB", "sigma": "5.9699", "title": "time of perihelion passage", "name": "tp"}, {"value": "149677.2476138516", "label": "period", "sigma": "175.54", "units": "d", "title": "sidereal orbital period", "name": "per"}, {"name": "n", "title": "mean motion", "units": "deg/d", "sigma": "2.8207E-6", "label": "n", "value": ".002405175173509033"}, {"title": "aphelion distance", "name": "ad", "label": "Q", "units": "au", "sigma": ".060594", "value": "77.50113340914579"}], "equinox": "J2000", "moid": "31.8483", "model_pars": [], "pe_used": "DE441", "sb_used": "SB441-N16", "comment": null, "covariance": {"labels": ["e", "q", "tp", "node", "peri", "i"], "elements": [{"value": ".4115492320117119", "title": "eccentricity", "name": "e", "label": "e", "sigma": 0.000771988030889844, "units": null}, {"value": "32.92487004761703", "label": "q", "units": "au", "sigma": 0.0174019894452107, "title": "perihelion distance", "name": "q"}, {"value": "2442449.222050424443", "units": "TDB", "sigma": 5.54108581846735, "label": "tp", "name": "tp", "title": "time of perihelion passage"}, {"sigma": 0.00638248451409039, "units": "deg", "label": "node", "name": "om", "title": "longitude of the ascending node", "value": "168.4844567709326"}, {"value": "349.0484597565895", "units": "deg", "sigma": 0.0271876669832041, "label": "peri", "name": "w", "title": "argument of perihelion"}, {"label": "i", "units": "deg", "sigma": 0.000424542111057546, "title": "inclination", "name": "i", "value": "8.399096376061008"}], "epoch": "2457264.5", "data": [["5.959655198371784E-7", "-1.316085833231657E-5", ".004181689937756494", "4.450392009994787E-7", "-1.767329348419234E-5", "3.005700098313209E-8"], ["-1.316085833231657E-5", ".000302829236651225", "-.08845769742357149", "-1.063207313890226E-5", ".0004363524364642748", "-7.046247496694024E-7"], [".004181689937756494", "-.08845769742357149", "30.70363204761995", ".002890019599813775", "-.1088852059814337", ".000199000386245982"], ["4.450392009994787E-7", "-1.063207313890226E-5", ".002890019599813775", "4.073610857260366E-5", "-5.606484659149996E-5", "2.705283798229128E-6"], ["-1.767329348419234E-5", ".0004363524364642748", "-.1088852059814337", "-5.606484659149996E-5", ".0007391692359896051", "-3.692901778959501E-6"], ["3.005700098313209E-8", "-7.046247496694024E-7", ".000199000386245982", "2.705283798229128E-6", "-3.692901778959501E-6", "1.802360040611978E-7"]]}}, "object": {"des": "2015 KC174", "kind": "au", "spkid": "3831044", "pha": false, "fullname": "(2015 KC174)", "neo": false, "prefix": null, "orbit_class": {"code": "TNO", "name": "TransNeptunian Object"}, "orbit_id": "2"}}