{"signature": {"version": "1.3", "source": "NASA/JPL Small-Body Database (SBDB) API"}, "orbit": {"sb_used": "SB441-N16", "covariance": {"epoch": "2454790.5", "data": [["4.573815424714487E-8", "1.352531003171782E-6", ".01101318152387657", "2.039299305188762E-8", "4.29001533193961E-5", "-5.226337235269329E-10"], ["1.352531003171782E-6", "5.179309997950791E-5", ".417382020558365", "5.775554913907707E-7", ".001631337776871422", "-6.069812861491889E-9"], [".01101318152387657", ".417382020558365", "3367.244173923978", ".004704131633509783", "13.15898777401085", "-5.247898389140691E-5"], ["2.039299305188762E-8", "5.775554913907707E-7", ".004704131633509783", "1.383764415409801E-5", "4.510112991280224E-6", "-1.254398496735515E-6"], ["4.29001533193961E-5", ".001631337776871422", "13.15898777401085", "4.510112991280224E-6", ".05144036646724188", "1.051745903586312E-6"], ["-5.226337235269329E-10", "-6.069812861491889E-9", "-5.247898389140691E-5", "-1.254398496735515E-6", "1.051745903586312E-6", "1.274713465603432E-7"]], "elements": [{"value": ".05273876129926646", "name": "e", "title": "eccentricity", "units": null, "sigma": 0.000213864803666113, "label": "e"}, {"name": "q", "title": "perihelion distance", "units": "au", "sigma": 0.0071967423171535, "label": "q", "value": "40.91683538221083"}, {"value": "2445011.733094067682", "label": "tp", "units": "TDB", "sigma": 58.0279602771283, "title": "time of perihelion passage", "name": "tp"}, {"value": "13.8913548367763", "label": "node", "sigma": 0.00371989840642161, "units": "deg", "title": "longitude of the ascending node", "name": "om"}, {"label": "peri", "sigma": 0.226804687930479, "units": "deg", "title": "argument of perihelion", "name": "w", "value": "291.1236205852661"}, {"units": "deg", "sigma": 0.000357031296331769, "label": "i", "name": "i", "title": "inclination", "value": "3.468054659308675"}], "labels": ["e", "q", "tp", "node", "peri", "i"]}, "comment": null, "pe_used": "DE441", "moid": "40.0847", "equinox": "J2000", "model_pars": [], "soln_date": "2021-08-24 13:10:15", "producer": "Otto Matic", "elements": [{"value": ".05132389764666744", "title": "eccentricity", "name": "e", "label": "e", "units": null, "sigma": ".00023354"}, {"title": "semi-major axis", "name": "a", "label": "a", "units": "au", "sigma": ".016935", "value": "43.32146392265534"}, {"value": "41.09803754238518", "title": "perihelion distance", "name": "q", "label": "q", "sigma": ".0063421", "units": "au"}, {"name": "i", "title": "inclination; angle with respect to x-y ecliptic plane", "sigma": ".00035658", "units": "deg", "label": "i", "value": "3.461404417173528"}, {"title": "longitude of the ascending node", "name": "om", "label": "node", "units": "deg", "sigma": ".0037295", "value": "13.90178521314884"}, {"value": "297.526417327766", "label": "peri", "units": "deg", "sigma": ".20936", "title": "argument of perihelion", "name": "w"}, {"name": "ma", "title": "mean anomaly", "units": "deg", "sigma": ".21341", "label": "M", "value": "46.83318603440614"}, {"value": "2446651.591321851774", "units": "TDB", "sigma": "54.148", "label": "tp", "name": "tp", "title": "time of perihelion passage"}, {"value": "104148.522386455", "units": "d", "sigma": "61.068", "label": "period", "name": "per", "title": "sidereal orbital period"}, {"value": ".003456602088545997", "name": "n", "title": "mean motion", "sigma": "2.0268E-6", "units": "deg/d", "label": "n"}, {"value": "45.5448903029255", "name": "ad", "title": "aphelion distance", "units": "au", "sigma": ".017804", "label": "Q"}], "not_valid_after": null, "n_del_obs_used": null, "orbit_id": "7", "n_dop_obs_used": null, "epoch": "2460200.5", "n_obs_used": 19, "two_body": null, "last_obs": "2021-08-08", "source": "JPL", "moid_jup": "36.0061", "condition_code": "4", "first_obs": "2003-08-23", "data_arc": "6560", "rms": ".2777", "not_valid_before": null, "t_jup": "5.873"}, "object": {"neo": false, "fullname": "(2003 QE91)", "prefix": null, "orbit_id": "7", "orbit_class": {"code": "TNO", "name": "TransNeptunian Object"}, "pha": false, "des": "2003 QE91", "kind": "au", "spkid": "3160749"}}