{"object": {"pha": false, "fullname": "620057 (2005 CG81)", "neo": false, "prefix": null, "orbit_id": "11", "orbit_class": {"code": "TNO", "name": "TransNeptunian Object"}, "kind": "an", "des": "620057", "spkid": "20620057"}, "signature": {"version": "1.3", "source": "NASA/JPL Small-Body Database (SBDB) API"}, "orbit": {"t_jup": "5.697", "not_valid_before": null, "rms": ".65354", "data_arc": "6610", "first_obs": "2005-02-10", "condition_code": "2", "moid_jup": "35.9899", "source": "JPL", "last_obs": "2023-03-18", "two_body": null, "n_obs_used": 93, "epoch": "2460200.5", "n_dop_obs_used": null, "orbit_id": "11", "n_del_obs_used": null, "not_valid_after": null, "elements": [{"title": "eccentricity", "name": "e", "label": "e", "sigma": "3.3738E-5", "units": null, "value": ".2328520738852846"}, {"value": "53.54853445381588", "label": "a", "sigma": ".0029352", "units": "au", "title": "semi-major axis", "name": "a"}, {"label": "q", "units": "au", "sigma": ".00078703", "title": "perihelion distance", "name": "q", "value": "41.07964715272723"}, {"title": "inclination; angle with respect to x-y ecliptic plane", "name": "i", "label": "i", "units": "deg", "sigma": ".0001037", "value": "26.17834876998017"}, {"name": "om", "title": "longitude of the ascending node", "units": "deg", "sigma": "6.8821E-5", "label": "node", "value": "134.6833259026531"}, {"name": "w", "title": "argument of perihelion", "sigma": ".0060362", "units": "deg", "label": "peri", "value": "56.84239810815551"}, {"label": "M", "units": "deg", "sigma": ".0045603", "title": "mean anomaly", "name": "ma", "value": "342.4026298484483"}, {"value": "2467196.746124949471", "sigma": "1.3505", "units": "TDB", "label": "tp", "name": "tp", "title": "time of perihelion passage"}, {"value": "143126.4207828081", "units": "d", "sigma": "11.768", "label": "period", "name": "per", "title": "sidereal orbital period"}, {"value": ".002515258874154996", "name": "n", "title": "mean motion", "units": "deg/d", "sigma": "2.068E-7", "label": "n"}, {"value": "66.01742175490452", "title": "aphelion distance", "name": "ad", "label": "Q", "units": "au", "sigma": ".0036186"}], "soln_date": "2023-04-26 18:45:06", "producer": "Otto Matic", "model_pars": [], "moid": "40.1516", "equinox": "J2000", "pe_used": "DE441", "comment": null, "covariance": {"data": [["1.162163903962428E-9", "1.125364736580856E-8", "-2.046344248496242E-5", "-2.078530942778359E-10", "-8.011369515204931E-8", "-1.627403769714411E-10"], ["1.125364736580856E-8", "5.973600867395844E-7", "-.0009908918597036232", "-2.684344655525762E-9", "-4.449822748068181E-6", "-7.445729557130332E-10"], ["-2.046344248496242E-5", "-.0009908918597036232", "1.656966054860824", "4.688014986501457E-6", ".00741182244598448", "1.469438030540194E-6"], ["-2.078530942778359E-10", "-2.684344655525762E-9", "4.688014986501457E-6", "4.741154463192386E-9", "1.492230886788367E-8", "6.892151414155703E-9"], ["-8.011369515204931E-8", "-4.449822748068181E-6", ".00741182244598448", "1.492230886788367E-8", "3.330825247303763E-5", "-1.376667275470647E-9"], ["-1.627403769714411E-10", "-7.445729557130332E-10", "1.469438030540194E-6", "6.892151414155703E-9", "-1.376667275470647E-9", "1.066415333203724E-8"]], "epoch": "2456998.5", "labels": ["e", "q", "tp", "node", "peri", "i"], "elements": [{"units": null, "sigma": 3.40905251347413e-05, "label": "e", "name": "e", "title": "eccentricity", "value": ".2424353086644504"}, {"title": "perihelion distance", "name": "q", "label": "q", "units": "au", "sigma": 0.000772890734023629, "value": "41.127378601113"}, {"value": "2466954.719654298286", "label": "tp", "units": "TDB", "sigma": 1.28723193514643, "title": "time of perihelion passage", "name": "tp"}, {"label": "node", "units": "deg", "sigma": 6.88560415881743e-05, "title": "longitude of the ascending node", "name": "om", "value": "134.6303702972748"}, {"title": "argument of perihelion", "name": "w", "label": "peri", "units": "deg", "sigma": 0.00577133021694632, "value": "56.00108723992422"}, {"value": "26.09936515608729", "name": "i", "title": "inclination", "units": "deg", "sigma": 0.000103267387553076, "label": "i"}]}, "sb_used": "SB441-N16"}}