{"orbit": {"orbit_id": "8", "n_dop_obs_used": null, "epoch": "2460200.5", "n_obs_used": 18, "two_body": null, "soln_date": "2021-04-14 20:57:12", "producer": "Otto Matic", "elements": [{"value": ".1353582311514497", "title": "eccentricity", "name": "e", "label": "e", "units": null, "sigma": ".00044314"}, {"value": "47.3414445179387", "title": "semi-major axis", "name": "a", "label": "a", "sigma": ".046847", "units": "au"}, {"value": "40.93339032783603", "title": "perihelion distance", "name": "q", "label": "q", "units": "au", "sigma": ".032228"}, {"title": "inclination; angle with respect to x-y ecliptic plane", "name": "i", "label": "i", "units": "deg", "sigma": ".00057086", "value": ".4183270699530682"}, {"label": "node", "units": "deg", "sigma": ".011801", "title": "longitude of the ascending node", "name": "om", "value": "324.8407497715056"}, {"value": "293.971275344436", "sigma": ".30089", "units": "deg", "label": "peri", "name": "w", "title": "argument of perihelion"}, {"value": "71.37445821276201", "name": "ma", "title": "mean anomaly", "sigma": ".30735", "units": "deg", "label": "M"}, {"sigma": "67.313", "units": "TDB", "label": "tp", "name": "tp", "title": "time of perihelion passage", "value": "2436611.962855817281"}, {"value": "118976.3619163613", "units": "d", "sigma": "176.6", "label": "period", "name": "per", "title": "sidereal orbital period"}, {"value": ".003025811129214683", "label": "n", "sigma": "4.4914E-6", "units": "deg/d", "title": "mean motion", "name": "n"}, {"units": "au", "sigma": ".053189", "label": "Q", "name": "ad", "title": "aphelion distance", "value": "53.74949870804138"}], "not_valid_after": null, "n_del_obs_used": null, "equinox": "J2000", "moid": "39.9175", "model_pars": [], "sb_used": "SB441-N16", "comment": null, "covariance": {"epoch": "2453798.5", "data": [["1.836081065151164E-7", "5.491622788248338E-7", ".009641354968762724", "6.114098712638521E-9", "3.419953913063705E-5", "1.293131219434094E-10"], ["5.491622788248338E-7", ".001121088062735493", "2.031094028949656", "1.803808334374989E-6", ".009610610579783255", "6.872042754738633E-8"], [".009641354968762724", "2.031094028949656", "4087.976528196944", ".003513991836846289", "18.80407603556235", ".0001289900793824152"], ["6.114098712638521E-9", "1.803808334374989E-6", ".003513991836846289", ".0001389222447687999", "-.0001226131532365479", "-5.080815820223454E-7"], ["3.419953913063705E-5", ".009610610579783255", "18.80407603556235", "-.0001226131532365479", ".08727586830548981", "1.112599421103596E-6"], ["1.293131219434094E-10", "6.872042754738633E-8", ".0001289900793824152", "-5.080815820223454E-7", "1.112599421103596E-6", "3.277080500075854E-7"]], "labels": ["e", "q", "tp", "node", "peri", "i"], "elements": [{"label": "e", "units": null, "sigma": 0.000428495165101214, "title": "eccentricity", "name": "e", "value": ".1387031072462247"}, {"name": "q", "title": "perihelion distance", "sigma": 0.0334826531615327, "units": "au", "label": "q", "value": "40.48798996272392"}, {"name": "tp", "title": "time of perihelion passage", "units": "TDB", "sigma": 63.9372858995199, "label": "tp", "value": "2435837.756462974703"}, {"name": "om", "title": "longitude of the ascending node", "sigma": 0.011786528104951, "units": "deg", "label": "node", "value": "324.7897616550921"}, {"name": "w", "title": "argument of perihelion", "units": "deg", "sigma": 0.295424894525647, "label": "peri", "value": "290.3401568590917"}, {"value": ".4190428575305725", "title": "inclination", "name": "i", "label": "i", "units": "deg", "sigma": 0.000572457902388975}]}, "pe_used": "DE441", "t_jup": "6.087", "condition_code": "5", "first_obs": "1999-07-19", "data_arc": "5525", "not_valid_before": null, "rms": ".13214", "moid_jup": "35.6158", "last_obs": "2014-09-03", "source": "JPL"}, "signature": {"version": "1.3", "source": "NASA/JPL Small-Body Database (SBDB) API"}, "object": {"pha": false, "fullname": "(2000 PA30)", "neo": false, "prefix": null, "orbit_class": {"name": "TransNeptunian Object", "code": "TNO"}, "orbit_id": "8", "kind": "au", "des": "2000 PA30", "spkid": "3046135"}}