{"signature": {"version": "1.3", "source": "NASA/JPL Small-Body Database (SBDB) API"}, "orbit": {"first_obs": "2013-10-03", "condition_code": "5", "data_arc": "1804", "rms": ".20337", "not_valid_before": null, "t_jup": "5.846", "last_obs": "2018-09-11", "source": "JPL", "moid_jup": "34.3165", "soln_date": "2021-09-16 06:34:09", "producer": "Otto Matic", "elements": [{"value": ".08193244519819717", "label": "e", "sigma": ".00034746", "units": null, "title": "eccentricity", "name": "e"}, {"name": "a", "title": "semi-major axis", "sigma": ".012105", "units": "au", "label": "a", "value": "43.2769140838234"}, {"title": "perihelion distance", "name": "q", "label": "q", "sigma": ".023311", "units": "au", "value": "39.73113069230345"}, {"name": "i", "title": "inclination; angle with respect to x-y ecliptic plane", "sigma": ".00019381", "units": "deg", "label": "i", "value": "5.039623401668021"}, {"value": "97.72637348507071", "title": "longitude of the ascending node", "name": "om", "label": "node", "units": "deg", "sigma": ".011616"}, {"value": "130.1968107021497", "sigma": ".30597", "units": "deg", "label": "peri", "name": "w", "title": "argument of perihelion"}, {"value": "154.8464908525607", "units": "deg", "sigma": ".36694", "label": "M", "name": "ma", "title": "mean anomaly"}, {"value": "2415472.269039963394", "title": "time of perihelion passage", "name": "tp", "label": "tp", "units": "TDB", "sigma": "103.74"}, {"value": "103987.9112336171", "label": "period", "sigma": "43.63", "units": "d", "title": "sidereal orbital period", "name": "per"}, {"value": ".003461940871100214", "name": "n", "title": "mean motion", "units": "deg/d", "sigma": "1.4525E-6", "label": "n"}, {"units": "au", "sigma": ".013097", "label": "Q", "name": "ad", "title": "aphelion distance", "value": "46.82269747534335"}], "not_valid_after": null, "n_del_obs_used": null, "orbit_id": "2", "n_dop_obs_used": null, "epoch": "2460200.5", "n_obs_used": 23, "two_body": null, "sb_used": "SB441-N16", "comment": null, "covariance": {"elements": [{"value": ".09265098482125117", "title": "eccentricity", "name": "e", "label": "e", "units": null, "sigma": 0.000327414614637861}, {"value": "38.81748653321542", "name": "q", "title": "perihelion distance", "units": "au", "sigma": 0.0223412681280366, "label": "q"}, {"value": "2415186.904481165649", "units": "TDB", "sigma": 94.6284948015644, "label": "tp", "name": "tp", "title": "time of perihelion passage"}, {"title": "longitude of the ascending node", "name": "om", "label": "node", "sigma": 0.0116813992529631, "units": "deg", "value": "97.68867560384834"}, {"units": "deg", "sigma": 0.27697699330716, "label": "peri", "name": "w", "title": "argument of perihelion", "value": "126.6582485674449"}, {"value": "5.041884968312178", "label": "i", "sigma": 0.000196171743832813, "units": "deg", "title": "inclination", "name": "i"}], "labels": ["e", "q", "tp", "node", "peri", "i"], "data": [["1.072003298784591E-7", "-6.788804387412628E-6", ".02444700616802081", "1.294035208624574E-7", "5.718106499783968E-5", "-3.65754697998238E-9"], ["-6.788804387412628E-6", ".0004991322615688218", "-1.065396983547796", "-4.722339062975061E-6", "-.001837358957596434", "2.129389041325473E-7"], [".02444700616802081", "-1.065396983547796", "8954.552028409706", ".05375531985420652", "25.51836889512789", "-.0009673767651286372"], ["1.294035208624574E-7", "-4.722339062975061E-6", ".05375531985420652", ".0001364550885071265", "2.299211588601597E-5", "-2.257498934133662E-6"], ["5.718106499783968E-5", "-.001837358957596434", "25.51836889512789", "2.299211588601597E-5", ".07671625482147448", "-1.979097084816693E-7"], ["-3.65754697998238E-9", "2.129389041325473E-7", "-.0009673767651286372", "-2.257498934133662E-6", "-1.979097084816693E-7", "3.848335307840687E-8"]], "epoch": "2457506.5"}, "pe_used": "DE441", "equinox": "J2000", "moid": "38.7228", "model_pars": []}, "object": {"des": "2015 TA361", "kind": "au", "spkid": "54197759", "pha": false, "neo": false, "fullname": "(2015 TA361)", "prefix": null, "orbit_id": "2", "orbit_class": {"code": "TNO", "name": "TransNeptunian Object"}}}