{"signature": {"version": "1.3", "source": "NASA/JPL Small-Body Database (SBDB) API"}, "orbit": {"rms": ".64028", "n_dop_obs_used": null, "n_del_obs_used": null, "first_obs": "2010-10-10", "data_arc": "4070", "pe_used": "DE441", "two_body": null, "orbit_id": "7", "comment": null, "epoch": "2460200.5", "elements": [{"title": "eccentricity", "name": "e", "sigma": "3.3606E-5", "label": "e", "units": null, "value": ".1774522196645989"}, {"title": "semi-major axis", "name": "a", "sigma": ".0016223", "label": "a", "value": "39.62938603775129", "units": "au"}, {"name": "q", "sigma": ".00076956", "title": "perihelion distance", "label": "q", "value": "32.59706352140706", "units": "au"}, {"name": "i", "sigma": ".0001076", "title": "inclination; angle with respect to x-y ecliptic plane", "value": "4.752675544231566", "label": "i", "units": "deg"}, {"title": "longitude of the ascending node", "sigma": ".00021077", "name": "om", "value": "258.3573098645628", "label": "node", "units": "deg"}, {"title": "argument of perihelion", "sigma": ".0073069", "name": "w", "value": "226.7353536207421", "label": "peri", "units": "deg"}, {"label": "M", "units": "deg", "value": "332.473623528578", "name": "ma", "sigma": ".0055841", "title": "mean anomaly"}, {"title": "time of perihelion passage", "name": "tp", "sigma": "1.1128", "label": "tp", "value": "2467167.903902967883", "units": "TDB"}, {"sigma": "5.5955", "name": "per", "title": "sidereal orbital period", "units": "d", "label": "period", "value": "91122.25169457115"}, {"title": "mean motion", "name": "n", "sigma": "2.426E-7", "value": ".003950736437096274", "label": "n", "units": "deg/d"}, {"name": "ad", "sigma": ".0019102", "title": "aphelion distance", "label": "Q", "value": "46.66170855409552", "units": "au"}], "not_valid_before": null, "source": "JPL", "sb_used": "SB441-N16", "n_obs_used": 79, "moid": "31.613", "covariance": {"epoch": "2457071.5", "elements": [{"name": "e", "sigma": 3.36524844672791e-05, "title": "eccentricity", "units": null, "label": "e", "value": ".1787643310865346"}, {"title": "perihelion distance", "name": "q", "sigma": 0.000778970369091395, "value": "32.49958780580254", "label": "q", "units": "au"}, {"value": "2467367.270009258205", "label": "tp", "units": "TDB", "title": "time of perihelion passage", "name": "tp", "sigma": 1.08976469290141}, {"name": "om", "sigma": 0.000210924045221636, "title": "longitude of the ascending node", "value": "258.4060286949098", "label": "node", "units": "deg"}, {"sigma": 0.00721500907209813, "name": "w", "title": "argument of perihelion", "label": "peri", "units": "deg", "value": "227.9777264877059"}, {"name": "i", "sigma": 0.000107738046710595, "title": "inclination", "units": "deg", "label": "i", "value": "4.755161794422722"}], "data": [["1.13248971082046E-9", "-7.682209762871574E-9", "-3.532038198169791E-6", "-1.579747149584211E-10", "1.123507450992618E-8", "1.049299345234859E-10"], ["-7.682209762871574E-9", "6.067948359223838E-7", "-.0007815669276319266", "-1.697526664236577E-9", "-5.432871938396121E-6", "9.17218105221786E-10"], ["-3.532038198169791E-6", "-.0007815669276319266", "1.187587085894515", "4.455937566035645E-6", ".0077780214737369", "-2.65656149612416E-6"], ["-1.579747149584211E-10", "-1.697526664236577E-9", "4.455937566035645E-6", "4.448895285265872E-8", "-1.941700805126439E-8", "-2.097088755540579E-8"], ["1.123507450992618E-8", "-5.432871938396121E-6", ".0077780214737369", "-1.941700805126439E-8", "5.205635591045836E-5", "6.367871635101975E-9"], ["1.049299345234859E-10", "9.17218105221786E-10", "-2.65656149612416E-6", "-2.097088755540579E-8", "6.367871635101975E-9", "1.160748670901426E-8"]], "labels": ["e", "q", "tp", "node", "peri", "i"]}, "model_pars": [], "not_valid_after": null, "equinox": "J2000", "condition_code": "2", "moid_jup": "27.3167", "soln_date": "2022-02-05 20:52:59", "last_obs": "2021-12-01", "producer": "Otto Matic", "t_jup": "5.544"}, "object": {"fullname": "535168 (2014 XU40)", "prefix": null, "des": "535168", "pha": false, "kind": "an", "orbit_id": "7", "orbit_class": {"name": "TransNeptunian Object", "code": "TNO"}, "spkid": "20535168", "neo": false}}