{"signature": {"version": "1.3", "source": "NASA/JPL Small-Body Database (SBDB) API"}, "object": {"neo": false, "spkid": "54199067", "orbit_class": {"code": "TNO", "name": "TransNeptunian Object"}, "kind": "au", "orbit_id": "1", "pha": false, "des": "2014 WM602", "prefix": null, "fullname": "(2014 WM602)"}, "orbit": {"not_valid_before": null, "comment": null, "elements": [{"name": "e", "sigma": ".00017516", "title": "eccentricity", "units": null, "label": "e", "value": ".1485455703489986"}, {"value": "47.54208978034359", "label": "a", "units": "au", "title": "semi-major axis", "sigma": ".012615", "name": "a"}, {"sigma": ".0027075", "name": "q", "title": "perihelion distance", "label": "q", "units": "au", "value": "40.47992293833916"}, {"label": "i", "units": "deg", "value": "35.89056471233911", "title": "inclination; angle with respect to x-y ecliptic plane", "sigma": ".00020752", "name": "i"}, {"value": "103.5332214739727", "label": "node", "units": "deg", "sigma": ".0015963", "name": "om", "title": "longitude of the ascending node"}, {"label": "peri", "value": "260.1461655769479", "units": "deg", "title": "argument of perihelion", "name": "w", "sigma": ".28889"}, {"title": "mean anomaly", "name": "ma", "sigma": ".2103", "units": "deg", "label": "M", "value": "6.422905555253491"}, {"sigma": "70.309", "name": "tp", "title": "time of perihelion passage", "value": "2458064.285473913872", "label": "tp", "units": "TDB"}, {"name": "per", "sigma": "47.657", "title": "sidereal orbital period", "units": "d", "label": "period", "value": "119733.5415841491"}, {"title": "mean motion", "sigma": "1.1967E-6", "name": "n", "label": "n", "units": "deg/d", "value": ".003006676284998977"}, {"sigma": ".014489", "name": "ad", "title": "aphelion distance", "label": "Q", "units": "au", "value": "54.60425662234803"}], "epoch": "2460200.5", "source": "JPL", "n_obs_used": 19, "sb_used": "SB441-N16", "moid": "39.6643", "covariance": {"data": [["3.164075215422138E-8", "3.984215044273196E-7", "-.00507603114452483", "8.141382378923134E-8", "-2.078900177045546E-5", "1.470171821501984E-8"], ["3.984215044273196E-7", "5.791103946274774E-6", "-.1202060970506822", "1.417025700040939E-6", "-.0004918314149432155", "2.406766032832016E-7"], ["-.00507603114452483", "-.1202060970506822", "5864.48695894308", "-.046360878201854", "23.97330521057939", "-.006953177306822471"], ["8.141382378923134E-8", "1.417025700040939E-6", "-.046360878201854", "2.555871988984907E-6", "-.0001913002573026982", "3.23251070693278E-7"], ["-2.078900177045546E-5", "-.0004918314149432155", "23.97330521057939", "-.0001913002573026982", ".09800139264416262", "-2.864299004569741E-5"], ["1.470171821501984E-8", "2.406766032832016E-7", "-.006953177306822471", "3.23251070693278E-7", "-2.864299004569741E-5", "4.267974842737959E-8"]], "labels": ["e", "q", "tp", "node", "peri", "i"], "epoch": "2457630.5", "elements": [{"value": ".1361089927003716", "label": "e", "units": null, "name": "e", "sigma": 0.000177878475803627, "title": "eccentricity"}, {"label": "q", "units": "au", "value": "40.46263758817686", "sigma": 0.00240647126437753, "name": "q", "title": "perihelion distance"}, {"units": "TDB", "label": "tp", "value": "2457835.770801588376", "title": "time of perihelion passage", "name": "tp", "sigma": 76.5799383581828}, {"label": "node", "units": "deg", "value": "103.5003355634505", "title": "longitude of the ascending node", "name": "om", "sigma": 0.00159870947610406}, {"units": "deg", "label": "peri", "value": "259.254966131634", "sigma": 0.313051741161366, "name": "w", "title": "argument of perihelion"}, {"sigma": 0.000206590775271742, "name": "i", "title": "inclination", "label": "i", "value": "35.90081956811926", "units": "deg"}]}, "first_obs": "2014-11-27", "n_del_obs_used": null, "data_arc": "1465", "n_dop_obs_used": null, "rms": ".17131", "orbit_id": "1", "pe_used": "DE441", "two_body": null, "last_obs": "2018-12-01", "producer": "Otto Matic", "t_jup": "4.953", "not_valid_after": null, "condition_code": "5", "equinox": "J2000", "model_pars": [], "moid_jup": "36.4471", "soln_date": "2021-09-22 11:42:05"}}