{"signature": {"version": "1.3", "source": "NASA/JPL Small-Body Database (SBDB) API"}, "object": {"spkid": "54196393", "neo": false, "prefix": null, "des": "2013 RL157", "fullname": "(2013 RL157)", "orbit_id": "2", "kind": "au", "pha": false, "orbit_class": {"code": "TNO", "name": "TransNeptunian Object"}}, "orbit": {"not_valid_before": null, "elements": [{"name": "e", "sigma": ".00029314", "title": "eccentricity", "label": "e", "value": ".3035755369640628", "units": null}, {"name": "a", "sigma": ".026579", "title": "semi-major axis", "value": "55.75169107388181", "label": "a", "units": "au"}, {"units": "au", "label": "q", "value": "38.8268415194736", "sigma": ".0063331", "name": "q", "title": "perihelion distance"}, {"title": "inclination; angle with respect to x-y ecliptic plane", "sigma": ".00073147", "name": "i", "units": "deg", "label": "i", "value": "20.80759948816247"}, {"units": "deg", "label": "node", "value": "33.85390422915579", "title": "longitude of the ascending node", "name": "om", "sigma": ".00053205"}, {"sigma": ".058788", "name": "w", "title": "argument of perihelion", "label": "peri", "value": "321.221167581416", "units": "deg"}, {"name": "ma", "sigma": ".034666", "title": "mean anomaly", "units": "deg", "label": "M", "value": "20.42447801109569"}, {"label": "tp", "value": "2451574.013246979430", "units": "TDB", "sigma": "11.878", "name": "tp", "title": "time of perihelion passage"}, {"sigma": "108.73", "name": "per", "title": "sidereal orbital period", "label": "period", "value": "152049.6743858183", "units": "d"}, {"sigma": "1.6932E-6", "name": "n", "title": "mean motion", "value": ".002367647293255744", "label": "n", "units": "deg/d"}, {"title": "aphelion distance", "sigma": ".034648", "name": "ad", "label": "Q", "units": "au", "value": "72.67654062829001"}], "comment": null, "epoch": "2460200.5", "covariance": {"epoch": "2456937.5", "elements": [{"title": "eccentricity", "name": "e", "sigma": 0.000291866891410511, "units": null, "label": "e", "value": ".2945076854627915"}, {"name": "q", "sigma": 0.00642860134026112, "title": "perihelion distance", "label": "q", "units": "au", "value": "38.79619247433349"}, {"sigma": 12.2097819861787, "name": "tp", "title": "time of perihelion passage", "label": "tp", "value": "2451441.963776043469", "units": "TDB"}, {"sigma": 0.000530710200455342, "name": "om", "title": "longitude of the ascending node", "label": "node", "value": "33.8526768979898", "units": "deg"}, {"label": "peri", "units": "deg", "value": "320.7241311388823", "name": "w", "sigma": 0.0603314430149496, "title": "argument of perihelion"}, {"units": "deg", "label": "i", "value": "20.87770684125947", "name": "i", "sigma": 0.000733303079176096, "title": "inclination"}], "labels": ["e", "q", "tp", "node", "peri", "i"], "data": [["8.518628230163477E-8", "2.960305955727814E-7", "-.0003580254551903467", "-2.73534996243998E-8", "-2.009035100622234E-6", "3.735104277647551E-8"], ["2.960305955727814E-7", "4.132691519200711E-5", ".0757257684907162", "-3.479765364307236E-7", ".0003729103382610324", "5.023774261915871E-7"], ["-.0003580254551903467", ".0757257684907162", "149.0787761500128", "-.0003610501289464547", ".7365260898521024", ".0005449944710765194"], ["-2.73534996243998E-8", "-3.479765364307236E-7", "-.0003610501289464547", "2.816533168673492E-7", "-1.961244433757284E-6", "-3.806804047476599E-7"], ["-2.009035100622234E-6", ".0003729103382610324", ".7365260898521024", "-1.961244433757284E-6", ".003639883016266108", "2.930816281163235E-6"], ["3.735104277647551E-8", "5.023774261915871E-7", ".0005449944710765194", "-3.806804047476599E-7", "2.930816281163235E-6", "5.377334059291435E-7"]]}, "source": "JPL", "sb_used": "SB441-N16", "n_obs_used": 15, "moid": "37.848", "data_arc": "3004", "n_del_obs_used": null, "first_obs": "2013-09-10", "n_dop_obs_used": null, "rms": ".23853", "orbit_id": "2", "two_body": null, "pe_used": "DE441", "producer": "Otto Matic", "last_obs": "2021-12-01", "t_jup": "5.924", "equinox": "J2000", "not_valid_after": null, "condition_code": "4", "model_pars": [], "soln_date": "2021-12-14 21:35:39", "moid_jup": "33.9765"}}