{"orbit": {"t_jup": "6.527", "last_obs": "2017-12-23", "producer": "Otto Matic", "moid_jup": "32.9794", "soln_date": "2021-04-15 14:37:02", "not_valid_after": null, "equinox": "J2000", "condition_code": "4", "model_pars": [], "n_obs_used": 35, "source": "JPL", "sb_used": "SB441-N16", "moid": "36.9783", "covariance": {"epoch": "2457555.5", "elements": [{"sigma": 0.00128349989600795, "name": "e", "title": "eccentricity", "label": "e", "units": null, "value": ".461682445383205"}, {"value": "37.8700604334901", "label": "q", "units": "au", "title": "perihelion distance", "sigma": 0.0320997300434137, "name": "q"}, {"units": "TDB", "label": "tp", "value": "2467358.044833801918", "title": "time of perihelion passage", "name": "tp", "sigma": 20.0119177487185}, {"value": "196.7211832211738", "label": "node", "units": "deg", "title": "longitude of the ascending node", "name": "om", "sigma": 0.000986050375078337}, {"units": "deg", "label": "peri", "value": "218.3036862911432", "sigma": 0.146658838065294, "name": "w", "title": "argument of perihelion"}, {"title": "inclination", "name": "i", "sigma": 0.00118211209263359, "label": "i", "units": "deg", "value": "10.21480280067693"}], "labels": ["e", "q", "tp", "node", "peri", "i"], "data": [["1.64737198305241E-6", "-4.080263512111266E-5", ".02540383625510004", "-7.941056556099799E-8", ".00018661200759548", "1.18270144756696E-7"], ["-4.080263512111266E-5", ".001030392668860039", "-.642011869544496", "1.436742245601085E-6", "-.00470655120204564", "-2.280676451201216E-6"], [".02540383625510004", "-.642011869544496", "400.4768519814751", "-.000911655897003924", "2.934260086723678", ".001441307041055543"], ["-7.941056556099799E-8", "1.436742245601085E-6", "-.000911655897003924", "9.722953421921298E-7", "-7.795542751797287E-6", "-1.155070000277682E-6"], [".00018661200759548", "-.00470655120204564", "2.934260086723678", "-7.795542751797287E-6", ".02150881478266224", "1.189562706664556E-5"], ["1.18270144756696E-7", "-2.280676451201216E-6", ".001441307041055543", "-1.155070000277682E-6", "1.189562706664556E-5", "1.397388999550568E-6"]]}, "not_valid_before": null, "elements": [{"label": "e", "value": ".4736490232413058", "units": null, "title": "eccentricity", "name": "e", "sigma": ".0012713"}, {"name": "a", "sigma": ".11501", "title": "semi-major axis", "units": "au", "label": "a", "value": "72.12320390644497"}, {"name": "q", "sigma": ".031636", "title": "perihelion distance", "label": "q", "value": "37.96211882312378", "units": "au"}, {"units": "deg", "label": "i", "value": "10.16413807029972", "name": "i", "sigma": ".001177", "title": "inclination; angle with respect to x-y ecliptic plane"}, {"sigma": ".00099045", "name": "om", "title": "longitude of the ascending node", "units": "deg", "label": "node", "value": "196.729794787229"}, {"label": "peri", "value": "217.4083333277453", "units": "deg", "title": "argument of perihelion", "name": "w", "sigma": ".14616"}, {"value": "348.802089788406", "label": "M", "units": "deg", "title": "mean anomaly", "sigma": ".0086659", "name": "ma"}, {"label": "tp", "value": "2467159.477358239374", "units": "TDB", "title": "time of perihelion passage", "sigma": "20.241", "name": "tp"}, {"title": "sidereal orbital period", "sigma": "535.12", "name": "per", "value": "223723.1591991453", "label": "period", "units": "d"}, {"title": "mean motion", "name": "n", "sigma": "3.8489E-6", "units": "deg/d", "label": "n", "value": ".001609131577118259"}, {"label": "Q", "units": "au", "value": "106.2842889897662", "name": "ad", "sigma": ".16948", "title": "aphelion distance"}], "comment": null, "epoch": "2460200.5", "orbit_id": "2", "pe_used": "DE441", "two_body": null, "first_obs": "2015-06-23", "n_del_obs_used": null, "data_arc": "914", "n_dop_obs_used": null, "rms": ".24829"}, "object": {"spkid": "3831155", "neo": false, "pha": false, "orbit_id": "2", "kind": "au", "orbit_class": {"name": "TransNeptunian Object", "code": "TNO"}, "fullname": "(2015 RH279)", "des": "2015 RH279", "prefix": null}, "signature": {"version": "1.3", "source": "NASA/JPL Small-Body Database (SBDB) API"}}