{"signature": {"version": "1.3", "source": "NASA/JPL Small-Body Database (SBDB) API"}, "object": {"spkid": "20530941", "neo": false, "prefix": null, "des": "530941", "fullname": "530941 (2011 XJ4)", "kind": "an", "orbit_id": "9", "pha": false, "orbit_class": {"code": "TNO", "name": "TransNeptunian Object"}}, "orbit": {"soln_date": "2021-07-09 08:54:29", "moid_jup": "31.385", "not_valid_after": null, "condition_code": "3", "equinox": "J2000", "model_pars": [], "t_jup": "5.801", "last_obs": "2021-03-20", "producer": "Otto Matic", "orbit_id": "9", "two_body": null, "pe_used": "DE441", "data_arc": "6564", "n_del_obs_used": null, "first_obs": "2003-03-31", "n_dop_obs_used": null, "rms": ".88085", "covariance": {"data": [["9.645520144377007E-10", "8.962883574819449E-9", "1.934282679598346E-6", "-2.45515936088204E-10", "9.338496021039453E-9", "-1.243254393152347E-10"], ["8.962883574819449E-9", "1.201930393964925E-7", ".0003221309315102203", "-2.566295685981785E-9", "1.561163937849552E-6", "-1.275315577970227E-9"], ["1.934282679598346E-6", ".0003221309315102203", "2.633458025105265", "-2.565203836036287E-6", ".01275873806466437", "-1.090737580230933E-6"], ["-2.45515936088204E-10", "-2.566295685981785E-9", "-2.565203836036287E-6", "3.495092358471134E-8", "-4.666556131005633E-8", "1.745474252355843E-8"], ["9.338496021039453E-9", "1.561163937849552E-6", ".01275873806466437", "-4.666556131005633E-8", "6.184828433400421E-5", "-2.238267075055591E-8"], ["-1.243254393152347E-10", "-1.275315577970227E-9", "-1.090737580230933E-6", "1.745474252355843E-8", "-2.238267075055591E-8", "9.025546924057372E-9"]], "labels": ["e", "q", "tp", "node", "peri", "i"], "elements": [{"units": null, "label": "e", "value": ".1979159863701909", "title": "eccentricity", "sigma": 3.10572377142221e-05, "name": "e"}, {"label": "q", "units": "au", "value": "36.83975843030878", "sigma": 0.000346688677917945, "name": "q", "title": "perihelion distance"}, {"sigma": 1.62279327861107, "name": "tp", "title": "time of perihelion passage", "value": "2454891.863609570286", "label": "tp", "units": "TDB"}, {"value": "335.2155363363049", "label": "node", "units": "deg", "title": "longitude of the ascending node", "name": "om", "sigma": 0.000186951661091073}, {"label": "peri", "value": "190.3432683378476", "units": "deg", "title": "argument of perihelion", "name": "w", "sigma": 0.00786436801872879}, {"label": "i", "units": "deg", "value": "11.16481841730471", "name": "i", "sigma": 9.5002878504061e-05, "title": "inclination"}], "epoch": "2457011.5"}, "n_obs_used": 98, "source": "JPL", "sb_used": "SB441-N16", "moid": "35.8123", "not_valid_before": null, "comment": null, "elements": [{"units": null, "label": "e", "value": ".1875455818037592", "sigma": "3.0856E-5", "name": "e", "title": "eccentricity"}, {"units": "au", "label": "a", "value": "45.30127456839821", "title": "semi-major axis", "sigma": ".0020892", "name": "a"}, {"units": "au", "label": "q", "value": "36.80522067301613", "title": "perihelion distance", "name": "q", "sigma": ".0003537"}, {"name": "i", "sigma": "9.545E-5", "title": "inclination; angle with respect to x-y ecliptic plane", "units": "deg", "label": "i", "value": "11.20557625183099"}, {"label": "node", "value": "335.3111410139094", "units": "deg", "sigma": ".00018657", "name": "om", "title": "longitude of the ascending node"}, {"value": "189.502642921464", "label": "peri", "units": "deg", "title": "argument of perihelion", "sigma": ".008265", "name": "w"}, {"title": "mean anomaly", "name": "ma", "sigma": ".0058498", "label": "M", "value": "17.7078725195169", "units": "deg"}, {"value": "2454722.425367373577", "label": "tp", "units": "TDB", "title": "time of perihelion passage", "name": "tp", "sigma": "1.7096"}, {"title": "sidereal orbital period", "name": "per", "sigma": "7.7041", "label": "period", "value": "111368.9329744121", "units": "d"}, {"units": "deg/d", "label": "n", "value": ".003232499319022054", "title": "mean motion", "sigma": "2.2361E-7", "name": "n"}, {"units": "au", "label": "Q", "value": "53.7973284637803", "title": "aphelion distance", "sigma": ".002481", "name": "ad"}], "epoch": "2460200.5"}}