{"orbit": {"source": "JPL", "moid": "38.3938", "sb_used": "SB441-N16", "n_obs_used": 518, "covariance": {"data": [["9.836229792014544E-11", "1.794696426386683E-9", "-2.984120336697715E-6", "7.564992355233429E-12", "-1.358786269841933E-8", "2.656189638836147E-11"], ["1.794696426386683E-9", "1.599117125983117E-7", "-.0001493295477502972", "6.609359176762993E-10", "-8.42637428243624E-7", "1.725501937987267E-9"], ["-2.984120336697715E-6", "-.0001493295477502972", ".161788881135061", "-6.173512442445373E-7", ".0008576018089910238", "-1.724832496772443E-6"], ["7.564992355233429E-12", "6.609359176762993E-10", "-6.173512442445373E-7", "6.842987546746627E-10", "-4.039932518847095E-9", "8.223483159724135E-10"], ["-1.358786269841933E-8", "-8.42637428243624E-7", ".0008576018089910238", "-4.039932518847095E-9", "4.664616575415036E-6", "-1.011508640629019E-8"], ["2.656189638836147E-11", "1.725501937987267E-9", "-1.724832496772443E-6", "8.223483159724135E-10", "-1.011508640629019E-8", "1.039767240579528E-9"]], "labels": ["e", "q", "tp", "node", "peri", "i"], "elements": [{"title": "eccentricity", "sigma": 9.91777686380095e-06, "name": "e", "units": null, "label": "e", "value": ".2901881403866801"}, {"title": "perihelion distance", "name": "q", "sigma": 0.000399889625519732, "label": "q", "value": "39.02229595690288", "units": "au"}, {"label": "tp", "units": "TDB", "value": "2473297.225069145883", "title": "time of perihelion passage", "name": "tp", "sigma": 0.402229885929752}, {"label": "node", "value": "23.89552118840979", "units": "deg", "title": "longitude of the ascending node", "sigma": 2.61591046229542e-05, "name": "om"}, {"label": "peri", "units": "deg", "value": "87.30956726635428", "title": "argument of perihelion", "sigma": 0.00215977234342304, "name": "w"}, {"label": "i", "value": "35.10020801450108", "units": "deg", "name": "i", "sigma": 3.22454220096362e-05, "title": "inclination"}], "epoch": "2458373.5"}, "elements": [{"label": "e", "units": null, "value": ".2971038962043034", "name": "e", "sigma": "1.0179E-5", "title": "eccentricity"}, {"label": "a", "value": "55.7661296023273", "units": "au", "title": "semi-major axis", "name": "a", "sigma": ".0011756"}, {"value": "39.19779522124173", "label": "q", "units": "au", "title": "perihelion distance", "name": "q", "sigma": ".00039064"}, {"label": "i", "units": "deg", "value": "34.95150281129016", "name": "i", "sigma": "3.2144E-5", "title": "inclination; angle with respect to x-y ecliptic plane"}, {"units": "deg", "label": "node", "value": "23.76089564407626", "sigma": "2.6255E-5", "name": "om", "title": "longitude of the ascending node"}, {"value": "85.68834336235223", "label": "peri", "units": "deg", "name": "w", "sigma": ".002087", "title": "argument of perihelion"}, {"label": "M", "units": "deg", "value": "329.9431651349081", "sigma": ".0018554", "name": "ma", "title": "mean anomaly"}, {"title": "time of perihelion passage", "sigma": ".39123", "name": "tp", "units": "TDB", "label": "tp", "value": "2472900.242841480554"}, {"units": "d", "label": "period", "value": "152108.7447648332", "title": "sidereal orbital period", "name": "per", "sigma": "4.8099"}, {"units": "deg/d", "label": "n", "value": ".002366727833804532", "name": "n", "sigma": "7.484E-8", "title": "mean motion"}, {"name": "ad", "sigma": ".0015249", "title": "aphelion distance", "value": "72.33446398341289", "label": "Q", "units": "au"}], "comment": null, "epoch": "2460200.5", "not_valid_before": null, "pe_used": "DE441", "two_body": null, "orbit_id": "28", "rms": ".4303", "n_dop_obs_used": null, "n_del_obs_used": null, "first_obs": "2000-08-05", "data_arc": "8154", "t_jup": "5.218", "last_obs": "2022-12-02", "producer": "Otto Matic", "moid_jup": "35.0252", "soln_date": "2023-07-29 07:21:27", "model_pars": [], "not_valid_after": null, "equinox": "J2000", "condition_code": "2"}, "object": {"spkid": "20084522", "neo": false, "fullname": "84522 (2002 TC302)", "prefix": null, "des": "84522", "pha": false, "orbit_id": "28", "kind": "an", "orbit_class": {"code": "TNO", "name": "TransNeptunian Object"}}, "signature": {"version": "1.3", "source": "NASA/JPL Small-Body Database (SBDB) API"}}