{"orbit": {"t_jup": "5.179", "last_obs": "2023-02-20", "producer": "Otto Matic", "moid_jup": "29.6914", "soln_date": "2023-04-27 04:26:14", "model_pars": [], "equinox": "J2000", "not_valid_after": null, "condition_code": "2", "sb_used": "SB441-N16", "source": "JPL", "n_obs_used": 94, "moid": "33.9364", "covariance": {"elements": [{"title": "eccentricity", "name": "e", "sigma": 2.88005413888792e-05, "value": ".2343202012183233", "label": "e", "units": null}, {"value": "34.96125134650375", "label": "q", "units": "au", "sigma": 0.000283389001610782, "name": "q", "title": "perihelion distance"}, {"sigma": 1.2889767181363, "name": "tp", "title": "time of perihelion passage", "value": "2455360.497454638358", "label": "tp", "units": "TDB"}, {"title": "longitude of the ascending node", "sigma": 4.79220151266909e-05, "name": "om", "value": "321.1470133405733", "label": "node", "units": "deg"}, {"label": "peri", "units": "deg", "value": "158.6480295514401", "title": "argument of perihelion", "name": "w", "sigma": 0.00686094392113409}, {"value": "28.05492496064976", "label": "i", "units": "deg", "title": "inclination", "sigma": 0.000108682710001408, "name": "i"}], "epoch": "2457259.5", "data": [["8.294711842925447E-10", "6.320552382065412E-9", "-5.639461850701205E-6", "1.153667298838963E-11", "-3.031707974198589E-8", "-8.325896876508717E-12"], ["6.320552382065412E-9", "8.030932623395591E-8", ".0001783916688676717", "1.984141821064429E-10", "9.477716304311155E-7", "-3.065743405732039E-10"], ["-5.639461850701205E-6", ".0001783916688676717", "1.661460979897437", "7.004479189769906E-7", ".008843383074267729", "-1.689485643536552E-6"], ["1.153667298838963E-11", "1.984141821064429E-10", "7.004479189769906E-7", "2.296519533802789E-9", "1.698692074827001E-9", "-5.022197964047618E-9"], ["-3.031707974198589E-8", "9.477716304311155E-7", ".008843383074267729", "1.698692074827001E-9", "4.707255148894683E-5", "-4.558200600729838E-9"], ["-8.325896876508717E-12", "-3.065743405732039E-10", "-1.689485643536552E-6", "-5.022197964047618E-9", "-4.558200600729838E-9", "1.181193145325012E-8"]], "labels": ["e", "q", "tp", "node", "peri", "i"]}, "comment": null, "epoch": "2460200.5", "elements": [{"label": "e", "value": ".229018868614666", "units": null, "title": "eccentricity", "sigma": "2.8818E-5", "name": "e"}, {"title": "semi-major axis", "name": "a", "sigma": ".0019853", "label": "a", "units": "au", "value": "45.27425361272258"}, {"label": "q", "units": "au", "value": "34.9055952729634", "title": "perihelion distance", "name": "q", "sigma": ".00029275"}, {"title": "inclination; angle with respect to x-y ecliptic plane", "name": "i", "sigma": ".00010892", "label": "i", "units": "deg", "value": "28.13842222340241"}, {"label": "node", "units": "deg", "value": "321.113309551161", "name": "om", "sigma": "4.7799E-5", "title": "longitude of the ascending node"}, {"label": "peri", "value": "157.3725737832616", "units": "deg", "title": "argument of perihelion", "sigma": ".0069735", "name": "w"}, {"sigma": ".0043418", "name": "ma", "title": "mean anomaly", "value": "16.45564393724099", "label": "M", "units": "deg"}, {"label": "tp", "units": "TDB", "value": "2455114.366483323135", "title": "time of perihelion passage", "name": "tp", "sigma": "1.3079"}, {"name": "per", "sigma": "7.3189", "title": "sidereal orbital period", "units": "d", "label": "period", "value": "111269.3051081333"}, {"sigma": "2.1281E-7", "name": "n", "title": "mean motion", "units": "deg/d", "label": "n", "value": ".003235393621359874"}, {"name": "ad", "sigma": ".00244", "title": "aphelion distance", "value": "55.64291195248176", "label": "Q", "units": "au"}], "not_valid_before": null, "pe_used": "DE441", "two_body": null, "orbit_id": "5", "rms": ".8402", "n_dop_obs_used": null, "n_del_obs_used": null, "first_obs": "2012-02-13", "data_arc": "4025"}, "object": {"spkid": "20555591", "neo": false, "des": "555591", "prefix": null, "fullname": "555591 (2014 AF61)", "orbit_id": "5", "kind": "an", "pha": false, "orbit_class": {"code": "TNO", "name": "TransNeptunian Object"}}, "signature": {"version": "1.3", "source": "NASA/JPL Small-Body Database (SBDB) API"}}