{"object": {"kind": "au", "des": "2011 UU411", "spkid": "3696052", "neo": false, "fullname": "(2011 UU411)", "orbit_class": {"name": "TransNeptunian Object", "code": "TNO"}, "orbit_id": "5", "prefix": null, "pha": false}, "signature": {"version": "1.3", "source": "NASA/JPL Small-Body Database (SBDB) API"}, "orbit": {"model_pars": [], "moid": "41.7749", "equinox": "J2000", "pe_used": "DE441", "covariance": {"epoch": "2456067.5", "data": [["4.399401658462626E-8", "-1.807093735605227E-6", ".01712594070195658", "-2.342998471342017E-8", "6.371432157857571E-5", "-8.515914216516169E-10"], ["-1.807093735605227E-6", ".0001071100694512195", "-1.073535128956374", "1.240553272336027E-6", "-.003971368411730463", "5.028224058956942E-8"], [".01712594070195658", "-1.073535128956374", "10865.34901955409", "-.01225158543678898", "40.16146795227024", "-.0005022848629952886"], ["-2.342998471342017E-8", "1.240553272336027E-6", "-.01225158543678898", ".0004255865055803533", "-.000470774802713935", "1.722209379792883E-5"], ["6.371432157857571E-5", "-.003971368411730463", "40.16146795227024", "-.000470774802713935", ".1488844636813076", "-1.907248145580383E-5"], ["-8.515914216516169E-10", "5.028224058956942E-8", "-.0005022848629952886", "1.722209379792883E-5", "-1.907248145580383E-5", "6.991285740905268E-7"]], "labels": ["e", "q", "tp", "node", "peri", "i"], "elements": [{"name": "e", "title": "eccentricity", "sigma": 0.000209747506742336, "units": null, "label": "e", "value": ".03351061448847742"}, {"value": "42.7220957324512", "units": "au", "sigma": 0.0103493994729752, "label": "q", "name": "q", "title": "perihelion distance"}, {"name": "tp", "title": "time of perihelion passage", "sigma": 104.236984892859, "units": "TDB", "label": "tp", "value": "2471041.910388243990"}, {"value": "357.0123473921291", "sigma": 0.0206297480736036, "units": "deg", "label": "node", "name": "om", "title": "longitude of the ascending node"}, {"name": "w", "title": "argument of perihelion", "units": "deg", "sigma": 0.38585549585474, "label": "peri", "value": "89.36172044305499"}, {"title": "inclination", "name": "i", "label": "i", "units": "deg", "sigma": 0.00083613908776622, "value": "1.694593077908011"}]}, "comment": null, "sb_used": "SB441-N16", "two_body": null, "n_obs_used": 26, "epoch": "2460200.5", "orbit_id": "5", "n_dop_obs_used": null, "not_valid_after": null, "n_del_obs_used": null, "elements": [{"value": ".03470329095768266", "label": "e", "units": null, "sigma": ".00020097", "title": "eccentricity", "name": "e"}, {"label": "a", "sigma": ".0060064", "units": "au", "title": "semi-major axis", "name": "a", "value": "44.29687331893535"}, {"name": "q", "title": "perihelion distance", "sigma": ".0099081", "units": "au", "label": "q", "value": "42.75962603563273"}, {"sigma": ".00083457", "units": "deg", "label": "i", "name": "i", "title": "inclination; angle with respect to x-y ecliptic plane", "value": "1.691211950432329"}, {"title": "longitude of the ascending node", "name": "om", "label": "node", "units": "deg", "sigma": ".020683", "value": "356.8939103409531"}, {"title": "argument of perihelion", "name": "w", "label": "peri", "sigma": ".38646", "units": "deg", "value": "86.67789342974221"}, {"value": "326.3362088705608", "sigma": ".35386", "units": "deg", "label": "M", "name": "ma", "title": "mean anomaly"}, {"value": "2470270.246991278174", "label": "tp", "units": "TDB", "sigma": "104.8", "title": "time of perihelion passage", "name": "tp"}, {"units": "d", "sigma": "21.902", "label": "period", "name": "per", "title": "sidereal orbital period", "value": "107685.7001316755"}, {"value": ".003343062259518215", "label": "n", "units": "deg/d", "sigma": "6.7995E-7", "title": "mean motion", "name": "n"}, {"value": "45.83412060223798", "sigma": ".0062148", "units": "au", "label": "Q", "name": "ad", "title": "aphelion distance"}], "soln_date": "2021-04-15 05:41:08", "producer": "Otto Matic", "moid_jup": "37.6313", "source": "JPL", "last_obs": "2019-10-26", "t_jup": "5.947", "not_valid_before": null, "rms": ".24234", "data_arc": "2980", "first_obs": "2011-08-29", "condition_code": "4"}}