{"signature": {"version": "1.3", "source": "NASA/JPL Small-Body Database (SBDB) API"}, "orbit": {"not_valid_after": null, "n_del_obs_used": null, "soln_date": "2023-06-15 21:59:38", "producer": "Otto Matic", "elements": [{"value": ".2978750409012264", "title": "eccentricity", "name": "e", "label": "e", "sigma": "2.7534E-5", "units": null}, {"name": "a", "title": "semi-major axis", "sigma": ".0021432", "units": "au", "label": "a", "value": "39.21493584947089"}, {"title": "perihelion distance", "name": "q", "label": "q", "units": "au", "sigma": ".00059131", "value": "27.53378522937079"}, {"value": "22.1872163298835", "title": "inclination; angle with respect to x-y ecliptic plane", "name": "i", "label": "i", "sigma": "2.9042E-5", "units": "deg"}, {"name": "om", "title": "longitude of the ascending node", "units": "deg", "sigma": ".00022959", "label": "node", "value": "144.4694781803176"}, {"sigma": ".0049281", "units": "deg", "label": "peri", "name": "w", "title": "argument of perihelion", "value": "117.9740010281588"}, {"value": "337.4591307431752", "sigma": ".0040835", "units": "deg", "label": "M", "name": "ma", "title": "mean anomaly"}, {"title": "time of perihelion passage", "name": "tp", "label": "tp", "units": "TDB", "sigma": ".57109", "value": "2465816.716607827767"}, {"value": "89696.53990632306", "title": "sidereal orbital period", "name": "per", "label": "period", "sigma": "7.3531", "units": "d"}, {"value": ".004013532744696457", "name": "n", "title": "mean motion", "sigma": "3.2902E-7", "units": "deg/d", "label": "n"}, {"value": "50.896086469571", "units": "au", "sigma": ".0027815", "label": "Q", "name": "ad", "title": "aphelion distance"}], "two_body": null, "n_obs_used": 46, "n_dop_obs_used": null, "orbit_id": "15", "epoch": "2460200.5", "pe_used": "DE441", "sb_used": "SB441-N16", "comment": null, "covariance": {"elements": [{"title": "eccentricity", "name": "e", "label": "e", "sigma": 2.76033837576715e-05, "units": null, "value": ".3009285132658692"}, {"name": "q", "title": "perihelion distance", "units": "au", "sigma": 0.000590102138019598, "label": "q", "value": "27.52337034430244"}, {"value": "2465801.051204851702", "title": "time of perihelion passage", "name": "tp", "label": "tp", "units": "TDB", "sigma": 0.563663607687848}, {"name": "om", "title": "longitude of the ascending node", "units": "deg", "sigma": 0.000229272211671322, "label": "node", "value": "144.5303518873282"}, {"name": "w", "title": "argument of perihelion", "units": "deg", "sigma": 0.00487656286173116, "label": "peri", "value": "117.8663239321504"}, {"units": "deg", "sigma": 2.90919197759789e-05, "label": "i", "name": "i", "title": "inclination", "value": "22.19359057030009"}], "labels": ["e", "q", "tp", "node", "peri", "i"], "epoch": "2459665.5", "data": [["7.619467948732855E-10", "9.56609808458511E-9", "-1.235967704029039E-5", "-3.995123856435423E-10", "-9.668633687673867E-8", "7.162402849365486E-11"], ["9.56609808458511E-9", "3.482205332953011E-7", "-.000318008498475184", "2.041179789830846E-9", "-2.82803286893914E-6", "3.767260479061815E-9"], ["-1.235967704029039E-5", "-.000318008498475184", ".3177166626316807", "1.419696414451059E-6", ".002727302676445793", "-3.199565711892277E-6"], ["-3.995123856435423E-10", "2.041179789830846E-9", "1.419696414451059E-6", "5.256574704465958E-8", "-4.767251484609798E-8", "6.0463006041809E-9"], ["-9.668633687673867E-8", "-2.82803286893914E-6", ".002727302676445793", "-4.767251484609798E-8", "2.37808653444156E-5", "-3.486941032844762E-8"], ["7.162402849365486E-11", "3.767260479061815E-9", "-3.199565711892277E-6", "6.0463006041809E-9", "-3.486941032844762E-8", "8.4633979625199E-10"]]}, "moid": "26.5773", "equinox": "J2000", "model_pars": [], "rms": ".34772", "not_valid_before": null, "first_obs": "2003-03-31", "condition_code": "3", "data_arc": "7360", "t_jup": "4.986", "source": "JPL", "last_obs": "2023-05-25", "moid_jup": "22.5998"}, "object": {"pha": false, "orbit_class": {"name": "TransNeptunian Object", "code": "TNO"}, "orbit_id": "15", "prefix": null, "fullname": "(2009 JE19)", "neo": false, "spkid": "3587898", "kind": "au", "des": "2009 JE19"}}