{"object": {"spkid": "3696077", "kind": "au", "des": "2011 UR412", "orbit_id": "5", "orbit_class": {"code": "TNO", "name": "TransNeptunian Object"}, "prefix": null, "neo": false, "fullname": "(2011 UR412)", "pha": false}, "signature": {"version": "1.3", "source": "NASA/JPL Small-Body Database (SBDB) API"}, "orbit": {"t_jup": "5.727", "rms": ".21629", "not_valid_before": null, "data_arc": "2979", "condition_code": "4", "first_obs": "2011-08-30", "moid_jup": "29.5018", "source": "JPL", "last_obs": "2019-10-26", "n_obs_used": 22, "two_body": null, "epoch": "2460200.5", "orbit_id": "5", "n_dop_obs_used": null, "not_valid_after": null, "n_del_obs_used": null, "elements": [{"value": ".3218833857830029", "label": "e", "units": null, "sigma": ".00012796", "title": "eccentricity", "name": "e"}, {"value": "50.65667210348375", "sigma": ".011021", "units": "au", "label": "a", "name": "a", "title": "semi-major axis"}, {"name": "q", "title": "perihelion distance", "units": "au", "sigma": ".0036356", "label": "q", "value": "34.35113097431501"}, {"label": "i", "sigma": ".00067534", "units": "deg", "title": "inclination; angle with respect to x-y ecliptic plane", "name": "i", "value": "17.83643369773645"}, {"name": "om", "title": "longitude of the ascending node", "units": "deg", "sigma": ".00070498", "label": "node", "value": "15.18432171733807"}, {"value": "53.93035930386728", "sigma": ".036956", "units": "deg", "label": "peri", "name": "w", "title": "argument of perihelion"}, {"name": "ma", "title": "mean anomaly", "sigma": ".017765", "units": "deg", "label": "M", "value": "353.1808692243814"}, {"label": "tp", "units": "TDB", "sigma": "6.1541", "title": "time of perihelion passage", "name": "tp", "value": "2462694.979438358871"}, {"name": "per", "title": "sidereal orbital period", "sigma": "42.976", "units": "d", "label": "period", "value": "131690.1856494657"}, {"title": "mean motion", "name": "n", "label": "n", "units": "deg/d", "sigma": "8.9211E-7", "value": ".002733688909500452"}, {"value": "66.96221323265249", "sigma": ".014568", "units": "au", "label": "Q", "name": "ad", "title": "aphelion distance"}], "producer": "Otto Matic", "soln_date": "2021-04-15 05:41:12", "model_pars": [], "equinox": "J2000", "moid": "33.3955", "pe_used": "DE441", "comment": null, "covariance": {"labels": ["e", "q", "tp", "node", "peri", "i"], "elements": [{"value": ".3205328840610875", "name": "e", "title": "eccentricity", "units": null, "sigma": 0.000128018944422313, "label": "e"}, {"label": "q", "sigma": 0.00363782344353849, "units": "au", "title": "perihelion distance", "name": "q", "value": "34.35082513777413"}, {"value": "2462702.421256197464", "label": "tp", "sigma": 6.17287631992864, "units": "TDB", "title": "time of perihelion passage", "name": "tp"}, {"value": "15.25590491734283", "name": "om", "title": "longitude of the ascending node", "sigma": 0.000704622539244826, "units": "deg", "label": "node"}, {"value": "53.94398285050803", "sigma": 0.0370560222791987, "units": "deg", "label": "peri", "name": "w", "title": "argument of perihelion"}, {"value": "17.8474393857485", "title": "inclination", "name": "i", "label": "i", "sigma": 0.000675790438247735, "units": "deg"}], "epoch": "2456022.5", "data": [["1.638885013100325E-8", "4.378422645149737E-9", ".0001034628241795532", "-8.897626075438839E-10", "6.892003679336545E-7", "2.497769712525325E-10"], ["4.378422645149737E-9", "1.323375940635822E-5", "-.02215314957436105", "8.127882925784317E-8", "-.0001328090837951097", "9.011993254969625E-8"], [".0001034628241795532", "-.02215314957436105", "38.1044020611357", "-.0001427644972873488", ".2286628934025359", "-.000148812400521704"], ["-8.897626075438839E-10", "8.127882925784317E-8", "-.0001427644972873488", "4.964929228118265E-7", "-1.331359557523284E-6", "4.710123447600496E-7"], ["6.892003679336545E-7", "-.0001328090837951097", ".2286628934025359", "-1.331359557523284E-6", ".001373148787156468", "-1.339539531305913E-6"], ["2.497769712525325E-10", "9.011993254969625E-8", "-.000148812400521704", "4.710123447600496E-7", "-1.339539531305913E-6", "4.566927164270662E-7"]]}, "sb_used": "SB441-N16"}}