{"signature": {"version": "1.3", "source": "NASA/JPL Small-Body Database (SBDB) API"}, "orbit": {"rms": ".18633", "not_valid_before": null, "data_arc": "1794", "condition_code": "4", "first_obs": "2013-10-13", "t_jup": "5.905", "source": "JPL", "last_obs": "2018-09-11", "moid_jup": "35.0028", "not_valid_after": null, "n_del_obs_used": null, "elements": [{"value": ".08875441078690295", "title": "eccentricity", "name": "e", "label": "e", "sigma": ".00052213", "units": null}, {"value": "44.09351049838105", "title": "semi-major axis", "name": "a", "label": "a", "sigma": ".013293", "units": "au"}, {"value": "40.18001695457112", "sigma": ".025474", "units": "au", "label": "q", "name": "q", "title": "perihelion distance"}, {"name": "i", "title": "inclination; angle with respect to x-y ecliptic plane", "sigma": "4.7201E-5", "units": "deg", "label": "i", "value": "3.715078655946051"}, {"label": "node", "units": "deg", "sigma": ".015521", "title": "longitude of the ascending node", "name": "om", "value": "101.5574352919631"}, {"value": "190.322394184832", "label": "peri", "units": "deg", "sigma": ".18152", "title": "argument of perihelion", "name": "w"}, {"title": "mean anomaly", "name": "ma", "label": "M", "sigma": ".15666", "units": "deg", "value": "80.83269934240045"}, {"title": "time of perihelion passage", "name": "tp", "label": "tp", "sigma": "36.115", "units": "TDB", "value": "2436187.577301906535"}, {"label": "period", "sigma": "48.361", "units": "d", "title": "sidereal orbital period", "name": "per", "value": "106944.9893624811"}, {"title": "mean motion", "name": "n", "label": "n", "units": "deg/d", "sigma": "1.5222E-6", "value": ".003366216614224068"}, {"value": "48.00700404219098", "units": "au", "sigma": ".014473", "label": "Q", "name": "ad", "title": "aphelion distance"}], "soln_date": "2021-09-15 10:42:08", "producer": "Otto Matic", "n_obs_used": 15, "two_body": null, "epoch": "2460200.5", "n_dop_obs_used": null, "orbit_id": "1", "pe_used": "DE441", "comment": null, "covariance": {"data": [["2.854646944263835E-7", "-1.248648306452842E-5", ".001096098481964836", "3.45315530719776E-7", "-2.966210333232396E-5", "-1.499776713776742E-9"], ["-1.248648306452842E-5", ".0006850537287058973", ".3415860322950491", "-1.556964840581052E-5", ".003074157973919499", "1.244862601685874E-7"], [".001096098481964836", ".3415860322950491", "1098.907593470255", "2.427615433787985E-5", "4.876848658743765", ".0001585225526422239"], ["3.45315530719776E-7", "-1.556964840581052E-5", "2.427615433787985E-5", ".0002435647029274995", "-.0002844557363583176", "-4.96006453289915E-7"], ["-2.966210333232396E-5", ".003074157973919499", "4.876848658743765", "-.0002844557363583176", ".02607964620425796", "1.399054453291967E-6"], ["-1.499776713776742E-9", "1.244862601685874E-7", ".0001585225526422239", "-4.96006453289915E-7", "1.399054453291967E-6", "2.276046856534858E-9"]], "epoch": "2457429.5", "elements": [{"value": ".0880067463255888", "name": "e", "title": "eccentricity", "sigma": 0.000534288961542706, "units": null, "label": "e"}, {"label": "q", "units": "au", "sigma": 0.0261735310706427, "title": "perihelion distance", "name": "q", "value": "39.70899502977114"}, {"value": "2434330.202169449873", "sigma": 33.1497751647014, "units": "TDB", "label": "tp", "name": "tp", "title": "time of perihelion passage"}, {"value": "101.5551123213004", "name": "om", "title": "longitude of the ascending node", "sigma": 0.0156065596121471, "units": "deg", "label": "node"}, {"label": "peri", "sigma": 0.161491938511673, "units": "deg", "title": "argument of perihelion", "name": "w", "value": "182.5007635391459"}, {"value": "3.716085690670956", "name": "i", "title": "inclination", "units": "deg", "sigma": 4.77079328470104e-05, "label": "i"}], "labels": ["e", "q", "tp", "node", "peri", "i"]}, "sb_used": "SB441-N16", "model_pars": [], "equinox": "J2000", "moid": "39.1633"}, "object": {"kind": "au", "des": "2013 TD229", "spkid": "54197612", "neo": false, "fullname": "(2013 TD229)", "prefix": null, "orbit_class": {"code": "TNO", "name": "TransNeptunian Object"}, "orbit_id": "1", "pha": false}}