{"signature": {"version": "1.3", "source": "NASA/JPL Small-Body Database (SBDB) API"}, "object": {"pha": false, "kind": "an", "orbit_id": "7", "orbit_class": {"name": "TransNeptunian Object", "code": "TNO"}, "fullname": "53311 Deucalion (1999 HU11)", "des": "53311", "prefix": null, "shortname": "53311 Deucalion", "spkid": "20053311", "neo": false}, "orbit": {"first_obs": "1999-04-12", "n_del_obs_used": null, "data_arc": "7744", "n_dop_obs_used": null, "rms": ".7824", "orbit_id": "7", "pe_used": "DE441", "two_body": null, "not_valid_before": null, "epoch": "2460200.5", "comment": null, "elements": [{"label": "e", "value": ".06103396864309648", "units": null, "sigma": "1.1332E-5", "name": "e", "title": "eccentricity"}, {"label": "a", "value": "43.85513006852759", "units": "au", "name": "a", "sigma": ".0013961", "title": "semi-major axis"}, {"label": "q", "value": "41.17847743508616", "units": "au", "sigma": ".0011035", "name": "q", "title": "perihelion distance"}, {"title": "inclination; angle with respect to x-y ecliptic plane", "name": "i", "sigma": "9.5458E-5", "label": "i", "value": ".3689389003516321", "units": "deg"}, {"label": "node", "units": "deg", "value": "51.33819492908508", "name": "om", "sigma": ".0017953", "title": "longitude of the ascending node"}, {"title": "argument of perihelion", "sigma": ".021928", "name": "w", "units": "deg", "label": "peri", "value": "246.3594649336355"}, {"label": "M", "units": "deg", "value": "303.842085927059", "sigma": ".021056", "name": "ma", "title": "mean anomaly"}, {"title": "time of perihelion passage", "name": "tp", "sigma": "5.4195", "label": "tp", "value": "2476748.194681910747", "units": "TDB"}, {"sigma": "5.0653", "name": "per", "title": "sidereal orbital period", "label": "period", "units": "d", "value": "106078.9059534933"}, {"units": "deg/d", "label": "n", "value": ".003393700158991363", "title": "mean motion", "name": "n", "sigma": "1.6205E-7"}, {"sigma": ".0014813", "name": "ad", "title": "aphelion distance", "label": "Q", "units": "au", "value": "46.53178270196903"}], "n_obs_used": 128, "source": "JPL", "sb_used": "SB441-N16", "moid": "40.1621", "covariance": {"epoch": "2457365.5", "elements": [{"sigma": 1.32600104545477e-05, "name": "e", "title": "eccentricity", "units": null, "label": "e", "value": ".06215962620116514"}, {"units": "au", "label": "q", "value": "41.51402167110359", "title": "perihelion distance", "sigma": 0.000973309401212749, "name": "q"}, {"name": "tp", "sigma": 5.24043699626919, "title": "time of perihelion passage", "value": "2474439.153954685662", "label": "tp", "units": "TDB"}, {"label": "node", "units": "deg", "value": "51.41874988443391", "name": "om", "sigma": 0.00182490817661295, "title": "longitude of the ascending node"}, {"label": "peri", "units": "deg", "value": "237.2630174223535", "title": "argument of perihelion", "sigma": 0.0207483007510133, "name": "w"}, {"units": "deg", "label": "i", "value": ".3670884653182937", "name": "i", "sigma": 9.50056316589804e-05, "title": "inclination"}], "labels": ["e", "q", "tp", "node", "peri", "i"], "data": [["1.758278772547143E-10", "5.62042606541726E-9", "-4.282786627610037E-5", "-6.159417592738195E-12", "-1.633920095113283E-7", "6.132758284649526E-13"], ["5.62042606541726E-9", "9.473311904891196E-7", "-.004978509410312355", "-7.834256124894217E-10", "-1.974147264080616E-5", "6.785976785744892E-11"], ["-4.282786627610037E-5", "-.004978509410312355", "27.46217991186688", "4.241421925983529E-6", ".1082724904777864", "-3.746088891945042E-7"], ["-6.159417592738195E-12", "-7.834256124894217E-10", "4.241421925983529E-6", "3.330289853068812E-6", "-3.313463578594364E-6", "-1.498971668084328E-7"], ["-1.633920095113283E-7", "-1.974147264080616E-5", ".1082724904777864", "-3.313463578594364E-6", ".0004304919840545002", "1.484174132533399E-7"], ["6.132758284649526E-13", "6.785976785744892E-11", "-3.746088891945042E-7", "-1.498971668084328E-7", "1.484174132533399E-7", "9.026070046921853E-9"]]}, "not_valid_after": null, "condition_code": "2", "equinox": "J2000", "model_pars": [], "moid_jup": "36.0232", "soln_date": "2021-04-13 10:52:45", "last_obs": "2020-06-24", "producer": "Otto Matic", "t_jup": "5.914"}}