{"object": {"spkid": "20082157", "neo": false, "des": "82157", "prefix": null, "fullname": "82157 (2001 FM185)", "orbit_id": "12", "kind": "an", "pha": false, "orbit_class": {"name": "TransNeptunian Object", "code": "TNO"}}, "orbit": {"first_obs": "2001-03-26", "n_del_obs_used": null, "data_arc": "7348", "rms": ".7797", "n_dop_obs_used": null, "orbit_id": "12", "pe_used": "DE441", "two_body": null, "not_valid_before": null, "elements": [{"label": "e", "units": null, "value": ".057024707932567", "title": "eccentricity", "name": "e", "sigma": "9.9833E-6"}, {"label": "a", "units": "au", "value": "38.36000612876972", "title": "semi-major axis", "sigma": ".00095099", "name": "a"}, {"value": "36.17253798298515", "label": "q", "units": "au", "name": "q", "sigma": ".0010175", "title": "perihelion distance"}, {"label": "i", "units": "deg", "value": "5.375967015205684", "sigma": "6.1827E-5", "name": "i", "title": "inclination; angle with respect to x-y ecliptic plane"}, {"title": "longitude of the ascending node", "sigma": ".00044149", "name": "om", "label": "node", "value": "150.839464504735", "units": "deg"}, {"title": "argument of perihelion", "sigma": ".018967", "name": "w", "value": "119.2132312530478", "label": "peri", "units": "deg"}, {"label": "M", "value": "291.6643178937856", "units": "deg", "title": "mean anomaly", "sigma": ".018101", "name": "ma"}, {"title": "time of perihelion passage", "name": "tp", "sigma": "3.7513", "value": "2476673.073791169882", "label": "tp", "units": "TDB"}, {"value": "86779.35716810341", "label": "period", "units": "d", "sigma": "3.227", "name": "per", "title": "sidereal orbital period"}, {"value": ".004148452025320159", "label": "n", "units": "deg/d", "name": "n", "sigma": "1.5427E-7", "title": "mean motion"}, {"name": "ad", "sigma": ".0010052", "title": "aphelion distance", "label": "Q", "units": "au", "value": "40.54747427455429"}], "comment": null, "epoch": "2460200.5", "sb_used": "SB441-N16", "source": "JPL", "moid": "35.1592", "n_obs_used": 149, "covariance": {"epoch": "2457617.5", "elements": [{"sigma": 9.79887096615378e-06, "name": "e", "title": "eccentricity", "label": "e", "units": null, "value": ".06106480800531627"}, {"label": "q", "units": "au", "value": "36.46449984253367", "title": "perihelion distance", "name": "q", "sigma": 0.000906205765277557}, {"title": "time of perihelion passage", "sigma": 3.6447987987533, "name": "tp", "label": "tp", "units": "TDB", "value": "2474378.343690609621"}, {"title": "longitude of the ascending node", "sigma": 0.000441746255051115, "name": "om", "label": "node", "value": "150.7061299355134", "units": "deg"}, {"label": "peri", "value": "108.7098643540879", "units": "deg", "title": "argument of perihelion", "name": "w", "sigma": 0.0179693110555077}, {"label": "i", "value": "5.35917252715008", "units": "deg", "title": "inclination", "name": "i", "sigma": 6.14237094389575e-05}], "labels": ["e", "q", "tp", "node", "peri", "i"], "data": [["9.601787221133143E-11", "-1.612462991128696E-9", "-3.793557663929258E-6", "-1.743182864577156E-11", "-1.145285004006673E-8", "-1.733676181995669E-12"], ["-1.612462991128696E-9", "8.212088890222828E-7", "-.003163005736536197", "1.472058977226822E-8", "-1.577155647730829E-5", "2.610988835643928E-9"], ["-3.793557663929258E-6", "-.003163005736536197", "13.28455828339353", "-5.772694267748458E-5", ".06541778793512128", "-1.038337589405153E-5"], ["-1.743182864577156E-11", "1.472058977226822E-8", "-5.772694267748458E-5", "1.951397538516846E-7", "-4.810995589279885E-7", "2.686098957865488E-8"], ["-1.145285004006673E-8", "-1.577155647730829E-5", ".06541778793512128", "-4.810995589279885E-7", ".0003228961398095912", "-7.82274928598284E-8"], ["-1.733676181995669E-12", "2.610988835643928E-9", "-1.038337589405153E-5", "2.686098957865488E-8", "-7.82274928598284E-8", "3.772872081241481E-9"]]}, "equinox": "J2000", "not_valid_after": null, "condition_code": "2", "model_pars": [], "moid_jup": "30.912", "soln_date": "2021-07-08 23:16:22", "producer": "Otto Matic", "last_obs": "2021-05-08", "t_jup": "5.533"}, "signature": {"version": "1.3", "source": "NASA/JPL Small-Body Database (SBDB) API"}}