{"orbit": {"rms": ".36405", "n_dop_obs_used": null, "data_arc": "2115", "first_obs": "2014-10-28", "n_del_obs_used": null, "two_body": null, "pe_used": "DE441", "orbit_id": "5", "elements": [{"title": "eccentricity", "name": "e", "sigma": ".00037815", "label": "e", "value": ".3616528222721258", "units": null}, {"value": "52.79066727837269", "label": "a", "units": "au", "title": "semi-major axis", "name": "a", "sigma": ".02276"}, {"value": "33.69877346752045", "label": "q", "units": "au", "title": "perihelion distance", "sigma": ".0086689", "name": "q"}, {"title": "inclination; angle with respect to x-y ecliptic plane", "sigma": ".00046094", "name": "i", "label": "i", "units": "deg", "value": "20.792400197121"}, {"label": "node", "value": "191.80347443984", "units": "deg", "sigma": ".00011688", "name": "om", "title": "longitude of the ascending node"}, {"title": "argument of perihelion", "name": "w", "sigma": ".03103", "units": "deg", "label": "peri", "value": "69.35620675812426"}, {"value": "68.441303847898", "label": "M", "units": "deg", "title": "mean anomaly", "sigma": ".075595", "name": "ma"}, {"units": "TDB", "label": "tp", "value": "2433565.670076087470", "name": "tp", "sigma": "12.56", "title": "time of perihelion passage"}, {"sigma": "90.604", "name": "per", "title": "sidereal orbital period", "label": "period", "value": "140098.7157392239", "units": "d"}, {"title": "mean motion", "name": "n", "sigma": "1.6618E-6", "units": "deg/d", "label": "n", "value": ".002569616702769029"}, {"name": "ad", "sigma": ".030992", "title": "aphelion distance", "label": "Q", "units": "au", "value": "71.88256108922494"}], "comment": null, "epoch": "2460200.5", "not_valid_before": null, "covariance": {"epoch": "2458498.5", "elements": [{"title": "eccentricity", "name": "e", "sigma": 0.000373326314439027, "label": "e", "units": null, "value": ".3665590796273169"}, {"label": "q", "units": "au", "value": "33.25333601774802", "sigma": 0.00848062382286572, "name": "q", "title": "perihelion distance"}, {"label": "tp", "units": "TDB", "value": "2433552.670021676051", "title": "time of perihelion passage", "sigma": 12.5411167226342, "name": "tp"}, {"units": "deg", "label": "node", "value": "191.7871544132265", "name": "om", "sigma": 0.000116249815374554, "title": "longitude of the ascending node"}, {"label": "peri", "units": "deg", "value": "68.22090987895878", "name": "w", "sigma": 0.0313939490283209, "title": "argument of perihelion"}, {"title": "inclination", "name": "i", "sigma": 0.000462849456485496, "label": "i", "units": "deg", "value": "20.90614950653704"}], "data": [["1.393725370526269E-7", "-2.377230047777867E-6", ".004668065852685086", "-1.280774025628186E-8", "9.469589058970969E-6", "3.297841593355076E-8"], ["-2.377230047777867E-6", "7.192098042495763E-5", "-.07436656242241743", "8.354067878895078E-8", "-5.795989610587857E-5", "-4.115329850423757E-7"], [".004668065852685086", "-.07436656242241743", "157.2796086507358", "-.0004510811762674832", ".3346427966744798", ".001129328936879093"], ["-1.280774025628186E-8", "8.354067878895078E-8", "-.0004510811762674832", "1.35140195746178E-8", "-1.325275792714014E-6", "-5.001564333407051E-8"], ["9.469589058970969E-6", "-5.795989610587857E-5", ".3346427966744798", "-1.325275792714014E-6", ".0009855800355928134", "2.780981970623492E-6"], ["3.297841593355076E-8", "-4.115329850423757E-7", ".001129328936879093", "-5.001564333407051E-8", "2.780981970623492E-6", "2.142296193689195E-7"]], "labels": ["e", "q", "tp", "node", "peri", "i"]}, "moid": "32.7421", "source": "JPL", "sb_used": "SB441-N16", "n_obs_used": 36, "model_pars": [], "not_valid_after": null, "equinox": "J2000", "condition_code": "4", "soln_date": "2023-10-09 19:27:19", "moid_jup": "28.7106", "last_obs": "2020-08-12", "producer": "Otto Matic", "t_jup": "5.651"}, "object": {"fullname": "(2014 UP250)", "prefix": null, "des": "2014 UP250", "orbit_class": {"name": "TransNeptunian Object", "code": "TNO"}, "pha": false, "kind": "au", "orbit_id": "5", "neo": false, "spkid": "3989623"}, "signature": {"version": "1.3", "source": "NASA/JPL Small-Body Database (SBDB) API"}}