{"signature": {"version": "1.3", "source": "NASA/JPL Small-Body Database (SBDB) API"}, "object": {"des": "84719", "prefix": null, "fullname": "84719 (2002 VR128)", "orbit_class": {"name": "TransNeptunian Object", "code": "TNO"}, "orbit_id": "17", "kind": "an", "pha": false, "neo": false, "spkid": "20084719"}, "orbit": {"covariance": {"data": [["1.401998373289951E-11", "3.536440735012381E-10", "6.724842922725673E-7", "2.787201280658273E-12", "4.379262261850963E-9", "2.907231953922747E-12"], ["3.536440735012381E-10", "2.212750309542553E-7", ".0001137147871196557", "-3.283746765029155E-10", "1.278925090742094E-6", "4.266888321711417E-10"], ["6.724842922725673E-7", ".0001137147871196557", ".07663344991617832", "-4.61374767564864E-8", ".0007435718998317102", "2.996154347104871E-7"], ["2.787201280658273E-12", "-3.283746765029155E-10", "-4.61374767564864E-8", "6.993097050940547E-9", "-8.098869649804847E-9", "2.582171379196104E-9"], ["4.379262261850963E-9", "1.278925090742094E-6", ".0007435718998317102", "-8.098869649804847E-9", "7.808302817019156E-6", "3.441018314951238E-10"], ["2.907231953922747E-12", "4.266888321711417E-10", "2.996154347104871E-7", "2.582171379196104E-9", "3.441018314951238E-10", "1.007610000945934E-9"]], "labels": ["e", "q", "tp", "node", "peri", "i"], "epoch": "2457586.5", "elements": [{"label": "e", "units": null, "value": ".2631861018629268", "title": "eccentricity", "name": "e", "sigma": 3.74432687313748e-06}, {"title": "perihelion distance", "name": "q", "sigma": 0.000470398799907329, "label": "q", "value": "28.96341781664984", "units": "au"}, {"label": "tp", "value": "2439012.908505432049", "units": "TDB", "title": "time of perihelion passage", "name": "tp", "sigma": 0.276827473196174}, {"sigma": 8.36247394671012e-05, "name": "om", "title": "longitude of the ascending node", "value": "23.1593223795059", "label": "node", "units": "deg"}, {"title": "argument of perihelion", "name": "w", "sigma": 0.00279433405608906, "label": "peri", "units": "deg", "value": "287.7088758501966"}, {"name": "i", "sigma": 3.17428732307889e-05, "title": "inclination", "units": "deg", "label": "i", "value": "14.04273267356766"}]}, "source": "JPL", "sb_used": "SB441-N16", "moid": "28.2139", "n_obs_used": 296, "not_valid_before": null, "epoch": "2460200.5", "comment": null, "elements": [{"title": "eccentricity", "name": "e", "sigma": "3.9783E-6", "units": null, "label": "e", "value": ".2646605443807524"}, {"title": "semi-major axis", "sigma": ".00072299", "name": "a", "label": "a", "units": "au", "value": "39.71089347529448"}, {"label": "q", "units": "au", "value": "29.20098679027697", "name": "q", "sigma": ".00046257", "title": "perihelion distance"}, {"sigma": "3.1547E-5", "name": "i", "title": "inclination; angle with respect to x-y ecliptic plane", "value": "13.9770178427802", "label": "i", "units": "deg"}, {"name": "om", "sigma": "8.3995E-5", "title": "longitude of the ascending node", "label": "node", "value": "22.94948950803631", "units": "deg"}, {"title": "argument of perihelion", "name": "w", "sigma": ".002783", "label": "peri", "units": "deg", "value": "289.9048776411289"}, {"label": "M", "units": "deg", "value": "82.32705746588127", "sigma": ".0033539", "name": "ma", "title": "mean anomaly"}, {"title": "time of perihelion passage", "sigma": ".2847", "name": "tp", "label": "tp", "value": "2439297.770178701372", "units": "TDB"}, {"label": "period", "units": "d", "value": "91403.51868868966", "title": "sidereal orbital period", "sigma": "2.4962", "name": "per"}, {"sigma": "1.0756E-7", "name": "n", "title": "mean motion", "value": ".003938579227197155", "label": "n", "units": "deg/d"}, {"name": "ad", "sigma": ".00091433", "title": "aphelion distance", "units": "au", "label": "Q", "value": "50.22080016031198"}], "orbit_id": "17", "two_body": null, "pe_used": "DE441", "data_arc": "14344", "first_obs": "1983-10-01", "n_del_obs_used": null, "n_dop_obs_used": null, "rms": ".43554", "t_jup": "5.301", "producer": "Otto Matic", "last_obs": "2023-01-08", "soln_date": "2023-07-29 07:19:54", "moid_jup": "24.267", "not_valid_after": null, "condition_code": "2", "equinox": "J2000", "model_pars": []}}