{"orbit": {"t_jup": "6.028", "rms": ".28394", "not_valid_before": null, "condition_code": "4", "first_obs": "2005-02-10", "data_arc": "6610", "moid_jup": "38.7323", "source": "JPL", "last_obs": "2023-03-18", "n_obs_used": 30, "two_body": null, "orbit_id": "7", "n_dop_obs_used": null, "epoch": "2460200.5", "n_del_obs_used": null, "not_valid_after": null, "soln_date": "2023-03-24 00:57:23", "producer": "Otto Matic", "elements": [{"value": ".03656718280063519", "label": "e", "units": null, "sigma": ".00014074", "title": "eccentricity", "name": "e"}, {"label": "a", "units": "au", "sigma": ".010402", "title": "semi-major axis", "name": "a", "value": "45.59845093513703"}, {"title": "perihelion distance", "name": "q", "label": "q", "sigma": ".004383", "units": "au", "value": "43.93104404436608"}, {"value": "1.793014467119823", "label": "i", "sigma": "4.4085E-5", "units": "deg", "title": "inclination; angle with respect to x-y ecliptic plane", "name": "i"}, {"value": "40.841781260331", "name": "om", "title": "longitude of the ascending node", "sigma": ".010031", "units": "deg", "label": "node"}, {"label": "peri", "sigma": ".18225", "units": "deg", "title": "argument of perihelion", "name": "w", "value": "58.74276734945929"}, {"value": "52.72945795060633", "label": "M", "units": "deg", "sigma": ".18409", "title": "mean anomaly", "name": "ma"}, {"value": "2443727.436722900169", "units": "TDB", "sigma": "52.347", "label": "tp", "name": "tp", "title": "time of perihelion passage"}, {"label": "period", "sigma": "38.486", "units": "d", "title": "sidereal orbital period", "name": "per", "value": "112466.5985626303"}, {"value": ".003200950367495318", "title": "mean motion", "name": "n", "label": "n", "sigma": "1.0954E-6", "units": "deg/d"}, {"name": "ad", "title": "aphelion distance", "sigma": ".010783", "units": "au", "label": "Q", "value": "47.26585782590798"}], "equinox": "J2000", "moid": "42.9469", "model_pars": [], "pe_used": "DE441", "sb_used": "SB441-N16", "covariance": {"data": [["2.280545267738036E-8", "4.334272945609351E-7", ".005264393241687631", "1.581862185474069E-9", "1.802114861794761E-5", "2.32646051851454E-10"], ["4.334272945609351E-7", "1.421975646475548E-5", ".1879553842999835", "-1.161004078305209E-7", ".0006467026063035413", "6.459911404746412E-9"], [".005264393241687631", ".1879553842999835", "2512.555870381484", "-.001789201965728518", "8.649208206051807", "8.350805335282087E-5"], ["1.581862185474069E-9", "-1.161004078305209E-7", "-.001789201965728518", ".0001009684965063455", "-.0001071205188622311", "-2.88061811656409E-7"], ["1.802114861794761E-5", ".0006467026063035413", "8.649208206051807", "-.0001071205188622311", ".02987574401307894", "5.748792975255774E-7"], ["2.32646051851454E-10", "6.459911404746412E-9", "8.350805335282087E-5", "-2.88061811656409E-7", "5.748792975255774E-7", "1.879057095851895E-9"]], "epoch": "2454465.5", "elements": [{"value": ".03406790555467912", "label": "e", "sigma": 0.00015101474324509, "units": null, "title": "eccentricity", "name": "e"}, {"value": "44.10566084754798", "units": "au", "sigma": 0.00377090923581508, "label": "q", "name": "q", "title": "perihelion distance"}, {"value": "2445930.842187625598", "name": "tp", "title": "time of perihelion passage", "sigma": 50.1254014485818, "units": "TDB", "label": "tp"}, {"title": "longitude of the ascending node", "name": "om", "label": "node", "sigma": 0.0100483081414906, "units": "deg", "value": "41.02670874335087"}, {"title": "argument of perihelion", "name": "w", "label": "peri", "sigma": 0.172846012430368, "units": "deg", "value": "66.25700304391144"}, {"value": "1.79100959448017", "name": "i", "title": "inclination", "units": "deg", "sigma": 4.33480921823775e-05, "label": "i"}], "labels": ["e", "q", "tp", "node", "peri", "i"]}, "comment": null}, "signature": {"version": "1.3", "source": "NASA/JPL Small-Body Database (SBDB) API"}, "object": {"kind": "au", "des": "2006 CH69", "spkid": "3485899", "fullname": "(2006 CH69)", "neo": false, "orbit_class": {"name": "TransNeptunian Object", "code": "TNO"}, "orbit_id": "7", "prefix": null, "pha": false}}