{"signature": {"version": "1.3", "source": "NASA/JPL Small-Body Database (SBDB) API"}, "orbit": {"epoch": "2460200.5", "n_dop_obs_used": null, "orbit_id": "2", "two_body": null, "n_obs_used": 35, "elements": [{"title": "eccentricity", "name": "e", "label": "e", "sigma": ".00028846", "units": null, "value": ".2166916421747949"}, {"sigma": ".0087816", "units": "au", "label": "a", "name": "a", "title": "semi-major axis", "value": "48.25056355781962"}, {"value": "37.79506970461637", "label": "q", "units": "au", "sigma": ".0094688", "title": "perihelion distance", "name": "q"}, {"value": "17.13183110245546", "sigma": ".00097255", "units": "deg", "label": "i", "name": "i", "title": "inclination; angle with respect to x-y ecliptic plane"}, {"value": "51.46853622387153", "units": "deg", "sigma": "9.6079E-5", "label": "node", "name": "om", "title": "longitude of the ascending node"}, {"sigma": ".15141", "units": "deg", "label": "peri", "name": "w", "title": "argument of perihelion", "value": "331.5273252312184"}, {"value": "25.50050681336755", "label": "M", "sigma": ".087722", "units": "deg", "title": "mean anomaly", "name": "ma"}, {"value": "2451528.918236816206", "label": "tp", "sigma": "30.907", "units": "TDB", "title": "time of perihelion passage", "name": "tp"}, {"value": "122419.8976747283", "title": "sidereal orbital period", "name": "per", "label": "period", "units": "d", "sigma": "33.421"}, {"value": ".00294069842270679", "label": "n", "units": "deg/d", "sigma": "8.0281E-7", "title": "mean motion", "name": "n"}, {"name": "ad", "title": "aphelion distance", "sigma": ".010685", "units": "au", "label": "Q", "value": "58.70605741102286"}], "producer": "Otto Matic", "soln_date": "2021-04-15 15:18:29", "not_valid_after": null, "n_del_obs_used": null, "model_pars": [], "moid": "36.8083", "equinox": "J2000", "comment": null, "covariance": {"elements": [{"value": ".2070229873321549", "title": "eccentricity", "name": "e", "label": "e", "sigma": 0.000291150218708986, "units": null}, {"value": "37.79472224889988", "sigma": 0.00966614212505015, "units": "au", "label": "q", "name": "q", "title": "perihelion distance"}, {"value": "2451394.734787157791", "units": "TDB", "sigma": 32.2373572741051, "label": "tp", "name": "tp", "title": "time of perihelion passage"}, {"value": "51.50450281621914", "name": "om", "title": "longitude of the ascending node", "sigma": 9.56441453582503e-05, "units": "deg", "label": "node"}, {"value": "331.0247140065933", "label": "peri", "sigma": 0.157304640003399, "units": "deg", "title": "argument of perihelion", "name": "w"}, {"name": "i", "title": "inclination", "sigma": 0.000976398925825121, "units": "deg", "label": "i", "value": "17.20124992651461"}], "labels": ["e", "q", "tp", "node", "peri", "i"], "epoch": "2457490.5", "data": [["8.476844985429018E-8", "-2.530033343797919E-6", "-.008638696149665333", "1.15318465487235E-10", "-4.222036714664424E-5", "-1.262843601836936E-9"], ["-2.530033343797919E-6", "9.343430358166896E-5", ".3109386729383902", "-9.095672975697868E-9", ".00151713275659793", "1.17223619237516E-8"], ["-.008638696149665333", ".3109386729383902", "1039.247204018298", "-2.805329258955729E-5", "5.071028116985534", "5.469507617985698E-5"], ["1.15318465487235E-10", "-9.095672975697868E-9", "-2.805329258955729E-5", "9.147802541310113E-9", "-1.452296295010718E-7", "-5.412492914210384E-8"], ["-4.222036714664424E-5", ".00151713275659793", "5.071028116985534", "-1.452296295010718E-7", ".02474474976659887", "3.214809186873996E-7"], ["-1.262843601836936E-9", "1.17223619237516E-8", "5.469507617985698E-5", "-5.412492914210384E-8", "3.214809186873996E-7", "9.533548623524512E-7"]]}, "sb_used": "SB441-N16", "pe_used": "DE441", "t_jup": "5.790", "data_arc": "1125", "first_obs": "2014-11-17", "condition_code": "4", "not_valid_before": null, "rms": ".19704", "moid_jup": "32.8772", "last_obs": "2017-12-16", "source": "JPL"}, "object": {"spkid": "3830995", "kind": "au", "des": "2015 VG166", "orbit_id": "2", "orbit_class": {"code": "TNO", "name": "TransNeptunian Object"}, "prefix": null, "neo": false, "fullname": "(2015 VG166)", "pha": false}}