{"signature": {"version": "1.3", "source": "NASA/JPL Small-Body Database (SBDB) API"}, "orbit": {"epoch": "2460200.5", "orbit_id": "8", "n_dop_obs_used": null, "n_obs_used": 23, "two_body": null, "elements": [{"sigma": ".00036921", "units": null, "label": "e", "name": "e", "title": "eccentricity", "value": ".1547670836363766"}, {"value": "43.41971713838052", "sigma": ".057257", "units": "au", "label": "a", "name": "a", "title": "semi-major axis"}, {"title": "perihelion distance", "name": "q", "label": "q", "sigma": ".033812", "units": "au", "value": "36.69977414455697"}, {"value": "1.020843887379096", "name": "i", "title": "inclination; angle with respect to x-y ecliptic plane", "units": "deg", "sigma": ".00053465", "label": "i"}, {"title": "longitude of the ascending node", "name": "om", "label": "node", "units": "deg", "sigma": ".0045623", "value": "30.66238868768669"}, {"value": "269.8828599709065", "sigma": ".33943", "units": "deg", "label": "peri", "name": "w", "title": "argument of perihelion"}, {"name": "ma", "title": "mean anomaly", "sigma": ".31763", "units": "deg", "label": "M", "value": "312.1370407322146"}, {"value": "2474094.457227205472", "name": "tp", "title": "time of perihelion passage", "units": "TDB", "sigma": "64.721", "label": "tp"}, {"units": "d", "sigma": "206.71", "label": "period", "name": "per", "title": "sidereal orbital period", "value": "104503.0369687253"}, {"value": ".003444875961908527", "label": "n", "sigma": "6.8141E-6", "units": "deg/d", "title": "mean motion", "name": "n"}, {"value": "50.13966013220407", "title": "aphelion distance", "name": "ad", "label": "Q", "sigma": ".066119", "units": "au"}], "soln_date": "2021-04-14 20:50:27", "producer": "Otto Matic", "n_del_obs_used": null, "not_valid_after": null, "model_pars": [], "moid": "35.6838", "equinox": "J2000", "covariance": {"data": [["1.844466195842882E-7", "1.224009430287423E-5", "-.0261101356254838", "-4.752864638003327E-8", "-.0001318705024798013", "-1.071817094770492E-8"], ["1.224009430287423E-5", ".001021249704990064", "-2.012772371225348", "-3.501731569523454E-6", "-.01036987747581557", "-8.386936076473047E-7"], ["-.0261101356254838", "-2.012772371225348", "4071.683143410676", ".007193397097641762", "20.83771178193724", ".001687846776342997"], ["-4.752864638003327E-8", "-3.501731569523454E-6", ".007193397097641762", "2.088588104283432E-5", "1.580160528478341E-5", "9.258489729163384E-7"], ["-.0001318705024798013", "-.01036987747581557", "20.83771178193724", "1.580160528478341E-5", ".106844024470505", "7.726622948776248E-6"], ["-1.071817094770492E-8", "-8.386936076473047E-7", ".001687846776342997", "9.258489729163384E-7", "7.726622948776248E-6", "2.828338405469372E-7"]], "epoch": "2454033.5", "labels": ["e", "q", "tp", "node", "peri", "i"], "elements": [{"name": "e", "title": "eccentricity", "units": null, "sigma": 0.000429472489903938, "label": "e", "value": ".1573910035254546"}, {"title": "perihelion distance", "name": "q", "label": "q", "units": "au", "sigma": 0.031956997746817, "value": "37.00749722906573"}, {"value": "2473281.683810864302", "label": "tp", "units": "TDB", "sigma": 63.8097417594733, "title": "time of perihelion passage", "name": "tp"}, {"name": "om", "title": "longitude of the ascending node", "units": "deg", "sigma": 0.00457010733384177, "label": "node", "value": "30.61128763339209"}, {"value": "265.9713241782629", "title": "argument of perihelion", "name": "w", "label": "peri", "sigma": 0.326870042173499, "units": "deg"}, {"value": "1.01711128912265", "label": "i", "units": "deg", "sigma": 0.00053182124867942, "title": "inclination", "name": "i"}]}, "comment": null, "sb_used": "SB441-N16", "pe_used": "DE441", "t_jup": "5.827", "data_arc": "5079", "first_obs": "1999-04-18", "condition_code": "5", "rms": ".19657", "not_valid_before": null, "moid_jup": "31.5643", "last_obs": "2013-03-14", "source": "JPL"}, "object": {"des": "1999 HG12", "kind": "au", "spkid": "3031872", "fullname": "(1999 HG12)", "neo": false, "prefix": null, "orbit_id": "8", "orbit_class": {"name": "TransNeptunian Object", "code": "TNO"}, "pha": false}}