{"object": {"des": "523739", "prefix": null, "fullname": "523739 (2014 TZ33)", "orbit_class": {"name": "TransNeptunian Object", "code": "TNO"}, "kind": "an", "orbit_id": "22", "pha": false, "neo": false, "spkid": "20523739"}, "orbit": {"moid_jup": "4.68423", "soln_date": "2021-04-14 19:23:50", "model_pars": [], "not_valid_after": null, "equinox": "J2000", "condition_code": "2", "t_jup": "0.390", "last_obs": "2017-09-13", "producer": "Otto Matic", "pe_used": "DE441", "two_body": null, "orbit_id": "22", "n_dop_obs_used": null, "rms": ".60414", "first_obs": "2011-07-17", "n_del_obs_used": null, "data_arc": "2250", "n_obs_used": 96, "source": "JPL", "sb_used": "SB441-N16", "moid": "8.4918", "covariance": {"data": [["6.177042781334796E-11", "8.893371554178963E-11", "-3.187545202784637E-9", "-1.281559846304899E-11", "-1.636307093948568E-10", "2.870594331999575E-11"], ["8.893371554178963E-11", "1.330588271836982E-10", "-3.859286714564443E-9", "-1.886129028394174E-11", "-1.97841128595466E-10", "4.217681937801864E-11"], ["-3.187545202784637E-9", "-3.859286714564443E-9", "6.664101959210654E-6", "1.286955122378699E-9", "2.845045298648051E-7", "-1.140993929640478E-9"], ["-1.281559846304899E-11", "-1.886129028394174E-11", "1.286955122378699E-9", "6.817281444723433E-11", "5.533127211991652E-11", "-7.04275905815321E-11"], ["-1.636307093948568E-10", "-1.97841128595466E-10", "2.845045298648051E-7", "5.533127211991652E-11", "1.221606076923025E-8", "-5.60836531935071E-11"], ["2.870594331999575E-11", "4.217681937801864E-11", "-1.140993929640478E-9", "-7.04275905815321E-11", "-5.60836531935071E-11", "4.388960380576586E-10"]], "labels": ["e", "q", "tp", "node", "peri", "i"], "epoch": "2457376.5", "elements": [{"title": "eccentricity", "name": "e", "sigma": 7.85941650590856e-06, "label": "e", "value": ".7541121122594346", "units": null}, {"title": "perihelion distance", "name": "q", "sigma": 1.15351127945806e-05, "units": "au", "label": "q", "value": "9.40585150964732"}, {"units": "TDB", "label": "tp", "value": "2457158.577940200017", "title": "time of perihelion passage", "sigma": 0.00258149219623276, "name": "tp"}, {"label": "node", "value": "171.7882849303763", "units": "deg", "title": "longitude of the ascending node", "sigma": 8.25668301724332e-06, "name": "om"}, {"label": "peri", "units": "deg", "value": "159.0850753733684", "name": "w", "sigma": 0.000110526289946014, "title": "argument of perihelion"}, {"name": "i", "sigma": 2.09498457764648e-05, "title": "inclination", "value": "86.01090947103866", "label": "i", "units": "deg"}]}, "elements": [{"title": "eccentricity", "name": "e", "sigma": "7.8795E-6", "units": null, "label": "e", "value": ".7548536363174172"}, {"label": "a", "value": "38.51387168569654", "units": "au", "title": "semi-major axis", "name": "a", "sigma": ".0012839"}, {"label": "q", "value": "9.441535595086092", "units": "au", "title": "perihelion distance", "name": "q", "sigma": "1.1496E-5"}, {"label": "i", "value": "85.91006799061641", "units": "deg", "title": "inclination; angle with respect to x-y ecliptic plane", "name": "i", "sigma": "2.0945E-5"}, {"label": "node", "value": "171.726683524102", "units": "deg", "name": "om", "sigma": "8.2326E-6", "title": "longitude of the ascending node"}, {"sigma": ".0001111", "name": "w", "title": "argument of perihelion", "value": "159.359066036831", "label": "peri", "units": "deg"}, {"name": "ma", "sigma": ".00062501", "title": "mean anomaly", "units": "deg", "label": "M", "value": "12.53353469434446"}, {"name": "tp", "sigma": ".0026015", "title": "time of perihelion passage", "value": "2457161.048188070223", "label": "tp", "units": "TDB"}, {"value": "87302.00051135292", "label": "period", "units": "d", "title": "sidereal orbital period", "name": "per", "sigma": "4.3656"}, {"sigma": "2.062E-7", "name": "n", "title": "mean motion", "units": "deg/d", "label": "n", "value": ".004123616846021585"}, {"units": "au", "label": "Q", "value": "67.58620777630699", "title": "aphelion distance", "name": "ad", "sigma": ".0022531"}], "comment": null, "epoch": "2460200.5", "not_valid_before": null}, "signature": {"version": "1.3", "source": "NASA/JPL Small-Body Database (SBDB) API"}}