{"orbit": {"producer": "Otto Matic", "last_obs": "2017-05-27", "t_jup": "5.919", "not_valid_after": null, "condition_code": "4", "equinox": "J2000", "model_pars": [], "soln_date": "2021-04-14 18:07:25", "moid_jup": "34.368", "not_valid_before": null, "comment": null, "elements": [{"value": ".1050200485632174", "label": "e", "units": null, "name": "e", "sigma": ".00056472", "title": "eccentricity"}, {"title": "semi-major axis", "name": "a", "sigma": ".010011", "label": "a", "value": "44.3478993102644", "units": "au"}, {"value": "39.69048077102376", "label": "q", "units": "au", "sigma": ".018791", "name": "q", "title": "perihelion distance"}, {"units": "deg", "label": "i", "value": "2.300926010871114", "sigma": ".00094914", "name": "i", "title": "inclination; angle with respect to x-y ecliptic plane"}, {"value": "25.33960125841464", "label": "node", "units": "deg", "sigma": ".0052143", "name": "om", "title": "longitude of the ascending node"}, {"name": "w", "sigma": ".061036", "title": "argument of perihelion", "label": "peri", "units": "deg", "value": "105.6852403645224"}, {"units": "deg", "label": "M", "value": "86.49162409454441", "sigma": ".1006", "name": "ma", "title": "mean anomaly"}, {"title": "time of perihelion passage", "name": "tp", "sigma": "21.382", "label": "tp", "units": "TDB", "value": "2434283.808598858126"}, {"sigma": "36.526", "name": "per", "title": "sidereal orbital period", "label": "period", "units": "d", "value": "107871.8199835443"}, {"label": "n", "units": "deg/d", "value": ".003337294207652356", "title": "mean motion", "sigma": "1.13E-6", "name": "n"}, {"value": "49.00531784950503", "label": "Q", "units": "au", "title": "aphelion distance", "sigma": ".011062", "name": "ad"}], "epoch": "2460200.5", "covariance": {"data": [["3.215687186227596E-7", "-1.018018367978311E-5", ".00749957788340433", "-2.115990108626174E-8", "3.033794222094191E-7", "-4.039012580556183E-9"], ["-1.018018367978311E-5", ".0003523003181012361", "-.1710399816960132", "4.786133736649402E-7", ".000303713220838432", "9.129550373212381E-8"], [".00749957788340433", "-.1710399816960132", "323.2041063931542", "-.0009054737412331932", ".7051192362385978", "-.0001729715633931294"], ["-2.115990108626174E-8", "4.786133736649402E-7", "-.0009054737412331932", "2.744434999961419E-5", "-2.939836607379844E-5", "4.925046172330516E-6"], ["3.033794222094191E-7", ".000303713220838432", ".7051192362385978", "-2.939836607379844E-5", ".003315814979876088", "-5.298918754031931E-6"], ["-4.039012580556183E-9", "9.129550373212381E-8", "-.0001729715633931294", "4.925046172330516E-6", "-5.298918754031931E-6", "8.957408064709741E-7"]], "labels": ["e", "q", "tp", "node", "peri", "i"], "elements": [{"sigma": 0.000567070294251744, "name": "e", "title": "eccentricity", "value": ".1083407997910888", "label": "e", "units": null}, {"units": "au", "label": "q", "value": "39.78696726473883", "name": "q", "sigma": 0.018769664837211, "title": "perihelion distance"}, {"value": "2435009.311059248423", "label": "tp", "units": "TDB", "title": "time of perihelion passage", "sigma": 17.9778782505933, "name": "tp"}, {"title": "longitude of the ascending node", "sigma": 0.00523873553442185, "name": "om", "label": "node", "value": "25.25219896092377", "units": "deg"}, {"units": "deg", "label": "peri", "value": "108.5333739775328", "title": "argument of perihelion", "name": "w", "sigma": 0.0575831136695133}, {"sigma": 0.000946435843821954, "name": "i", "title": "inclination", "label": "i", "value": "2.291276445537108", "units": "deg"}], "epoch": "2456683.5"}, "moid": "38.7046", "source": "JPL", "sb_used": "SB441-N16", "n_obs_used": 35, "data_arc": "1542", "n_del_obs_used": null, "first_obs": "2013-03-07", "rms": ".25181", "n_dop_obs_used": null, "orbit_id": "9", "two_body": null, "pe_used": "DE441"}, "object": {"spkid": "20500837", "neo": false, "fullname": "500837 (2013 GT137)", "prefix": null, "des": "500837", "pha": false, "kind": "an", "orbit_id": "9", "orbit_class": {"code": "TNO", "name": "TransNeptunian Object"}}, "signature": {"version": "1.3", "source": "NASA/JPL Small-Body Database (SBDB) API"}}