{"orbit": {"moid_jup": "31.136", "source": "JPL", "last_obs": "2019-02-03", "t_jup": "6.376", "rms": ".18105", "not_valid_before": null, "data_arc": "1419", "first_obs": "2015-03-17", "condition_code": "7", "model_pars": [], "equinox": "J2000", "moid": "35.1682", "pe_used": "DE441", "covariance": {"epoch": "2457327.5", "data": [["3.030719311123895E-5", "-.001070816069298233", "-8.828459411946222", "-3.157749445992405E-5", "-.009338038250352756", "5.235931205568091E-6"], ["-.001070816069298233", ".04078400765103084", "304.4136635146712", ".001347352303456006", ".3148428764871153", "-.0002241475192897493"], ["-8.828459411946222", "304.4136635146712", "2591086.298224786", "8.62347592595837", "2758.790896350741", "-1.428030759555467"], ["-3.157749445992405E-5", ".001347352303456006", "8.62347592595837", ".002522616875173096", ".006095095030723727", "-.0004198611446673671"], ["-.009338038250352756", ".3148428764871153", "2758.790896350741", ".006095095030723727", "2.95697544951691", "-.001005373314916685"], ["5.235931205568091E-6", "-.0002241475192897493", "-1.428030759555467", "-.0004198611446673671", "-.001005373314916685", "6.990010658200333E-5"]], "labels": ["e", "q", "tp", "node", "peri", "i"], "elements": [{"value": ".4252444067547819", "title": "eccentricity", "name": "e", "label": "e", "sigma": 0.00550519691847975, "units": null}, {"value": "37.10613822449464", "units": "au", "sigma": 0.201950507924667, "label": "q", "name": "q", "title": "perihelion distance"}, {"title": "time of perihelion passage", "name": "tp", "label": "tp", "units": "TDB", "sigma": 1609.6851549992, "value": "2528758.680528725657"}, {"value": "7.019514110090181", "name": "om", "title": "longitude of the ascending node", "units": "deg", "sigma": 0.0502256595294984, "label": "node"}, {"value": "313.577443485918", "name": "w", "title": "argument of perihelion", "sigma": 1.71958583662372, "units": "deg", "label": "peri"}, {"units": "deg", "sigma": 0.00836062836047646, "label": "i", "name": "i", "title": "inclination", "value": "4.675552323686131"}]}, "comment": null, "sb_used": "SB441-N16", "n_obs_used": 12, "two_body": null, "epoch": "2460200.5", "orbit_id": "2", "n_dop_obs_used": null, "not_valid_after": null, "n_del_obs_used": null, "elements": [{"value": ".4342429762974568", "title": "eccentricity", "name": "e", "label": "e", "sigma": ".0052206", "units": null}, {"value": "63.94874839909252", "title": "semi-major axis", "name": "a", "label": "a", "sigma": ".284", "units": "au"}, {"value": "36.17945356377335", "label": "q", "units": "au", "sigma": ".18968", "title": "perihelion distance", "name": "q"}, {"value": "4.720744880707682", "label": "i", "sigma": ".0084593", "units": "deg", "title": "inclination; angle with respect to x-y ecliptic plane", "name": "i"}, {"title": "longitude of the ascending node", "name": "om", "label": "node", "units": "deg", "sigma": ".04975", "value": "6.76338405663931"}, {"value": "314.8867602721862", "units": "deg", "sigma": "1.681", "label": "peri", "name": "w", "title": "argument of perihelion"}, {"sigma": "3.9021", "units": "deg", "label": "M", "name": "ma", "title": "mean anomaly", "value": "228.3535840697029"}, {"value": "2528505.585520150446", "sigma": "1580.1", "units": "TDB", "label": "tp", "name": "tp", "title": "time of perihelion passage"}, {"value": "186786.9369134497", "units": "d", "sigma": "1244.3", "label": "period", "name": "per", "title": "sidereal orbital period"}, {"title": "mean motion", "name": "n", "label": "n", "sigma": "1.2839E-5", "units": "deg/d", "value": ".001927329640652606"}, {"value": "91.71804323441168", "label": "Q", "units": "au", "sigma": ".40732", "title": "aphelion distance", "name": "ad"}], "soln_date": "2021-04-15 13:26:43", "producer": "Otto Matic"}, "signature": {"version": "1.3", "source": "NASA/JPL Small-Body Database (SBDB) API"}, "object": {"pha": false, "neo": false, "fullname": "(2015 FG415)", "orbit_class": {"code": "TNO", "name": "TransNeptunian Object"}, "orbit_id": "2", "prefix": null, "des": "2015 FG415", "kind": "au", "spkid": "3840681"}}