{"orbit": {"t_jup": "6.061", "last_obs": "2022-03-02", "producer": "Otto Matic", "soln_date": "2022-04-13 12:16:48", "moid_jup": "37.0132", "not_valid_after": null, "condition_code": "3", "equinox": "J2000", "model_pars": [], "covariance": {"labels": ["e", "q", "tp", "node", "peri", "i"], "data": [["9.044317949699021E-10", "7.826429386988928E-9", "-1.176586972702455E-5", "-1.143581705566518E-11", "-4.142761826133976E-8", "3.614913229723309E-11"], ["7.826429386988928E-9", "6.049057591339836E-7", "-.002683167792560724", "1.106265420494615E-9", "-1.038768216582567E-5", "1.578484138785031E-10"], ["-1.176586972702455E-5", "-.002683167792560724", "12.64651278862287", "-5.666479697212829E-6", ".04905999895823156", "3.24463704307892E-7"], ["-1.143581705566518E-11", "1.106265420494615E-9", "-5.666479697212829E-6", "6.10069178981123E-8", "-8.238081476463057E-8", "-2.775375089550436E-8"], ["-4.142761826133976E-8", "-1.038768216582567E-5", ".04905999895823156", "-8.238081476463057E-8", ".0001904035490129707", "2.886112250503014E-8"], ["3.614913229723309E-11", "1.578484138785031E-10", "3.24463704307892E-7", "-2.775375089550436E-8", "2.886112250503014E-8", "1.296052392070946E-8"]], "elements": [{"units": null, "label": "e", "value": ".1197512096530714", "title": "eccentricity", "sigma": 3.00737725430299e-05, "name": "e"}, {"name": "q", "sigma": 0.000777756876622755, "title": "perihelion distance", "units": "au", "label": "q", "value": "42.40938663450881"}, {"title": "time of perihelion passage", "name": "tp", "sigma": 3.55619358143266, "label": "tp", "units": "TDB", "value": "2465286.407049722890"}, {"value": "150.4513060386347", "label": "node", "units": "deg", "title": "longitude of the ascending node", "sigma": 0.00024699578518289, "name": "om"}, {"units": "deg", "label": "peri", "value": "11.72701023457414", "title": "argument of perihelion", "name": "w", "sigma": 0.0137986792488619}, {"label": "i", "units": "deg", "value": "8.613374527647899", "title": "inclination", "name": "i", "sigma": 0.000113844296829966}], "epoch": "2457363.5"}, "source": "JPL", "moid": "41.4441", "sb_used": "SB441-N16", "n_obs_used": 102, "not_valid_before": null, "epoch": "2460200.5", "comment": null, "elements": [{"title": "eccentricity", "sigma": "2.9931E-5", "name": "e", "value": ".1110419781549183", "label": "e", "units": null}, {"title": "semi-major axis", "name": "a", "sigma": ".0020721", "label": "a", "units": "au", "value": "47.73720489797263"}, {"label": "q", "value": "42.43637123451509", "units": "au", "sigma": ".00077226", "name": "q", "title": "perihelion distance"}, {"title": "inclination; angle with respect to x-y ecliptic plane", "name": "i", "sigma": ".00011421", "label": "i", "units": "deg", "value": "8.647843647396108"}, {"name": "om", "sigma": ".00024598", "title": "longitude of the ascending node", "units": "deg", "label": "node", "value": "150.3889706521063"}, {"value": "11.33790774754465", "label": "peri", "units": "deg", "name": "w", "sigma": ".014836", "title": "argument of perihelion"}, {"title": "mean anomaly", "sigma": ".012018", "name": "ma", "label": "M", "units": "deg", "value": "345.0652869659772"}, {"name": "tp", "sigma": "3.852", "title": "time of perihelion passage", "label": "tp", "value": "2465198.293274525078", "units": "TDB"}, {"title": "sidereal orbital period", "sigma": "7.8438", "name": "per", "label": "period", "value": "120471.3860072341", "units": "d"}, {"units": "deg/d", "label": "n", "value": ".002988261461343048", "title": "mean motion", "name": "n", "sigma": "1.9456E-7"}, {"value": "53.03803856143017", "label": "Q", "units": "au", "name": "ad", "sigma": ".0023022", "title": "aphelion distance"}], "orbit_id": "6", "two_body": null, "pe_used": "DE441", "data_arc": "4409", "first_obs": "2010-02-04", "n_del_obs_used": null, "rms": ".68108", "n_dop_obs_used": null}, "object": {"neo": false, "spkid": "20554856", "orbit_class": {"name": "TransNeptunian Object", "code": "TNO"}, "pha": false, "orbit_id": "6", "kind": "an", "fullname": "554856 (2013 CF229)", "des": "554856", "prefix": null}, "signature": {"version": "1.3", "source": "NASA/JPL Small-Body Database (SBDB) API"}}