{"signature": {"version": "1.3", "source": "NASA/JPL Small-Body Database (SBDB) API"}, "orbit": {"last_obs": "2023-01-18", "source": "JPL", "moid_jup": "31.0377", "data_arc": "4060", "condition_code": "2", "first_obs": "2011-12-07", "rms": ".70246", "not_valid_before": null, "t_jup": "5.909", "comment": null, "covariance": {"elements": [{"value": ".3378633768734363", "sigma": 3.06209010551856e-05, "units": null, "label": "e", "name": "e", "title": "eccentricity"}, {"value": "36.47728028468384", "label": "q", "units": "au", "sigma": 0.00117632671943408, "title": "perihelion distance", "name": "q"}, {"value": "2479129.631935506808", "label": "tp", "units": "TDB", "sigma": 0.751365795910657, "title": "time of perihelion passage", "name": "tp"}, {"sigma": 0.000346973076917251, "units": "deg", "label": "node", "name": "om", "title": "longitude of the ascending node", "value": "187.7624359127011"}, {"value": "36.08759568437075", "label": "peri", "sigma": 0.00374278261614309, "units": "deg", "title": "argument of perihelion", "name": "w"}, {"title": "inclination", "name": "i", "label": "i", "units": "deg", "sigma": 7.63921931461219e-05, "value": "17.67105395723259"}], "labels": ["e", "q", "tp", "node", "peri", "i"], "data": [["9.37639581431469E-10", "-1.764923392812307E-8", "-2.034351737523045E-5", "-6.709661156509637E-10", "-2.420911815177744E-8", "1.707537640448615E-10"], ["-1.764923392812307E-8", "1.383744550854539E-6", "2.935703090115511E-5", "2.577818760000413E-8", "-3.275479624603488E-6", "-3.907514968847475E-9"], ["-2.034351737523045E-5", "2.935703090115511E-5", ".5645505592644555", "1.022634523346226E-5", ".001792118891406926", "-3.468107528908457E-6"], ["-6.709661156509637E-10", "2.577818760000413E-8", "1.022634523346226E-5", "1.203903161054246E-7", "-1.431674420418803E-7", "-2.64163835804058E-8"], ["-2.420911815177744E-8", "-3.275479624603488E-6", ".001792118891406926", "-1.431674420418803E-7", "1.400842171170292E-5", "2.310706529249668E-8"], ["1.707537640448615E-10", "-3.907514968847475E-9", "-3.468107528908457E-6", "-2.64163835804058E-8", "2.310706529249668E-8", "5.835767173674387E-9"]], "epoch": "2457469.5"}, "sb_used": "SB441-N16", "pe_used": "DE441", "model_pars": [], "moid": "35.3957", "equinox": "J2000", "elements": [{"value": ".3317576997406573", "sigma": "3.0401E-5", "units": null, "label": "e", "name": "e", "title": "eccentricity"}, {"value": "54.45229922881617", "title": "semi-major axis", "name": "a", "label": "a", "units": "au", "sigma": ".0022176"}, {"title": "perihelion distance", "name": "q", "label": "q", "units": "au", "sigma": ".0011853", "value": "36.38732969107415"}, {"value": "17.73970700522632", "title": "inclination; angle with respect to x-y ecliptic plane", "name": "i", "label": "i", "sigma": "7.7065E-5", "units": "deg"}, {"title": "longitude of the ascending node", "name": "om", "label": "node", "units": "deg", "sigma": ".00034562", "value": "187.4955066860577"}, {"sigma": ".0038185", "units": "deg", "label": "peri", "name": "w", "title": "argument of perihelion", "value": "37.4559887072281"}, {"label": "M", "sigma": ".0047349", "units": "deg", "title": "mean anomaly", "name": "ma", "value": "312.8801362233744"}, {"value": "2479410.363812130636", "name": "tp", "title": "time of perihelion passage", "units": "TDB", "sigma": ".77875", "label": "tp"}, {"sigma": "8.9658", "units": "d", "label": "period", "name": "per", "title": "sidereal orbital period", "value": "146765.0883956414"}, {"value": ".002452899418624213", "name": "n", "title": "mean motion", "sigma": "1.4985E-7", "units": "deg/d", "label": "n"}, {"name": "ad", "title": "aphelion distance", "sigma": ".0029534", "units": "au", "label": "Q", "value": "72.51726876655819"}], "producer": "Otto Matic", "soln_date": "2023-01-20 21:35:06", "not_valid_after": null, "n_del_obs_used": null, "epoch": "2460200.5", "orbit_id": "5", "n_dop_obs_used": null, "two_body": null, "n_obs_used": 137}, "object": {"spkid": "3841255", "des": "2012 AZ25", "kind": "au", "pha": false, "prefix": null, "orbit_class": {"code": "TNO", "name": "TransNeptunian Object"}, "orbit_id": "5", "fullname": "(2012 AZ25)", "neo": false}}