{"orbit": {"not_valid_before": null, "epoch": "2460200.5", "comment": null, "elements": [{"label": "e", "value": ".3351489174065699", "units": null, "sigma": "1.965E-5", "name": "e", "title": "eccentricity"}, {"label": "a", "units": "au", "value": "39.64673822038156", "sigma": ".0013851", "name": "a", "title": "semi-major axis"}, {"sigma": ".00014351", "name": "q", "title": "perihelion distance", "units": "au", "label": "q", "value": "26.359176827119"}, {"label": "i", "units": "deg", "value": "5.694007424905595", "name": "i", "sigma": "1.4632E-5", "title": "inclination; angle with respect to x-y ecliptic plane"}, {"sigma": ".00031773", "name": "om", "title": "longitude of the ascending node", "label": "node", "value": "316.7253433625162", "units": "deg"}, {"label": "peri", "units": "deg", "value": "75.62976230467332", "title": "argument of perihelion", "sigma": ".0010565", "name": "w"}, {"title": "mean anomaly", "sigma": ".0022034", "name": "ma", "units": "deg", "label": "M", "value": "33.47435390313635"}, {"value": "2451721.994146862606", "label": "tp", "units": "TDB", "title": "time of perihelion passage", "name": "tp", "sigma": ".12056"}, {"sigma": "4.7782", "name": "per", "title": "sidereal orbital period", "label": "period", "value": "91182.10663487916", "units": "d"}, {"name": "n", "sigma": "2.0689E-7", "title": "mean motion", "value": ".003948143043476165", "label": "n", "units": "deg/d"}, {"label": "Q", "units": "au", "value": "52.93429961364413", "name": "ad", "sigma": ".0018493", "title": "aphelion distance"}], "covariance": {"elements": [{"name": "e", "sigma": 1.96586186290501e-05, "title": "eccentricity", "label": "e", "units": null, "value": ".3356748538924172"}, {"label": "q", "value": "26.39169897315333", "units": "au", "name": "q", "sigma": 0.000143018101579053, "title": "perihelion distance"}, {"value": "2451741.242707560453", "label": "tp", "units": "TDB", "title": "time of perihelion passage", "name": "tp", "sigma": 0.119277701738649}, {"label": "node", "value": "316.8340986740104", "units": "deg", "sigma": 0.000318146032830927, "name": "om", "title": "longitude of the ascending node"}, {"title": "argument of perihelion", "name": "w", "sigma": 0.00104490668542448, "label": "peri", "value": "75.78733648159977", "units": "deg"}, {"units": "deg", "label": "i", "value": "5.688329978511034", "name": "i", "sigma": 1.46087260401545e-05, "title": "inclination"}], "epoch": "2456282.5", "data": [["3.86461286402435E-10", "2.772411907279987E-9", "2.153181932423065E-6", "-8.545114170726909E-11", "1.793660339580577E-8", "1.737700324417603E-11"], ["2.772411907279987E-9", "2.045417737927638E-8", "1.644559538979561E-5", "-6.620245649821297E-10", "1.373287695337971E-7", "1.265144662902833E-10"], ["2.153181932423065E-6", "1.644559538979561E-5", ".01422717013205407", "-5.75374625353425E-7", ".0001187473236296616", "9.939464276100613E-8"], ["-8.545114170726909E-11", "-6.620245649821297E-10", "-5.75374625353425E-7", "1.01216898206057E-7", "-1.055072546751636E-7", "-4.085971419192866E-9"], ["1.793660339580577E-8", "1.373287695337971E-7", ".0001187473236296616", "-1.055072546751636E-7", "1.091829981244764E-6", "4.891498466354181E-9"], ["1.737700324417603E-11", "1.265144662902833E-10", "9.939464276100613E-8", "-4.085971419192866E-9", "4.891498466354181E-9", "2.134148765162889E-10"]], "labels": ["e", "q", "tp", "node", "peri", "i"]}, "n_obs_used": 155, "source": "JPL", "sb_used": "SB441-N16", "moid": "25.3693", "data_arc": "8858", "first_obs": "1996-10-11", "n_del_obs_used": null, "rms": ".60884", "n_dop_obs_used": null, "orbit_id": "13", "two_body": null, "pe_used": "DE441", "last_obs": "2021-01-11", "producer": "Otto Matic", "t_jup": "5.307", "not_valid_after": null, "condition_code": "2", "equinox": "J2000", "model_pars": [], "soln_date": "2021-04-13 01:11:53", "moid_jup": "21.4378"}, "object": {"pha": false, "orbit_id": "13", "kind": "an", "orbit_class": {"name": "TransNeptunian Object", "code": "TNO"}, "fullname": "15875 (1996 TP66)", "des": "15875", "prefix": null, "spkid": "20015875", "neo": false}, "signature": {"version": "1.3", "source": "NASA/JPL Small-Body Database (SBDB) API"}}