{"signature": {"version": "1.3", "source": "NASA/JPL Small-Body Database (SBDB) API"}, "object": {"neo": false, "spkid": "3787156", "des": "2013 UB18", "prefix": null, "fullname": "(2013 UB18)", "orbit_class": {"code": "TNO", "name": "TransNeptunian Object"}, "orbit_id": "5", "kind": "au", "pha": false}, "orbit": {"last_obs": "2023-10-19", "producer": "Otto Matic", "t_jup": "6.016", "model_pars": [], "condition_code": "4", "not_valid_after": null, "equinox": "J2000", "moid_jup": "38.6996", "soln_date": "2023-11-02 00:58:15", "elements": [{"units": null, "label": "e", "value": ".04083815355533949", "title": "eccentricity", "sigma": ".00010352", "name": "e"}, {"name": "a", "sigma": ".0056243", "title": "semi-major axis", "value": "45.55370417772976", "label": "a", "units": "au"}, {"title": "perihelion distance", "name": "q", "sigma": ".0042746", "label": "q", "value": "43.69337501150513", "units": "au"}, {"name": "i", "sigma": ".00024596", "title": "inclination; angle with respect to x-y ecliptic plane", "label": "i", "units": "deg", "value": "3.556995010014483"}, {"sigma": ".0078259", "name": "om", "title": "longitude of the ascending node", "label": "node", "value": "134.7496048823934", "units": "deg"}, {"units": "deg", "label": "peri", "value": "273.7517685505362", "sigma": ".26099", "name": "w", "title": "argument of perihelion"}, {"value": "342.384521379432", "label": "M", "units": "deg", "title": "mean anomaly", "sigma": ".23937", "name": "ma"}, {"units": "TDB", "label": "tp", "value": "2465695.604041531112", "name": "tp", "sigma": "74.272", "title": "time of perihelion passage"}, {"value": "112301.0902832577", "label": "period", "units": "d", "sigma": "20.798", "name": "per", "title": "sidereal orbital period"}, {"title": "mean motion", "name": "n", "sigma": "5.9368E-7", "label": "n", "value": ".003205667897720047", "units": "deg/d"}, {"label": "Q", "value": "47.4140333439544", "units": "au", "sigma": ".005854", "name": "ad", "title": "aphelion distance"}], "comment": null, "epoch": "2460200.5", "not_valid_before": null, "source": "JPL", "n_obs_used": 36, "sb_used": "SB441-N16", "moid": "42.7046", "covariance": {"data": [["1.380648698164816E-8", "-3.261508809088746E-7", ".005645441132652153", "-1.261865989483625E-8", "1.99971838334892E-5", "-2.508524142026764E-10"], ["-3.261508809088746E-7", "2.957869307455918E-5", "-.4583265453648735", "1.026665070303078E-6", "-.001617194402737234", "3.377558546850295E-8"], [".005645441132652153", "-.4583265453648735", "7154.212097544899", "-.01597152562622428", "25.24616750769703", "-.0005146935443065759"], ["-1.261865989483625E-8", "1.026665070303078E-6", "-.01597152562622428", "6.149237792930803E-5", "-.0001177040746932483", "1.932152294630053E-6"], ["1.99971838334892E-5", "-.001617194402737234", "25.24616750769703", "-.0001177040746932483", ".08915201219866782", "-3.742588122828487E-6"], ["-2.508524142026764E-10", "3.377558546850295E-8", "-.0005146935443065759", "1.932152294630053E-6", "-3.742588122828487E-6", "6.149812037031109E-8"]], "labels": ["e", "q", "tp", "node", "peri", "i"], "elements": [{"value": ".03381163320772763", "label": "e", "units": null, "sigma": 0.000117501008428218, "name": "e", "title": "eccentricity"}, {"title": "perihelion distance", "sigma": 0.00543862970559305, "name": "q", "label": "q", "value": "43.59110721143419", "units": "au"}, {"title": "time of perihelion passage", "name": "tp", "sigma": 84.5825756142771, "units": "TDB", "label": "tp", "value": "2468252.516251470379"}, {"label": "node", "units": "deg", "value": "134.9082860475859", "title": "longitude of the ascending node", "name": "om", "sigma": 0.00784170759014311}, {"name": "w", "sigma": 0.298583342131921, "title": "argument of perihelion", "units": "deg", "label": "peri", "value": "282.4546171379045"}, {"name": "i", "sigma": 0.000247988145624566, "title": "inclination", "label": "i", "value": "3.561217919200097", "units": "deg"}], "epoch": "2456896.5"}, "rms": ".19912", "n_dop_obs_used": null, "first_obs": "2013-08-02", "n_del_obs_used": null, "data_arc": "3730", "pe_used": "DE441", "two_body": null, "orbit_id": "5"}}