{"orbit": {"epoch": "2460200.5", "orbit_id": "3", "n_dop_obs_used": null, "two_body": null, "n_obs_used": 28, "elements": [{"value": ".3049147842510485", "sigma": ".00079836", "units": null, "label": "e", "name": "e", "title": "eccentricity"}, {"value": "31.26118420864922", "sigma": ".017887", "units": "au", "label": "a", "name": "a", "title": "semi-major axis"}, {"value": "21.72918697023666", "name": "q", "title": "perihelion distance", "units": "au", "sigma": ".013159", "label": "q"}, {"sigma": ".0015484", "units": "deg", "label": "i", "name": "i", "title": "inclination; angle with respect to x-y ecliptic plane", "value": "28.38211834602006"}, {"label": "node", "sigma": "8.5535E-5", "units": "deg", "title": "longitude of the ascending node", "name": "om", "value": "206.684379221306"}, {"value": "234.1568369511876", "name": "w", "title": "argument of perihelion", "sigma": ".1202", "units": "deg", "label": "peri"}, {"name": "ma", "title": "mean anomaly", "sigma": ".26365", "units": "deg", "label": "M", "value": "111.4723604714086"}, {"units": "TDB", "sigma": "29.975", "label": "tp", "name": "tp", "title": "time of perihelion passage", "value": "2440432.111748876210"}, {"value": "63842.01195981575", "title": "sidereal orbital period", "name": "per", "label": "period", "sigma": "54.793", "units": "d"}, {"name": "n", "title": "mean motion", "sigma": "4.8396E-6", "units": "deg/d", "label": "n", "value": ".005638920030067282"}, {"name": "ad", "title": "aphelion distance", "sigma": ".023341", "units": "au", "label": "Q", "value": "40.79318144706178"}], "soln_date": "2021-04-15 13:31:09", "producer": "Otto Matic", "not_valid_after": null, "n_del_obs_used": null, "model_pars": [], "equinox": "J2000", "moid": "20.8214", "covariance": {"labels": ["e", "q", "tp", "node", "peri", "i"], "elements": [{"value": ".3021057580716219", "name": "e", "title": "eccentricity", "sigma": 0.000817766538523647, "units": null, "label": "e"}, {"name": "q", "title": "perihelion distance", "sigma": 0.013621902587713, "units": "au", "label": "q", "value": "21.995540484547"}, {"title": "time of perihelion passage", "name": "tp", "label": "tp", "units": "TDB", "sigma": 29.9435449232834, "value": "2440506.748935532360"}, {"value": "206.630030338538", "label": "node", "units": "deg", "sigma": 8.58540764499914e-05, "title": "longitude of the ascending node", "name": "om"}, {"units": "deg", "sigma": 0.118254140118864, "label": "peri", "name": "w", "title": "argument of perihelion", "value": "235.6457802891291"}, {"value": "28.23693052808761", "title": "inclination", "name": "i", "label": "i", "units": "deg", "sigma": 0.00154168960233779}], "epoch": "2457291.5", "data": [["6.687421115289468E-7", "-1.089197554909265E-5", ".02445830277931261", "1.363275885774991E-10", "9.526530770608604E-5", "-4.983261156976924E-8"], ["-1.089197554909265E-5", ".0001855562301091425", "-.3944967038981534", "-1.628753836220773E-8", "-.001493916921435004", "5.72742481576104E-7"], [".02445830277931261", "-.3944967038981534", "896.6158825726935", "-5.218756647225197E-7", "3.512645928777526", "-.001917039478137265"], ["1.363275885774991E-10", "-1.628753836220773E-8", "-5.218756647225197E-7", "7.370922443080974E-9", "-8.151975841819292E-8", "1.024454641094382E-7"], ["9.526530770608604E-5", "-.001493916921435004", "3.512645928777526", "-8.151975841819292E-8", ".01398404165525197", "-8.797206330511061E-6"], ["-4.983261156976924E-8", "5.72742481576104E-7", "-.001917039478137265", "1.024454641094382E-7", "-8.797206330511061E-6", "2.376806829956447E-6"]]}, "comment": null, "sb_used": "SB441-N16", "pe_used": "DE441", "t_jup": "4.274", "data_arc": "744", "condition_code": "5", "first_obs": "2015-03-18", "not_valid_before": null, "rms": ".10736", "moid_jup": "17.0928", "last_obs": "2017-03-31", "source": "JPL"}, "signature": {"version": "1.3", "source": "NASA/JPL Small-Body Database (SBDB) API"}, "object": {"spkid": "3831121", "kind": "au", "des": "2015 GV55", "pha": false, "prefix": null, "orbit_class": {"code": "TNO", "name": "TransNeptunian Object"}, "orbit_id": "3", "neo": false, "fullname": "(2015 GV55)"}}