{"orbit": {"epoch": "2460200.5", "comment": null, "elements": [{"units": null, "label": "e", "value": ".4103065502062052", "sigma": ".00035048", "name": "e", "title": "eccentricity"}, {"sigma": ".048777", "name": "a", "title": "semi-major axis", "units": "au", "label": "a", "value": "60.14608231997411"}, {"value": "35.4677507748471", "label": "q", "units": "au", "name": "q", "sigma": ".0090046", "title": "perihelion distance"}, {"sigma": ".00062228", "name": "i", "title": "inclination; angle with respect to x-y ecliptic plane", "units": "deg", "label": "i", "value": "10.40759807410462"}, {"label": "node", "value": "124.8688147208066", "units": "deg", "title": "longitude of the ascending node", "sigma": ".00046331", "name": "om"}, {"value": "28.36812274013475", "label": "peri", "units": "deg", "name": "w", "sigma": ".091781", "title": "argument of perihelion"}, {"title": "mean anomaly", "sigma": ".030654", "name": "ma", "units": "deg", "label": "M", "value": "3.727685653408306"}, {"label": "tp", "units": "TDB", "value": "2458436.306470558937", "title": "time of perihelion passage", "sigma": "16.136", "name": "tp"}, {"title": "sidereal orbital period", "sigma": "207.26", "name": "per", "units": "d", "label": "period", "value": "170376.4023176385"}, {"sigma": "2.5704E-6", "name": "n", "title": "mean motion", "label": "n", "value": ".002112968668799802", "units": "deg/d"}, {"value": "84.82441386510112", "label": "Q", "units": "au", "sigma": ".068791", "name": "ad", "title": "aphelion distance"}], "not_valid_before": null, "source": "JPL", "n_obs_used": 24, "sb_used": "SB441-N16", "moid": "34.4808", "covariance": {"elements": [{"name": "e", "sigma": 0.000345851936804601, "title": "eccentricity", "units": null, "label": "e", "value": ".4141446636511819"}, {"units": "au", "label": "q", "value": "35.45860910626743", "name": "q", "sigma": 0.00920567454435981, "title": "perihelion distance"}, {"title": "time of perihelion passage", "name": "tp", "sigma": 15.9810709540302, "label": "tp", "units": "TDB", "value": "2458568.168553625251"}, {"sigma": 0.000462525315869976, "name": "om", "title": "longitude of the ascending node", "value": "124.8718844650002", "label": "node", "units": "deg"}, {"value": "29.09589700116548", "label": "peri", "units": "deg", "title": "argument of perihelion", "name": "w", "sigma": 0.0912935229082764}, {"sigma": 0.00062233831541923, "name": "i", "title": "inclination", "label": "i", "value": "10.41140104887829", "units": "deg"}], "epoch": "2454242.5", "labels": ["e", "q", "tp", "node", "peri", "i"], "data": [["1.196135621914936E-7", "2.488590499848128E-6", "-.003568964657997391", "3.908320229652252E-9", "-2.033424986687976E-5", "1.97860978132507E-8"], ["2.488590499848128E-6", "8.474444381667415E-5", "-.1442399334962411", "1.652545087605865E-7", "-.0008236788705142741", "6.581231901882853E-7"], ["-.003568964657997391", "-.1442399334962411", "255.3946288377491", "-.0002950711627179011", "1.458940290299559", "-.001113237969146807"], ["3.908320229652252E-9", "1.652545087605865E-7", "-.0002950711627179011", "2.139296678206214E-7", "-1.895889997699048E-6", "2.03897735207049E-7"], ["-2.033424986687976E-5", "-.0008236788705142741", "1.458940290299559", "-1.895889997699048E-6", ".008334507325003985", "-6.556098943187209E-6"], ["1.97860978132507E-8", "6.581231901882853E-7", "-.001113237969146807", "2.03897735207049E-7", "-6.556098943187209E-6", "3.873049788388445E-7"]]}, "rms": ".20058", "n_dop_obs_used": null, "first_obs": "2005-04-05", "n_del_obs_used": null, "data_arc": "2875", "pe_used": "DE441", "two_body": null, "orbit_id": "7", "producer": "Otto Matic", "last_obs": "2013-02-17", "t_jup": "6.185", "model_pars": [], "condition_code": "4", "not_valid_after": null, "equinox": "J2000", "moid_jup": "30.085", "soln_date": "2022-11-16 19:42:02"}, "object": {"des": "2006 AL98", "prefix": null, "fullname": "(2006 AL98)", "kind": "au", "orbit_id": "7", "pha": false, "orbit_class": {"code": "TNO", "name": "TransNeptunian Object"}, "spkid": "3321759", "neo": false}, "signature": {"version": "1.3", "source": "NASA/JPL Small-Body Database (SBDB) API"}}