{"signature": {"version": "1.3", "source": "NASA/JPL Small-Body Database (SBDB) API"}, "orbit": {"first_obs": "2002-11-07", "condition_code": "4", "data_arc": "6557", "rms": ".35289", "not_valid_before": null, "t_jup": "6.014", "last_obs": "2020-10-20", "source": "JPL", "moid_jup": "37.3915", "producer": "Otto Matic", "soln_date": "2021-04-14 21:38:29", "elements": [{"value": ".06780374674168554", "label": "e", "units": null, "sigma": ".0002673", "title": "eccentricity", "name": "e"}, {"value": "45.4936833488241", "name": "a", "title": "semi-major axis", "sigma": ".022484", "units": "au", "label": "a"}, {"value": "42.409041164694", "name": "q", "title": "perihelion distance", "units": "au", "sigma": ".0095628", "label": "q"}, {"label": "i", "sigma": ".00020531", "units": "deg", "title": "inclination; angle with respect to x-y ecliptic plane", "name": "i", "value": ".8527679589208171"}, {"value": "84.5528495724374", "units": "deg", "sigma": ".022937", "label": "node", "name": "om", "title": "longitude of the ascending node"}, {"value": "248.4586988190105", "name": "w", "title": "argument of perihelion", "units": "deg", "sigma": ".22788", "label": "peri"}, {"value": "66.57217371613702", "title": "mean anomaly", "name": "ma", "label": "M", "sigma": ".24373", "units": "deg"}, {"label": "tp", "units": "TDB", "sigma": "60.671", "title": "time of perihelion passage", "name": "tp", "value": "2439474.508554675514"}, {"name": "per", "title": "sidereal orbital period", "sigma": "83.088", "units": "d", "label": "period", "value": "112079.2142394502"}, {"value": ".003212013953192807", "title": "mean motion", "name": "n", "label": "n", "sigma": "2.3812E-6", "units": "deg/d"}, {"value": "48.5783255329542", "title": "aphelion distance", "name": "ad", "label": "Q", "sigma": ".024008", "units": "au"}], "n_del_obs_used": null, "not_valid_after": null, "n_dop_obs_used": null, "orbit_id": "7", "epoch": "2460200.5", "two_body": null, "n_obs_used": 19, "sb_used": "SB441-N16", "comment": null, "covariance": {"epoch": "2453874.5", "data": [["4.89609388993677E-8", "2.109126701756855E-6", ".01474160586314342", "6.036770120562478E-8", "5.548259167895608E-5", "-2.199591345646759E-10"], ["2.109126701756855E-6", ".0001313349027996734", ".8216145625470898", "2.839835779925817E-6", ".003126315451661058", "-7.976088497808555E-9"], [".01474160586314342", ".8216145625470898", "5299.499938748303", ".01927202104427152", "20.10217438245783", "-5.929668197762302E-5"], ["6.036770120562478E-8", "2.839835779925817E-6", ".01927202104427152", ".0005288956034617629", "-.0004560242893137516", "-4.564306211096349E-6"], ["5.548259167895608E-5", ".003126315451661058", "20.10217438245783", "-.0004560242893137516", ".07680473801677173", "4.341618525765571E-6"], ["-2.199591345646759E-10", "-7.976088497808555E-9", "-5.929668197762302E-5", "-4.564306211096349E-6", "4.341618525765571E-6", "4.302109849481059E-8"]], "elements": [{"value": ".06298849493246569", "title": "eccentricity", "name": "e", "label": "e", "units": null, "sigma": 0.0002212711885885}, {"value": "42.0973245338625", "units": "au", "sigma": 0.0114601441003014, "label": "q", "name": "q", "title": "perihelion distance"}, {"label": "tp", "units": "TDB", "sigma": 72.7976643770135, "title": "time of perihelion passage", "name": "tp", "value": "2436857.309262992221"}, {"value": "84.4543713143438", "units": "deg", "sigma": 0.022997730398058, "label": "node", "name": "om", "title": "longitude of the ascending node"}, {"value": "238.9084688569883", "name": "w", "title": "argument of perihelion", "units": "deg", "sigma": 0.277136677501863, "label": "peri"}, {"value": ".8538483864332148", "label": "i", "units": "deg", "sigma": 0.000207415280282844, "title": "inclination", "name": "i"}], "labels": ["e", "q", "tp", "node", "peri", "i"]}, "pe_used": "DE441", "moid": "41.3984", "equinox": "J2000", "model_pars": []}, "object": {"orbit_id": "7", "orbit_class": {"code": "TNO", "name": "TransNeptunian Object"}, "prefix": null, "fullname": "(2002 VD131)", "neo": false, "pha": false, "spkid": "3144134", "des": "2002 VD131", "kind": "au"}}