{"signature": {"version": "1.3", "source": "NASA/JPL Small-Body Database (SBDB) API"}, "orbit": {"t_jup": "3.861", "data_arc": "2276", "condition_code": "2", "first_obs": "2016-08-02", "not_valid_before": null, "rms": ".76513", "moid_jup": "5.88077", "last_obs": "2022-10-26", "source": "JPL", "epoch": "2460200.5", "orbit_id": "1", "n_dop_obs_used": null, "two_body": null, "n_obs_used": 107, "elements": [{"name": "e", "title": "eccentricity", "sigma": "9.4635E-6", "units": null, "label": "e", "value": ".6866530303761491"}, {"label": "a", "units": "au", "sigma": ".0011019", "title": "semi-major axis", "name": "a", "value": "34.49238958777892"}, {"title": "perihelion distance", "name": "q", "label": "q", "sigma": "1.9201E-5", "units": "au", "value": "10.80808575241579"}, {"value": "7.686366310288054", "name": "i", "title": "inclination; angle with respect to x-y ecliptic plane", "units": "deg", "sigma": "9.183E-6", "label": "i"}, {"value": "81.11023912247965", "units": "deg", "sigma": ".00010621", "label": "node", "name": "om", "title": "longitude of the ascending node"}, {"value": "307.3074075140461", "sigma": ".00019673", "units": "deg", "label": "peri", "name": "w", "title": "argument of perihelion"}, {"value": "3.403316304284139", "title": "mean anomaly", "name": "ma", "label": "M", "units": "deg", "sigma": ".00014613"}, {"value": "2459501.007335329680", "label": "tp", "sigma": ".0045925", "units": "TDB", "title": "time of perihelion passage", "name": "tp"}, {"title": "sidereal orbital period", "name": "per", "label": "period", "units": "d", "sigma": "3.5458", "value": "73991.75885130755"}, {"label": "n", "units": "deg/d", "sigma": "2.3316E-7", "title": "mean motion", "name": "n", "value": ".004865406710001978"}, {"label": "Q", "units": "au", "sigma": ".0018586", "title": "aphelion distance", "name": "ad", "value": "58.17669342314204"}], "soln_date": "2022-10-26 18:17:52", "producer": "Otto Matic", "not_valid_after": null, "n_del_obs_used": null, "model_pars": [], "moid": "9.81866", "equinox": "J2000", "comment": null, "covariance": {"labels": ["e", "q", "tp", "node", "peri", "i"], "elements": [{"value": ".6838811502792784", "title": "eccentricity", "name": "e", "label": "e", "sigma": 9.45189697404681e-06, "units": null}, {"value": "10.80445698418791", "name": "q", "title": "perihelion distance", "sigma": 1.9159824642197e-05, "units": "au", "label": "q"}, {"value": "2459494.004794787689", "title": "time of perihelion passage", "name": "tp", "label": "tp", "sigma": 0.00454583465556145, "units": "TDB"}, {"value": "81.06936138196087", "units": "deg", "sigma": 0.000106168559069512, "label": "node", "name": "om", "title": "longitude of the ascending node"}, {"value": "307.0933146348494", "name": "w", "title": "argument of perihelion", "sigma": 0.000195167124569155, "units": "deg", "label": "peri"}, {"name": "i", "title": "inclination", "sigma": 9.19867731294363e-06, "units": "deg", "label": "i", "value": "7.691547156009458"}], "data": [["8.933835640799522E-11", "1.778692157455116E-10", "-3.333472116736334E-8", "3.1864657049782E-11", "-1.203675452648417E-9", "9.278326405529753E-12"], ["1.778692157455116E-10", "3.670988803197379E-10", "-7.473111506342829E-8", "7.400717380602508E-11", "-2.705607930346265E-9", "1.82910473071259E-11"], ["-3.333472116736334E-8", "-7.473111506342829E-8", "2.066461271570352E-5", "-2.095824029041915E-8", "7.470321887209571E-7", "-3.133665944973175E-9"], ["3.1864657049782E-11", "7.400717380602508E-11", "-2.095824029041915E-8", "1.127176293489641E-8", "-1.190830205283094E-8", "-7.061222922512419E-10"], ["-1.203675452648417E-9", "-2.705607930346265E-9", "7.470321887209571E-7", "-1.190830205283094E-8", "3.80902065125922E-8", "5.894029075117371E-10"], ["9.278326405529753E-12", "1.82910473071259E-11", "-3.133665944973175E-9", "-7.061222922512419E-10", "5.894029075117371E-10", "8.461566430766379E-11"]], "epoch": "2459196.5"}, "sb_used": "SB441-N16", "pe_used": "DE441"}, "object": {"kind": "au", "des": "2022 UN10", "spkid": "54320706", "pha": false, "neo": false, "fullname": "(2022 UN10)", "orbit_class": {"name": "TransNeptunian Object", "code": "TNO"}, "orbit_id": "1", "prefix": null}}