{"signature": {"version": "1.3", "source": "NASA/JPL Small-Body Database (SBDB) API"}, "orbit": {"not_valid_before": null, "rms": ".24682", "data_arc": "2977", "first_obs": "2014-09-04", "condition_code": "4", "t_jup": "5.329", "source": "JPL", "last_obs": "2022-10-29", "moid_jup": "32.976", "n_del_obs_used": null, "not_valid_after": null, "elements": [{"value": ".1796322643653805", "name": "e", "title": "eccentricity", "sigma": ".00014911", "units": null, "label": "e"}, {"label": "a", "sigma": ".010155", "units": "au", "title": "semi-major axis", "name": "a", "value": "45.70461045439153"}, {"value": "37.49458778653154", "title": "perihelion distance", "name": "q", "label": "q", "units": "au", "sigma": ".0015408"}, {"value": "26.57398071974714", "label": "i", "units": "deg", "sigma": ".00026853", "title": "inclination; angle with respect to x-y ecliptic plane", "name": "i"}, {"value": "154.5071730531542", "sigma": ".0012386", "units": "deg", "label": "node", "name": "om", "title": "longitude of the ascending node"}, {"value": "248.1737908294712", "label": "peri", "sigma": ".041441", "units": "deg", "title": "argument of perihelion", "name": "w"}, {"name": "ma", "title": "mean anomaly", "units": "deg", "sigma": ".028395", "label": "M", "value": "5.437028658404821"}, {"value": "2458495.997800847804", "title": "time of perihelion passage", "name": "tp", "label": "tp", "units": "TDB", "sigma": "8.867"}, {"value": "112859.5838365182", "name": "per", "title": "sidereal orbital period", "sigma": "37.614", "units": "d", "label": "period"}, {"label": "n", "sigma": "1.0631E-6", "units": "deg/d", "title": "mean motion", "name": "n", "value": ".00318980442566114"}, {"value": "53.91463312225153", "title": "aphelion distance", "name": "ad", "label": "Q", "units": "au", "sigma": ".011979"}], "soln_date": "2022-11-05 01:02:08", "producer": "Otto Matic", "two_body": null, "n_obs_used": 20, "epoch": "2460200.5", "orbit_id": "2", "n_dop_obs_used": null, "pe_used": "DE441", "comment": null, "covariance": {"labels": ["e", "q", "tp", "node", "peri", "i"], "elements": [{"value": ".1683277136735186", "title": "eccentricity", "name": "e", "label": "e", "sigma": 0.000148198549442053, "units": null}, {"name": "q", "title": "perihelion distance", "sigma": 0.00154266311212929, "units": "au", "label": "q", "value": "37.48378615174784"}, {"title": "time of perihelion passage", "name": "tp", "label": "tp", "units": "TDB", "sigma": 9.45249102759073, "value": "2458577.067235720418"}, {"label": "node", "sigma": 0.00124142307096681, "units": "deg", "title": "longitude of the ascending node", "name": "om", "value": "154.6980565240835"}, {"name": "w", "title": "argument of perihelion", "sigma": 0.0439805479661456, "units": "deg", "label": "peri", "value": "248.3997116650714"}, {"title": "inclination", "name": "i", "label": "i", "units": "deg", "sigma": 0.000270905982825013, "value": "26.61135453469943"}], "epoch": "2457680.5", "data": [["2.196281005672849E-8", "2.234711905838206E-7", "6.732994107492445E-5", "5.176884950863042E-10", "3.139730258832251E-7", "3.623472772971173E-9"], ["2.234711905838206E-7", "2.37980947752443E-6", "-.001130971943950542", "2.840757881386918E-8", "-5.264166090842877E-6", "4.263971411396244E-8"], ["6.732994107492445E-5", "-.001130971943950542", "89.34958662668319", "-.001104831475653273", ".4155941787232985", "-.0002137125520674589"], ["5.176884950863042E-10", "2.840757881386918E-8", "-.001104831475653273", "1.541131241128674E-6", "-6.504564910841695E-6", "3.319992471489429E-7"], ["3.139730258832251E-7", "-5.264166090842877E-6", ".4155941787232985", "-6.504564910841695E-6", ".001934288599402435", "-1.288361715222209E-6"], ["3.623472772971173E-9", "4.263971411396244E-8", "-.0002137125520674589", "3.319992471489429E-7", "-1.288361715222209E-6", "7.339005153038621E-8"]]}, "sb_used": "SB441-N16", "model_pars": [], "equinox": "J2000", "moid": "36.5932"}, "object": {"pha": false, "prefix": null, "orbit_class": {"name": "TransNeptunian Object", "code": "TNO"}, "orbit_id": "2", "fullname": "(2014 RX86)", "neo": false, "spkid": "54198370", "kind": "au", "des": "2014 RX86"}}