{"signature": {"version": "1.3", "source": "NASA/JPL Small-Body Database (SBDB) API"}, "orbit": {"t_jup": "5.788", "first_obs": "2011-03-13", "condition_code": "3", "data_arc": "3349", "not_valid_before": null, "rms": ".68922", "moid_jup": "34.7521", "last_obs": "2020-05-13", "source": "JPL", "n_dop_obs_used": null, "orbit_id": "8", "epoch": "2460200.5", "two_body": null, "n_obs_used": 99, "soln_date": "2023-12-06 01:57:41", "producer": "Otto Matic", "elements": [{"name": "e", "title": "eccentricity", "sigma": "3.3261E-5", "units": null, "label": "e", "value": ".06633387455433085"}, {"title": "semi-major axis", "name": "a", "label": "a", "units": "au", "sigma": ".0015811", "value": "42.89386368903672"}, {"value": "40.04854751593759", "title": "perihelion distance", "name": "q", "label": "q", "units": "au", "sigma": ".0013409"}, {"value": "8.534353762069417", "sigma": "2.1551E-5", "units": "deg", "label": "i", "name": "i", "title": "inclination; angle with respect to x-y ecliptic plane"}, {"value": "118.1876698252002", "units": "deg", "sigma": ".0007766", "label": "node", "name": "om", "title": "longitude of the ascending node"}, {"name": "w", "title": "argument of perihelion", "units": "deg", "sigma": ".023703", "label": "peri", "value": "140.4923234649624"}, {"value": "316.7193112406339", "name": "ma", "title": "mean anomaly", "sigma": ".021337", "units": "deg", "label": "M"}, {"value": "2472536.740868452722", "label": "tp", "units": "TDB", "sigma": "5.5451", "title": "time of perihelion passage", "name": "tp"}, {"value": "102610.3520980109", "name": "per", "title": "sidereal orbital period", "sigma": "5.6734", "units": "d", "label": "period"}, {"title": "mean motion", "name": "n", "label": "n", "units": "deg/d", "sigma": "1.9398E-7", "value": ".003508417938729386"}, {"value": "45.73917986213586", "sigma": ".001686", "units": "au", "label": "Q", "name": "ad", "title": "aphelion distance"}], "not_valid_after": null, "n_del_obs_used": null, "moid": "39.0372", "equinox": "J2000", "model_pars": [], "sb_used": "SB441-N16", "comment": null, "covariance": {"epoch": "2457058.5", "data": [["1.076817980173357E-9", "-1.440827927749064E-8", "2.643417103126054E-5", "-1.114298515900624E-9", "1.406448304917117E-7", "-4.591527665873735E-13"], ["-1.440827927749064E-8", "1.482819540844665E-6", "-.006418608091570337", "3.807993079723039E-8", "-2.730955917296335E-5", "1.982591446900251E-9"], ["2.643417103126054E-5", "-.006418608091570337", "29.24090868557247", "-.0001365549905178752", ".123294981420327", "-9.260666374499839E-6"], ["-1.114298515900624E-9", "3.807993079723039E-8", "-.0001365549905178752", "5.985429660856207E-7", "-1.193633728517209E-6", "1.577283244166346E-8"], ["1.406448304917117E-7", "-2.730955917296335E-5", ".123294981420327", "-1.193633728517209E-6", ".0005212820897391402", "-5.441923815291764E-8"], ["-4.591527665873735E-13", "1.982591446900251E-9", "-9.260666374499839E-6", "1.577283244166346E-8", "-5.441923815291764E-8", "4.541771000486101E-10"]], "labels": ["e", "q", "tp", "node", "peri", "i"], "elements": [{"label": "e", "sigma": 3.28149048478486e-05, "units": null, "title": "eccentricity", "name": "e", "value": ".0711329057342943"}, {"value": "40.26632332851319", "name": "q", "title": "perihelion distance", "units": "au", "sigma": 0.001217710778816, "label": "q"}, {"value": "2470711.784604432283", "label": "tp", "units": "TDB", "sigma": 5.40748635556045, "title": "time of perihelion passage", "name": "tp"}, {"title": "longitude of the ascending node", "name": "om", "label": "node", "units": "deg", "sigma": 0.00077365558621755, "value": "118.0670862273012"}, {"sigma": 0.0228316028727538, "units": "deg", "label": "peri", "name": "w", "title": "argument of perihelion", "value": "133.2875544230185"}, {"value": "8.52976566987301", "name": "i", "title": "inclination", "units": "deg", "sigma": 2.13114312060127e-05, "label": "i"}]}, "pe_used": "DE441"}, "object": {"pha": false, "orbit_class": {"name": "TransNeptunian Object", "code": "TNO"}, "orbit_id": "8", "prefix": null, "neo": false, "fullname": "533506 (2014 HU199)", "spkid": "20533506", "kind": "an", "des": "533506"}}