{"orbit": {"model_pars": [], "equinox": "J2000", "not_valid_after": null, "condition_code": "5", "moid_jup": "30.8887", "soln_date": "2021-09-22 14:12:05", "producer": "Otto Matic", "last_obs": "2018-11-26", "t_jup": "5.533", "rms": ".14404", "n_dop_obs_used": null, "n_del_obs_used": null, "first_obs": "2016-09-09", "data_arc": "808", "pe_used": "DE441", "two_body": null, "orbit_id": "1", "comment": null, "elements": [{"title": "eccentricity", "name": "e", "sigma": ".00029537", "value": ".2018304065320082", "label": "e", "units": null}, {"title": "semi-major axis", "name": "a", "sigma": ".017474", "units": "au", "label": "a", "value": "44.90152822306823"}, {"title": "perihelion distance", "name": "q", "sigma": ".0058485", "label": "q", "units": "au", "value": "35.83903452789793"}, {"label": "i", "units": "deg", "value": "19.7115367826344", "name": "i", "sigma": ".0012916", "title": "inclination; angle with respect to x-y ecliptic plane"}, {"name": "om", "sigma": ".0011246", "title": "longitude of the ascending node", "units": "deg", "label": "node", "value": "15.78397008022347"}, {"name": "w", "sigma": ".39761", "title": "argument of perihelion", "units": "deg", "label": "peri", "value": "350.4826554543096"}, {"name": "ma", "sigma": ".2583", "title": "mean anomaly", "label": "M", "units": "deg", "value": "2.81521513367955"}, {"value": "2459341.092383583359", "label": "tp", "units": "TDB", "title": "time of perihelion passage", "name": "tp", "sigma": "78.78"}, {"label": "period", "units": "d", "value": "109898.0813965771", "sigma": "64.152", "name": "per", "title": "sidereal orbital period"}, {"title": "mean motion", "name": "n", "sigma": "1.9122E-6", "units": "deg/d", "label": "n", "value": ".003275762373875371"}, {"name": "ad", "sigma": ".021001", "title": "aphelion distance", "label": "Q", "units": "au", "value": "53.96402191823854"}], "epoch": "2460200.5", "not_valid_before": null, "moid": "34.8389", "source": "JPL", "sb_used": "SB441-N16", "n_obs_used": 18, "covariance": {"epoch": "2458000.5", "elements": [{"sigma": 0.00028347894808561, "name": "e", "title": "eccentricity", "label": "e", "value": ".191336979632894", "units": null}, {"value": "35.83002738821138", "label": "q", "units": "au", "name": "q", "sigma": 0.00531935219085597, "title": "perihelion distance"}, {"title": "time of perihelion passage", "sigma": 83.235514025426, "name": "tp", "units": "TDB", "label": "tp", "value": "2459176.343306167250"}, {"units": "deg", "label": "node", "value": "15.72933320681624", "title": "longitude of the ascending node", "name": "om", "sigma": 0.00111980155063674}, {"title": "argument of perihelion", "name": "w", "sigma": 0.418139894880745, "label": "peri", "units": "deg", "value": "349.6965409460851"}, {"sigma": 0.00129671877995094, "name": "i", "title": "inclination", "label": "i", "value": "19.80082421184519", "units": "deg"}], "labels": ["e", "q", "tp", "node", "peri", "i"], "data": [["8.036031400772397E-8", "1.322612995877345E-8", ".01154225936160063", "-5.589094232651038E-8", "5.802900753506756E-5", "6.370198695312045E-8"], ["1.322612995877345E-8", "2.82955077303642E-5", "-.3817680241435633", "-1.256896882991183E-6", "-.001917407195426115", "1.371498709180088E-6"], [".01154225936160063", "-.3817680241435633", "6928.150795076884", ".008578121721997223", "34.80398254406704", "-.008949015296690045"], ["-5.589094232651038E-8", "-1.256896882991183E-6", ".008578121721997223", "1.253955512808449E-6", "4.195632874211134E-5", "-1.446331957692268E-6"], ["5.802900753506756E-5", "-.001917407195426115", "34.80398254406704", "4.195632874211134E-5", ".1748409716908806", "-4.364297557515722E-5"], ["6.370198695312045E-8", "1.371498709180088E-6", "-.008949015296690045", "-1.446331957692268E-6", "-4.364297557515722E-5", "1.681479594277464E-6"]]}}, "object": {"neo": false, "spkid": "54199127", "orbit_class": {"name": "TransNeptunian Object", "code": "TNO"}, "orbit_id": "1", "kind": "au", "pha": false, "prefix": null, "des": "2016 RP82", "fullname": "(2016 RP82)"}, "signature": {"version": "1.3", "source": "NASA/JPL Small-Body Database (SBDB) API"}}