{"signature": {"version": "1.3", "source": "NASA/JPL Small-Body Database (SBDB) API"}, "object": {"neo": false, "spkid": "3831021", "orbit_class": {"code": "TNO", "name": "TransNeptunian Object"}, "pha": false, "orbit_id": "2", "kind": "au", "fullname": "(2015 GC55)", "prefix": null, "des": "2015 GC55"}, "orbit": {"elements": [{"title": "eccentricity", "sigma": ".00093343", "name": "e", "label": "e", "value": ".07761609088472131", "units": null}, {"name": "a", "sigma": ".0077057", "title": "semi-major axis", "value": "43.41026319872176", "label": "a", "units": "au"}, {"name": "q", "sigma": ".035122", "title": "perihelion distance", "label": "q", "value": "40.0409282649601", "units": "au"}, {"title": "inclination; angle with respect to x-y ecliptic plane", "name": "i", "sigma": ".0016343", "value": "2.026474485297681", "label": "i", "units": "deg"}, {"sigma": ".0045115", "name": "om", "title": "longitude of the ascending node", "label": "node", "units": "deg", "value": "199.1317604496151"}, {"title": "argument of perihelion", "name": "w", "sigma": ".91333", "label": "peri", "value": "328.4265252462388", "units": "deg"}, {"label": "M", "units": "deg", "value": "41.96252950235495", "title": "mean anomaly", "name": "ma", "sigma": ".74242"}, {"title": "time of perihelion passage", "sigma": "217.75", "name": "tp", "value": "2448023.334342590450", "label": "tp", "units": "TDB"}, {"title": "sidereal orbital period", "name": "per", "sigma": "27.816", "value": "104468.9080628807", "label": "period", "units": "d"}, {"name": "n", "sigma": "9.1754E-7", "title": "mean motion", "label": "n", "value": ".003446001367060456", "units": "deg/d"}, {"value": "46.77959813248342", "label": "Q", "units": "au", "title": "aphelion distance", "sigma": ".0083037", "name": "ad"}], "comment": null, "epoch": "2460200.5", "not_valid_before": null, "moid": "39.0468", "source": "JPL", "sb_used": "SB441-N16", "n_obs_used": 35, "covariance": {"data": [["7.37745757395133E-7", "-2.725117116351111E-5", "-.1735251474140025", "-4.46385046139665E-9", "-.0007259283738345116", "-8.741029914584326E-10"], ["-2.725117116351111E-5", ".001024978959172356", "6.521702343852868", "2.686682054934379E-7", ".02727817614863346", "7.564003998907971E-8"], ["-.1735251474140025", "6.521702343852868", "41516.52421174163", ".001616928934072832", "173.6469372830873", ".000442091206173519"], ["-4.46385046139665E-9", "2.686682054934379E-7", ".001616928934072832", "2.064655543324119E-5", "-1.388020483372E-5", "7.310242085789256E-6"], ["-.0007259283738345116", ".02727817614863346", "173.6469372830873", "-1.388020483372E-5", ".7263183248232731", "-5.460663582725302E-6"], ["-8.741029914584326E-10", "7.564003998907971E-8", ".000442091206173519", "7.310242085789256E-6", "-5.460663582725302E-6", "2.643893495796033E-6"]], "labels": ["e", "q", "tp", "node", "peri", "i"], "elements": [{"label": "e", "value": ".0873961294885985", "units": null, "sigma": 0.000858921275435143, "name": "e", "title": "eccentricity"}, {"units": "au", "label": "q", "value": "40.10509487345478", "title": "perihelion distance", "sigma": 0.0320152925829572, "name": "q"}, {"value": "2448970.473818034361", "label": "tp", "units": "TDB", "title": "time of perihelion passage", "name": "tp", "sigma": 203.756040920856}, {"value": "199.0507320230867", "label": "node", "units": "deg", "sigma": 0.00454384808650567, "name": "om", "title": "longitude of the ascending node"}, {"value": "332.1539278424313", "label": "peri", "units": "deg", "name": "w", "sigma": 0.852243113684865, "title": "argument of perihelion"}, {"label": "i", "units": "deg", "value": "2.016943543414701", "title": "inclination", "name": "i", "sigma": 0.00162600538000218}], "epoch": "2457301.5"}, "rms": ".20723", "n_dop_obs_used": null, "first_obs": "2015-02-17", "n_del_obs_used": null, "data_arc": "738", "pe_used": "DE441", "two_body": null, "orbit_id": "2", "producer": "Otto Matic", "last_obs": "2017-02-24", "t_jup": "5.876", "model_pars": [], "condition_code": "5", "not_valid_after": null, "equinox": "J2000", "moid_jup": "34.6079", "soln_date": "2021-04-15 13:31:06"}}