{"signature": {"version": "1.3", "source": "NASA/JPL Small-Body Database (SBDB) API"}, "orbit": {"elements": [{"title": "eccentricity", "name": "e", "label": "e", "sigma": ".00038996", "units": null, "value": ".07740891128682081"}, {"value": "43.65077841182931", "label": "a", "units": "au", "sigma": ".028337", "title": "semi-major axis", "name": "a"}, {"value": "40.27181917814734", "label": "q", "sigma": ".019729", "units": "au", "title": "perihelion distance", "name": "q"}, {"value": ".4832341895876656", "label": "i", "units": "deg", "sigma": ".00097438", "title": "inclination; angle with respect to x-y ecliptic plane", "name": "i"}, {"label": "node", "units": "deg", "sigma": ".12112", "title": "longitude of the ascending node", "name": "om", "value": "64.55364149207598"}, {"sigma": ".34745", "units": "deg", "label": "peri", "name": "w", "title": "argument of perihelion", "value": "54.00770429123508"}, {"value": "75.18498312752756", "title": "mean anomaly", "name": "ma", "label": "M", "sigma": ".34085", "units": "deg"}, {"name": "tp", "title": "time of perihelion passage", "sigma": "78.471", "units": "TDB", "label": "tp", "value": "2438200.887976449856"}, {"value": "105338.3268709991", "label": "period", "units": "d", "sigma": "102.57", "title": "sidereal orbital period", "name": "per"}, {"value": ".003417559502733209", "title": "mean motion", "name": "n", "label": "n", "units": "deg/d", "sigma": "3.3279E-6"}, {"label": "Q", "units": "au", "sigma": ".030531", "title": "aphelion distance", "name": "ad", "value": "47.02973764551128"}], "soln_date": "2023-03-24 03:23:15", "producer": "Otto Matic", "n_del_obs_used": null, "not_valid_after": null, "epoch": "2460200.5", "orbit_id": "3", "n_dop_obs_used": null, "n_obs_used": 34, "two_body": null, "covariance": {"elements": [{"value": ".07540545679481622", "units": null, "sigma": 0.000409989703965995, "label": "e", "name": "e", "title": "eccentricity"}, {"name": "q", "title": "perihelion distance", "sigma": 0.0185446221016828, "units": "au", "label": "q", "value": "40.61078842399543"}, {"label": "tp", "sigma": 78.9060929048846, "units": "TDB", "title": "time of perihelion passage", "name": "tp", "value": "2439446.525888807897"}, {"label": "node", "units": "deg", "sigma": 0.11967892906968, "title": "longitude of the ascending node", "name": "om", "value": "64.30020917824909"}, {"value": "59.57359660968197", "name": "w", "title": "argument of perihelion", "units": "deg", "sigma": 0.34378381917843, "label": "peri"}, {"sigma": 0.000975793511796691, "units": "deg", "label": "i", "name": "i", "title": "inclination", "value": ".4855119812509399"}], "labels": ["e", "q", "tp", "node", "peri", "i"], "epoch": "2458979.5", "data": [["1.680915573581241E-7", "3.995025062953745E-7", ".01779842491744166", "1.956102861348493E-7", "6.424064645948046E-5", "-1.00627747266484E-9"], ["3.995025062953745E-7", ".0003439030088942222", "1.261525899487608", "3.493603006260537E-6", ".00536516127396014", "4.56528843726517E-10"], [".01779842491744166", "1.261525899487608", "6226.171497514282", ".03139793000091495", "25.3583696426238", "-9.620145185612914E-5"], ["1.956102861348493E-7", "3.493603006260537E-6", ".03139793000091495", ".0143230460632655", "-.01420177705679664", "-.0001164673642352225"], ["6.424064645948046E-5", ".00536516127396014", "25.3583696426238", "-.01420177705679664", ".1181873143289072", ".0001161215427234836"], ["-1.00627747266484E-9", "4.56528843726517E-10", "-9.620145185612914E-5", "-.0001164673642352225", ".0001161215427234836", "9.521729776645184E-7"]]}, "comment": null, "sb_used": "SB441-N16", "pe_used": "DE441", "model_pars": [], "moid": "39.2866", "equinox": "J2000", "data_arc": "2895", "first_obs": "2015-04-14", "condition_code": "4", "rms": ".3138", "not_valid_before": null, "t_jup": "5.894", "last_obs": "2023-03-18", "source": "JPL", "moid_jup": "34.9971"}, "object": {"pha": false, "neo": false, "fullname": "(2019 GJ23)", "prefix": null, "orbit_class": {"code": "TNO", "name": "TransNeptunian Object"}, "orbit_id": "3", "kind": "au", "des": "2019 GJ23", "spkid": "54013547"}}