{"signature": {"version": "1.3", "source": "NASA/JPL Small-Body Database (SBDB) API"}, "orbit": {"not_valid_after": null, "n_del_obs_used": null, "producer": "Otto Matic", "soln_date": "2021-09-22 14:42:03", "elements": [{"title": "eccentricity", "name": "e", "label": "e", "sigma": ".00019053", "units": null, "value": ".1197226318227265"}, {"name": "a", "title": "semi-major axis", "sigma": ".012253", "units": "au", "label": "a", "value": "42.84372194803657"}, {"sigma": ".002816", "units": "au", "label": "q", "name": "q", "title": "perihelion distance", "value": "37.71435879933652"}, {"value": "27.05359519860641", "title": "inclination; angle with respect to x-y ecliptic plane", "name": "i", "label": "i", "sigma": ".0010812", "units": "deg"}, {"label": "node", "units": "deg", "sigma": ".0011483", "title": "longitude of the ascending node", "name": "om", "value": "38.83172952815031"}, {"value": "336.07199932", "name": "w", "title": "argument of perihelion", "units": "deg", "sigma": ".23627", "label": "peri"}, {"name": "ma", "title": "mean anomaly", "units": "deg", "sigma": ".18313", "label": "M", "value": "6.419088736391033"}, {"value": "2458374.082357529254", "title": "time of perihelion passage", "name": "tp", "label": "tp", "sigma": "52.469", "units": "TDB"}, {"value": "102430.4816915706", "title": "sidereal orbital period", "name": "per", "label": "period", "sigma": "43.94", "units": "d"}, {"value": ".003514578805594213", "name": "n", "title": "mean motion", "sigma": "1.5077E-6", "units": "deg/d", "label": "n"}, {"sigma": ".013719", "units": "au", "label": "Q", "name": "ad", "title": "aphelion distance", "value": "47.97308509673663"}], "n_obs_used": 20, "two_body": null, "orbit_id": "1", "n_dop_obs_used": null, "epoch": "2460200.5", "pe_used": "DE441", "sb_used": "SB441-N16", "covariance": {"data": [["3.707824491856734E-8", "4.768278033223303E-7", "-.004592798108289958", "-2.570375134538958E-8", "-2.056936493958263E-5", "3.329540369463369E-8"], ["4.768278033223303E-7", "6.888381434799784E-6", "-.09480036690611386", "-3.437202662842611E-7", "-.000424756245470966", "4.508754572894003E-7"], ["-.004592798108289958", "-.09480036690611386", "3310.875360877212", ".002787159227600803", "14.84252528133325", "-.004084818627358433"], ["-2.570375134538958E-8", "-3.437202662842611E-7", ".002787159227600803", "1.307774859799854E-6", "1.133377738520538E-5", "-1.238383537527814E-6"], ["-2.056936493958263E-5", "-.000424756245470966", "14.84252528133325", "1.133377738520538E-5", ".06653949663771692", "-1.721391047767321E-5"], ["3.329540369463369E-8", "4.508754572894003E-7", "-.004084818627358433", "-1.238383537527814E-6", "-1.721391047767321E-5", "1.180623949236335E-6"]], "epoch": "2457936.5", "elements": [{"value": ".1088183115080108", "name": "e", "title": "eccentricity", "sigma": 0.000192557121183734, "units": null, "label": "e"}, {"label": "q", "sigma": 0.00262457261945632, "units": "au", "title": "perihelion distance", "name": "q", "value": "37.69935697863183"}, {"title": "time of perihelion passage", "name": "tp", "label": "tp", "sigma": 57.54020647232, "units": "TDB", "value": "2458152.011499691331"}, {"value": "38.72726879815286", "sigma": 0.00114357984408604, "units": "deg", "label": "node", "name": "om", "title": "longitude of the ascending node"}, {"value": "335.18052724488", "label": "peri", "sigma": 0.257952508492778, "units": "deg", "title": "argument of perihelion", "name": "w"}, {"value": "27.18345189843881", "label": "i", "units": "deg", "sigma": 0.00108656520707978, "title": "inclination", "name": "i"}], "labels": ["e", "q", "tp", "node", "peri", "i"]}, "comment": null, "moid": "36.7326", "equinox": "J2000", "model_pars": [], "rms": ".16181", "not_valid_before": null, "first_obs": "2013-11-05", "condition_code": "4", "data_arc": "1828", "t_jup": "5.196", "source": "JPL", "last_obs": "2018-11-07", "moid_jup": "32.8213"}, "object": {"prefix": null, "orbit_class": {"name": "TransNeptunian Object", "code": "TNO"}, "orbit_id": "1", "neo": false, "fullname": "(2016 QE135)", "pha": false, "spkid": "54199136", "des": "2016 QE135", "kind": "au"}}