{"signature": {"version": "1.3", "source": "NASA/JPL Small-Body Database (SBDB) API"}, "object": {"kind": "au", "orbit_id": "3", "pha": false, "orbit_class": {"code": "TNO", "name": "TransNeptunian Object"}, "des": "2015 VS164", "prefix": null, "fullname": "(2015 VS164)", "spkid": "3830951", "neo": false}, "orbit": {"not_valid_before": null, "epoch": "2460200.5", "comment": null, "elements": [{"label": "e", "value": ".1577984032415819", "units": null, "name": "e", "sigma": ".00020908", "title": "eccentricity"}, {"label": "a", "value": "39.62042132215821", "units": "au", "sigma": ".0055177", "name": "a", "title": "semi-major axis"}, {"label": "q", "value": "33.36838210176292", "units": "au", "title": "perihelion distance", "name": "q", "sigma": ".0075715"}, {"sigma": ".0010383", "name": "i", "title": "inclination; angle with respect to x-y ecliptic plane", "value": "20.67260264676213", "label": "i", "units": "deg"}, {"units": "deg", "label": "node", "value": "228.6921287255889", "title": "longitude of the ascending node", "sigma": ".00028576", "name": "om"}, {"value": "235.6173654790801", "label": "peri", "units": "deg", "title": "argument of perihelion", "name": "w", "sigma": ".090237"}, {"units": "deg", "label": "M", "value": "333.3756349761662", "title": "mean anomaly", "sigma": ".058981", "name": "ma"}, {"sigma": "14.56", "name": "tp", "title": "time of perihelion passage", "value": "2466937.302557893525", "label": "tp", "units": "TDB"}, {"title": "sidereal orbital period", "name": "per", "sigma": "19.029", "value": "91091.33377155139", "label": "period", "units": "d"}, {"units": "deg/d", "label": "n", "value": ".003952077383155313", "name": "n", "sigma": "8.2558E-7", "title": "mean motion"}, {"value": "45.8724605425535", "label": "Q", "units": "au", "title": "aphelion distance", "name": "ad", "sigma": ".0063884"}], "covariance": {"epoch": "2457479.5", "elements": [{"title": "eccentricity", "sigma": 0.000217629668555651, "name": "e", "units": null, "label": "e", "value": ".1546654622088169"}, {"label": "q", "units": "au", "value": "33.22967046795984", "sigma": 0.00785603737948606, "name": "q", "title": "perihelion distance"}, {"title": "time of perihelion passage", "sigma": 14.0103857919201, "name": "tp", "value": "2467410.183783284701", "label": "tp", "units": "TDB"}, {"title": "longitude of the ascending node", "sigma": 0.000284460243286086, "name": "om", "label": "node", "value": "228.7613218847391", "units": "deg"}, {"value": "238.2099951125847", "label": "peri", "units": "deg", "title": "argument of perihelion", "name": "w", "sigma": 0.0886737298715449}, {"value": "20.7521468871606", "label": "i", "units": "deg", "title": "inclination", "name": "i", "sigma": 0.00104182577490328}], "labels": ["e", "q", "tp", "node", "peri", "i"], "data": [["4.736267263564232E-8", "-1.447900889105557E-6", ".00241026266649197", "1.262137557017311E-9", "1.566637544914672E-5", "3.326316808377235E-9"], ["-1.447900889105557E-6", "6.171732330788226E-5", "-.1093239068393193", "1.603515164278738E-9", "-.0006943968649480593", "5.55573302630605E-9"], [".00241026266649197", "-.1093239068393193", "196.2909100384371", "-1.430129493577484E-5", "1.241474959416758", "-4.032672169071834E-5"], ["1.262137557017311E-9", "1.603515164278738E-9", "-1.430129493577484E-5", "8.091763001037898E-8", "-1.366605307948066E-7", "2.858788639015179E-7"], ["1.566637544914672E-5", "-.0006943968649480593", "1.241474959416758", "-1.366605307948066E-7", ".00786303036933172", "-4.440960355194892E-7"], ["3.326316808377235E-9", "5.55573302630605E-9", "-4.032672169071834E-5", "2.858788639015179E-7", "-4.440960355194892E-7", "1.085400945252812E-6"]]}, "source": "JPL", "sb_used": "SB441-N16", "moid": "32.4275", "n_obs_used": 28, "data_arc": "1913", "first_obs": "2015-08-20", "n_del_obs_used": null, "rms": ".1546", "n_dop_obs_used": null, "orbit_id": "3", "two_body": null, "pe_used": "DE441", "producer": "Otto Matic", "last_obs": "2020-11-14", "t_jup": "5.230", "condition_code": "4", "not_valid_after": null, "equinox": "J2000", "model_pars": [], "soln_date": "2021-04-15 15:18:25", "moid_jup": "28.4415"}}