{"object": {"fullname": "(2002 PA171)", "des": "2002 PA171", "prefix": null, "pha": false, "orbit_id": "6", "kind": "au", "orbit_class": {"code": "TNO", "name": "TransNeptunian Object"}, "spkid": "3315182", "neo": false}, "orbit": {"orbit_id": "6", "pe_used": "DE441", "two_body": null, "n_del_obs_used": null, "first_obs": "2002-08-05", "data_arc": "4081", "n_dop_obs_used": null, "rms": ".1502", "n_obs_used": 18, "source": "JPL", "sb_used": "SB441-N16", "moid": "40.4176", "covariance": {"elements": [{"title": "eccentricity", "sigma": 0.000654019196500662, "name": "e", "label": "e", "value": ".0796809091699015", "units": null}, {"title": "perihelion distance", "name": "q", "sigma": 0.0613524541273721, "label": "q", "units": "au", "value": "40.69102897750063"}, {"title": "time of perihelion passage", "name": "tp", "sigma": 153.684078775999, "units": "TDB", "label": "tp", "value": "2503018.098951242340"}, {"sigma": 0.0172183613562871, "name": "om", "title": "longitude of the ascending node", "units": "deg", "label": "node", "value": "109.5653943290478"}, {"label": "peri", "value": "29.9031106814687", "units": "deg", "title": "argument of perihelion", "name": "w", "sigma": 0.420816007692966}, {"label": "i", "value": "2.509020902540277", "units": "deg", "title": "inclination", "name": "i", "sigma": 0.0008332131138482}], "epoch": "2453585.5", "data": [["4.277411093913716E-7", "-3.970785361194821E-5", "-.05502567794870983", "-2.351065345029273E-7", "-3.905493643991238E-5", "-2.009963653026496E-8"], ["-3.970785361194821E-5", ".003764123627451304", "3.975110005903534", "1.839994541748113E-5", "-4.29543773611589E-5", "1.741213949055278E-6"], ["-.05502567794870983", "3.975110005903534", "23618.79606922752", ".08030840522826276", "58.54973312356625", ".004416010989796674"], ["-2.351065345029273E-7", "1.839994541748113E-5", ".08030840522826276", ".0002964719677956799", "-.0001124508115696049", "1.415614935253983E-5"], ["-3.905493643991238E-5", "-4.29543773611589E-5", "58.54973312356625", "-.0001124508115696049", ".1770861123306467", "-6.371379322746235E-6"], ["-2.009963653026496E-8", "1.741213949055278E-6", ".004416010989796674", "1.415614935253983E-5", "-6.371379322746235E-6", "6.942440930886135E-7"]], "labels": ["e", "q", "tp", "node", "peri", "i"]}, "not_valid_before": null, "epoch": "2460200.5", "comment": null, "elements": [{"sigma": ".00066622", "name": "e", "title": "eccentricity", "value": ".07271418564731633", "label": "e", "units": null}, {"sigma": ".036566", "name": "a", "title": "semi-major axis", "label": "a", "units": "au", "value": "44.65116987690423"}, {"units": "au", "label": "q", "value": "41.40439642110515", "sigma": ".062555", "name": "q", "title": "perihelion distance"}, {"title": "inclination; angle with respect to x-y ecliptic plane", "name": "i", "sigma": ".00083014", "units": "deg", "label": "i", "value": "2.508695808099509"}, {"title": "longitude of the ascending node", "name": "om", "sigma": ".017135", "units": "deg", "label": "node", "value": "109.5702396716405"}, {"sigma": ".4567", "name": "w", "title": "argument of perihelion", "label": "peri", "value": "23.72417148850773", "units": "deg"}, {"sigma": ".52136", "name": "ma", "title": "mean anomaly", "units": "deg", "label": "M", "value": "222.9922458207549"}, {"title": "time of perihelion passage", "name": "tp", "sigma": "158.01", "label": "tp", "value": "2501675.876455927355", "units": "TDB"}, {"sigma": "133.87", "name": "per", "title": "sidereal orbital period", "label": "period", "units": "d", "value": "108980.2224230292"}, {"sigma": "4.0577E-6", "name": "n", "title": "mean motion", "label": "n", "value": ".003303351672403325", "units": "deg/d"}, {"label": "Q", "units": "au", "value": "47.8979433327033", "title": "aphelion distance", "name": "ad", "sigma": ".039224"}], "moid_jup": "36.0691", "soln_date": "2021-04-14 21:26:07", "not_valid_after": null, "condition_code": "5", "equinox": "J2000", "model_pars": [], "t_jup": "5.954", "producer": "Otto Matic", "last_obs": "2013-10-07"}, "signature": {"version": "1.3", "source": "NASA/JPL Small-Body Database (SBDB) API"}}