{"orbit": {"rms": ".20093", "not_valid_before": null, "data_arc": "823", "first_obs": "2015-09-12", "condition_code": "4", "t_jup": "5.492", "source": "JPL", "last_obs": "2017-12-13", "moid_jup": "26.2023", "not_valid_after": null, "n_del_obs_used": null, "elements": [{"label": "e", "units": null, "sigma": ".0004749", "title": "eccentricity", "name": "e", "value": ".212269768794634"}, {"value": "39.77094353095035", "title": "semi-major axis", "name": "a", "label": "a", "sigma": ".0093651", "units": "au"}, {"name": "q", "title": "perihelion distance", "sigma": ".012542", "units": "au", "label": "q", "value": "31.32877454289108"}, {"label": "i", "sigma": ".00097455", "units": "deg", "title": "inclination; angle with respect to x-y ecliptic plane", "name": "i", "value": "7.201703908239242"}, {"title": "longitude of the ascending node", "name": "om", "label": "node", "sigma": ".0036517", "units": "deg", "value": "76.31729055142034"}, {"value": "10.73839126919317", "name": "w", "title": "argument of perihelion", "sigma": ".1838", "units": "deg", "label": "peri"}, {"name": "ma", "title": "mean anomaly", "units": "deg", "sigma": ".10373", "label": "M", "value": "347.1642263672375"}, {"value": "2463466.880822309901", "title": "time of perihelion passage", "name": "tp", "label": "tp", "units": "TDB", "sigma": "27.297"}, {"sigma": "32.358", "units": "d", "label": "period", "name": "per", "title": "sidereal orbital period", "value": "91610.92503455788"}, {"value": ".003929662317722469", "label": "n", "sigma": "1.388E-6", "units": "deg/d", "title": "mean motion", "name": "n"}, {"value": "48.21311251900962", "units": "au", "sigma": ".011353", "label": "Q", "name": "ad", "title": "aphelion distance"}], "producer": "Otto Matic", "soln_date": "2021-04-15 15:18:27", "two_body": null, "n_obs_used": 33, "epoch": "2460200.5", "n_dop_obs_used": null, "orbit_id": "2", "pe_used": "DE441", "covariance": {"epoch": "2457535.5", "data": [["2.438826773127316E-7", "-6.262939922499248E-6", ".01302626639785206", "-9.425015466136992E-8", "8.867832535040197E-5", "2.600025972443889E-8"], ["-6.262939922499248E-6", ".0001700541808551226", "-.3534569648947166", "2.506939414253991E-6", "-.002402365984829326", "-6.785365460860149E-7"], [".01302626639785206", "-.3534569648947166", "735.2915115333143", "-.005214680013416057", "4.997057745943418", ".001413181615369335"], ["-9.425015466136992E-8", "2.506939414253991E-6", "-.005214680013416057", "1.330454434073398E-5", "-4.862293357697583E-5", "-3.563328778236353E-6"], ["8.867832535040197E-5", "-.002402365984829326", "4.997057745943418", "-4.862293357697583E-5", ".03397535755844008", "1.313868059698816E-5"], ["2.600025972443889E-8", "-6.785365460860149E-7", ".001413181615369335", "-3.563328778236353E-6", "1.313868059698816E-5", "9.574823461492949E-7"]], "labels": ["e", "q", "tp", "node", "peri", "i"], "elements": [{"units": null, "sigma": 0.000493844790711345, "label": "e", "name": "e", "title": "eccentricity", "value": ".2062118016014186"}, {"name": "q", "title": "perihelion distance", "units": "au", "sigma": 0.0130404823858292, "label": "q", "value": "31.252897097932"}, {"name": "tp", "title": "time of perihelion passage", "units": "TDB", "sigma": 27.1162591729264, "label": "tp", "value": "2463753.641811671132"}, {"name": "om", "title": "longitude of the ascending node", "units": "deg", "sigma": 0.00364753949131932, "label": "node", "value": "76.29986680517136"}, {"value": "12.51920943658189", "label": "peri", "units": "deg", "sigma": 0.184324055832222, "title": "argument of perihelion", "name": "w"}, {"value": "7.217756710134918", "name": "i", "title": "inclination", "sigma": 0.000978510268801148, "units": "deg", "label": "i"}]}, "comment": null, "sb_used": "SB441-N16", "model_pars": [], "equinox": "J2000", "moid": "30.3441"}, "signature": {"version": "1.3", "source": "NASA/JPL Small-Body Database (SBDB) API"}, "object": {"kind": "au", "des": "2015 VM165", "spkid": "3830969", "neo": false, "fullname": "(2015 VM165)", "prefix": null, "orbit_id": "2", "orbit_class": {"code": "TNO", "name": "TransNeptunian Object"}, "pha": false}}