{"signature": {"version": "1.3", "source": "NASA/JPL Small-Body Database (SBDB) API"}, "orbit": {"two_body": null, "n_obs_used": 44, "n_dop_obs_used": null, "orbit_id": "3", "epoch": "2460200.5", "not_valid_after": null, "n_del_obs_used": null, "producer": "Otto Matic", "soln_date": "2021-04-15 08:42:01", "elements": [{"name": "e", "title": "eccentricity", "sigma": ".00012934", "units": null, "label": "e", "value": ".1238056746746224"}, {"sigma": ".0056379", "units": "au", "label": "a", "name": "a", "title": "semi-major axis", "value": "44.07647659929621"}, {"name": "q", "title": "perihelion distance", "sigma": ".0034642", "units": "au", "label": "q", "value": "38.61955867664013"}, {"value": "2.064426018102779", "units": "deg", "sigma": "7.8924E-5", "label": "i", "name": "i", "title": "inclination; angle with respect to x-y ecliptic plane"}, {"value": "111.4525660855584", "label": "node", "sigma": ".013111", "units": "deg", "title": "longitude of the ascending node", "name": "om"}, {"label": "peri", "units": "deg", "sigma": ".10056", "title": "argument of perihelion", "name": "w", "value": "287.0895590719509"}, {"name": "ma", "title": "mean anomaly", "sigma": ".075233", "units": "deg", "label": "M", "value": "350.2905174579589"}, {"title": "time of perihelion passage", "name": "tp", "label": "tp", "units": "TDB", "sigma": "22.375", "value": "2463083.219042663046"}, {"title": "sidereal orbital period", "name": "per", "label": "period", "units": "d", "sigma": "20.507", "value": "106883.0239783859"}, {"value": ".003368168176761166", "title": "mean motion", "name": "n", "label": "n", "sigma": "6.4624E-7", "units": "deg/d"}, {"value": "49.53339452195227", "units": "au", "sigma": ".0063359", "label": "Q", "name": "ad", "title": "aphelion distance"}], "equinox": "J2000", "moid": "37.6271", "model_pars": [], "pe_used": "DE441", "sb_used": "SB441-N16", "covariance": {"data": [["1.796260157597137E-8", "-2.78452728437809E-7", ".002173698431990505", "-2.778912987087787E-8", "9.733121704959409E-6", "-4.615981871652226E-11"], ["-2.78452728437809E-7", "1.388994296070676E-5", "-.0867335203005391", "8.582107646878001E-7", "-.0003864512229209619", "4.99621903084879E-9"], [".002173698431990505", "-.0867335203005391", "558.2649299250445", "-.005744456686172792", "2.488811417042178", "-2.917931602556535E-5"], ["-2.778912987087787E-8", "8.582107646878001E-7", "-.005744456686172792", ".000173298462828534", "-.0001987570439679679", "1.003561218908067E-6"], ["9.733121704959409E-6", "-.0003864512229209619", "2.488811417042178", "-.0001987570439679679", ".01126867058276471", "-1.132476204751623E-6"], ["-4.615981871652226E-11", "4.99621903084879E-9", "-2.917931602556535E-5", "1.003561218908067E-6", "-1.132476204751623E-6", "6.30205438284474E-9"]], "epoch": "2457014.5", "elements": [{"value": ".1148042223883509", "label": "e", "sigma": 0.000134024630482503, "units": null, "title": "eccentricity", "name": "e"}, {"sigma": 0.00372692137839085, "units": "au", "label": "q", "name": "q", "title": "perihelion distance", "value": "38.56375701850144"}, {"value": "2463571.534891718099", "name": "tp", "title": "time of perihelion passage", "units": "TDB", "sigma": 23.6276306456031, "label": "tp"}, {"value": "111.5123609954277", "title": "longitude of the ascending node", "name": "om", "label": "node", "sigma": 0.0131642874029905, "units": "deg"}, {"value": "289.1099314666762", "sigma": 0.106153994662305, "units": "deg", "label": "peri", "name": "w", "title": "argument of perihelion"}, {"value": "2.064825669610183", "sigma": 7.93854796725745e-05, "units": "deg", "label": "i", "name": "i", "title": "inclination"}], "labels": ["e", "q", "tp", "node", "peri", "i"]}, "comment": null, "t_jup": "5.890", "rms": ".19914", "not_valid_before": null, "first_obs": "2013-08-05", "condition_code": "4", "data_arc": "1864", "moid_jup": "33.6463", "source": "JPL", "last_obs": "2018-09-12"}, "object": {"pha": false, "neo": false, "fullname": "(2013 SB101)", "orbit_class": {"code": "TNO", "name": "TransNeptunian Object"}, "orbit_id": "3", "prefix": null, "kind": "au", "des": "2013 SB101", "spkid": "3787116"}}