{"object": {"orbit_class": {"code": "TNO", "name": "TransNeptunian Object"}, "pha": false, "kind": "au", "orbit_id": "2", "fullname": "(2014 UQ228)", "prefix": null, "des": "2014 UQ228", "neo": false, "spkid": "3790078"}, "orbit": {"pe_used": "DE441", "two_body": null, "orbit_id": "2", "rms": ".29374", "n_dop_obs_used": null, "first_obs": "2013-09-02", "n_del_obs_used": null, "data_arc": "1458", "sb_used": "SB441-N16", "source": "JPL", "n_obs_used": 25, "moid": "37.7089", "covariance": {"labels": ["e", "q", "tp", "node", "peri", "i"], "data": [["2.738436838366879E-7", "-9.533247326901955E-6", ".04841447806563158", "3.576324212986245E-7", ".0001291183729675292", "-1.724852493072955E-8"], ["-9.533247326901955E-6", ".0003752422764650014", "-1.563319646939726", "-1.117543399991637E-5", "-.003960316948478229", "5.601391041184082E-7"], [".04841447806563158", "-1.563319646939726", "8907.356471927091", ".06679438253237799", "24.34478710375346", "-.00316347188277395"], ["3.576324212986245E-7", "-1.117543399991637E-5", ".06679438253237799", ".0001929531765840923", "-7.672839022913716E-6", "-8.984779905091357E-6"], [".0001291183729675292", "-.003960316948478229", "24.34478710375346", "-7.672839022913716E-6", ".06769657405305392", "3.064579572576005E-7"], ["-1.724852493072955E-8", "5.601391041184082E-7", "-.00316347188277395", "-8.984779905091357E-6", "3.064579572576005E-7", "4.194418285451101E-7"]], "epoch": "2457140.5", "elements": [{"name": "e", "sigma": 0.000523300758490457, "title": "eccentricity", "units": null, "label": "e", "value": ".1253496191233037"}, {"label": "q", "value": "38.12366250199976", "units": "au", "name": "q", "sigma": 0.0193711712724089, "title": "perihelion distance"}, {"title": "time of perihelion passage", "sigma": 94.3787924902999, "name": "tp", "label": "tp", "value": "2420614.617350744622", "units": "TDB"}, {"value": "266.5024199543312", "label": "node", "units": "deg", "title": "longitude of the ascending node", "name": "om", "sigma": 0.0138907586756121}, {"label": "peri", "value": "347.0223986127309", "units": "deg", "name": "w", "sigma": 0.260185653049998, "title": "argument of perihelion"}, {"label": "i", "value": "4.140909922119262", "units": "deg", "sigma": 0.000647643288041426, "name": "i", "title": "inclination"}]}, "comment": null, "epoch": "2460200.5", "elements": [{"name": "e", "sigma": ".00056188", "title": "eccentricity", "label": "e", "value": ".1200254467687609", "units": null}, {"title": "semi-major axis", "sigma": ".0094759", "name": "a", "units": "au", "label": "a", "value": "44.0065243919038"}, {"label": "q", "value": "38.72462164102517", "units": "au", "sigma": ".020841", "name": "q", "title": "perihelion distance"}, {"title": "inclination; angle with respect to x-y ecliptic plane", "name": "i", "sigma": ".00064376", "units": "deg", "label": "i", "value": "4.138018917848433"}, {"label": "node", "units": "deg", "value": "266.4968226426612", "sigma": ".013834", "name": "om", "title": "longitude of the ascending node"}, {"name": "w", "sigma": ".25659", "title": "argument of perihelion", "units": "deg", "label": "peri", "value": "350.9341199019124"}, {"title": "mean anomaly", "name": "ma", "sigma": ".35143", "units": "deg", "label": "M", "value": "131.3282415781506"}, {"label": "tp", "units": "TDB", "value": "2421302.286130492299", "sigma": "94.439", "name": "tp", "title": "time of perihelion passage"}, {"sigma": "34.44", "name": "per", "title": "sidereal orbital period", "units": "d", "label": "period", "value": "106628.6795950868"}, {"units": "deg/d", "label": "n", "value": ".003376202362882753", "sigma": "1.0905E-6", "name": "n", "title": "mean motion"}, {"label": "Q", "value": "49.28842714278243", "units": "au", "title": "aphelion distance", "sigma": ".010613", "name": "ad"}], "not_valid_before": null, "moid_jup": "33.4019", "soln_date": "2021-04-15 11:41:17", "model_pars": [], "not_valid_after": null, "condition_code": "5", "equinox": "J2000", "t_jup": "5.877", "producer": "Otto Matic", "last_obs": "2017-08-30"}, "signature": {"version": "1.3", "source": "NASA/JPL Small-Body Database (SBDB) API"}}