{"signature": {"version": "1.3", "source": "NASA/JPL Small-Body Database (SBDB) API"}, "orbit": {"elements": [{"label": "e", "sigma": ".00077509", "units": null, "title": "eccentricity", "name": "e", "value": ".1238746536365881"}, {"value": "43.73679599132405", "title": "semi-major axis", "name": "a", "label": "a", "sigma": ".0090191", "units": "au"}, {"value": "38.31891553672467", "sigma": ".028041", "units": "au", "label": "q", "name": "q", "title": "perihelion distance"}, {"value": "8.597800985012235", "units": "deg", "sigma": ".0011783", "label": "i", "name": "i", "title": "inclination; angle with respect to x-y ecliptic plane"}, {"value": "226.3802480733546", "name": "om", "title": "longitude of the ascending node", "sigma": ".00058889", "units": "deg", "label": "node"}, {"value": "87.78778717133464", "name": "w", "title": "argument of perihelion", "sigma": ".054507", "units": "deg", "label": "peri"}, {"value": "91.21620057717362", "label": "M", "sigma": ".13031", "units": "deg", "title": "mean anomaly", "name": "ma"}, {"value": "2433431.117568788341", "title": "time of perihelion passage", "name": "tp", "label": "tp", "sigma": "30.375", "units": "TDB"}, {"title": "sidereal orbital period", "name": "per", "label": "period", "units": "d", "sigma": "32.68", "value": "105649.8474422076"}, {"value": ".003407482440492181", "title": "mean motion", "name": "n", "label": "n", "units": "deg/d", "sigma": "1.054E-6"}, {"title": "aphelion distance", "name": "ad", "label": "Q", "sigma": ".010136", "units": "au", "value": "49.15467644592343"}], "producer": "Otto Matic", "soln_date": "2021-04-15 15:18:54", "not_valid_after": null, "n_del_obs_used": null, "epoch": "2460200.5", "n_dop_obs_used": null, "orbit_id": "2", "n_obs_used": 42, "two_body": null, "covariance": {"epoch": "2457540.5", "data": [["5.830126357365741E-7", "-2.071402986228815E-5", ".02820790903130515", "1.657544331208997E-9", "4.462627204672669E-5", "-5.771220279618457E-10"], ["-2.071402986228815E-5", ".0007586428874260003", "-.9592821403341175", "-1.406982366233435E-7", "-.001364432784647007", "-1.391668633701069E-7"], [".02820790903130515", "-.9592821403341175", "1447.56397675241", "-6.710648270214161E-5", "2.582765885130258", "-.0003154876561220622"], ["1.657544331208997E-9", "-1.406982366233435E-7", "-6.710648270214161E-5", "3.425308167860352E-7", "-9.834986964937011E-7", "6.728312554406449E-7"], ["4.462627204672669E-5", "-.001364432784647007", "2.582765885130258", "-9.834986964937011E-7", ".005588846650962593", "-2.215844197445497E-6"], ["-5.771220279618457E-10", "-1.391668633701069E-7", "-.0003154876561220622", "6.728312554406449E-7", "-2.215844197445497E-6", "1.402549927531538E-6"]], "elements": [{"name": "e", "title": "eccentricity", "sigma": 0.000763552641103791, "units": null, "label": "e", "value": ".1222827109701299"}, {"label": "q", "sigma": 0.027543472682761, "units": "au", "title": "perihelion distance", "name": "q", "value": "37.99060278046243"}, {"value": "2432365.984408745633", "sigma": 38.046865531242, "units": "TDB", "label": "tp", "name": "tp", "title": "time of perihelion passage"}, {"sigma": 0.000585261323500909, "units": "deg", "label": "node", "name": "om", "title": "longitude of the ascending node", "value": "226.4420823819028"}, {"sigma": 0.0747585891450781, "units": "deg", "label": "peri", "name": "w", "title": "argument of perihelion", "value": "83.03620419325269"}, {"value": "8.643132660696354", "title": "inclination", "name": "i", "label": "i", "units": "deg", "sigma": 0.00118429300746544}], "labels": ["e", "q", "tp", "node", "peri", "i"]}, "comment": null, "sb_used": "SB441-N16", "pe_used": "DE441", "model_pars": [], "moid": "37.3162", "equinox": "J2000", "data_arc": "1125", "condition_code": "4", "first_obs": "2014-11-17", "rms": ".17704", "not_valid_before": null, "t_jup": "5.808", "last_obs": "2017-12-16", "source": "JPL", "moid_jup": "33.3128"}, "object": {"fullname": "(2015 VO172)", "neo": false, "prefix": null, "orbit_id": "2", "orbit_class": {"code": "TNO", "name": "TransNeptunian Object"}, "pha": false, "des": "2015 VO172", "kind": "au", "spkid": "3835772"}}