{"object": {"prefix": null, "orbit_id": "15", "orbit_class": {"code": "TNO", "name": "TransNeptunian Object"}, "neo": false, "fullname": "471921 (2013 FC28)", "pha": false, "spkid": "20471921", "kind": "an", "des": "471921"}, "orbit": {"n_del_obs_used": null, "not_valid_after": null, "producer": "Otto Matic", "soln_date": "2021-07-09 08:24:33", "elements": [{"title": "eccentricity", "name": "e", "label": "e", "sigma": "1.9782E-5", "units": null, "value": ".08091599547033029"}, {"value": "45.67752591589329", "name": "a", "title": "semi-major axis", "units": "au", "sigma": ".0010902", "label": "a"}, {"name": "q", "title": "perihelion distance", "units": "au", "sigma": ".0016755", "label": "q", "value": "41.98148343578698"}, {"title": "inclination; angle with respect to x-y ecliptic plane", "name": "i", "label": "i", "units": "deg", "sigma": "8.1555E-5", "value": "16.35923095070352"}, {"title": "longitude of the ascending node", "name": "om", "label": "node", "units": "deg", "sigma": "9.8062E-5", "value": "193.1210129138227"}, {"sigma": ".012168", "units": "deg", "label": "peri", "name": "w", "title": "argument of perihelion", "value": "102.9529688324925"}, {"label": "M", "units": "deg", "sigma": ".012825", "title": "mean anomaly", "name": "ma", "value": "255.6926999990556"}, {"name": "tp", "title": "time of perihelion passage", "units": "TDB", "sigma": "3.1653", "label": "tp", "value": "2492871.655067681895"}, {"value": "112759.2778670236", "name": "per", "title": "sidereal orbital period", "sigma": "4.0369", "units": "d", "label": "period"}, {"value": ".003192641943171595", "label": "n", "units": "deg/d", "sigma": "1.143E-7", "title": "mean motion", "name": "n"}, {"value": "49.37356839599961", "name": "ad", "title": "aphelion distance", "units": "au", "sigma": ".0011784", "label": "Q"}], "two_body": null, "n_obs_used": 194, "orbit_id": "15", "n_dop_obs_used": null, "epoch": "2460200.5", "pe_used": "DE441", "sb_used": "SB441-N16", "comment": null, "covariance": {"epoch": "2457389.5", "data": [["3.846458663109917E-10", "-2.659649936159005E-8", "-1.213457232651482E-5", "-7.827781953157983E-11", "3.489742095737613E-8", "3.941462482298207E-11"], ["-2.659649936159005E-8", "2.701511062211519E-6", "-.002169141330749247", "9.483375290703251E-9", "-1.438200003423438E-5", "-4.290940242211832E-9"], ["-1.213457232651482E-5", "-.002169141330749247", "10.91116588774707", "-1.160128729130883E-5", ".04075269989612654", "4.163500139356184E-6"], ["-7.827781953157983E-11", "9.483375290703251E-9", "-1.160128729130883E-5", "9.710297908816875E-9", "-7.250273720163978E-8", "-7.867771711111269E-9"], ["3.489742095737613E-8", "-1.438200003423438E-5", ".04075269989612654", "-7.250273720163978E-8", ".0001695935987807982", "3.268104197701229E-8"], ["3.941462482298207E-11", "-4.290940242211832E-9", "4.163500139356184E-6", "-7.867771711111269E-9", "3.268104197701229E-8", "6.565979926681354E-9"]], "elements": [{"name": "e", "title": "eccentricity", "units": null, "sigma": 1.96123906322251e-05, "label": "e", "value": ".07766452224789937"}, {"title": "perihelion distance", "name": "q", "label": "q", "sigma": 0.00164362740978955, "units": "au", "value": "42.63005242678243"}, {"sigma": 3.30320539593696, "units": "TDB", "label": "tp", "name": "tp", "title": "time of perihelion passage", "value": "2490874.202839403399"}, {"title": "longitude of the ascending node", "name": "om", "label": "node", "units": "deg", "sigma": 9.85408438608929e-05, "value": "193.2033761993106"}, {"value": "94.79483951027723", "label": "peri", "units": "deg", "sigma": 0.0130228107097047, "title": "argument of perihelion", "name": "w"}, {"name": "i", "title": "inclination", "units": "deg", "sigma": 8.10307344572499e-05, "label": "i", "value": "16.26345961348294"}], "labels": ["e", "q", "tp", "node", "peri", "i"]}, "moid": "41.0049", "equinox": "J2000", "model_pars": [], "not_valid_before": null, "rms": ".61979", "first_obs": "1999-03-21", "condition_code": "2", "data_arc": "8084", "t_jup": "5.781", "source": "JPL", "last_obs": "2021-05-08", "moid_jup": "37.0621"}, "signature": {"version": "1.3", "source": "NASA/JPL Small-Body Database (SBDB) API"}}