{"object": {"neo": false, "fullname": "(2013 RD124)", "prefix": null, "orbit_class": {"code": "TNO", "name": "TransNeptunian Object"}, "orbit_id": "5", "pha": false, "kind": "au", "des": "2013 RD124", "spkid": "3989520"}, "orbit": {"first_obs": "2013-09-03", "condition_code": "4", "data_arc": "3655", "not_valid_before": null, "rms": ".17515", "t_jup": "5.646", "last_obs": "2023-09-06", "source": "JPL", "moid_jup": "33.8354", "producer": "Otto Matic", "soln_date": "2023-10-20 08:22:46", "elements": [{"title": "eccentricity", "name": "e", "label": "e", "units": null, "sigma": ".00017706", "value": ".09723630175356222"}, {"value": "43.14427937015703", "label": "a", "units": "au", "sigma": ".016043", "title": "semi-major axis", "name": "a"}, {"value": "38.94908920238045", "title": "perihelion distance", "name": "q", "label": "q", "sigma": ".0078934", "units": "au"}, {"value": "15.41408908331916", "title": "inclination; angle with respect to x-y ecliptic plane", "name": "i", "label": "i", "sigma": ".00010985", "units": "deg"}, {"title": "longitude of the ascending node", "name": "om", "label": "node", "sigma": ".0017056", "units": "deg", "value": "221.4082829391656"}, {"label": "peri", "sigma": ".13807", "units": "deg", "title": "argument of perihelion", "name": "w", "value": "57.38020731199353"}, {"name": "ma", "title": "mean anomaly", "units": "deg", "sigma": ".13409", "label": "M", "value": "46.82737481127233"}, {"name": "tp", "title": "time of perihelion passage", "units": "TDB", "sigma": "31.365", "label": "tp", "value": "2446736.299607479190"}, {"value": "103510.2258207456", "sigma": "57.736", "units": "d", "label": "period", "name": "per", "title": "sidereal orbital period"}, {"value": ".003477917250643739", "name": "n", "title": "mean motion", "units": "deg/d", "sigma": "1.9399E-6", "label": "n"}, {"value": "47.33946953793361", "title": "aphelion distance", "name": "ad", "label": "Q", "units": "au", "sigma": ".017603"}], "n_del_obs_used": null, "not_valid_after": null, "n_dop_obs_used": null, "orbit_id": "5", "epoch": "2460200.5", "two_body": null, "n_obs_used": 34, "sb_used": "SB441-N16", "comment": null, "covariance": {"labels": ["e", "q", "tp", "node", "peri", "i"], "elements": [{"value": ".09578139075591713", "label": "e", "units": null, "sigma": 0.000160616662072858, "title": "eccentricity", "name": "e"}, {"sigma": 0.00863404423653736, "units": "au", "label": "q", "name": "q", "title": "perihelion distance", "value": "38.69971536662047"}, {"value": "2445539.585758053478", "units": "TDB", "sigma": 32.6433668804256, "label": "tp", "name": "tp", "title": "time of perihelion passage"}, {"value": "221.1270911167582", "label": "node", "sigma": 0.00170335877866644, "units": "deg", "title": "longitude of the ascending node", "name": "om"}, {"sigma": 0.14603979692746, "units": "deg", "label": "peri", "name": "w", "title": "argument of perihelion", "value": "52.41093242221946"}, {"value": "15.4418731909749", "name": "i", "title": "inclination", "units": "deg", "sigma": 0.000111516587158663, "label": "i"}], "data": [["2.579771213542675E-8", "9.467191394285759E-7", ".00386647530084116", "-1.926070406541406E-8", "1.701552750262322E-5", "3.986618849048752E-9"], ["9.467191394285759E-7", "7.454671987848405E-5", ".2808947735824435", "-1.788760544530532E-6", ".001258207493797276", "2.747551524888092E-7"], [".00386647530084116", ".2808947735824435", "1065.589401290069", "-.006662277205313948", "4.766175283867955", ".001045157039294088"], ["-1.926070406541406E-8", "-1.788760544530532E-6", "-.006662277205313948", "2.901431128860033E-6", "-3.267413812794936E-5", "-1.814073400332732E-7"], ["1.701552750262322E-5", ".001258207493797276", "4.766175283867955", "-3.267413812794936E-5", ".02132762228661379", "4.839649829153186E-6"], ["3.986618849048752E-9", "2.747551524888092E-7", ".001045157039294088", "-1.814073400332732E-7", "4.839649829153186E-6", "1.243594921151567E-8"]], "epoch": "2457611.5"}, "pe_used": "DE441", "moid": "37.9583", "equinox": "J2000", "model_pars": []}, "signature": {"version": "1.3", "source": "NASA/JPL Small-Body Database (SBDB) API"}}