{"object": {"pha": false, "fullname": "119979 (2002 WC19)", "neo": false, "orbit_class": {"code": "TNO", "name": "TransNeptunian Object"}, "orbit_id": "8", "prefix": null, "kind": "an", "des": "119979", "spkid": "20119979"}, "orbit": {"moid_jup": "30.0802", "source": "JPL", "last_obs": "2019-10-26", "t_jup": "5.897", "rms": ".39476", "not_valid_before": null, "condition_code": "2", "first_obs": "2001-12-16", "data_arc": "6523", "equinox": "J2000", "moid": "34.4665", "model_pars": [], "pe_used": "DE441", "sb_used": "SB441-N16", "comment": null, "covariance": {"labels": ["e", "q", "tp", "node", "peri", "i"], "elements": [{"label": "e", "sigma": 1.72718337340158e-05, "units": null, "title": "eccentricity", "name": "e", "value": ".264470671326835"}, {"title": "perihelion distance", "name": "q", "label": "q", "sigma": 0.000832814601327177, "units": "au", "value": "35.46324922250088"}, {"name": "tp", "title": "time of perihelion passage", "units": "TDB", "sigma": 0.783084583475301, "label": "tp", "value": "2472058.094928464063"}, {"value": "109.7711368199616", "title": "longitude of the ascending node", "name": "om", "label": "node", "sigma": 0.000270487062190644, "units": "deg"}, {"value": "43.17715948956454", "sigma": 0.00490340367609458, "units": "deg", "label": "peri", "name": "w", "title": "argument of perihelion"}, {"value": "9.169301453078694", "sigma": 7.35120636154579e-05, "units": "deg", "label": "i", "name": "i", "title": "inclination"}], "epoch": "2456333.5", "data": [["2.983162405354855E-10", "4.556620699967075E-9", "-1.003455958235812E-5", "-8.107551223604248E-11", "-4.928165993024391E-8", "2.832727957898196E-11"], ["4.556620699967075E-9", "6.935801601837443E-7", "-.0005663300936573392", "-2.984278042244376E-9", "-3.892460626731995E-6", "1.225009585373881E-9"], ["-1.003455958235812E-5", "-.0005663300936573392", ".6132214648766853", "3.860955950316228E-6", ".003744665746702098", "-1.468896697819831E-6"], ["-8.107551223604248E-11", "-2.984278042244376E-9", "3.860955950316228E-6", "7.316325081252513E-8", "-5.010641862017385E-8", "-1.965391228231597E-8"], ["-4.928165993024391E-8", "-3.892460626731995E-6", ".003744665746702098", "-5.010641862017385E-8", "2.40433676107378E-5", "1.075859786821975E-8"], ["2.832727957898196E-11", "1.225009585373881E-9", "-1.468896697819831E-6", "-1.965391228231597E-8", "1.075859786821975E-8", "5.40402349700313E-9"]]}, "two_body": null, "n_obs_used": 204, "orbit_id": "8", "n_dop_obs_used": null, "epoch": "2460200.5", "not_valid_after": null, "n_del_obs_used": null, "soln_date": "2021-04-13 17:04:23", "producer": "Otto Matic", "elements": [{"sigma": "1.716E-5", "units": null, "label": "e", "name": "e", "title": "eccentricity", "value": ".2616754643036382"}, {"value": "48.01554094056252", "label": "a", "sigma": ".001822", "units": "au", "title": "semi-major axis", "name": "a"}, {"name": "q", "title": "perihelion distance", "units": "au", "sigma": ".00083716", "label": "q", "value": "35.45105197115048"}, {"value": "9.180555865443703", "units": "deg", "sigma": "7.3569E-5", "label": "i", "name": "i", "title": "inclination; angle with respect to x-y ecliptic plane"}, {"title": "longitude of the ascending node", "name": "om", "label": "node", "units": "deg", "sigma": ".00027019", "value": "109.7175342745722"}, {"value": "43.48873007500679", "label": "peri", "sigma": ".0049643", "units": "deg", "title": "argument of perihelion", "name": "w"}, {"units": "deg", "sigma": ".0043544", "label": "M", "name": "ma", "title": "mean anomaly", "value": "324.6658176978712"}, {"label": "tp", "sigma": ".79365", "units": "TDB", "title": "time of perihelion passage", "name": "tp", "value": "2472128.392336851914"}, {"name": "per", "title": "sidereal orbital period", "units": "d", "sigma": "6.9174", "label": "period", "value": "121526.5491231697"}, {"value": ".002962315663510962", "name": "n", "title": "mean motion", "units": "deg/d", "sigma": "1.6862E-7", "label": "n"}, {"value": "60.58002990997456", "name": "ad", "title": "aphelion distance", "units": "au", "sigma": ".0022988", "label": "Q"}]}, "signature": {"version": "1.3", "source": "NASA/JPL Small-Body Database (SBDB) API"}}