{"object": {"pha": false, "orbit_id": "15", "orbit_class": {"name": "TransNeptunian Object", "code": "TNO"}, "prefix": null, "shortname": "341520 Mors-Somnus", "neo": false, "fullname": "341520 Mors-Somnus (2007 TY430)", "spkid": "20341520", "kind": "an", "des": "341520"}, "signature": {"version": "1.3", "source": "NASA/JPL Small-Body Database (SBDB) API"}, "orbit": {"model_pars": [], "moid": "27.8595", "equinox": "J2000", "pe_used": "DE441", "covariance": {"elements": [{"value": ".2614042364887234", "units": null, "sigma": 1.13515520655461e-05, "label": "e", "name": "e", "title": "eccentricity"}, {"name": "q", "title": "perihelion distance", "sigma": 8.13106635949553e-05, "units": "au", "label": "q", "value": "28.83923351139814"}, {"value": "2457911.199138916592", "units": "TDB", "sigma": 0.0749815385244314, "label": "tp", "name": "tp", "title": "time of perihelion passage"}, {"value": "196.7494687818", "title": "longitude of the ascending node", "name": "om", "label": "node", "units": "deg", "sigma": 4.465200194523e-05}, {"value": "205.5107850754534", "title": "argument of perihelion", "name": "w", "label": "peri", "sigma": 0.000534538080599456, "units": "deg"}, {"name": "i", "title": "inclination", "sigma": 1.79894430495632e-05, "units": "deg", "label": "i", "value": "11.30385423064528"}], "labels": ["e", "q", "tp", "node", "peri", "i"], "data": [["1.288577342968033E-10", "9.198301778117419E-10", "2.210806682133434E-7", "-1.909301638496203E-11", "1.581617609097565E-9", "3.112547585619553E-12"], ["9.198301778117419E-10", "6.611424014251984E-9", "1.443466474157343E-6", "-1.365246655605129E-10", "1.033152804535868E-8", "2.265181622960868E-11"], ["2.210806682133434E-7", "1.443466474157343E-6", ".005622231119490786", "-5.387841556254511E-8", "3.994500794722041E-5", "-5.057002814822681E-9"], ["-1.909301638496203E-11", "-1.365246655605129E-10", "-5.387841556254511E-8", "1.99380127771682E-9", "-2.336539996842006E-9", "7.13483316476812E-10"], ["1.581617609097565E-9", "1.033152804535868E-8", "3.994500794722041E-5", "-2.336539996842006E-9", "2.85730959610951E-7", "-7.356952674803517E-10"], ["3.112547585619553E-12", "2.265181622960868E-11", "-5.057002814822681E-9", "7.13483316476812E-10", "-7.356952674803517E-10", "3.236200612334783E-10"]], "epoch": "2457721.5"}, "comment": null, "sb_used": "SB441-N16", "n_obs_used": 299, "two_body": null, "epoch": "2460200.5", "orbit_id": "15", "n_dop_obs_used": null, "n_del_obs_used": null, "not_valid_after": null, "elements": [{"units": null, "sigma": "1.1415E-5", "label": "e", "name": "e", "title": "eccentricity", "value": ".271691571713511"}, {"value": "39.60989228243548", "name": "a", "title": "semi-major axis", "sigma": ".00073213", "units": "au", "label": "a"}, {"value": "28.84821839281771", "name": "q", "title": "perihelion distance", "units": "au", "sigma": "8.1322E-5", "label": "q"}, {"value": "11.261865155018", "label": "i", "sigma": "1.7908E-5", "units": "deg", "title": "inclination; angle with respect to x-y ecliptic plane", "name": "i"}, {"units": "deg", "sigma": "4.4783E-5", "label": "node", "name": "om", "title": "longitude of the ascending node", "value": "196.60592968"}, {"value": "205.5177576119057", "label": "peri", "units": "deg", "sigma": ".00051725", "title": "argument of perihelion", "name": "w"}, {"sigma": ".00042787", "units": "deg", "label": "M", "name": "ma", "title": "mean anomaly", "value": "9.102132422692714"}, {"value": "2457898.291952388328", "sigma": ".072312", "units": "TDB", "label": "tp", "name": "tp", "title": "time of perihelion passage"}, {"title": "sidereal orbital period", "name": "per", "label": "period", "units": "d", "sigma": "2.5245", "value": "91055.02520199728"}, {"units": "deg/d", "sigma": "1.0962E-7", "label": "n", "name": "n", "title": "mean motion", "value": ".003953653290429306"}, {"label": "Q", "sigma": ".00093105", "units": "au", "title": "aphelion distance", "name": "ad", "value": "50.37156617205325"}], "soln_date": "2023-12-05 17:42:54", "producer": "Otto Matic", "moid_jup": "23.8825", "source": "JPL", "last_obs": "2023-11-16", "t_jup": "5.340", "not_valid_before": null, "rms": ".567", "data_arc": "5877", "condition_code": "2", "first_obs": "2007-10-14"}}