{"object": {"des": "2015 VE173", "kind": "au", "spkid": "3835789", "pha": false, "neo": false, "fullname": "(2015 VE173)", "orbit_class": {"name": "TransNeptunian Object", "code": "TNO"}, "orbit_id": "2", "prefix": null}, "signature": {"version": "1.3", "source": "NASA/JPL Small-Body Database (SBDB) API"}, "orbit": {"model_pars": [], "equinox": "J2000", "moid": "40.1407", "pe_used": "DE441", "covariance": {"data": [["8.289285013079877E-7", "-3.133932005722252E-5", ".07271984164778265", "2.52347027236771E-7", ".0001601706390473629", "-1.348303791614796E-8"], ["-3.133932005722252E-5", ".001207939022749551", "-2.680491621114705", "-9.87227618886527E-6", "-.00575657645368035", "5.316184428080345E-7"], [".07271984164778265", "-2.680491621114705", "6589.903980103913", ".02122024218322263", "14.95914123131121", "-.001122267917538064"], ["2.52347027236771E-7", "-9.87227618886527E-6", ".02122024218322263", ".0004287069115426198", "-.0003837307209004427", "-2.254202196724381E-5"], [".0001601706390473629", "-.00575657645368035", "14.95914123131121", "-.0003837307209004427", ".03530139556812325", "2.019008158108005E-5"], ["-1.348303791614796E-8", "5.316184428080345E-7", "-.001122267917538064", "-2.254202196724381E-5", "2.019008158108005E-5", "1.187124389376471E-6"]], "epoch": "2457545.5", "elements": [{"value": ".08563711284569769", "sigma": 0.00091045510669554, "units": null, "label": "e", "name": "e", "title": "eccentricity"}, {"value": "40.7622725995667", "sigma": 0.0347554171712778, "units": "au", "label": "q", "name": "q", "title": "perihelion distance"}, {"value": "2428336.785082940129", "name": "tp", "title": "time of perihelion passage", "units": "TDB", "sigma": 81.1782235584391, "label": "tp"}, {"label": "node", "units": "deg", "sigma": 0.0207052387463323, "title": "longitude of the ascending node", "name": "om", "value": "81.1785021807745"}, {"value": "223.4030296744619", "label": "peri", "sigma": 0.187886656173671, "units": "deg", "title": "argument of perihelion", "name": "w"}, {"title": "inclination", "name": "i", "label": "i", "sigma": 0.00108955238028122, "units": "deg", "value": "1.76291873828471"}], "labels": ["e", "q", "tp", "node", "peri", "i"]}, "comment": null, "sb_used": "SB441-N16", "two_body": null, "n_obs_used": 40, "epoch": "2460200.5", "orbit_id": "2", "n_dop_obs_used": null, "not_valid_after": null, "n_del_obs_used": null, "elements": [{"title": "eccentricity", "name": "e", "label": "e", "sigma": ".00094048", "units": null, "value": ".08638052099237352"}, {"name": "a", "title": "semi-major axis", "units": "au", "sigma": ".0089645", "label": "a", "value": "45.04633122974741"}, {"value": "41.1552056693268", "label": "q", "sigma": ".036085", "units": "au", "title": "perihelion distance", "name": "q"}, {"value": "1.759172840891329", "title": "inclination; angle with respect to x-y ecliptic plane", "name": "i", "label": "i", "sigma": ".001083", "units": "deg"}, {"title": "longitude of the ascending node", "name": "om", "label": "node", "units": "deg", "sigma": ".0207", "value": "81.23461661179701"}, {"value": "230.2899074719705", "units": "deg", "sigma": ".12037", "label": "peri", "name": "w", "title": "argument of perihelion"}, {"value": "98.11671511400625", "units": "deg", "sigma": ".22326", "label": "M", "name": "ma", "title": "mean anomaly"}, {"value": "2430103.163433267589", "sigma": "60.118", "units": "TDB", "label": "tp", "name": "tp", "title": "time of perihelion passage"}, {"title": "sidereal orbital period", "name": "per", "label": "period", "units": "d", "sigma": "32.965", "value": "110430.1255034266"}, {"value": ".003259979995122158", "label": "n", "units": "deg/d", "sigma": "9.7314E-7", "title": "mean motion", "name": "n"}, {"units": "au", "sigma": ".0097389", "label": "Q", "name": "ad", "title": "aphelion distance", "value": "48.93745679016802"}], "soln_date": "2021-04-15 15:18:57", "producer": "Otto Matic", "moid_jup": "36.0625", "source": "JPL", "last_obs": "2017-12-16", "t_jup": "5.975", "rms": ".20151", "not_valid_before": null, "data_arc": "1125", "condition_code": "4", "first_obs": "2014-11-17"}}