{"signature": {"version": "1.3", "source": "NASA/JPL Small-Body Database (SBDB) API"}, "orbit": {"n_obs_used": 48, "two_body": null, "n_dop_obs_used": null, "orbit_id": "4", "epoch": "2460200.5", "not_valid_after": null, "n_del_obs_used": null, "soln_date": "2021-10-08 07:11:22", "producer": "Otto Matic", "elements": [{"title": "eccentricity", "name": "e", "label": "e", "units": null, "sigma": ".00011374", "value": ".2879816532079407"}, {"value": "39.81394856574354", "label": "a", "units": "au", "sigma": ".0059598", "title": "semi-major axis", "name": "a"}, {"value": "28.3482618370448", "sigma": ".0014085", "units": "au", "label": "q", "name": "q", "title": "perihelion distance"}, {"value": "10.36424928390141", "name": "i", "title": "inclination; angle with respect to x-y ecliptic plane", "units": "deg", "sigma": "7.3257E-5", "label": "i"}, {"value": "129.4387179963367", "sigma": ".0021591", "units": "deg", "label": "node", "name": "om", "title": "longitude of the ascending node"}, {"value": "285.2017334046222", "label": "peri", "sigma": ".026506", "units": "deg", "title": "argument of perihelion", "name": "w"}, {"value": "357.3047793491435", "label": "M", "units": "deg", "sigma": ".013015", "title": "mean anomaly", "name": "ma"}, {"value": "2460887.478472910139", "label": "tp", "sigma": "3.3663", "units": "TDB", "title": "time of perihelion passage", "name": "tp"}, {"sigma": "20.603", "units": "d", "label": "period", "name": "per", "title": "sidereal orbital period", "value": "91759.55600112319"}, {"value": ".003923297100474128", "label": "n", "sigma": "8.8092E-7", "units": "deg/d", "title": "mean motion", "name": "n"}, {"value": "51.27963529444229", "label": "Q", "units": "au", "sigma": ".0076761", "title": "aphelion distance", "name": "ad"}], "moid": "27.3745", "equinox": "J2000", "model_pars": [], "pe_used": "DE441", "sb_used": "SB441-N16", "comment": null, "covariance": {"data": [["1.309902934200214E-8", "-6.147640991328627E-8", ".0002421578324380898", "-1.92239582651504E-8", "1.927625397895748E-6", "-1.945378257465599E-11"], ["-6.147640991328627E-8", "2.090237781170615E-6", "-.004747400859927703", "2.718652661946826E-7", "-3.716683251080907E-5", "1.095011959694716E-8"], [".0002421578324380898", "-.004747400859927703", "11.7917349448203", "-.0007227644856612821", ".09254827805353229", "-2.193560451503951E-5"], ["-1.92239582651504E-8", "2.718652661946826E-7", "-.0007227644856612821", "4.690274596969785E-6", "-1.025541891447966E-5", "1.534072038713352E-7"], ["1.927625397895748E-6", "-3.716683251080907E-5", ".09254827805353229", "-1.025541891447966E-5", ".0007309912770655099", "-3.208187115211433E-7"], ["-1.945378257465599E-11", "1.095011959694716E-8", "-2.193560451503951E-5", "1.534072038713352E-7", "-3.208187115211433E-7", "5.470914736567544E-9"]], "epoch": "2457395.5", "elements": [{"value": ".2788219920368273", "name": "e", "title": "eccentricity", "units": null, "sigma": 0.000114450991004893, "label": "e"}, {"value": "28.31553201042245", "units": "au", "sigma": 0.00144576546547862, "label": "q", "name": "q", "title": "perihelion distance"}, {"title": "time of perihelion passage", "name": "tp", "label": "tp", "sigma": 3.43390957143899, "units": "TDB", "value": "2460996.981697625537"}, {"value": "129.5640578634799", "title": "longitude of the ascending node", "name": "om", "label": "node", "sigma": 0.00216570418039255, "units": "deg"}, {"title": "argument of perihelion", "name": "w", "label": "peri", "sigma": 0.027036850354017, "units": "deg", "value": "285.869381583965"}, {"name": "i", "title": "inclination", "sigma": 7.39656321311969e-05, "units": "deg", "label": "i", "value": "10.36905477950362"}], "labels": ["e", "q", "tp", "node", "peri", "i"]}, "t_jup": "5.342", "not_valid_before": null, "rms": ".15862", "condition_code": "3", "first_obs": "2013-10-04", "data_arc": "1850", "moid_jup": "23.4119", "source": "JPL", "last_obs": "2018-10-28"}, "object": {"pha": false, "neo": false, "fullname": "591486 (2013 TA188)", "orbit_id": "4", "orbit_class": {"code": "TNO", "name": "TransNeptunian Object"}, "prefix": null, "des": "591486", "kind": "an", "spkid": "20591486"}}