{"signature": {"version": "1.3", "source": "NASA/JPL Small-Body Database (SBDB) API"}, "orbit": {"orbit_id": "7", "two_body": null, "pe_used": "DE441", "data_arc": "4070", "first_obs": "2012-01-25", "n_del_obs_used": null, "n_dop_obs_used": null, "rms": ".8975", "covariance": {"labels": ["e", "q", "tp", "node", "peri", "i"], "data": [["5.166224720025953E-10", "3.761156532131421E-9", "-7.228857422411929E-7", "5.027447481360666E-11", "-4.37674067750333E-9", "3.961603866229724E-11"], ["3.761156532131421E-9", "3.036495560795305E-8", "1.211975541243909E-5", "2.181984781319554E-11", "7.283466709667588E-8", "4.335850084244825E-10"], ["-7.228857422411929E-7", "1.211975541243909E-5", ".1250307290643295", "-2.539903054397275E-6", ".0007522578819558693", "9.277166116872464E-7"], ["5.027447481360666E-11", "2.181984781319554E-11", "-2.539903054397275E-6", "1.692764631217742E-8", "-3.137928156338997E-8", "-5.931858462738901E-9"], ["-4.37674067750333E-9", "7.283466709667588E-8", ".0007522578819558693", "-3.137928156338997E-8", "4.541429228875878E-6", "1.122452744930344E-8"], ["3.961603866229724E-11", "4.335850084244825E-10", "9.277166116872464E-7", "-5.931858462738901E-9", "1.122452744930344E-8", "2.142408408388428E-9"]], "elements": [{"value": ".4326066104970073", "label": "e", "units": null, "title": "eccentricity", "sigma": 2.2729330654522e-05, "name": "e"}, {"sigma": 0.000174255432075884, "name": "q", "title": "perihelion distance", "label": "q", "units": "au", "value": "33.84336417971241"}, {"sigma": 0.353596845382322, "name": "tp", "title": "time of perihelion passage", "units": "TDB", "label": "tp", "value": "2456842.409122425092"}, {"value": "191.9856275110001", "label": "node", "units": "deg", "sigma": 0.000130106288518954, "name": "om", "title": "longitude of the ascending node"}, {"sigma": 0.00213106293404861, "name": "w", "title": "argument of perihelion", "label": "peri", "units": "deg", "value": "315.0520071658996"}, {"title": "inclination", "name": "i", "sigma": 4.62861578486315e-05, "label": "i", "units": "deg", "value": "17.45849261590729"}], "epoch": "2457662.5"}, "sb_used": "SB441-N16", "source": "JPL", "moid": "32.8417", "n_obs_used": 157, "not_valid_before": null, "comment": null, "elements": [{"sigma": "2.2655E-5", "name": "e", "title": "eccentricity", "label": "e", "value": ".423992510606001", "units": null}, {"units": "au", "label": "a", "value": "58.69303220556382", "title": "semi-major axis", "name": "a", "sigma": ".0025963"}, {"value": "33.80762612564794", "label": "q", "units": "au", "title": "perihelion distance", "name": "q", "sigma": ".00017528"}, {"label": "i", "units": "deg", "value": "17.52409696575645", "title": "inclination; angle with respect to x-y ecliptic plane", "sigma": "4.649E-5", "name": "i"}, {"value": "191.8474210094292", "label": "node", "units": "deg", "name": "om", "sigma": ".00012963", "title": "longitude of the ascending node"}, {"value": "314.4813667167056", "label": "peri", "units": "deg", "sigma": ".0021631", "name": "w", "title": "argument of perihelion"}, {"sigma": ".00091561", "name": "ma", "title": "mean anomaly", "label": "M", "units": "deg", "value": "7.622638226845042"}, {"title": "time of perihelion passage", "name": "tp", "sigma": ".35923", "value": "2456722.888570137390", "label": "tp", "units": "TDB"}, {"value": "164239.7392469076", "label": "period", "units": "d", "title": "sidereal orbital period", "sigma": "10.898", "name": "per"}, {"units": "deg/d", "label": "n", "value": ".002191917751761642", "title": "mean motion", "sigma": "1.4544E-7", "name": "n"}, {"title": "aphelion distance", "name": "ad", "sigma": ".0036972", "label": "Q", "units": "au", "value": "83.57843828547969"}], "epoch": "2460200.5", "soln_date": "2023-12-05 19:57:03", "moid_jup": "28.5895", "equinox": "J2000", "not_valid_after": null, "condition_code": "2", "model_pars": [], "t_jup": "5.890", "last_obs": "2023-03-18", "producer": "Otto Matic"}, "object": {"neo": false, "spkid": "20620087", "prefix": null, "des": "620087", "fullname": "620087 (2015 DE249)", "orbit_class": {"name": "TransNeptunian Object", "code": "TNO"}, "kind": "an", "orbit_id": "7", "pha": false}}