{"object": {"prefix": null, "des": "2015 VC170", "fullname": "(2015 VC170)", "orbit_class": {"name": "TransNeptunian Object", "code": "TNO"}, "kind": "au", "orbit_id": "2", "pha": false, "neo": false, "spkid": "3835713"}, "orbit": {"n_del_obs_used": null, "first_obs": "2015-08-20", "data_arc": "846", "rms": ".12654", "n_dop_obs_used": null, "orbit_id": "2", "pe_used": "DE441", "two_body": null, "not_valid_before": null, "comment": null, "epoch": "2460200.5", "elements": [{"units": null, "label": "e", "value": ".05744204520578772", "title": "eccentricity", "name": "e", "sigma": ".0011197"}, {"name": "a", "sigma": ".0078821", "title": "semi-major axis", "label": "a", "value": "43.92032090547857", "units": "au"}, {"name": "q", "sigma": ".043545", "title": "perihelion distance", "value": "41.39744784657336", "label": "q", "units": "au"}, {"name": "i", "sigma": ".0014204", "title": "inclination; angle with respect to x-y ecliptic plane", "label": "i", "value": "1.454352630934933", "units": "deg"}, {"name": "om", "sigma": ".021454", "title": "longitude of the ascending node", "units": "deg", "label": "node", "value": "73.24984779883283"}, {"title": "argument of perihelion", "name": "w", "sigma": ".78041", "label": "peri", "value": "284.4161949006947", "units": "deg"}, {"title": "mean anomaly", "sigma": ".62701", "name": "ma", "label": "M", "units": "deg", "value": "58.33808664539877"}, {"title": "time of perihelion passage", "name": "tp", "sigma": "188.33", "units": "TDB", "label": "tp", "value": "2442972.043755985818"}, {"value": "106315.5239482694", "label": "period", "units": "d", "title": "sidereal orbital period", "name": "per", "sigma": "28.62"}, {"units": "deg/d", "label": "n", "value": ".003386147070818816", "name": "n", "sigma": "9.1154E-7", "title": "mean motion"}, {"name": "ad", "sigma": ".0083349", "title": "aphelion distance", "value": "46.44319396438377", "label": "Q", "units": "au"}], "source": "JPL", "sb_used": "SB441-N16", "n_obs_used": 39, "moid": "40.3933", "covariance": {"labels": ["e", "q", "tp", "node", "peri", "i"], "data": [["1.445546084180938E-6", "-5.637493648277626E-5", "-.2014874441293549", "2.715225243377865E-7", "-.0008630185738739897", "-1.830672755397878E-8"], ["-5.637493648277626E-5", ".00221939157016735", "7.994610563688931", "-1.068242650524088E-5", ".03419693759100186", "7.226750673192553E-7"], ["-.2014874441293549", "7.994610563688931", "29001.73287277941", "-.03843456344659467", "123.9073668948145", ".002606109069904008"], ["2.715225243377865E-7", "-1.068242650524088E-5", "-.03843456344659467", ".000458603279095029", "-.0006228385044708239", "-3.05510053526274E-5"], ["-.0008630185738739897", ".03419693759100186", "123.9073668948145", "-.0006228385044708239", ".5299477177835282", "4.168293405882987E-5"], ["-1.830672755397878E-8", "7.226750673192553E-7", ".002606109069904008", "-3.05510053526274E-5", "4.168293405882987E-5", "2.038996621579607E-6"]], "elements": [{"name": "e", "sigma": 0.00120230864763626, "title": "eccentricity", "value": ".04991146218490004", "label": "e", "units": null}, {"title": "perihelion distance", "name": "q", "sigma": 0.0471104189130955, "units": "au", "label": "q", "value": "41.29920341946526"}, {"title": "time of perihelion passage", "sigma": 170.29895147293, "name": "tp", "label": "tp", "units": "TDB", "value": "2440994.633697896297"}, {"label": "node", "value": "73.20305002813014", "units": "deg", "title": "longitude of the ascending node", "name": "om", "sigma": 0.0214150246111236}, {"units": "deg", "label": "peri", "value": "277.2052254250152", "title": "argument of perihelion", "sigma": 0.727975080468781, "name": "w"}, {"value": "1.458327206585341", "label": "i", "units": "deg", "sigma": 0.00142793438980214, "name": "i", "title": "inclination"}], "epoch": "2457558.5"}, "not_valid_after": null, "equinox": "J2000", "condition_code": "4", "model_pars": [], "moid_jup": "36.4347", "soln_date": "2021-04-15 15:18:46", "last_obs": "2017-12-13", "producer": "Otto Matic", "t_jup": "5.918"}, "signature": {"version": "1.3", "source": "NASA/JPL Small-Body Database (SBDB) API"}}