{"object": {"spkid": "54410912", "neo": false, "kind": "au", "orbit_id": "1", "pha": false, "orbit_class": {"code": "TNO", "name": "TransNeptunian Object"}, "des": "2019 QL111", "prefix": null, "fullname": "(2019 QL111)"}, "orbit": {"rms": ".2448", "n_dop_obs_used": null, "data_arc": "741", "n_del_obs_used": null, "first_obs": "2019-08-30", "two_body": null, "pe_used": "DE441", "orbit_id": "1", "epoch": "2460200.5", "comment": null, "elements": [{"label": "e", "units": null, "value": ".06650408741883213", "title": "eccentricity", "sigma": ".0045396", "name": "e"}, {"units": "au", "label": "a", "value": "43.51241452104751", "name": "a", "sigma": ".015774", "title": "semi-major axis"}, {"name": "q", "sigma": ".1932", "title": "perihelion distance", "units": "au", "label": "q", "value": "40.61866110193531"}, {"sigma": ".0004237", "name": "i", "title": "inclination; angle with respect to x-y ecliptic plane", "units": "deg", "label": "i", "value": "2.3560111757218"}, {"title": "longitude of the ascending node", "sigma": ".064052", "name": "om", "label": "node", "value": "73.95608276021815", "units": "deg"}, {"sigma": ".96264", "name": "w", "title": "argument of perihelion", "value": "171.3069983766386", "label": "peri", "units": "deg"}, {"value": "104.3279915017514", "label": "M", "units": "deg", "title": "mean anomaly", "name": "ma", "sigma": "1.5015"}, {"sigma": "429.67", "name": "tp", "title": "time of perihelion passage", "units": "TDB", "label": "tp", "value": "2429818.486853006045"}, {"name": "per", "sigma": "57.009", "title": "sidereal orbital period", "value": "104837.8730911753", "label": "period", "units": "d"}, {"sigma": "1.8673E-6", "name": "n", "title": "mean motion", "label": "n", "units": "deg/d", "value": ".003433873555283934"}, {"title": "aphelion distance", "sigma": ".016823", "name": "ad", "units": "au", "label": "Q", "value": "46.40616794015971"}], "not_valid_before": null, "covariance": {"data": [["2.050775687803072E-5", "-.0008613755653281567", "1.852788914965013", "2.909505678838747E-5", ".00400010948454431", "-2.229434002235627E-7"], ["-.0008613755653281567", ".03637098494651521", "-77.13866147706013", "-.001223787736654366", "-.1650629481029387", "9.430283812399227E-6"], ["1.852788914965013", "-77.13866147706013", "169866.5760348807", "2.622867809758029", "372.0531638173729", "-.01991500232771241"], ["2.909505678838747E-5", "-.001223787736654366", "2.622867809758029", ".004102690553270658", ".001591877685216113", "-2.742587366983699E-5"], [".00400010948454431", "-.1650629481029387", "372.0531638173729", ".001591877685216113", ".8302410800077055", "-1.540960977663232E-5"], ["-2.229434002235627E-7", "9.430283812399227E-6", "-.01991500232771241", "-2.742587366983699E-5", "-1.540960977663232E-5", "1.849779972015389E-7"]], "labels": ["e", "q", "tp", "node", "peri", "i"], "elements": [{"sigma": 0.00452854909193118, "name": "e", "title": "eccentricity", "units": null, "label": "e", "value": ".07147920990398826"}, {"label": "q", "units": "au", "value": "40.34731760734633", "title": "perihelion distance", "sigma": 0.190711785022623, "name": "q"}, {"title": "time of perihelion passage", "sigma": 412.148730478308, "name": "tp", "units": "TDB", "label": "tp", "value": "2429958.860322675562"}, {"label": "node", "units": "deg", "value": "73.82296374826007", "sigma": 0.0640522486199404, "name": "om", "title": "longitude of the ascending node"}, {"value": "171.1682537454386", "label": "peri", "units": "deg", "title": "argument of perihelion", "name": "w", "sigma": 0.911175658151438}, {"units": "deg", "label": "i", "value": "2.357051058528522", "title": "inclination", "name": "i", "sigma": 0.000430090684857902}], "epoch": "2459061.5"}, "source": "JPL", "sb_used": "SB441-N16", "moid": "39.6046", "n_obs_used": 12, "model_pars": [], "equinox": "J2000", "not_valid_after": null, "condition_code": "5", "soln_date": "2023-11-30 10:12:03", "moid_jup": "35.2455", "producer": "Otto Matic", "last_obs": "2021-09-09", "t_jup": "5.885"}, "signature": {"version": "1.3", "source": "NASA/JPL Small-Body Database (SBDB) API"}}