{"object": {"kind": "au", "des": "2005 VA123", "spkid": "3321734", "pha": false, "neo": false, "fullname": "(2005 VA123)", "prefix": null, "orbit_class": {"code": "TNO", "name": "TransNeptunian Object"}, "orbit_id": "5"}, "signature": {"version": "1.3", "source": "NASA/JPL Small-Body Database (SBDB) API"}, "orbit": {"condition_code": "4", "first_obs": "2005-11-02", "data_arc": "5491", "not_valid_before": null, "rms": ".15856", "t_jup": "5.474", "last_obs": "2020-11-14", "source": "JPL", "moid_jup": "24.6573", "soln_date": "2021-04-14 23:11:32", "producer": "Otto Matic", "elements": [{"name": "e", "title": "eccentricity", "sigma": ".00018246", "units": null, "label": "e", "value": ".254491908211088"}, {"units": "au", "sigma": ".019676", "label": "a", "name": "a", "title": "semi-major axis", "value": "39.72962219417747"}, {"sigma": ".0078924", "units": "au", "label": "q", "name": "q", "title": "perihelion distance", "value": "29.61875482947566"}, {"value": "1.51207879225294", "title": "inclination; angle with respect to x-y ecliptic plane", "name": "i", "label": "i", "units": "deg", "sigma": ".00036535"}, {"value": "39.64043887412381", "name": "om", "title": "longitude of the ascending node", "units": "deg", "sigma": ".0088319", "label": "node"}, {"sigma": ".066713", "units": "deg", "label": "peri", "name": "w", "title": "argument of perihelion", "value": "318.377268655213"}, {"value": "66.86204170552836", "title": "mean anomaly", "name": "ma", "label": "M", "sigma": ".083093", "units": "deg"}, {"name": "tp", "title": "time of perihelion passage", "sigma": "8.4942", "units": "TDB", "label": "tp", "value": "2443212.305955455366"}, {"label": "period", "sigma": "67.951", "units": "d", "title": "sidereal orbital period", "name": "per", "value": "91468.18882634271"}, {"label": "n", "units": "deg/d", "sigma": "2.9239E-6", "title": "mean motion", "name": "n", "value": ".003935794560046219"}, {"value": "49.84048955887928", "units": "au", "sigma": ".024684", "label": "Q", "name": "ad", "title": "aphelion distance"}], "n_del_obs_used": null, "not_valid_after": null, "n_dop_obs_used": null, "orbit_id": "5", "epoch": "2460200.5", "two_body": null, "n_obs_used": 21, "sb_used": "SB441-N16", "comment": null, "covariance": {"epoch": "2455314.5", "data": [["3.189813060921006E-8", "1.244782665570754E-6", ".001452813494545431", "-1.200723035831463E-8", "1.108761474591773E-5", "-7.0125932766984E-11"], ["1.244782665570754E-6", "6.357098485323814E-5", ".06598010676770585", "-6.457122790417964E-7", ".0005250104740017201", "-6.056739681430034E-9"], [".001452813494545431", ".06598010676770585", "71.95283718841237", "-.0006559729346801572", ".5623331816447557", "-5.24275274903078E-6"], ["-1.200723035831463E-8", "-6.457122790417964E-7", "-.0006559729346801572", "7.816142378016923E-5", "-8.338898664375774E-5", "3.044903259355415E-6"], ["1.108761474591773E-5", ".0005250104740017201", ".5623331816447557", "-8.338898664375774E-5", ".004501441907167613", "-3.088559581481425E-6"], ["-7.0125932766984E-11", "-6.056739681430034E-9", "-5.24275274903078E-6", "3.044903259355415E-6", "-3.088559581481425E-6", "1.340490931824493E-7"]], "elements": [{"value": ".2542968823268545", "title": "eccentricity", "name": "e", "label": "e", "units": null, "sigma": 0.000178600477628729}, {"label": "q", "sigma": 0.00797314146702779, "units": "au", "title": "perihelion distance", "name": "q", "value": "29.55020414781234"}, {"sigma": 8.48250182366101, "units": "TDB", "label": "tp", "name": "tp", "title": "time of perihelion passage", "value": "2443097.916927539525"}, {"label": "node", "units": "deg", "sigma": 0.00884089496488728, "title": "longitude of the ascending node", "name": "om", "value": "39.71124066506623"}, {"value": "317.5776788741127", "name": "w", "title": "argument of perihelion", "sigma": 0.0670927858056856, "units": "deg", "label": "peri"}, {"title": "inclination", "name": "i", "label": "i", "sigma": 0.000366127154390997, "units": "deg", "value": "1.512636805447396"}], "labels": ["e", "q", "tp", "node", "peri", "i"]}, "pe_used": "DE441", "moid": "28.6146", "equinox": "J2000", "model_pars": []}}