{"object": {"spkid": "3831138", "kind": "au", "des": "2015 VD168", "orbit_class": {"code": "TNO", "name": "TransNeptunian Object"}, "orbit_id": "2", "prefix": null, "fullname": "(2015 VD168)", "neo": false, "pha": false}, "orbit": {"moid_jup": "21.1843", "last_obs": "2017-09-21", "source": "JPL", "t_jup": "5.536", "condition_code": "4", "first_obs": "2014-11-17", "data_arc": "1039", "not_valid_before": null, "rms": ".12467", "equinox": "J2000", "moid": "24.8105", "model_pars": [], "sb_used": "SB441-N16", "covariance": {"epoch": "2457403.5", "data": [["3.718237359411028E-7", "-5.302805993929876E-6", ".00172401917120459", "-2.797133540514263E-9", "-6.531902192449815E-6", "-8.844396095734074E-9"], ["-5.302805993929876E-6", "8.583068616542793E-5", "-.02440701855413273", "-6.008238958664853E-9", ".000121208665358967", "1.480100050938416E-8"], [".00172401917120459", "-.02440701855413273", "8.02884401232842", "-1.292163726707947E-5", "-.02964656853144925", "-4.087029948839957E-5"], ["-2.797133540514263E-9", "-6.008238958664853E-9", "-1.292163726707947E-5", "1.802240503584414E-7", "-2.394395940561433E-7", "4.60343859594786E-7"], ["-6.531902192449815E-6", ".000121208665358967", "-.02964656853144925", "-2.394395940561433E-7", ".0001926740121711378", "-5.659103510881699E-7"], ["-8.844396095734074E-9", "1.480100050938416E-8", "-4.087029948839957E-5", "4.60343859594786E-7", "-5.659103510881699E-7", "1.202805161273393E-6"]], "elements": [{"name": "e", "title": "eccentricity", "units": null, "sigma": 0.000609773512003517, "label": "e", "value": ".7752104276536155"}, {"value": "25.66495667095986", "units": "au", "sigma": 0.00926448520779368, "label": "q", "name": "q", "title": "perihelion distance"}, {"label": "tp", "sigma": 2.83352148612436, "units": "TDB", "title": "time of perihelion passage", "name": "tp", "value": "2447345.567151589701"}, {"value": "223.1592596938145", "title": "longitude of the ascending node", "name": "om", "label": "node", "sigma": 0.000424528032476586, "units": "deg"}, {"value": "112.496198068899", "label": "peri", "sigma": 0.0138807064723355, "units": "deg", "title": "argument of perihelion", "name": "w"}, {"value": "22.51449843361602", "name": "i", "title": "inclination", "units": "deg", "sigma": 0.00109672474271049, "label": "i"}], "labels": ["e", "q", "tp", "node", "peri", "i"]}, "comment": null, "pe_used": "DE441", "orbit_id": "2", "n_dop_obs_used": null, "epoch": "2460200.5", "n_obs_used": 32, "two_body": null, "soln_date": "2021-04-15 15:18:38", "producer": "Otto Matic", "elements": [{"title": "eccentricity", "name": "e", "label": "e", "sigma": ".00061123", "units": null, "value": ".7829872861618539"}, {"title": "semi-major axis", "name": "a", "label": "a", "units": "au", "sigma": ".2946", "value": "118.6728441681112"}, {"value": "25.75351597181321", "name": "q", "title": "perihelion distance", "sigma": ".0092533", "units": "au", "label": "q"}, {"label": "i", "units": "deg", "sigma": ".0010924", "title": "inclination; angle with respect to x-y ecliptic plane", "name": "i", "value": "22.41496681644677"}, {"value": "223.0753151082577", "label": "node", "units": "deg", "sigma": ".00042648", "title": "longitude of the ascending node", "name": "om"}, {"title": "argument of perihelion", "name": "w", "label": "peri", "units": "deg", "sigma": ".014088", "value": "113.0934998302976"}, {"value": "9.74498920947809", "sigma": ".038379", "units": "deg", "label": "M", "name": "ma", "title": "mean anomaly"}, {"value": "2447418.338067756626", "name": "tp", "title": "time of perihelion passage", "units": "TDB", "sigma": "2.7504", "label": "tp"}, {"title": "sidereal orbital period", "name": "per", "label": "period", "sigma": "1758.3", "units": "d", "value": "472199.4244110672"}, {"title": "mean motion", "name": "n", "label": "n", "units": "deg/d", "sigma": "2.8389E-6", "value": ".0007623897476135139"}, {"value": "211.5921723644091", "sigma": ".52527", "units": "au", "label": "Q", "name": "ad", "title": "aphelion distance"}], "not_valid_after": null, "n_del_obs_used": null}, "signature": {"version": "1.3", "source": "NASA/JPL Small-Body Database (SBDB) API"}}