{"orbit": {"moid_jup": "26.867", "source": "JPL", "last_obs": "2018-11-29", "t_jup": "5.498", "not_valid_before": null, "rms": ".219", "data_arc": "1117", "condition_code": "4", "first_obs": "2015-11-08", "model_pars": [], "equinox": "J2000", "moid": "30.4179", "pe_used": "DE441", "covariance": {"data": [["4.163274367166362E-8", "-4.383792173883715E-7", ".001190490471117481", "-6.176070981790291E-8", "8.777865082913247E-6", "7.580116002787069E-9"], ["-4.383792173883715E-7", "3.086865946737282E-5", "-.0580771855642702", "9.276214190872914E-7", "-.0004261223367763891", "1.819229291333426E-8"], [".001190490471117481", "-.0580771855642702", "113.5251980940398", "-.002297756456652049", ".8332144389680644", "5.508182743464742E-5"], ["-6.176070981790291E-8", "9.276214190872914E-7", "-.002297756456652049", "3.985355138556063E-6", "-2.029713370039357E-5", "-3.460252264891863E-7"], ["8.777865082913247E-6", "-.0004261223367763891", ".8332144389680644", "-2.029713370039357E-5", ".006118445948183547", "7.034251829878932E-7"], ["7.580116002787069E-9", "1.819229291333426E-8", "5.508182743464742E-5", "-3.460252264891863E-7", "7.034251829878932E-7", "3.212813336402354E-8"]], "epoch": "2457826.5", "elements": [{"value": ".5885417355418058", "name": "e", "title": "eccentricity", "units": null, "sigma": 0.000204041034283949, "label": "e"}, {"value": "31.30919385050415", "name": "q", "title": "perihelion distance", "sigma": 0.00555595711532881, "units": "au", "label": "q"}, {"sigma": 10.6548204158512, "units": "TDB", "label": "tp", "name": "tp", "title": "time of perihelion passage", "value": "2460204.014874355260"}, {"value": "74.55842501325867", "name": "om", "title": "longitude of the ascending node", "units": "deg", "sigma": 0.00199633542736587, "label": "node"}, {"label": "peri", "units": "deg", "sigma": 0.078220495704026, "title": "argument of perihelion", "name": "w", "value": "296.7825276640965"}, {"sigma": 0.000179243224039358, "units": "deg", "label": "i", "name": "i", "title": "inclination", "value": "28.99458817437914"}], "labels": ["e", "q", "tp", "node", "peri", "i"]}, "comment": null, "sb_used": "SB441-N16", "two_body": null, "n_obs_used": 14, "epoch": "2460200.5", "n_dop_obs_used": null, "orbit_id": "1", "n_del_obs_used": null, "not_valid_after": null, "elements": [{"sigma": ".00020548", "units": null, "label": "e", "name": "e", "title": "eccentricity", "value": ".6012102109312801"}, {"value": "78.52876794573072", "label": "a", "units": "au", "sigma": ".03731", "title": "semi-major axis", "name": "a"}, {"label": "q", "units": "au", "sigma": ".0055681", "title": "perihelion distance", "name": "q", "value": "31.3164708049044"}, {"value": "28.96358083035293", "title": "inclination; angle with respect to x-y ecliptic plane", "name": "i", "label": "i", "sigma": ".00017671", "units": "deg"}, {"title": "longitude of the ascending node", "name": "om", "label": "node", "units": "deg", "sigma": ".0019947", "value": "74.69514545435916"}, {"value": "296.7504285040731", "sigma": ".076893", "units": "deg", "label": "peri", "name": "w", "title": "argument of perihelion"}, {"value": "359.9851944867891", "title": "mean anomaly", "name": "ma", "label": "M", "units": "deg", "sigma": ".014762"}, {"value": "2460210.953520323214", "sigma": "10.425", "units": "TDB", "label": "tp", "name": "tp", "title": "time of perihelion passage"}, {"value": "254180.1329509233", "label": "period", "sigma": "181.14", "units": "d", "title": "sidereal orbital period", "name": "per"}, {"value": ".001416318403096863", "units": "deg/d", "sigma": "1.0094E-6", "label": "n", "name": "n", "title": "mean motion"}, {"value": "125.741065086557", "name": "ad", "title": "aphelion distance", "units": "au", "sigma": ".059741", "label": "Q"}], "soln_date": "2021-09-22 13:42:05", "producer": "Otto Matic"}, "signature": {"version": "1.3", "source": "NASA/JPL Small-Body Database (SBDB) API"}, "object": {"pha": false, "fullname": "(2016 PL220)", "neo": false, "prefix": null, "orbit_id": "1", "orbit_class": {"name": "TransNeptunian Object", "code": "TNO"}, "kind": "au", "des": "2016 PL220", "spkid": "54199102"}}