{"orbit": {"t_jup": "5.262", "producer": "Otto Matic", "last_obs": "2015-04-15", "moid_jup": "25.9383", "soln_date": "2021-04-14 22:14:38", "not_valid_after": null, "equinox": "J2000", "condition_code": "4", "model_pars": [], "source": "JPL", "n_obs_used": 19, "sb_used": "SB441-N16", "moid": "29.7706", "covariance": {"data": [["1.403059637793595E-8", "1.95289446330229E-7", "-.000682249350476331", "-5.232661708501868E-9", "-3.757000935610733E-6", "-5.159008047183872E-9"], ["1.95289446330229E-7", ".0001449261532758628", "-.1109683666621355", "-1.100689324161063E-6", "-.0009627288926749088", "-1.297270904181236E-6"], ["-.000682249350476331", "-.1109683666621355", "105.6696585399724", ".0009865417098492812", ".8326806167746639", ".001123749006441189"], ["-5.232661708501868E-9", "-1.100689324161063E-6", ".0009865417098492812", "5.823523477090738E-8", "7.929732011932352E-6", "1.188107545134948E-7"], ["-3.757000935610733E-6", "-.0009627288926749088", ".8326806167746639", "7.929732011932352E-6", ".00683620407749333", "9.117722845077374E-6"], ["-5.159008047183872E-9", "-1.297270904181236E-6", ".001123749006441189", "1.188107545134948E-7", "9.117722845077374E-6", "3.367121349385083E-7"]], "labels": ["e", "q", "tp", "node", "peri", "i"], "elements": [{"units": null, "label": "e", "value": ".2175633599820178", "sigma": 0.00011845081839285, "name": "e", "title": "eccentricity"}, {"label": "q", "value": "31.0502526180055", "units": "au", "sigma": 0.0120385278699625, "name": "q", "title": "perihelion distance"}, {"label": "tp", "value": "2472470.804624693916", "units": "TDB", "title": "time of perihelion passage", "sigma": 10.2795748229181, "name": "tp"}, {"value": "43.9569718698727", "label": "node", "units": "deg", "sigma": 0.000241319776999125, "name": "om", "title": "longitude of the ascending node"}, {"name": "w", "sigma": 0.0826813405642006, "title": "argument of perihelion", "label": "peri", "units": "deg", "value": "285.0026753319704"}, {"value": "17.11714376549948", "label": "i", "units": "deg", "sigma": 0.000580269019454346, "name": "i", "title": "inclination"}], "epoch": "2453618.5"}, "not_valid_before": null, "comment": null, "elements": [{"label": "e", "units": null, "value": ".2204431187831025", "sigma": ".00011436", "name": "e", "title": "eccentricity"}, {"title": "semi-major axis", "sigma": ".017006", "name": "a", "units": "au", "label": "a", "value": "39.43128094480314"}, {"units": "au", "label": "q", "value": "30.73892639571801", "sigma": ".012194", "name": "q", "title": "perihelion distance"}, {"name": "i", "sigma": ".00058409", "title": "inclination; angle with respect to x-y ecliptic plane", "label": "i", "value": "17.19265497186464", "units": "deg"}, {"label": "node", "value": "44.06575818370078", "units": "deg", "name": "om", "sigma": ".00024426", "title": "longitude of the ascending node"}, {"title": "argument of perihelion", "sigma": ".081523", "name": "w", "units": "deg", "label": "peri", "value": "286.9572471255001"}, {"value": "310.2222878185716", "label": "M", "units": "deg", "name": "ma", "sigma": ".070985", "title": "mean anomaly"}, {"sigma": "9.7858", "name": "tp", "title": "time of perihelion passage", "value": "2472705.744480746063", "label": "tp", "units": "TDB"}, {"title": "sidereal orbital period", "sigma": "58.506", "name": "per", "label": "period", "units": "d", "value": "90439.83372840098"}, {"title": "mean motion", "name": "n", "sigma": "2.575E-6", "value": ".003980546902387201", "label": "n", "units": "deg/d"}, {"title": "aphelion distance", "sigma": ".020754", "name": "ad", "units": "au", "label": "Q", "value": "48.12363549388827"}], "epoch": "2460200.5", "orbit_id": "6", "pe_used": "DE441", "two_body": null, "first_obs": "2004-05-24", "n_del_obs_used": null, "data_arc": "3978", "rms": ".25763", "n_dop_obs_used": null}, "object": {"fullname": "(2004 KB19)", "des": "2004 KB19", "prefix": null, "orbit_class": {"name": "TransNeptunian Object", "code": "TNO"}, "pha": false, "kind": "au", "orbit_id": "6", "neo": false, "spkid": "3563285"}, "signature": {"version": "1.3", "source": "NASA/JPL Small-Body Database (SBDB) API"}}