{"object": {"pha": false, "orbit_id": "14", "kind": "au", "orbit_class": {"name": "TransNeptunian Object", "code": "TNO"}, "fullname": "(2013 FN28)", "prefix": null, "des": "2013 FN28", "spkid": "3755351", "neo": false}, "orbit": {"source": "JPL", "moid": "19.3184", "sb_used": "SB441-N16", "n_obs_used": 237, "covariance": {"epoch": "2457212.5", "elements": [{"value": ".4318023404543477", "label": "e", "units": null, "title": "eccentricity", "name": "e", "sigma": 8.26170427972778e-06}, {"sigma": 3.82738939318778e-05, "name": "q", "title": "perihelion distance", "value": "20.32693807589417", "label": "q", "units": "au"}, {"title": "time of perihelion passage", "sigma": 0.0182440512843578, "name": "tp", "label": "tp", "units": "TDB", "value": "2457941.709169066685"}, {"sigma": 0.000106650323872914, "name": "om", "title": "longitude of the ascending node", "label": "node", "units": "deg", "value": "299.1591565808077"}, {"sigma": 0.000255890723650833, "name": "w", "title": "argument of perihelion", "value": "250.5301317664898", "label": "peri", "units": "deg"}, {"title": "inclination", "sigma": 9.57480848601354e-06, "name": "i", "label": "i", "value": "8.64413603545152", "units": "deg"}], "data": [["6.82557576056723E-11", "3.133012016216064E-10", "-9.489672844076314E-8", "1.518704449961055E-11", "-1.211783781155792E-9", "6.033057359275831E-12"], ["3.133012016216064E-10", "1.464890956708632E-9", "-4.745229743199711E-7", "7.439294676968202E-11", "-6.072800172764882E-9", "2.838028729562495E-11"], ["-9.489672844076314E-8", "-4.745229743199711E-7", ".0003328454072662758", "-4.178063112493502E-8", "4.252901165965359E-6", "-1.022048005021428E-8"], ["1.518704449961055E-11", "7.439294676968202E-11", "-4.178063112493502E-8", "1.137429158219748E-8", "-1.177386593224413E-8", "8.687153735925955E-10"], ["-1.211783781155792E-9", "-6.072800172764882E-9", "4.252901165965359E-6", "-1.177386593224413E-8", "6.548006245054703E-8", "-9.880802223063242E-10"], ["6.033057359275831E-12", "2.838028729562495E-11", "-1.022048005021428E-8", "8.687153735925955E-10", "-9.880802223063242E-10", "9.167695754383688E-11"]], "labels": ["e", "q", "tp", "node", "peri", "i"]}, "epoch": "2460200.5", "comment": null, "elements": [{"units": null, "label": "e", "value": ".4219454584846279", "sigma": "8.2198E-6", "name": "e", "title": "eccentricity"}, {"units": "au", "label": "a", "value": "35.13169850303338", "sigma": ".00056523", "name": "a", "title": "semi-major axis"}, {"sigma": "3.8268E-5", "name": "q", "title": "perihelion distance", "label": "q", "units": "au", "value": "20.30803787082724"}, {"title": "inclination; angle with respect to x-y ecliptic plane", "name": "i", "sigma": "9.5958E-6", "value": "8.65439587801658", "label": "i", "units": "deg"}, {"units": "deg", "label": "node", "value": "299.2140945040028", "title": "longitude of the ascending node", "name": "om", "sigma": ".00010683"}, {"units": "deg", "label": "peri", "value": "250.502289644367", "title": "argument of perihelion", "sigma": ".00026009", "name": "w"}, {"sigma": ".00021319", "name": "ma", "title": "mean anomaly", "value": "10.69683930533852", "label": "M", "units": "deg"}, {"value": "2457940.543300257711", "label": "tp", "units": "TDB", "title": "time of perihelion passage", "name": "tp", "sigma": ".018638"}, {"title": "sidereal orbital period", "sigma": "1.8355", "name": "per", "label": "period", "units": "d", "value": "76058.39338926824"}, {"label": "n", "value": ".004733205422280134", "units": "deg/d", "title": "mean motion", "name": "n", "sigma": "1.1423E-7"}, {"label": "Q", "units": "au", "value": "49.95535913523952", "name": "ad", "sigma": ".00080372", "title": "aphelion distance"}], "not_valid_before": null, "pe_used": "DE441", "two_body": null, "orbit_id": "14", "n_dop_obs_used": null, "rms": ".42608", "first_obs": "2003-03-25", "n_del_obs_used": null, "data_arc": "7367", "t_jup": "4.806", "producer": "Otto Matic", "last_obs": "2023-05-26", "moid_jup": "14.9457", "soln_date": "2023-06-15 22:24:06", "model_pars": [], "equinox": "J2000", "not_valid_after": null, "condition_code": "2"}, "signature": {"version": "1.3", "source": "NASA/JPL Small-Body Database (SBDB) API"}}