{"object": {"kind": "au", "des": "2014 YC92", "spkid": "54199071", "neo": false, "fullname": "(2014 YC92)", "orbit_class": {"code": "TNO", "name": "TransNeptunian Object"}, "orbit_id": "1", "prefix": null, "pha": false}, "orbit": {"n_del_obs_used": null, "not_valid_after": null, "elements": [{"name": "e", "title": "eccentricity", "sigma": ".0023044", "units": null, "label": "e", "value": ".4994847669949467"}, {"value": "64.84037359864074", "title": "semi-major axis", "name": "a", "label": "a", "units": "au", "sigma": ".19375"}, {"units": "au", "sigma": ".060088", "label": "q", "name": "q", "title": "perihelion distance", "value": "32.45359469985838"}, {"label": "i", "sigma": ".00042016", "units": "deg", "title": "inclination; angle with respect to x-y ecliptic plane", "name": "i", "value": "31.95810700012845"}, {"value": "113.4435816184364", "label": "node", "units": "deg", "sigma": ".0073909", "title": "longitude of the ascending node", "name": "om"}, {"title": "argument of perihelion", "name": "w", "label": "peri", "units": "deg", "sigma": ".2407", "value": "142.8714346309411"}, {"value": "83.98712903382273", "label": "M", "units": "deg", "sigma": ".70143", "title": "mean anomaly", "name": "ma"}, {"title": "time of perihelion passage", "name": "tp", "label": "tp", "sigma": "174.73", "units": "TDB", "value": "2415709.012622560796"}, {"value": "190707.024280207", "label": "period", "sigma": "854.76", "units": "d", "title": "sidereal orbital period", "name": "per"}, {"value": ".001887712323962696", "title": "mean motion", "name": "n", "label": "n", "sigma": "8.4609E-6", "units": "deg/d"}, {"value": "97.22715249742311", "label": "Q", "units": "au", "sigma": ".29052", "title": "aphelion distance", "name": "ad"}], "producer": "Otto Matic", "soln_date": "2021-09-22 11:42:06", "two_body": null, "n_obs_used": 13, "epoch": "2460200.5", "orbit_id": "1", "n_dop_obs_used": null, "pe_used": "DE441", "covariance": {"epoch": "2457610.5", "data": [["4.980872600637174E-6", "-.0001172933746461589", ".3854714941169768", "4.790385077502603E-6", ".0005233388789528779", "-2.868972783453167E-7"], ["-.0001172933746461589", ".003291111145075567", "-9.033009176271705", "-6.564176849989372E-5", "-.01100954863857904", "4.951517399831173E-6"], [".3854714941169768", "-9.033009176271705", "29840.50862109159", ".3739827865911052", "40.61846675239695", "-.02232950640628837"], ["4.790385077502603E-6", "-6.564176849989372E-5", ".3739827865911052", "5.545444107831663E-5", ".0005800730406207965", "-3.118085447617163E-6"], [".0005233388789528779", "-.01100954863857904", "40.61846675239695", ".0005800730406207965", ".0582959735415961", "-3.232223477535787E-5"], ["-2.868972783453167E-7", "4.951517399831173E-6", "-.02232950640628837", "-3.118085447617163E-6", "-3.232223477535787E-5", "1.783426880433836E-7"]], "labels": ["e", "q", "tp", "node", "peri", "i"], "elements": [{"value": ".5052773068280149", "title": "eccentricity", "name": "e", "label": "e", "sigma": 0.00223178686272618, "units": null}, {"name": "q", "title": "perihelion distance", "units": "au", "sigma": 0.057368206744464, "label": "q", "value": "31.69075625700028"}, {"value": "2415767.536378403915", "sigma": 172.744055240959, "units": "TDB", "label": "tp", "name": "tp", "title": "time of perihelion passage"}, {"value": "113.4860794776904", "title": "longitude of the ascending node", "name": "om", "label": "node", "sigma": 0.00744677387049698, "units": "deg"}, {"title": "argument of perihelion", "name": "w", "label": "peri", "sigma": 0.241445591265602, "units": "deg", "value": "141.4488243795218"}, {"value": "31.96107382161619", "sigma": 0.000422306391194099, "units": "deg", "label": "i", "name": "i", "title": "inclination"}]}, "comment": null, "sb_used": "SB441-N16", "model_pars": [], "moid": "31.4913", "equinox": "J2000", "rms": ".18113", "not_valid_before": null, "data_arc": "1402", "first_obs": "2014-12-16", "condition_code": "6", "t_jup": "5.270", "source": "JPL", "last_obs": "2018-10-18", "moid_jup": "27.4456"}, "signature": {"version": "1.3", "source": "NASA/JPL Small-Body Database (SBDB) API"}}