{"object": {"des": "2013 SH102", "kind": "au", "spkid": "3841647", "neo": false, "fullname": "(2013 SH102)", "prefix": null, "orbit_id": "4", "orbit_class": {"code": "TNO", "name": "TransNeptunian Object"}, "pha": false}, "orbit": {"t_jup": "5.243", "first_obs": "2013-09-30", "condition_code": "4", "data_arc": "1844", "rms": ".20967", "not_valid_before": null, "moid_jup": "31.3188", "last_obs": "2018-10-18", "source": "JPL", "n_dop_obs_used": null, "orbit_id": "4", "epoch": "2460200.5", "two_body": null, "n_obs_used": 35, "producer": "Otto Matic", "soln_date": "2021-09-08 23:29:35", "elements": [{"value": ".04996294365374025", "label": "e", "sigma": ".00020366", "units": null, "title": "eccentricity", "name": "e"}, {"label": "a", "units": "au", "sigma": ".0060333", "title": "semi-major axis", "name": "a", "value": "38.18784062931061"}, {"label": "q", "sigma": ".0092539", "units": "au", "title": "perihelion distance", "name": "q", "value": "36.27986369969035"}, {"name": "i", "title": "inclination; angle with respect to x-y ecliptic plane", "units": "deg", "sigma": ".00051222", "label": "i", "value": "19.32881487036945"}, {"value": "180.178999580761", "sigma": ".0001818", "units": "deg", "label": "node", "name": "om", "title": "longitude of the ascending node"}, {"value": "90.7947756539849", "label": "peri", "units": "deg", "sigma": ".13905", "title": "argument of perihelion", "name": "w"}, {"value": "101.1441631487726", "title": "mean anomaly", "name": "ma", "label": "M", "sigma": ".14694", "units": "deg"}, {"value": "2435983.273497627200", "sigma": "29.56", "units": "TDB", "label": "tp", "name": "tp", "title": "time of perihelion passage"}, {"value": "86195.794887646", "name": "per", "title": "sidereal orbital period", "units": "d", "sigma": "20.427", "label": "period"}, {"sigma": "9.8978E-7", "units": "deg/d", "label": "n", "name": "n", "title": "mean motion", "value": ".004176537851634766"}, {"value": "40.09581755893087", "label": "Q", "units": "au", "sigma": ".0063347", "title": "aphelion distance", "name": "ad"}], "n_del_obs_used": null, "not_valid_after": null, "moid": "35.3219", "equinox": "J2000", "model_pars": [], "sb_used": "SB441-N16", "covariance": {"epoch": "2457423.5", "data": [["3.894423152588132E-8", "-1.50376849120965E-6", ".003034827501995266", "3.243050593459385E-9", "8.162007318392417E-6", "7.258124099366216E-9"], ["-1.50376849120965E-6", "8.913650907753903E-5", ".02988096905008414", "-3.131357502263883E-7", ".0004209885991323076", "-5.712334229735525E-7"], [".003034827501995266", ".02988096905008414", "933.8783495797999", "-.0006320197038622402", "4.12572942837397", "-.0008041200896941311"], ["3.243050593459385E-9", "-3.131357502263883E-7", "-.0006320197038622402", "3.293539503638607E-8", "-3.782774221499591E-6", "8.536609511345191E-8"], ["8.162007318392417E-6", ".0004209885991323076", "4.12572942837397", "-3.782774221499591E-6", ".01917392531489068", "-5.419925686351737E-6"], ["7.258124099366216E-9", "-5.712334229735525E-7", "-.0008041200896941311", "8.536609511345191E-8", "-5.419925686351737E-6", "2.656859794401525E-7"]], "labels": ["e", "q", "tp", "node", "peri", "i"], "elements": [{"value": ".05323018168016488", "title": "eccentricity", "name": "e", "label": "e", "sigma": 0.000197342928745576, "units": null}, {"title": "perihelion distance", "name": "q", "label": "q", "sigma": 0.00944121332655602, "units": "au", "value": "35.75883087042229"}, {"value": "2433697.161000790544", "label": "tp", "sigma": 30.5594232533895, "units": "TDB", "title": "time of perihelion passage", "name": "tp"}, {"units": "deg", "sigma": 0.00018148111482021, "label": "node", "name": "om", "title": "longitude of the ascending node", "value": "180.2406788486166"}, {"title": "argument of perihelion", "name": "w", "label": "peri", "sigma": 0.138469943723866, "units": "deg", "value": "79.37519390733576"}, {"value": "19.42946372941095", "name": "i", "title": "inclination", "sigma": 0.000515447358553861, "units": "deg", "label": "i"}]}, "comment": null, "pe_used": "DE441"}, "signature": {"version": "1.3", "source": "NASA/JPL Small-Body Database (SBDB) API"}}