{"orbit": {"t_jup": "6.755", "first_obs": "2003-11-21", "condition_code": "3", "data_arc": "5580", "rms": ".19557", "not_valid_before": null, "moid_jup": "30.6565", "last_obs": "2019-03-02", "source": "JPL", "n_dop_obs_used": null, "orbit_id": "8", "epoch": "2460200.5", "n_obs_used": 34, "two_body": null, "producer": "Otto Matic", "soln_date": "2022-11-26 05:37:53", "elements": [{"label": "e", "sigma": ".00028758", "units": null, "title": "eccentricity", "name": "e", "value": ".7249806537211847"}, {"value": "130.3518381404547", "title": "semi-major axis", "name": "a", "label": "a", "units": "au", "sigma": ".14365"}, {"title": "perihelion distance", "name": "q", "label": "q", "units": "au", "sigma": ".0022572", "value": "35.84927731162979"}, {"value": "13.09321014864407", "label": "i", "sigma": ".00029793", "units": "deg", "title": "inclination; angle with respect to x-y ecliptic plane", "name": "i"}, {"sigma": ".00019625", "units": "deg", "label": "node", "name": "om", "title": "longitude of the ascending node", "value": "308.5784916173217"}, {"sigma": ".0069817", "units": "deg", "label": "peri", "name": "w", "title": "argument of perihelion", "value": "157.3309278403408"}, {"value": "6.726828329528329", "name": "ma", "title": "mean anomaly", "sigma": ".011642", "units": "deg", "label": "M"}, {"value": "2450043.112751533827", "label": "tp", "units": "TDB", "sigma": "1.0995", "title": "time of perihelion passage", "name": "tp"}, {"value": "543593.3890859706", "units": "d", "sigma": "898.57", "label": "period", "name": "per", "title": "sidereal orbital period"}, {"value": ".0006622597096063381", "name": "n", "title": "mean motion", "sigma": "1.0947E-6", "units": "deg/d", "label": "n"}, {"title": "aphelion distance", "name": "ad", "label": "Q", "units": "au", "sigma": ".24779", "value": "224.8543989692796"}], "not_valid_after": null, "n_del_obs_used": null, "moid": "34.8686", "equinox": "J2000", "model_pars": [], "sb_used": "SB441-N16", "comment": null, "covariance": {"data": [["8.297954943366948E-8", "5.752629744279584E-7", ".0002107578997048822", "-1.093045129488681E-8", "1.220948035538431E-6", "-5.834916946076807E-9"], ["5.752629744279584E-7", "5.03110293825458E-6", ".002282165120142452", "-8.695775340893018E-8", "1.398431209226745E-5", "-4.956405566222181E-8"], [".0002107578997048822", ".002282165120142452", "1.19626299046821", "-3.640743674573043E-5", ".007527305267458657", "-2.193239056900986E-5"], ["-1.093045129488681E-8", "-8.695775340893018E-8", "-3.640743674573043E-5", "3.837456983108716E-8", "-2.549920782206318E-7", "1.136005097600678E-8"], ["1.220948035538431E-6", "1.398431209226745E-5", ".007527305267458657", "-2.549920782206318E-7", "4.766276127058482E-5", "-1.439626219215948E-7"], ["-5.834916946076807E-9", "-4.956405566222181E-8", "-2.193239056900986E-5", "1.136005097600678E-8", "-1.439626219215948E-7", "8.878975070571357E-8"]], "epoch": "2454233.5", "labels": ["e", "q", "tp", "node", "peri", "i"], "elements": [{"name": "e", "title": "eccentricity", "sigma": 0.000288061711155213, "units": null, "label": "e", "value": ".7241154532828068"}, {"name": "q", "title": "perihelion distance", "units": "au", "sigma": 0.00224301202365359, "label": "q", "value": "35.95953815036228"}, {"title": "time of perihelion passage", "name": "tp", "label": "tp", "units": "TDB", "sigma": 1.09373808129196, "value": "2450118.006135592434"}, {"label": "node", "units": "deg", "sigma": 0.000195894282282784, "title": "longitude of the ascending node", "name": "om", "value": "308.581525429915"}, {"label": "peri", "sigma": 0.00690382222182646, "units": "deg", "title": "argument of perihelion", "name": "w", "value": "157.8540883606576"}, {"value": "13.09786984134584", "label": "i", "units": "deg", "sigma": 0.000297976090828968, "title": "inclination", "name": "i"}]}, "pe_used": "DE441"}, "signature": {"version": "1.3", "source": "NASA/JPL Small-Body Database (SBDB) API"}, "object": {"fullname": "(2006 AM98)", "neo": false, "orbit_id": "8", "orbit_class": {"code": "TNO", "name": "TransNeptunian Object"}, "prefix": null, "pha": false, "kind": "au", "des": "2006 AM98", "spkid": "3321760"}}