{"object": {"neo": false, "fullname": "516977 (2012 HZ84)", "prefix": null, "orbit_id": "7", "orbit_class": {"name": "TransNeptunian Object", "code": "TNO"}, "pha": false, "des": "516977", "kind": "an", "spkid": "20516977"}, "signature": {"version": "1.3", "source": "NASA/JPL Small-Body Database (SBDB) API"}, "orbit": {"sb_used": "SB441-N16", "comment": null, "covariance": {"labels": ["e", "q", "tp", "node", "peri", "i"], "elements": [{"value": ".1915801392019352", "name": "e", "title": "eccentricity", "sigma": 0.00094406073536637, "units": null, "label": "e"}, {"value": "36.99388087569034", "name": "q", "title": "perihelion distance", "units": "au", "sigma": 0.0245679881636949, "label": "q"}, {"title": "time of perihelion passage", "name": "tp", "label": "tp", "sigma": 12.8086116290673, "units": "TDB", "value": "2471431.624045706652"}, {"value": "257.1874025742744", "sigma": 0.00589342789716829, "units": "deg", "label": "node", "name": "om", "title": "longitude of the ascending node"}, {"title": "argument of perihelion", "name": "w", "label": "peri", "units": "deg", "sigma": 0.108257766255809, "value": "88.80761284430255"}, {"value": "5.464122429819184", "title": "inclination", "name": "i", "label": "i", "units": "deg", "sigma": 0.00137410852129801}], "data": [["8.912506720604918E-7", "-2.206204328383359E-5", ".008077535592290113", "4.443636703052468E-7", "8.774841238368098E-5", "1.011397856680114E-7"], ["-2.206204328383359E-5", ".0006035860424114512", "-.2715891343411234", "-9.303116519936566E-6", "-.002588938636032141", "-2.10476473287307E-6"], [".008077535592290113", "-.2715891343411234", "164.0605318642792", ".001994769840292211", "1.320852788023781", ".0004387072962432825"], ["4.443636703052468E-7", "-9.303116519936566E-6", ".001994769840292211", "3.47324923791215E-5", "-2.538796102442134E-6", "8.064964131230831E-6"], ["8.774841238368098E-5", "-.002588938636032141", "1.320852788023781", "-2.538796102442134E-6", ".01171974395469746", "-8.264387896137173E-7"], ["1.011397856680114E-7", "-2.10476473287307E-6", ".0004387072962432825", "8.064964131230831E-6", "-8.264387896137173E-7", "1.888174228303798E-6"]], "epoch": "2456448.5"}, "pe_used": "DE441", "equinox": "J2000", "moid": "36.012", "model_pars": [], "soln_date": "2021-04-14 19:01:14", "producer": "Otto Matic", "elements": [{"title": "eccentricity", "name": "e", "label": "e", "units": null, "sigma": ".00094316", "value": ".1964673851069818"}, {"value": "46.065350907518", "label": "a", "sigma": ".026903", "units": "au", "title": "semi-major axis", "name": "a"}, {"value": "37.01501187068241", "title": "perihelion distance", "name": "q", "label": "q", "sigma": ".024394", "units": "au"}, {"value": "5.457715992356138", "title": "inclination; angle with respect to x-y ecliptic plane", "name": "i", "label": "i", "units": "deg", "sigma": ".0013718"}, {"value": "257.2076743761315", "title": "longitude of the ascending node", "name": "om", "label": "node", "sigma": ".0058907", "units": "deg"}, {"label": "peri", "units": "deg", "sigma": ".10847", "title": "argument of perihelion", "name": "w", "value": "88.12966740827132"}, {"value": "325.126256730919", "label": "M", "units": "deg", "sigma": ".040001", "title": "mean anomaly", "name": "ma"}, {"title": "time of perihelion passage", "name": "tp", "label": "tp", "units": "TDB", "sigma": "12.922", "value": "2471263.070919281945"}, {"value": "114198.395629998", "title": "sidereal orbital period", "name": "per", "label": "period", "units": "d", "sigma": "100.04"}, {"sigma": "2.7615E-6", "units": "deg/d", "label": "n", "name": "n", "title": "mean motion", "value": ".003152408560680636"}, {"name": "ad", "title": "aphelion distance", "units": "au", "sigma": ".032188", "label": "Q", "value": "55.1156899443536"}], "n_del_obs_used": null, "not_valid_after": null, "n_dop_obs_used": null, "orbit_id": "7", "epoch": "2460200.5", "n_obs_used": 47, "two_body": null, "last_obs": "2017-06-23", "source": "JPL", "moid_jup": "32.0701", "first_obs": "2012-04-17", "condition_code": "4", "data_arc": "1893", "not_valid_before": null, "rms": ".12733", "t_jup": "5.921"}}