{"orbit": {"two_body": null, "pe_used": "DE441", "orbit_id": "2", "rms": ".082687", "n_dop_obs_used": null, "data_arc": "2919", "first_obs": "2013-11-08", "n_del_obs_used": null, "covariance": {"data": [["5.133397607325991E-8", "4.447591624495422E-7", ".0003866266857869747", "1.597725260022769E-8", "2.389703375559344E-6", "3.322612110753965E-9"], ["4.447591624495422E-7", "5.040943307189568E-6", ".008687728520667688", "5.378257631693647E-10", "5.456765676322147E-5", "4.646927725049678E-8"], [".0003866266857869747", ".008687728520667688", "27.6247504116323", "-.0005214283013430447", ".1747033111707147", ".0001054500960692828"], ["1.597725260022769E-8", "5.378257631693647E-10", "-.0005214283013430447", "4.423237176825625E-6", "-7.603148157480568E-6", "-3.448569577528424E-7"], ["2.389703375559344E-6", "5.456765676322147E-5", ".1747033111707147", "-7.603148157480568E-6", ".001109084040311592", "9.989291292419789E-7"], ["3.322612110753965E-9", "4.646927725049678E-8", ".0001054500960692828", "-3.448569577528424E-7", "9.989291292419789E-7", "2.943249848522396E-8"]], "labels": ["e", "q", "tp", "node", "peri", "i"], "epoch": "2457030.5", "elements": [{"title": "eccentricity", "name": "e", "sigma": 0.000226570024657411, "label": "e", "units": null, "value": ".214167881354665"}, {"label": "q", "units": "au", "value": "31.11766978487659", "name": "q", "sigma": 0.00224520451344406, "title": "perihelion distance"}, {"title": "time of perihelion passage", "sigma": 5.25592526693753, "name": "tp", "value": "2455459.223919709267", "label": "tp", "units": "TDB"}, {"title": "longitude of the ascending node", "name": "om", "sigma": 0.00210314934724703, "label": "node", "units": "deg", "value": "111.9140011610031"}, {"sigma": 0.0333029133907469, "name": "w", "title": "argument of perihelion", "units": "deg", "label": "peri", "value": "278.7411765580003"}, {"sigma": 0.000171559023327903, "name": "i", "title": "inclination", "value": "13.62041366433824", "label": "i", "units": "deg"}]}, "moid": "30.1514", "source": "JPL", "sb_used": "SB441-N16", "n_obs_used": 12, "comment": null, "elements": [{"title": "eccentricity", "name": "e", "sigma": ".00022748", "label": "e", "units": null, "value": ".2211572795051078"}, {"sigma": ".014258", "name": "a", "title": "semi-major axis", "label": "a", "value": "39.95453797924084", "units": "au"}, {"label": "q", "units": "au", "value": "31.11830105586843", "title": "perihelion distance", "sigma": ".0022464", "name": "q"}, {"sigma": ".00017131", "name": "i", "title": "inclination; angle with respect to x-y ecliptic plane", "value": "13.62284900523393", "label": "i", "units": "deg"}, {"units": "deg", "label": "node", "value": "111.8245926708127", "sigma": ".0020969", "name": "om", "title": "longitude of the ascending node"}, {"label": "peri", "units": "deg", "value": "278.6990403076188", "title": "argument of perihelion", "name": "w", "sigma": ".032341"}, {"name": "ma", "sigma": ".025609", "title": "mean anomaly", "units": "deg", "label": "M", "value": "18.52999401876265"}, {"units": "TDB", "label": "tp", "value": "2455452.394340529371", "title": "time of perihelion passage", "name": "tp", "sigma": "5.0867"}, {"sigma": "49.378", "name": "per", "title": "sidereal orbital period", "value": "92246.01128735639", "label": "period", "units": "d"}, {"name": "n", "sigma": "2.089E-6", "title": "mean motion", "units": "deg/d", "label": "n", "value": ".003902607765647023"}, {"name": "ad", "sigma": ".017411", "title": "aphelion distance", "value": "48.79077490261325", "label": "Q", "units": "au"}], "epoch": "2460200.5", "not_valid_before": null, "soln_date": "2021-11-13 00:50:50", "moid_jup": "26.29", "model_pars": [], "condition_code": "4", "not_valid_after": null, "equinox": "J2000", "t_jup": "5.383", "last_obs": "2021-11-05", "producer": "Otto Matic"}, "object": {"neo": false, "spkid": "54197624", "orbit_class": {"name": "TransNeptunian Object", "code": "TNO"}, "kind": "au", "orbit_id": "2", "pha": false, "des": "2013 VS71", "prefix": null, "fullname": "(2013 VS71)"}, "signature": {"version": "1.3", "source": "NASA/JPL Small-Body Database (SBDB) API"}}