{"orbit": {"n_del_obs_used": null, "not_valid_after": null, "soln_date": "2021-04-15 10:06:57", "producer": "Otto Matic", "elements": [{"sigma": "3.7964E-5", "units": null, "label": "e", "name": "e", "title": "eccentricity", "value": ".6510356537470384"}, {"value": "103.8986421477119", "name": "a", "title": "semi-major axis", "units": "au", "sigma": ".011768", "label": "a"}, {"value": "36.25692173364668", "units": "au", "sigma": ".00053468", "label": "q", "name": "q", "title": "perihelion distance"}, {"label": "i", "units": "deg", "sigma": "8.1243E-5", "title": "inclination; angle with respect to x-y ecliptic plane", "name": "i", "value": "26.78918865310117"}, {"sigma": ".00017041", "units": "deg", "label": "node", "name": "om", "title": "longitude of the ascending node", "value": "168.2350970080668"}, {"label": "peri", "sigma": ".0023583", "units": "deg", "title": "argument of perihelion", "name": "w", "value": "5.683972390746347"}, {"title": "mean anomaly", "name": "ma", "label": "M", "units": "deg", "sigma": ".0016905", "value": "9.343534653668391"}, {"value": "2450160.772287674214", "title": "time of perihelion passage", "name": "tp", "label": "tp", "sigma": ".3352", "units": "TDB"}, {"value": "386823.8424115292", "label": "period", "units": "d", "sigma": "65.722", "title": "sidereal orbital period", "name": "per"}, {"value": ".0009306561812624979", "name": "n", "title": "mean motion", "sigma": "1.5812E-7", "units": "deg/d", "label": "n"}, {"sigma": ".01943", "units": "au", "label": "Q", "name": "ad", "title": "aphelion distance", "value": "171.5403625617772"}], "n_obs_used": 102, "two_body": null, "orbit_id": "6", "n_dop_obs_used": null, "epoch": "2460200.5", "pe_used": "DE441", "sb_used": "SB441-N16", "covariance": {"labels": ["e", "q", "tp", "node", "peri", "i"], "elements": [{"label": "e", "units": null, "sigma": 3.81543973982452e-05, "title": "eccentricity", "name": "e", "value": ".661220714437406"}, {"label": "q", "units": "au", "sigma": 0.000530454941033217, "title": "perihelion distance", "name": "q", "value": "36.2885654586325"}, {"units": "TDB", "sigma": 0.330551965889858, "label": "tp", "name": "tp", "title": "time of perihelion passage", "value": "2450236.167859245624"}, {"label": "node", "sigma": 0.000170556918879321, "units": "deg", "title": "longitude of the ascending node", "name": "om", "value": "168.0582729890368"}, {"value": "6.126029035321121", "name": "w", "title": "argument of perihelion", "units": "deg", "sigma": 0.00232807431727194, "label": "peri"}, {"value": "26.7233970552339", "sigma": 8.08331944582989e-05, "units": "deg", "label": "i", "name": "i", "title": "inclination"}], "data": [["1.455758040823217E-9", "5.008984776570124E-9", "1.431557153354604E-6", "2.132238923652231E-10", "1.869555205235527E-9", "2.379285865019899E-10"], ["5.008984776570124E-9", "2.813824444665542E-7", ".0001722874608833304", "-5.56640866078813E-9", "1.195285476783126E-6", "-1.160426700317985E-9"], ["1.431557153354604E-6", ".0001722874608833304", ".1092646021536496", "-3.803089654281843E-6", ".0007640029042699705", "-1.052452911720106E-6"], ["2.132238923652231E-10", "-5.56640866078813E-9", "-3.803089654281843E-6", "2.90896625776073E-8", "-5.400468341367717E-8", "1.368205490750322E-8"], ["1.869555205235527E-9", "1.195285476783126E-6", ".0007640029042699705", "-5.400468341367717E-8", "5.4199300267412E-6", "-2.090817129556073E-8"], ["2.379285865019899E-10", "-1.160426700317985E-9", "-1.052452911720106E-6", "1.368205490750322E-8", "-2.090817129556073E-8", "6.534005326333164E-9"]], "epoch": "2457071.5"}, "comment": null, "moid": "35.2622", "equinox": "J2000", "model_pars": [], "not_valid_before": null, "rms": ".55879", "first_obs": "2010-04-20", "condition_code": "2", "data_arc": "3684", "t_jup": "6.106", "source": "JPL", "last_obs": "2020-05-21", "moid_jup": "30.8123"}, "signature": {"version": "1.3", "source": "NASA/JPL Small-Body Database (SBDB) API"}, "object": {"pha": false, "neo": false, "fullname": "(2014 KA102)", "prefix": null, "orbit_class": {"name": "TransNeptunian Object", "code": "TNO"}, "orbit_id": "6", "kind": "au", "des": "2014 KA102", "spkid": "3755709"}}