{"object": {"spkid": "54199108", "neo": false, "kind": "au", "orbit_id": "1", "pha": false, "orbit_class": {"code": "TNO", "name": "TransNeptunian Object"}, "des": "2016 QV134", "prefix": null, "fullname": "(2016 QV134)"}, "orbit": {"n_dop_obs_used": null, "rms": ".24468", "n_del_obs_used": null, "first_obs": "2015-11-07", "data_arc": "1039", "pe_used": "DE441", "two_body": null, "orbit_id": "1", "comment": null, "elements": [{"name": "e", "sigma": ".00044298", "title": "eccentricity", "label": "e", "value": ".1910274657621961", "units": null}, {"title": "semi-major axis", "sigma": ".020136", "name": "a", "value": "42.72621782278673", "label": "a", "units": "au"}, {"label": "q", "value": "34.56433671049621", "units": "au", "name": "q", "sigma": ".017932", "title": "perihelion distance"}, {"sigma": ".00021027", "name": "i", "title": "inclination; angle with respect to x-y ecliptic plane", "units": "deg", "label": "i", "value": "7.951543630238232"}, {"units": "deg", "label": "node", "value": "120.5174503713917", "name": "om", "sigma": ".013658", "title": "longitude of the ascending node"}, {"sigma": ".31082", "name": "w", "title": "argument of perihelion", "label": "peri", "units": "deg", "value": "293.8790157040602"}, {"title": "mean anomaly", "name": "ma", "sigma": ".20064", "value": "348.3019092734449", "label": "M", "units": "deg"}, {"units": "TDB", "label": "tp", "value": "2463515.263795493156", "name": "tp", "sigma": "56.029", "title": "time of perihelion passage"}, {"units": "d", "label": "period", "value": "102009.3786474635", "title": "sidereal orbital period", "name": "per", "sigma": "72.112"}, {"label": "n", "units": "deg/d", "value": ".003529087273868534", "name": "n", "sigma": "2.4948E-6", "title": "mean motion"}, {"value": "50.88809893507725", "label": "Q", "units": "au", "title": "aphelion distance", "name": "ad", "sigma": ".023982"}], "epoch": "2460200.5", "not_valid_before": null, "source": "JPL", "n_obs_used": 7, "sb_used": "SB441-N16", "moid": "33.5831", "covariance": {"labels": ["e", "q", "tp", "node", "peri", "i"], "data": [["2.111540422270184E-7", "-5.59022873718117E-6", ".01848491633256253", "-4.599253304840705E-7", ".0001033892875301119", "-5.416683230096903E-9"], ["-5.59022873718117E-6", ".0003517952707898539", "-1.098271570198979", "1.786527592996002E-5", "-.006084399350786978", "4.270041658083629E-7"], [".01848491633256253", "-1.098271570198979", "3441.538923271127", "-.05744317455653237", "19.0725038517837", "-.00131903078968904"], ["-4.599253304840705E-7", "1.786527592996002E-5", "-.05744317455653237", ".000188277147234676", "-.0005048751522299542", "2.810381156850266E-6"], [".0001033892875301119", "-.006084399350786978", "19.0725038517837", "-.0005048751522299542", ".1058892644182205", "-1.006143623821449E-5"], ["-5.416683230096903E-9", "4.270041658083629E-7", "-.00131903078968904", "2.810381156850266E-6", "-1.006143623821449E-5", "4.482813274505953E-8"]], "elements": [{"title": "eccentricity", "sigma": 0.000459515007618922, "name": "e", "value": ".1798879738651689", "label": "e", "units": null}, {"title": "perihelion distance", "sigma": 0.0187562061939469, "name": "q", "value": "34.51513612187798", "label": "q", "units": "au"}, {"label": "tp", "value": "2463823.090811374628", "units": "TDB", "title": "time of perihelion passage", "name": "tp", "sigma": 58.6646309395289}, {"name": "om", "sigma": 0.0137214119985764, "title": "longitude of the ascending node", "label": "node", "value": "120.5670975682577", "units": "deg"}, {"title": "argument of perihelion", "name": "w", "sigma": 0.325406306666328, "units": "deg", "label": "peri", "value": "295.3661178575614"}, {"sigma": 0.000211726551818754, "name": "i", "title": "inclination", "label": "i", "value": "7.95407456060463", "units": "deg"}], "epoch": "2457760.5"}, "model_pars": [], "equinox": "J2000", "not_valid_after": null, "condition_code": "5", "moid_jup": "29.5882", "soln_date": "2021-09-22 13:42:06", "last_obs": "2018-09-11", "producer": "Otto Matic", "t_jup": "5.693"}, "signature": {"version": "1.3", "source": "NASA/JPL Small-Body Database (SBDB) API"}}