{"orbit": {"source": "JPL", "last_obs": "2018-05-19", "moid_jup": "35.6516", "rms": ".68392", "not_valid_before": null, "first_obs": "2001-04-26", "condition_code": "3", "data_arc": "6232", "t_jup": "5.829", "pe_used": "DE441", "sb_used": "SB441-N16", "comment": null, "covariance": {"elements": [{"title": "eccentricity", "name": "e", "label": "e", "units": null, "sigma": 2.90864585132167e-05, "value": ".03806501288714566"}, {"title": "perihelion distance", "name": "q", "label": "q", "units": "au", "sigma": 0.00406241200926119, "value": "41.21290886913125"}, {"value": "2423984.170939732896", "title": "time of perihelion passage", "name": "tp", "label": "tp", "sigma": 18.7678239308912, "units": "TDB"}, {"name": "om", "title": "longitude of the ascending node", "sigma": 0.00186326388811317, "units": "deg", "label": "node", "value": "88.59991001725636"}, {"label": "peri", "units": "deg", "sigma": 0.0775787321283728, "title": "argument of perihelion", "name": "w", "value": "25.00044160796478"}, {"label": "i", "sigma": 0.00013965055923635, "units": "deg", "title": "inclination", "name": "i", "value": "2.937205572146708"}], "labels": ["e", "q", "tp", "node", "peri", "i"], "data": [["8.460220688410754E-10", "-1.049640403603792E-7", "-.0003470825819017038", "-2.171651103188302E-10", "-1.539563924267558E-6", "-8.405485356831345E-12"], ["-1.049640403603792E-7", "1.650319133298953E-5", ".07005516601822584", "5.613929156489085E-8", ".0002966726120249123", "2.893450622928059E-10"], ["-.0003470825819017038", ".07005516601822584", "352.2312151009335", ".0003149059840428483", "1.452742946659333", "-2.409538627814314E-6"], ["-2.171651103188302E-10", "5.613929156489085E-8", ".0003149059840428483", "3.471752316746593E-6", "-2.187456234541886E-6", "-2.584852839991616E-7"], ["-1.539563924267558E-6", ".0002966726120249123", "1.452742946659333", "-2.187456234541886E-6", ".006018459678645819", "2.505149526679223E-7"], ["-8.405485356831345E-12", "2.893450622928059E-10", "-2.409538627814314E-6", "-2.584852839991616E-7", "2.505149526679223E-7", "1.950227869502517E-8"]], "epoch": "2457239.5"}, "moid": "39.8767", "equinox": "J2000", "model_pars": [], "not_valid_after": null, "n_del_obs_used": null, "soln_date": "2022-04-13 12:12:21", "producer": "Otto Matic", "elements": [{"title": "eccentricity", "name": "e", "label": "e", "sigma": "3.6442E-5", "units": null, "value": ".03939838374500883"}, {"value": "42.53703746826407", "name": "a", "title": "semi-major axis", "sigma": ".0030765", "units": "au", "label": "a"}, {"label": "q", "sigma": ".0044018", "units": "au", "title": "perihelion distance", "name": "q", "value": "40.86114694271359"}, {"name": "i", "title": "inclination; angle with respect to x-y ecliptic plane", "units": "deg", "sigma": ".00014027", "label": "i", "value": "2.94030545129654"}, {"name": "om", "title": "longitude of the ascending node", "units": "deg", "sigma": ".0018655", "label": "node", "value": "88.58282096764718"}, {"value": "13.18131977315767", "label": "peri", "units": "deg", "sigma": ".067254", "title": "argument of perihelion", "name": "w"}, {"value": "139.6880974172922", "sigma": ".069494", "units": "deg", "label": "M", "name": "ma", "title": "mean anomaly"}, {"value": "2420881.162837714772", "units": "TDB", "sigma": "15.499", "label": "tp", "name": "tp", "title": "time of perihelion passage"}, {"value": "101332.6234671045", "title": "sidereal orbital period", "name": "per", "label": "period", "units": "d", "sigma": "10.993"}, {"sigma": "3.8542E-7", "units": "deg/d", "label": "n", "name": "n", "title": "mean motion", "value": ".003552656466225474"}, {"value": "44.21292799381457", "name": "ad", "title": "aphelion distance", "units": "au", "sigma": ".0031977", "label": "Q"}], "two_body": null, "n_obs_used": 61, "orbit_id": "8", "n_dop_obs_used": null, "epoch": "2460200.5"}, "signature": {"version": "1.3", "source": "NASA/JPL Small-Body Database (SBDB) API"}, "object": {"spkid": "20612217", "kind": "an", "des": "612217", "prefix": null, "orbit_class": {"name": "TransNeptunian Object", "code": "TNO"}, "orbit_id": "8", "neo": false, "fullname": "612217 (2001 HZ58)", "pha": false}}