{"signature": {"version": "1.3", "source": "NASA/JPL Small-Body Database (SBDB) API"}, "object": {"neo": false, "spkid": "20612333", "orbit_class": {"name": "TransNeptunian Object", "code": "TNO"}, "pha": false, "orbit_id": "9", "kind": "an", "fullname": "612333 (2002 CZ224)", "des": "612333", "prefix": null}, "orbit": {"producer": "Otto Matic", "last_obs": "2023-02-20", "t_jup": "5.971", "condition_code": "4", "not_valid_after": null, "equinox": "J2000", "model_pars": [], "moid_jup": "36.8373", "soln_date": "2023-04-27 04:22:14", "not_valid_before": null, "comment": null, "elements": [{"sigma": ".00019758", "name": "e", "title": "eccentricity", "value": ".06637610578374335", "label": "e", "units": null}, {"title": "semi-major axis", "name": "a", "sigma": ".011689", "units": "au", "label": "a", "value": "44.82418766403816"}, {"label": "q", "units": "au", "value": "41.8489326419796", "title": "perihelion distance", "sigma": ".019759", "name": "q"}, {"value": "1.687342265054657", "label": "i", "units": "deg", "sigma": ".00013863", "name": "i", "title": "inclination; angle with respect to x-y ecliptic plane"}, {"label": "node", "units": "deg", "value": "66.36942633915051", "title": "longitude of the ascending node", "sigma": ".014925", "name": "om"}, {"sigma": ".078729", "name": "w", "title": "argument of perihelion", "units": "deg", "label": "peri", "value": "268.5501642753237"}, {"sigma": ".088842", "name": "ma", "title": "mean anomaly", "label": "M", "units": "deg", "value": "182.6822116298737"}, {"sigma": "43.218", "name": "tp", "title": "time of perihelion passage", "label": "tp", "value": "2514190.940833175344", "units": "TDB"}, {"name": "per", "sigma": "42.879", "title": "sidereal orbital period", "value": "109614.2630618198", "label": "period", "units": "d"}, {"value": ".003284244129771401", "label": "n", "units": "deg/d", "sigma": "1.2847E-6", "name": "n", "title": "mean motion"}, {"units": "au", "label": "Q", "value": "47.79944268609673", "title": "aphelion distance", "name": "ad", "sigma": ".012465"}], "epoch": "2460200.5", "source": "JPL", "sb_used": "SB441-N16", "moid": "40.8391", "n_obs_used": 34, "covariance": {"elements": [{"title": "eccentricity", "name": "e", "sigma": 0.000201508062165322, "label": "e", "units": null, "value": ".06113212031640412"}, {"label": "q", "value": "42.28271494362311", "units": "au", "title": "perihelion distance", "sigma": 0.020149451964878, "name": "q"}, {"title": "time of perihelion passage", "sigma": 25.4776927297418, "name": "tp", "units": "TDB", "label": "tp", "value": "2402694.584500139317"}, {"label": "node", "units": "deg", "value": "66.60964780152264", "sigma": 0.0148732575762764, "name": "om", "title": "longitude of the ascending node"}, {"label": "peri", "units": "deg", "value": "264.0110577441771", "name": "w", "sigma": 0.0783292494070337, "title": "argument of perihelion"}, {"label": "i", "value": "1.688283581833372", "units": "deg", "sigma": 0.000140288352827975, "name": "i", "title": "inclination"}], "epoch": "2454025.5", "data": [["4.06054991176233E-8", "-4.059415156387281E-6", ".00206073612826586", "-5.044740014266415E-9", "-6.671385663994034E-6", "-5.021248918515523E-10"], ["-4.059415156387281E-6", ".0004060004144849278", "-.1978918482098461", "5.352175159675356E-7", ".0006913846449380487", "5.043919151729096E-8"], [".00206073612826586", "-.1978918482098461", "649.112826831138", ".001787427327735588", "1.280985141065819", "-1.209350031686349E-5"], ["-5.044740014266415E-9", "5.352175159675356E-7", ".001787427327735588", ".0002212137909302631", "-.0002142008468015639", "2.006615455318235E-6"], ["-6.671385663994034E-6", ".0006913846449380487", "1.280985141065819", "-.0002142008468015639", ".006135471312669293", "-1.883094528197875E-6"], ["-5.021248918515523E-10", "5.043919151729096E-8", "-1.209350031686349E-5", "2.006615455318235E-6", "-1.883094528197875E-6", "1.968082193918631E-8"]], "labels": ["e", "q", "tp", "node", "peri", "i"]}, "n_del_obs_used": null, "first_obs": "2002-02-07", "data_arc": "7683", "rms": ".37171", "n_dop_obs_used": null, "orbit_id": "9", "pe_used": "DE441", "two_body": null}}