{"orbit": {"covariance": {"elements": [{"value": ".29902903605702", "label": "e", "units": null, "sigma": 2.4323088464125e-05, "title": "eccentricity", "name": "e"}, {"value": "27.68562952559527", "sigma": 0.00028462081497091, "units": "au", "label": "q", "name": "q", "title": "perihelion distance"}, {"sigma": 0.321333898620815, "units": "TDB", "label": "tp", "name": "tp", "title": "time of perihelion passage", "value": "2460942.692144613688"}, {"value": "211.0179474147689", "units": "deg", "sigma": 0.00012423099837739, "label": "node", "name": "om", "title": "longitude of the ascending node"}, {"value": "255.7359125206966", "label": "peri", "sigma": 0.00257483231579909, "units": "deg", "title": "argument of perihelion", "name": "w"}, {"title": "inclination", "name": "i", "label": "i", "sigma": 3.6762680927963e-05, "units": "deg", "value": "17.54574475752184"}], "labels": ["e", "q", "tp", "node", "peri", "i"], "epoch": "2456971.5", "data": [["5.916126324336496E-10", "6.406028947375502E-9", "-6.573582507227507E-6", "1.519221888409363E-10", "-5.211478017132072E-8", "1.272527048329355E-10"], ["6.406028947375502E-9", "8.100900831470508E-8", "-8.963167324482427E-5", "2.123991349360665E-9", "-7.159190014821786E-7", "1.579581744771903E-9"], ["-6.573582507227507E-6", "-8.963167324482427E-5", ".103255474402852", "-2.453062633879803E-6", ".0008263591373976974", "-1.728964019238427E-6"], ["1.519221888409363E-10", "2.123991349360665E-9", "-2.453062633879803E-6", "1.543334095784302E-8", "-3.432190389591845E-8", "4.364685659260173E-9"], ["-5.211478017132072E-8", "-7.159190014821786E-7", ".0008263591373976974", "-3.432190389591845E-8", "6.629761454483306E-6", "-1.792514989157928E-8"], ["1.272527048329355E-10", "1.579581744771903E-9", "-1.728964019238427E-6", "4.364685659260173E-9", "-1.792514989157928E-8", "1.351494709011211E-9"]]}, "comment": null, "sb_used": "SB441-N16", "pe_used": "DE441", "model_pars": [], "equinox": "J2000", "moid": "26.7606", "elements": [{"name": "e", "title": "eccentricity", "sigma": "2.4404E-5", "units": null, "label": "e", "value": ".2974947951482372"}, {"label": "a", "sigma": ".001749", "units": "au", "title": "semi-major axis", "name": "a", "value": "39.43157832530775"}, {"name": "q", "title": "perihelion distance", "sigma": ".00028246", "units": "au", "label": "q", "value": "27.70088900904866"}, {"value": "17.52908581659695", "name": "i", "title": "inclination; angle with respect to x-y ecliptic plane", "units": "deg", "sigma": "3.6699E-5", "label": "i"}, {"units": "deg", "sigma": ".00012455", "label": "node", "name": "om", "title": "longitude of the ascending node", "value": "210.8634350629358"}, {"value": "255.347825743569", "name": "w", "title": "argument of perihelion", "sigma": ".0025632", "units": "deg", "label": "peri"}, {"title": "mean anomaly", "name": "ma", "label": "M", "sigma": ".0014378", "units": "deg", "value": "357.2903424398524"}, {"value": "2460881.232643015272", "label": "tp", "sigma": ".32067", "units": "TDB", "title": "time of perihelion passage", "name": "tp"}, {"label": "period", "sigma": "6.0174", "units": "d", "title": "sidereal orbital period", "name": "per", "value": "90440.85684102078"}, {"label": "n", "units": "deg/d", "sigma": "2.6484E-7", "title": "mean motion", "name": "n", "value": ".003980501872431584"}, {"name": "ad", "title": "aphelion distance", "sigma": ".0022694", "units": "au", "label": "Q", "value": "51.16226764156686"}], "soln_date": "2022-04-13 12:10:22", "producer": "Otto Matic", "n_del_obs_used": null, "not_valid_after": null, "epoch": "2460200.5", "orbit_id": "12", "n_dop_obs_used": null, "two_body": null, "n_obs_used": 84, "last_obs": "2020-03-23", "source": "JPL", "moid_jup": "22.7769", "data_arc": "5995", "first_obs": "2003-10-24", "condition_code": "2", "not_valid_before": null, "rms": ".35859", "t_jup": "5.144"}, "signature": {"version": "1.3", "source": "NASA/JPL Small-Body Database (SBDB) API"}, "object": {"pha": false, "prefix": null, "orbit_class": {"code": "TNO", "name": "TransNeptunian Object"}, "orbit_id": "12", "fullname": "612688 (2003 UT292)", "neo": false, "spkid": "20612688", "des": "612688", "kind": "an"}}