{"object": {"prefix": null, "orbit_class": {"name": "TransNeptunian Object", "code": "TNO"}, "orbit_id": "8", "fullname": "468422 (2000 FA8)", "neo": false, "pha": false, "spkid": "20468422", "kind": "an", "des": "468422"}, "orbit": {"two_body": null, "n_obs_used": 32, "epoch": "2460200.5", "n_dop_obs_used": null, "orbit_id": "8", "n_del_obs_used": null, "not_valid_after": null, "elements": [{"label": "e", "units": null, "sigma": ".00012323", "title": "eccentricity", "name": "e", "value": ".02356773547819541"}, {"sigma": ".0080591", "units": "au", "label": "a", "name": "a", "title": "semi-major axis", "value": "43.67555203800389"}, {"value": "42.64621818070805", "title": "perihelion distance", "name": "q", "label": "q", "sigma": ".0045269", "units": "au"}, {"value": ".7598008424979729", "name": "i", "title": "inclination; angle with respect to x-y ecliptic plane", "sigma": ".00027031", "units": "deg", "label": "i"}, {"value": "212.7325056699152", "title": "longitude of the ascending node", "name": "om", "label": "node", "sigma": ".0054483", "units": "deg"}, {"title": "argument of perihelion", "name": "w", "label": "peri", "sigma": ".42387", "units": "deg", "value": "8.869957434350136"}, {"label": "M", "sigma": ".40351", "units": "deg", "title": "mean anomaly", "name": "ma", "value": "353.9911166727889"}, {"value": "2461960.235122005528", "name": "tp", "title": "time of perihelion passage", "sigma": "117.88", "units": "TDB", "label": "tp"}, {"value": "105428.0153940047", "sigma": "29.181", "units": "d", "label": "period", "name": "per", "title": "sidereal orbital period"}, {"units": "deg/d", "sigma": "9.4512E-7", "label": "n", "name": "n", "title": "mean motion", "value": ".003414652155355584"}, {"value": "44.70488589529973", "name": "ad", "title": "aphelion distance", "sigma": ".008249", "units": "au", "label": "Q"}], "producer": "Otto Matic", "soln_date": "2021-04-14 16:15:25", "model_pars": [], "moid": "41.6371", "equinox": "J2000", "pe_used": "DE441", "covariance": {"labels": ["e", "q", "tp", "node", "peri", "i"], "elements": [{"value": ".02564490474759768", "title": "eccentricity", "name": "e", "label": "e", "units": null, "sigma": 0.000123508729375633}, {"value": "42.65335153980524", "sigma": 0.00441460477748498, "units": "au", "label": "q", "name": "q", "title": "perihelion distance"}, {"value": "2461704.830117549250", "units": "TDB", "sigma": 108.364715999997, "label": "tp", "name": "tp", "title": "time of perihelion passage"}, {"value": "212.6456367511275", "label": "node", "sigma": 0.00543312424419485, "units": "deg", "title": "longitude of the ascending node", "name": "om"}, {"label": "peri", "units": "deg", "sigma": 0.389966542931646, "title": "argument of perihelion", "name": "w", "value": "8.007507378906526"}, {"value": ".759935070105444", "title": "inclination", "name": "i", "label": "i", "sigma": 0.000270107130313319, "units": "deg"}], "data": [["1.525440623198326E-8", "1.554613933550256E-7", "-.0007970127989141105", "-1.343588244058957E-9", "-2.823616726640924E-6", "7.64514239587089E-11"], ["1.554613933550256E-7", "1.948873534139323E-5", "-.4655939183962379", "-7.034731848666514E-8", "-.001674998835881114", "2.764722188774359E-9"], ["-.0007970127989141105", "-.4655939183962379", "11742.91167376005", ".001515622769504675", "42.25449331229841", "-5.459031927854799E-5"], ["-1.343588244058957E-9", "-7.034731848666514E-8", ".001515622769504675", "2.951883905285786E-5", "-2.406579033451875E-5", "-1.226450763568768E-6"], ["-2.823616726640924E-6", "-.001674998835881114", "42.25449331229841", "-2.406579033451875E-5", ".1520739046060594", "1.030104021083344E-6"], ["7.64514239587089E-11", "2.764722188774359E-9", "-5.459031927854799E-5", "-1.226450763568768E-6", "1.030104021083344E-6", "7.295786184609616E-8"]], "epoch": "2455840.5"}, "comment": null, "sb_used": "SB441-N16", "t_jup": "5.911", "rms": ".25696", "not_valid_before": null, "data_arc": "5588", "condition_code": "4", "first_obs": "2000-03-27", "moid_jup": "37.2067", "source": "JPL", "last_obs": "2015-07-15"}, "signature": {"version": "1.3", "source": "NASA/JPL Small-Body Database (SBDB) API"}}