{"object": {"spkid": "54197644", "kind": "au", "des": "2016 QN134", "orbit_id": "1", "orbit_class": {"name": "TransNeptunian Object", "code": "TNO"}, "prefix": null, "neo": false, "fullname": "(2016 QN134)", "pha": false}, "signature": {"version": "1.3", "source": "NASA/JPL Small-Body Database (SBDB) API"}, "orbit": {"comment": null, "covariance": {"data": [["1.112434993419712E-7", "-1.157744613151529E-6", ".003382993915474362", "-1.562368909021281E-7", "1.826133260564759E-5", "-5.593776321687848E-9"], ["-1.157744613151529E-6", "4.246007892516776E-5", "-.1205031137539498", "1.948134389125857E-6", "-.0006157273407336145", "1.016454532137526E-7"], [".003382993915474362", "-.1205031137539498", "343.1355598628662", "-.00568627698536652", "1.753851080224201", "-.0002925075150454908"], ["-1.562368909021281E-7", "1.948134389125857E-6", "-.00568627698536652", "5.579948447877194E-5", "-8.559425032755477E-5", "2.667405470155091E-6"], ["1.826133260564759E-5", "-.0006157273407336145", "1.753851080224201", "-8.559425032755477E-5", ".009031727776627198", "-4.17451199047364E-6"], ["-5.593776321687848E-9", "1.016454532137526E-7", "-.0002925075150454908", "2.667405470155091E-6", "-4.17451199047364E-6", "1.28902434140649E-7"]], "epoch": "2457691.5", "labels": ["e", "q", "tp", "node", "peri", "i"], "elements": [{"sigma": 0.000333531856562415, "units": null, "label": "e", "name": "e", "title": "eccentricity", "value": ".1513896311785292"}, {"title": "perihelion distance", "name": "q", "label": "q", "sigma": 0.00651613987918981, "units": "au", "value": "36.90784674483921"}, {"title": "time of perihelion passage", "name": "tp", "label": "tp", "units": "TDB", "sigma": 18.5239185882163, "value": "2465912.807598156754"}, {"value": "130.5510588900228", "title": "longitude of the ascending node", "name": "om", "label": "node", "sigma": 0.00746990525232897, "units": "deg"}, {"value": "282.4404791279081", "title": "argument of perihelion", "name": "w", "label": "peri", "sigma": 0.0950354027540642, "units": "deg"}, {"value": "5.744228717290738", "title": "inclination", "name": "i", "label": "i", "units": "deg", "sigma": 0.00035902985132249}]}, "sb_used": "SB441-N16", "pe_used": "DE441", "model_pars": [], "moid": "35.9875", "equinox": "J2000", "elements": [{"value": ".1624837693266456", "name": "e", "title": "eccentricity", "sigma": ".00033015", "units": null, "label": "e"}, {"label": "a", "sigma": ".015034", "units": "au", "title": "semi-major axis", "name": "a", "value": "44.145670296636"}, {"sigma": ".0062179", "units": "au", "label": "q", "name": "q", "title": "perihelion distance", "value": "36.97271538738725"}, {"value": "5.738928412294872", "title": "inclination; angle with respect to x-y ecliptic plane", "name": "i", "label": "i", "sigma": ".00035623", "units": "deg"}, {"units": "deg", "sigma": ".007442", "label": "node", "name": "om", "title": "longitude of the ascending node", "value": "130.4489288674312"}, {"title": "argument of perihelion", "name": "w", "label": "peri", "sigma": ".091624", "units": "deg", "value": "280.4691841967867"}, {"value": "342.369407885125", "units": "deg", "sigma": ".059342", "label": "M", "name": "ma", "title": "mean anomaly"}, {"sigma": "17.891", "units": "TDB", "label": "tp", "name": "tp", "title": "time of perihelion passage", "value": "2465447.305889337252"}, {"label": "period", "units": "d", "sigma": "54.728", "title": "sidereal orbital period", "name": "per", "value": "107134.8090781241"}, {"name": "n", "title": "mean motion", "units": "deg/d", "sigma": "1.7165E-6", "label": "n", "value": ".003360252406269594"}, {"value": "51.31862520588476", "label": "Q", "units": "au", "sigma": ".017477", "title": "aphelion distance", "name": "ad"}], "producer": "Otto Matic", "soln_date": "2021-09-15 12:12:07", "n_del_obs_used": null, "not_valid_after": null, "epoch": "2460200.5", "n_dop_obs_used": null, "orbit_id": "1", "n_obs_used": 17, "two_body": null, "last_obs": "2018-10-18", "source": "JPL", "moid_jup": "31.9904", "data_arc": "1831", "condition_code": "4", "first_obs": "2013-10-13", "rms": ".20425", "not_valid_before": null, "t_jup": "5.837"}}