{"signature": {"version": "1.3", "source": "NASA/JPL Small-Body Database (SBDB) API"}, "object": {"fullname": "(2014 MB103)", "prefix": null, "des": "2014 MB103", "orbit_class": {"name": "TransNeptunian Object", "code": "TNO"}, "pha": false, "orbit_id": "1", "kind": "au", "neo": false, "spkid": "54351838"}, "orbit": {"not_valid_before": null, "epoch": "2460200.5", "comment": "JPLCOV;MPCREF=MPEC 2023-F132", "elements": [{"name": "e", "sigma": ".00038665", "title": "eccentricity", "label": "e", "units": null, "value": ".07587478176230932"}, {"sigma": ".01805", "name": "a", "title": "semi-major axis", "units": "au", "label": "a", "value": "44.08591042189397"}, {"sigma": ".033079", "name": "q", "title": "perihelion distance", "units": "au", "label": "q", "value": "40.74090158984005"}, {"title": "inclination; angle with respect to x-y ecliptic plane", "name": "i", "sigma": ".00020844", "units": "deg", "label": "i", "value": "1.960281183293195"}, {"title": "longitude of the ascending node", "sigma": ".030271", "name": "om", "label": "node", "units": "deg", "value": "184.3981723422051"}, {"units": "deg", "label": "peri", "value": "292.1441169925567", "sigma": ".47845", "name": "w", "title": "argument of perihelion"}, {"title": "mean anomaly", "name": "ma", "sigma": ".55808", "value": "173.3452826870164", "label": "M", "units": "deg"}, {"units": "TDB", "label": "tp", "value": "2408718.231599693339", "name": "tp", "sigma": "174.69", "title": "time of perihelion passage"}, {"title": "sidereal orbital period", "name": "per", "sigma": "65.663", "units": "d", "label": "period", "value": "106917.3405634221"}, {"label": "n", "value": ".003367087117046766", "units": "deg/d", "sigma": "2.0679E-6", "name": "n", "title": "mean motion"}, {"label": "Q", "value": "47.43091925394789", "units": "au", "title": "aphelion distance", "sigma": ".01942", "name": "ad"}], "covariance": {"labels": ["e", "q", "tp", "node", "peri", "i"], "data": [["1.754936740473625E-7", "-1.392982868605792E-5", ".05516763720461174", "2.811384871354589E-7", ".0001237514292258385", "-3.578039144158599E-9"], ["-1.392982868605792E-5", ".001175765969557092", "-3.369520619815453", "-1.767540939999377E-5", "-.006518947212972353", "2.712058494494069E-7"], [".05516763720461174", "-3.369520619815453", "31943.53604471091", ".1555294459875743", "86.66962226601393", "-.001314173990266709"], ["2.811384871354589E-7", "-1.767540939999377E-5", ".1555294459875743", ".000904569561171395", "-.0004853586470672148", "-6.293524969093065E-6"], [".0001237514292258385", "-.006518947212972353", "86.66962226601393", "-.0004853586470672148", ".2444458247963698", "3.142043140658196E-6"], ["-3.578039144158599E-9", "2.712058494494069E-7", "-.001314173990266709", "-6.293524969093065E-6", "3.142043140658196E-6", "4.607332493483091E-8"]], "epoch": "2458376.5", "elements": [{"name": "e", "sigma": 0.000418919651063736, "title": "eccentricity", "label": "e", "units": null, "value": ".07129661066974542"}, {"name": "q", "sigma": 0.0342894439960331, "title": "perihelion distance", "value": "41.16929762341928", "label": "q", "units": "au"}, {"sigma": 178.727546966636, "name": "tp", "title": "time of perihelion passage", "value": "2409979.360330348805", "label": "tp", "units": "TDB"}, {"label": "node", "units": "deg", "value": "183.990303838609", "sigma": 0.0300760629267096, "name": "om", "title": "longitude of the ascending node"}, {"label": "peri", "value": "297.5123529591629", "units": "deg", "name": "w", "sigma": 0.494414628420691, "title": "argument of perihelion"}, {"label": "i", "units": "deg", "value": "1.96374970698196", "title": "inclination", "name": "i", "sigma": 0.000214646977464932}]}, "sb_used": "SB441-N16", "source": "JPL", "moid": "39.7563", "n_obs_used": 36, "data_arc": "2241", "first_obs": "2014-06-25", "n_del_obs_used": null, "n_dop_obs_used": null, "rms": ".067311", "orbit_id": "1", "two_body": null, "pe_used": "DE441", "producer": "Otto Matic", "last_obs": "2020-08-13", "t_jup": "5.919", "equinox": "J2000", "not_valid_after": null, "condition_code": "5", "model_pars": [], "soln_date": "2023-03-24 14:42:10", "moid_jup": "35.4795"}}