{"object": {"kind": "au", "des": "2015 VQ168", "spkid": "3835674", "pha": false, "fullname": "(2015 VQ168)", "neo": false, "orbit_id": "3", "orbit_class": {"code": "TNO", "name": "TransNeptunian Object"}, "prefix": null}, "signature": {"version": "1.3", "source": "NASA/JPL Small-Body Database (SBDB) API"}, "orbit": {"condition_code": "4", "first_obs": "2014-11-17", "data_arc": "2961", "not_valid_before": null, "rms": ".15431", "t_jup": "5.921", "last_obs": "2022-12-26", "source": "JPL", "moid_jup": "36.7447", "soln_date": "2023-01-06 22:40:39", "producer": "Otto Matic", "elements": [{"value": ".03761643744634319", "label": "e", "sigma": ".0002205", "units": null, "title": "eccentricity", "name": "e"}, {"value": "43.85229125821511", "sigma": ".0048636", "units": "au", "label": "a", "name": "a", "title": "semi-major axis"}, {"title": "perihelion distance", "name": "q", "label": "q", "sigma": ".012149", "units": "au", "value": "42.20272428722163"}, {"name": "i", "title": "inclination; angle with respect to x-y ecliptic plane", "units": "deg", "sigma": ".0006162", "label": "i", "value": ".2505833597441521"}, {"value": "175.2241844550544", "name": "om", "title": "longitude of the ascending node", "sigma": ".19299", "units": "deg", "label": "node"}, {"sigma": ".32655", "units": "deg", "label": "peri", "name": "w", "title": "argument of perihelion", "value": "7.320327696266403"}, {"value": "239.1013749172689", "name": "ma", "title": "mean anomaly", "units": "deg", "sigma": ".2924", "label": "M"}, {"value": "2495821.468464255988", "sigma": "85.016", "units": "TDB", "label": "tp", "name": "tp", "title": "time of perihelion passage"}, {"value": "106068.6061430143", "title": "sidereal orbital period", "name": "per", "label": "period", "sigma": "17.646", "units": "d"}, {"name": "n", "title": "mean motion", "sigma": "5.6464E-7", "units": "deg/d", "label": "n", "value": ".003394029704836559"}, {"value": "45.50185822920859", "sigma": ".0050466", "units": "au", "label": "Q", "name": "ad", "title": "aphelion distance"}], "not_valid_after": null, "n_del_obs_used": null, "orbit_id": "3", "n_dop_obs_used": null, "epoch": "2460200.5", "n_obs_used": 40, "two_body": null, "sb_used": "SB441-N16", "covariance": {"data": [["4.106564716489708E-8", "-2.144560439381612E-6", "-.01366846062835542", "-5.19067287991686E-8", "-3.920774946200823E-5", "-1.732751255167136E-10"], ["-2.144560439381612E-6", ".0001294248726169264", ".5613173460329928", "2.51469519784685E-6", ".001477619151244954", "8.922244790737188E-9"], ["-.01366846062835542", ".5613173460329928", "5909.930102676833", ".01909525882256422", "18.12077524182766", "5.932271689344527E-5"], ["-5.19067287991686E-8", "2.51469519784685E-6", ".01909525882256422", ".03716382684086485", "-.03710710225666111", ".0001202119216077115"], ["-3.920774946200823E-5", ".001477619151244954", "18.12077524182766", "-.03710710225666111", ".09350370391550315", "-.0001200392328188968"], ["-1.732751255167136E-10", "8.922244790737188E-9", "5.932271689344527E-5", ".0001202119216077115", "-.0001200392328188968", "3.895935151744799E-7"]], "epoch": "2457445.5", "elements": [{"value": ".04618982974593288", "label": "e", "units": null, "sigma": 0.000202646606596057, "title": "eccentricity", "name": "e"}, {"value": "41.44981443947999", "name": "q", "title": "perihelion distance", "units": "au", "sigma": 0.0113765052901551, "label": "q"}, {"label": "tp", "units": "TDB", "sigma": 76.8760697660646, "title": "time of perihelion passage", "name": "tp", "value": "2497071.224240763244"}, {"value": "175.5976959174282", "label": "node", "sigma": 0.19277921786558, "units": "deg", "title": "longitude of the ascending node", "name": "om"}, {"sigma": 0.305783753517912, "units": "deg", "label": "peri", "name": "w", "title": "argument of perihelion", "value": "13.3786323165116"}, {"units": "deg", "sigma": 0.00062417426667116, "label": "i", "name": "i", "title": "inclination", "value": ".2509911592544831"}], "labels": ["e", "q", "tp", "node", "peri", "i"]}, "comment": null, "pe_used": "DE441", "equinox": "J2000", "moid": "41.2043", "model_pars": []}}