{"object": {"pha": false, "neo": false, "fullname": "(2014 WD556)", "orbit_class": {"name": "TransNeptunian Object", "code": "TNO"}, "orbit_id": "4", "prefix": null, "kind": "au", "des": "2014 WD556", "spkid": "3989646"}, "orbit": {"moid_jup": "27.4059", "last_obs": "2020-10-20", "source": "JPL", "t_jup": "5.422", "condition_code": "3", "first_obs": "2014-11-21", "data_arc": "2160", "not_valid_before": null, "rms": ".15632", "moid": "30.7659", "equinox": "J2000", "model_pars": [], "sb_used": "SB441-N16", "comment": null, "covariance": {"data": [["8.037405271649774E-8", "4.687654939628832E-7", "9.61260719935854E-5", "6.725065980337627E-8", "6.054984801328455E-7", "6.37086180714307E-9"], ["4.687654939628832E-7", "2.952364554264463E-6", "-.0002415506488793287", "4.334677472000094E-7", "-2.137240837900336E-6", "3.86741290158031E-8"], ["9.61260719935854E-5", "-.0002415506488793287", "3.261836312852586", "-7.312461104007708E-5", ".02293155322974712", "2.374799930465673E-6"], ["6.725065980337627E-8", "4.334677472000094E-7", "-7.312461104007708E-5", "4.84044207044275E-7", "-9.390344914883225E-7", "9.880644527164039E-9"], ["6.054984801328455E-7", "-2.137240837900336E-6", ".02293155322974712", "-9.390344914883225E-7", ".0001615933470191665", "7.217335949816138E-9"], ["6.37086180714307E-9", "3.86741290158031E-8", "2.374799930465673E-6", "9.880644527164039E-9", "7.217335949816138E-9", "1.095883553576017E-9"]], "epoch": "2457589.5", "labels": ["e", "q", "tp", "node", "peri", "i"], "elements": [{"value": ".5837808889001116", "sigma": 0.000283503179376348, "units": null, "label": "e", "name": "e", "title": "eccentricity"}, {"label": "q", "sigma": 0.00171824461421081, "units": "au", "title": "perihelion distance", "name": "q", "value": "31.60921464174892"}, {"value": "2458747.753939566055", "label": "tp", "sigma": 1.80605545674893, "units": "TDB", "title": "time of perihelion passage", "name": "tp"}, {"title": "longitude of the ascending node", "name": "om", "label": "node", "sigma": 0.000695732856090809, "units": "deg", "value": "93.59069987691782"}, {"value": "276.8652734460125", "title": "argument of perihelion", "name": "w", "label": "peri", "units": "deg", "sigma": 0.0127119371859354}, {"title": "inclination", "name": "i", "label": "i", "units": "deg", "sigma": 3.31041319713418e-05, "value": "30.76280456236342"}]}, "pe_used": "DE441", "orbit_id": "4", "n_dop_obs_used": null, "epoch": "2460200.5", "n_obs_used": 38, "two_body": null, "producer": "Otto Matic", "soln_date": "2021-09-08 23:47:27", "elements": [{"value": ".5971944644936644", "name": "e", "title": "eccentricity", "sigma": ".00028513", "units": null, "label": "e"}, {"value": "78.5086701961999", "name": "a", "title": "semi-major axis", "sigma": ".059686", "units": "au", "label": "a"}, {"units": "au", "sigma": ".0017186", "label": "q", "name": "q", "title": "perihelion distance", "value": "31.62372694027059"}, {"value": "30.74520918632959", "name": "i", "title": "inclination; angle with respect to x-y ecliptic plane", "sigma": "3.392E-5", "units": "deg", "label": "i"}, {"value": "93.64053864872666", "sigma": ".00069276", "units": "deg", "label": "node", "name": "om", "title": "longitude of the ascending node"}, {"value": "276.933150016832", "title": "argument of perihelion", "name": "w", "label": "peri", "sigma": ".012479", "units": "deg"}, {"value": "2.035494320736374", "label": "M", "sigma": ".0036842", "units": "deg", "title": "mean anomaly", "name": "ma"}, {"units": "TDB", "sigma": "1.7656", "label": "tp", "name": "tp", "title": "time of perihelion passage", "value": "2458763.878859737028"}, {"label": "period", "units": "d", "sigma": "289.75", "title": "sidereal orbital period", "name": "per", "value": "254082.5612854424"}, {"units": "deg/d", "sigma": "1.6158E-6", "label": "n", "name": "n", "title": "mean motion", "value": ".001416862291448516"}, {"value": "125.3936134521292", "label": "Q", "units": "au", "sigma": ".09533", "title": "aphelion distance", "name": "ad"}], "n_del_obs_used": null, "not_valid_after": null}, "signature": {"version": "1.3", "source": "NASA/JPL Small-Body Database (SBDB) API"}}