{"orbit": {"n_del_obs_used": null, "not_valid_after": null, "soln_date": "2021-11-20 19:12:03", "producer": "Otto Matic", "elements": [{"value": ".1395039823587073", "title": "eccentricity", "name": "e", "label": "e", "units": null, "sigma": ".00023536"}, {"value": "36.43598743251564", "label": "a", "units": "au", "sigma": ".018494", "title": "semi-major axis", "name": "a"}, {"value": "31.3530220845079", "title": "perihelion distance", "name": "q", "label": "q", "sigma": ".023769", "units": "au"}, {"title": "inclination; angle with respect to x-y ecliptic plane", "name": "i", "label": "i", "sigma": ".00089004", "units": "deg", "value": "12.6345349224433"}, {"value": "57.24766392367893", "label": "node", "sigma": ".0002906", "units": "deg", "title": "longitude of the ascending node", "name": "om"}, {"value": "31.65764471555701", "label": "peri", "sigma": ".17827", "units": "deg", "title": "argument of perihelion", "name": "w"}, {"value": "165.2718401342279", "label": "M", "sigma": ".23045", "units": "deg", "title": "mean anomaly", "name": "ma"}, {"value": "2423320.526182320064", "label": "tp", "sigma": "27.436", "units": "TDB", "title": "time of perihelion passage", "name": "tp"}, {"value": "80333.04744221305", "name": "per", "title": "sidereal orbital period", "sigma": "61.164", "units": "d", "label": "period"}, {"value": ".004481343749083628", "name": "n", "title": "mean motion", "units": "deg/d", "sigma": "3.412E-6", "label": "n"}, {"value": "41.51895278052338", "label": "Q", "sigma": ".021075", "units": "au", "title": "aphelion distance", "name": "ad"}], "n_obs_used": 14, "two_body": null, "n_dop_obs_used": null, "orbit_id": "7", "epoch": "2460200.5", "pe_used": "DE441", "sb_used": "SB441-N16", "comment": "JPLCOV;MPCREF=MPEC 2021-W30", "covariance": {"data": [["4.965967324242221E-8", "-4.864329643015203E-6", "-.001901190189849433", "7.121662681853558E-9", "-2.583285689036046E-5", "3.71019032216948E-8"], ["-4.864329643015203E-6", ".0005586579162158207", ".4480855376451086", "-7.632988273142574E-7", ".003904251501270009", "-4.290531279180921E-6"], ["-.001901190189849433", ".4480855376451086", "908.9841726405853", "-.0004784250954899778", "5.373160723619113", "-.003495747507173332"], ["7.121662681853558E-9", "-7.632988273142574E-7", "-.0004784250954899778", "8.494183544003003E-8", "-4.871949484437135E-6", "-1.006586802012372E-7"], ["-2.583285689036046E-5", ".003904251501270009", "5.373160723619113", "-4.871949484437135E-6", ".03642911497314989", "-3.01101404448336E-5"], ["3.71019032216948E-8", "-4.290531279180921E-6", "-.003495747507173332", "-1.006586802012372E-7", "-3.01101404448336E-5", "7.817968384596424E-7"]], "epoch": "2453884.5", "elements": [{"value": ".1334326090434896", "label": "e", "sigma": 0.000222844504626931, "units": null, "title": "eccentricity", "name": "e"}, {"title": "perihelion distance", "name": "q", "label": "q", "sigma": 0.0236359454267398, "units": "au", "value": "31.82425471656175"}, {"units": "TDB", "sigma": 30.1493643820328, "label": "tp", "name": "tp", "title": "time of perihelion passage", "value": "2423676.013058157099"}, {"name": "om", "title": "longitude of the ascending node", "units": "deg", "sigma": 0.000291447826274327, "label": "node", "value": "57.18481715966401"}, {"title": "argument of perihelion", "name": "w", "label": "peri", "sigma": 0.190864126993917, "units": "deg", "value": "34.6093759382695"}, {"sigma": 0.000884192760917913, "units": "deg", "label": "i", "name": "i", "title": "inclination", "value": "12.56962810422977"}], "labels": ["e", "q", "tp", "node", "peri", "i"]}, "moid": "30.3748", "equinox": "J2000", "model_pars": [], "rms": ".22465", "not_valid_before": null, "first_obs": "2004-07-08", "condition_code": "4", "data_arc": "3226", "t_jup": "5.257", "source": "JPL", "last_obs": "2013-05-08", "moid_jup": "26.2646"}, "signature": {"version": "1.3", "source": "NASA/JPL Small-Body Database (SBDB) API"}, "object": {"spkid": "3335705", "kind": "au", "des": "2006 HC123", "orbit_class": {"code": "TNO", "name": "TransNeptunian Object"}, "orbit_id": "7", "prefix": null, "neo": false, "fullname": "(2006 HC123)", "pha": false}}