{"orbit": {"elements": [{"name": "e", "sigma": "1.1708E-5", "title": "eccentricity", "label": "e", "units": null, "value": ".2425934902528193"}, {"label": "a", "value": "36.82006739350737", "units": "au", "sigma": ".00068278", "name": "a", "title": "semi-major axis"}, {"title": "perihelion distance", "name": "q", "sigma": "8.7296E-5", "label": "q", "units": "au", "value": "27.88775873317239"}, {"title": "inclination; angle with respect to x-y ecliptic plane", "sigma": "2.6574E-5", "name": "i", "label": "i", "units": "deg", "value": "5.894763890044517"}, {"label": "node", "value": "177.5350198176831", "units": "deg", "title": "longitude of the ascending node", "name": "om", "sigma": ".00015283"}, {"label": "peri", "value": "198.4457466639622", "units": "deg", "title": "argument of perihelion", "name": "w", "sigma": ".00073524"}, {"name": "ma", "sigma": ".00082252", "title": "mean anomaly", "label": "M", "value": "19.54775095996033", "units": "deg"}, {"label": "tp", "units": "TDB", "value": "2455769.317957369438", "title": "time of perihelion passage", "sigma": ".096537", "name": "tp"}, {"title": "sidereal orbital period", "name": "per", "sigma": "2.2699", "units": "d", "label": "period", "value": "81606.6021413156"}, {"label": "n", "value": ".004411407785078458", "units": "deg/d", "sigma": "1.2271E-7", "name": "n", "title": "mean motion"}, {"sigma": ".00084842", "name": "ad", "title": "aphelion distance", "label": "Q", "value": "45.75237605384235", "units": "au"}], "comment": null, "epoch": "2460200.5", "not_valid_before": null, "covariance": {"data": [["1.352663955115297E-10", "1.001276969022638E-9", "5.119175461047356E-7", "7.863236686115321E-12", "3.777119692557062E-9", "6.983293212066702E-12"], ["1.001276969022638E-9", "7.689484446297526E-9", "5.009008606288655E-6", "5.045355831638214E-11", "3.71065415082042E-8", "5.063958239022501E-11"], ["5.119175461047356E-7", "5.009008606288655E-6", ".01030648309896526", "-2.738872730012681E-8", "7.663625332591453E-5", "1.481290842793827E-8"], ["7.863236686115321E-12", "5.045355831638214E-11", "-2.738872730012681E-8", "2.325260554804748E-8", "-2.3333816807483E-8", "3.837299502334732E-9"], ["3.777119692557062E-9", "3.71065415082042E-8", "7.663625332591453E-5", "-2.3333816807483E-8", "5.9291842871815E-7", "-3.70752827920024E-9"], ["6.983293212066702E-12", "5.063958239022501E-11", "1.481290842793827E-8", "3.837299502334732E-9", "-3.70752827920024E-9", "7.127107758519685E-10"]], "labels": ["e", "q", "tp", "node", "peri", "i"], "epoch": "2457301.5", "elements": [{"title": "eccentricity", "name": "e", "sigma": 1.16304082263491e-05, "label": "e", "units": null, "value": ".2333879978704594"}, {"name": "q", "sigma": 8.76897054750301e-05, "title": "perihelion distance", "label": "q", "value": "27.86824943826879", "units": "au"}, {"label": "tp", "units": "TDB", "value": "2455700.982310425486", "sigma": 0.101520850562657, "name": "tp", "title": "time of perihelion passage"}, {"name": "om", "sigma": 0.00015248805050904, "title": "longitude of the ascending node", "value": "177.6909133314587", "label": "node", "units": "deg"}, {"sigma": 0.000770011966607111, "name": "w", "title": "argument of perihelion", "label": "peri", "units": "deg", "value": "197.8708602443385"}, {"label": "i", "units": "deg", "value": "5.912607903870011", "title": "inclination", "name": "i", "sigma": 2.66966435315747e-05}]}, "source": "JPL", "sb_used": "SB441-N16", "n_obs_used": 329, "moid": "26.8891", "n_dop_obs_used": null, "rms": ".51306", "data_arc": "6963", "n_del_obs_used": null, "first_obs": "2003-09-25", "two_body": null, "pe_used": "DE441", "orbit_id": "8", "last_obs": "2022-10-18", "producer": "Otto Matic", "t_jup": "5.275", "model_pars": [], "condition_code": "2", "not_valid_after": null, "equinox": "J2000", "soln_date": "2022-11-24 04:51:55", "moid_jup": "22.9366"}, "object": {"spkid": "20143685", "neo": false, "kind": "an", "orbit_id": "8", "pha": false, "orbit_class": {"name": "TransNeptunian Object", "code": "TNO"}, "prefix": null, "des": "143685", "fullname": "143685 (2003 SS317)"}, "signature": {"version": "1.3", "source": "NASA/JPL Small-Body Database (SBDB) API"}}