{"signature": {"version": "1.3", "source": "NASA/JPL Small-Body Database (SBDB) API"}, "orbit": {"elements": [{"value": ".197062152510397", "sigma": ".00022282", "units": null, "label": "e", "name": "e", "title": "eccentricity"}, {"label": "a", "units": "au", "sigma": ".016457", "title": "semi-major axis", "name": "a", "value": "48.75120703341832"}, {"value": "39.1441892379329", "title": "perihelion distance", "name": "q", "label": "q", "units": "au", "sigma": ".0023574"}, {"value": "15.09146397067458", "label": "i", "units": "deg", "sigma": "7.3799E-5", "title": "inclination; angle with respect to x-y ecliptic plane", "name": "i"}, {"value": "119.2600924796587", "name": "om", "title": "longitude of the ascending node", "units": "deg", "sigma": ".0015004", "label": "node"}, {"value": "277.9168885112936", "name": "w", "title": "argument of perihelion", "sigma": ".018106", "units": "deg", "label": "peri"}, {"title": "mean anomaly", "name": "ma", "label": "M", "sigma": ".013103", "units": "deg", "value": "11.01592520059833"}, {"title": "time of perihelion passage", "name": "tp", "label": "tp", "sigma": "4.0883", "units": "TDB", "value": "2456396.022992402131"}, {"name": "per", "title": "sidereal orbital period", "units": "d", "sigma": "62.956", "label": "period", "value": "124330.1581841571"}, {"sigma": "1.4662E-6", "units": "deg/d", "label": "n", "name": "n", "title": "mean motion", "value": ".002895516303186635"}, {"value": "58.35822482890375", "label": "Q", "sigma": ".0197", "units": "au", "title": "aphelion distance", "name": "ad"}], "soln_date": "2021-04-15 00:58:05", "producer": "Otto Matic", "not_valid_after": null, "n_del_obs_used": null, "epoch": "2460200.5", "n_dop_obs_used": null, "orbit_id": "9", "n_obs_used": 31, "two_body": null, "comment": null, "covariance": {"epoch": "2456702.5", "data": [["4.931719067033034E-8", "5.219413659744829E-7", "-1.562108948393915E-5", "-3.04912948448075E-9", "-6.732623446733242E-8", "5.001051757972152E-9"], ["5.219413659744829E-7", "5.561303633381868E-6", "-.0004908136731272571", "-2.683520152399779E-8", "-2.145192190667905E-6", "5.306462881162293E-8"], ["-1.562108948393915E-5", "-.0004908136731272571", "17.67243536007221", "-.0002991365496681647", ".07784284148187949", "6.975069178092688E-6"], ["-3.04912948448075E-9", "-2.683520152399779E-8", "-.0002991365496681647", "2.26359235321805E-6", "-3.498186272734339E-6", "-9.518451550502336E-8"], ["-6.732623446733242E-8", "-2.145192190667905E-6", ".07784284148187949", "-3.498186272734339E-6", ".0003449853306041189", "1.22347431639051E-7"], ["5.001051757972152E-9", "5.306462881162293E-8", "6.975069178092688E-6", "-9.518451550502336E-8", "1.22347431639051E-7", "5.414707014496164E-9"]], "labels": ["e", "q", "tp", "node", "peri", "i"], "elements": [{"value": ".1916100956027069", "name": "e", "title": "eccentricity", "units": null, "sigma": 0.000222074741180375, "label": "e"}, {"title": "perihelion distance", "name": "q", "label": "q", "sigma": 0.00235824164015944, "units": "au", "value": "39.14326325356797"}, {"units": "TDB", "sigma": 4.20385957901453, "label": "tp", "name": "tp", "title": "time of perihelion passage", "value": "2456508.212985857962"}, {"value": "119.3905738379907", "label": "node", "units": "deg", "sigma": 0.00150452396232764, "title": "longitude of the ascending node", "name": "om"}, {"value": "278.3386646032408", "units": "deg", "sigma": 0.0185737807299462, "label": "peri", "name": "w", "title": "argument of perihelion"}, {"name": "i", "title": "inclination", "units": "deg", "sigma": 7.35846928001753e-05, "label": "i", "value": "15.08766249411994"}]}, "sb_used": "SB441-N16", "pe_used": "DE441", "model_pars": [], "moid": "38.1853", "equinox": "J2000", "data_arc": "4786", "condition_code": "3", "first_obs": "2007-10-08", "not_valid_before": null, "rms": ".23404", "t_jup": "5.902", "last_obs": "2020-11-14", "source": "JPL", "moid_jup": "34.3358"}, "object": {"pha": false, "neo": false, "fullname": "(2007 TD418)", "prefix": null, "orbit_id": "9", "orbit_class": {"code": "TNO", "name": "TransNeptunian Object"}, "kind": "au", "des": "2007 TD418", "spkid": "3398604"}}