{"orbit": {"condition_code": "4", "not_valid_after": null, "equinox": "J2000", "model_pars": [], "soln_date": "2021-09-24 15:12:03", "moid_jup": "28.1324", "producer": "Otto Matic", "last_obs": "2018-11-26", "t_jup": "5.560", "data_arc": "6667", "n_del_obs_used": null, "first_obs": "2000-08-25", "n_dop_obs_used": null, "rms": ".1835", "orbit_id": "1", "two_body": null, "pe_used": "DE441", "not_valid_before": null, "epoch": "2460200.5", "comment": null, "elements": [{"value": ".1628605393680018", "label": "e", "units": null, "title": "eccentricity", "sigma": "7.6608E-5", "name": "e"}, {"label": "a", "value": "39.76214250423622", "units": "au", "sigma": ".0093402", "name": "a", "title": "semi-major axis"}, {"title": "perihelion distance", "sigma": ".0052814", "name": "q", "units": "au", "label": "q", "value": "33.28645852956896"}, {"title": "inclination; angle with respect to x-y ecliptic plane", "sigma": ".000453", "name": "i", "value": "5.560523772673405", "label": "i", "units": "deg"}, {"label": "node", "value": "30.71532421113276", "units": "deg", "sigma": ".0017894", "name": "om", "title": "longitude of the ascending node"}, {"title": "argument of perihelion", "sigma": ".055393", "name": "w", "value": "259.8086558365562", "label": "peri", "units": "deg"}, {"units": "deg", "label": "M", "value": "72.38776161226684", "sigma": ".060858", "name": "ma", "title": "mean anomaly"}, {"name": "tp", "sigma": "9.0087", "title": "time of perihelion passage", "value": "2441785.753707245367", "label": "tp", "units": "TDB"}, {"value": "91580.51744852218", "label": "period", "units": "d", "sigma": "32.269", "name": "per", "title": "sidereal orbital period"}, {"label": "n", "value": ".003930967088085712", "units": "deg/d", "title": "mean motion", "sigma": "1.3851E-6", "name": "n"}, {"title": "aphelion distance", "sigma": ".010861", "name": "ad", "units": "au", "label": "Q", "value": "46.23782647890349"}], "covariance": {"data": [["4.511268111215081E-9", "2.569406726763915E-7", ".0004905537433843229", "6.237687981920916E-13", "2.982733537101702E-6", "2.050369692922222E-10"], ["2.569406726763915E-7", "3.097735884202201E-5", ".04888021162019872", "-5.259154838045591E-8", ".0003128738810670125", "3.266404125133075E-8"], [".0004905537433843229", ".04888021162019872", "80.29722520465357", "-6.741567030908282E-5", ".5080894089925275", "4.910062208943971E-5"], ["6.237687981920916E-13", "-5.259154838045591E-8", "-6.741567030908282E-5", "3.173308008125342E-6", "-3.618317296875835E-6", "-7.900350861559109E-7"], ["2.982733537101702E-6", ".0003128738810670125", ".5080894089925275", "-3.618317296875835E-6", ".003228624486209108", "1.105025594993147E-6"], ["2.050369692922222E-10", "3.266404125133075E-8", "4.910062208943971E-5", "-7.900350861559109E-7", "1.105025594993147E-6", "2.077194373272156E-7"]], "labels": ["e", "q", "tp", "node", "peri", "i"], "elements": [{"name": "e", "sigma": 6.71659743561804e-05, "title": "eccentricity", "label": "e", "value": ".1616352771219891", "units": null}, {"sigma": 0.00556573075543742, "name": "q", "title": "perihelion distance", "units": "au", "label": "q", "value": "32.9286118157869"}, {"sigma": 8.96087189980158, "name": "tp", "title": "time of perihelion passage", "label": "tp", "units": "TDB", "value": "2441106.208359961453"}, {"value": "30.64188224183562", "label": "node", "units": "deg", "title": "longitude of the ascending node", "sigma": 0.00178137812048014, "name": "om"}, {"units": "deg", "label": "peri", "value": "255.8401852166463", "name": "w", "sigma": 0.0568209863185171, "title": "argument of perihelion"}, {"label": "i", "value": "5.588794857721665", "units": "deg", "sigma": 0.000455762479069104, "name": "i", "title": "inclination"}], "epoch": "2457493.5"}, "source": "JPL", "moid": "32.2744", "sb_used": "SB441-N16", "n_obs_used": 15}, "object": {"prefix": null, "des": "2013 TQ229", "fullname": "(2013 TQ229)", "kind": "au", "orbit_id": "1", "pha": false, "orbit_class": {"code": "TNO", "name": "TransNeptunian Object"}, "spkid": "54199501", "neo": false}, "signature": {"version": "1.3", "source": "NASA/JPL Small-Body Database (SBDB) API"}}