{"signature": {"version": "1.3", "source": "NASA/JPL Small-Body Database (SBDB) API"}, "object": {"prefix": null, "des": "2017 QQ131", "fullname": "(2017 QQ131)", "kind": "au", "orbit_id": "1", "pha": false, "orbit_class": {"name": "TransNeptunian Object", "code": "TNO"}, "spkid": "54196792", "neo": false}, "orbit": {"moid_jup": "35.0944", "soln_date": "2021-09-14 12:12:08", "not_valid_after": null, "equinox": "J2000", "condition_code": "4", "model_pars": [], "t_jup": "5.889", "producer": "Otto Matic", "last_obs": "2018-09-14", "orbit_id": "1", "pe_used": "DE441", "two_body": null, "n_del_obs_used": null, "first_obs": "2013-09-29", "data_arc": "1811", "rms": ".19903", "n_dop_obs_used": null, "source": "JPL", "sb_used": "SB441-N16", "n_obs_used": 9, "moid": "39.1827", "covariance": {"data": [["1.027469186193189E-6", "-2.150347492516524E-5", "-.002911793332533579", "-6.6081625049E-7", "4.600725613306737E-5", "4.32563187551429E-8"], ["-2.150347492516524E-5", ".0006592921860491236", "-.7246241271070363", "1.719318855773132E-5", "-.00437779045898656", "-9.837815461839652E-7"], ["-.002911793332533579", "-.7246241271070363", "2965.214192797583", "-.01071510588484637", "12.71879645747909", ".000172755860989783"], ["-6.6081625049E-7", "1.719318855773132E-5", "-.01071510588484637", ".0003121288873144964", "-.0003954378348023547", "-1.747234417962238E-5"], ["4.600725613306737E-5", "-.00437779045898656", "12.71879645747909", "-.0003954378348023547", ".05820863834940147", "2.06330340989242E-5"], ["4.32563187551429E-8", "-9.837815461839652E-7", ".000172755860989783", "-1.747234417962238E-5", "2.06330340989242E-5", "9.820509269312267E-7"]], "labels": ["e", "q", "tp", "node", "peri", "i"], "epoch": "2457866.5", "elements": [{"label": "e", "value": ".07400757308513489", "units": null, "title": "eccentricity", "name": "e", "sigma": 0.0010136415471917}, {"label": "q", "units": "au", "value": "39.97100895660764", "title": "perihelion distance", "name": "q", "sigma": 0.0256766856515619}, {"value": "2474840.451411165865", "label": "tp", "units": "TDB", "sigma": 54.4537803352309, "name": "tp", "title": "time of perihelion passage"}, {"title": "longitude of the ascending node", "name": "om", "sigma": 0.0176671697595992, "label": "node", "value": "60.0980372240006", "units": "deg"}, {"label": "peri", "units": "deg", "value": "20.05280992546187", "title": "argument of perihelion", "sigma": 0.241264664527157, "name": "w"}, {"units": "deg", "label": "i", "value": "3.392691211352545", "name": "i", "sigma": 0.000990984826791625, "title": "inclination"}]}, "not_valid_before": null, "elements": [{"units": null, "label": "e", "value": ".0819654622177305", "title": "eccentricity", "sigma": ".0010055", "name": "e"}, {"title": "semi-major axis", "name": "a", "sigma": ".029915", "label": "a", "units": "au", "value": "43.75541394742297"}, {"title": "perihelion distance", "name": "q", "sigma": ".024559", "units": "au", "label": "q", "value": "40.16898121869431"}, {"label": "i", "units": "deg", "value": "3.381668668123578", "title": "inclination; angle with respect to x-y ecliptic plane", "sigma": ".000982", "name": "i"}, {"sigma": ".017678", "name": "om", "title": "longitude of the ascending node", "label": "node", "value": "60.2627536574721", "units": "deg"}, {"label": "peri", "units": "deg", "value": "12.67682235349177", "title": "argument of perihelion", "name": "w", "sigma": ".25069"}, {"title": "mean anomaly", "name": "ma", "sigma": ".19631", "label": "M", "units": "deg", "value": "316.3709518923507"}, {"units": "TDB", "label": "tp", "value": "2473012.571659713079", "title": "time of perihelion passage", "sigma": "53.902", "name": "tp"}, {"title": "sidereal orbital period", "sigma": "108.42", "name": "per", "label": "period", "value": "105717.3144395981", "units": "d"}, {"label": "n", "value": ".003405307842980509", "units": "deg/d", "sigma": "3.4922E-6", "name": "n", "title": "mean motion"}, {"name": "ad", "sigma": ".032367", "title": "aphelion distance", "label": "Q", "value": "47.34184667615163", "units": "au"}], "comment": null, "epoch": "2460200.5"}}