{"signature": {"version": "1.3", "source": "NASA/JPL Small-Body Database (SBDB) API"}, "orbit": {"t_jup": "5.244", "data_arc": "2661", "first_obs": "2013-08-02", "condition_code": "3", "rms": ".32383", "not_valid_before": null, "moid_jup": "24.7186", "last_obs": "2020-11-14", "source": "JPL", "epoch": "2460200.5", "orbit_id": "3", "n_dop_obs_used": null, "two_body": null, "n_obs_used": 40, "elements": [{"name": "e", "title": "eccentricity", "sigma": "9.5764E-5", "units": null, "label": "e", "value": ".2562329653508106"}, {"value": "39.83597287816246", "name": "a", "title": "semi-major axis", "units": "au", "sigma": ".0046733", "label": "a"}, {"value": "29.62868341995642", "sigma": ".0015843", "units": "au", "label": "q", "name": "q", "title": "perihelion distance"}, {"name": "i", "title": "inclination; angle with respect to x-y ecliptic plane", "sigma": ".00056973", "units": "deg", "label": "i", "value": "17.08302751466166"}, {"sigma": ".00019768", "units": "deg", "label": "node", "name": "om", "title": "longitude of the ascending node", "value": "190.7958011005261"}, {"value": "151.48706361", "label": "peri", "sigma": ".018557", "units": "deg", "title": "argument of perihelion", "name": "w"}, {"value": "33.30578561892687", "title": "mean anomaly", "name": "ma", "label": "M", "sigma": ".010908", "units": "deg"}, {"label": "tp", "units": "TDB", "sigma": "2.4312", "title": "time of perihelion passage", "name": "tp", "value": "2451704.221291251368"}, {"label": "period", "units": "d", "sigma": "16.16", "title": "sidereal orbital period", "name": "per", "value": "91835.7059684953"}, {"value": ".003920043911063304", "units": "deg/d", "sigma": "6.8981E-7", "label": "n", "name": "n", "title": "mean motion"}, {"units": "au", "sigma": ".0058707", "label": "Q", "name": "ad", "title": "aphelion distance", "value": "50.04326233636849"}], "soln_date": "2021-04-15 08:53:28", "producer": "Otto Matic", "n_del_obs_used": null, "not_valid_after": null, "model_pars": [], "moid": "28.6307", "equinox": "J2000", "comment": null, "covariance": {"data": [["9.198301207000788E-9", "-6.556633317761296E-8", "-.000107135686588974", "8.062836269408881E-10", "-8.904198649295568E-7", "3.212952050850501E-9"], ["-6.556633317761296E-8", "2.60939985616681E-6", ".003924067662099133", "1.778579268918238E-10", "3.006493489515861E-5", "8.596059579991378E-9"], ["-.000107135686588974", ".003924067662099133", "6.032879467641468", "-1.518762660598904E-6", ".04614344412107245", "5.207325180626237E-6"], ["8.062836269408881E-10", "1.778579268918238E-10", "-1.518762660598904E-6", "3.884351797829095E-8", "-5.501852858527561E-8", "1.041906031974136E-7"], ["-8.904198649295568E-7", "3.006493489515861E-5", ".04614344412107245", "-5.501852858527561E-8", ".0003538138266154764", "-8.594328602618623E-8"], ["3.212952050850501E-9", "8.596059579991378E-9", "5.207325180626237E-6", "1.041906031974136E-7", "-8.594328602618623E-8", "3.264884415794672E-7"]], "epoch": "2456780.5", "labels": ["e", "q", "tp", "node", "peri", "i"], "elements": [{"value": ".2499234587453089", "label": "e", "sigma": 9.59077744867474e-05, "units": null, "title": "eccentricity", "name": "e"}, {"value": "29.57764827034011", "label": "q", "units": "au", "sigma": 0.00161536369160843, "title": "perihelion distance", "name": "q"}, {"value": "2451564.845180744002", "name": "tp", "title": "time of perihelion passage", "units": "TDB", "sigma": 2.45619206652116, "label": "tp"}, {"units": "deg", "sigma": 0.000197087589610028, "label": "node", "name": "om", "title": "longitude of the ascending node", "value": "190.8720698343531"}, {"value": "150.56253334554", "title": "argument of perihelion", "name": "w", "label": "peri", "units": "deg", "sigma": 0.0188099395696923}, {"value": "17.13351771737856", "name": "i", "title": "inclination", "sigma": 0.000571391670904877, "units": "deg", "label": "i"}]}, "sb_used": "SB441-N16", "pe_used": "DE441"}, "object": {"des": "2013 UF17", "kind": "au", "spkid": "3787137", "pha": false, "neo": false, "fullname": "(2013 UF17)", "prefix": null, "orbit_id": "3", "orbit_class": {"code": "TNO", "name": "TransNeptunian Object"}}}