{"orbit": {"elements": [{"value": ".04634026703486732", "title": "eccentricity", "name": "e", "label": "e", "units": null, "sigma": ".0028172"}, {"name": "a", "title": "semi-major axis", "units": "au", "sigma": ".03392", "label": "a", "value": "44.79402523377656"}, {"value": "42.71825814287676", "title": "perihelion distance", "name": "q", "label": "q", "sigma": ".098273", "units": "au"}, {"title": "inclination; angle with respect to x-y ecliptic plane", "name": "i", "label": "i", "units": "deg", "sigma": ".0007648", "value": "1.736645021206769"}, {"name": "om", "title": "longitude of the ascending node", "units": "deg", "sigma": ".064741", "label": "node", "value": "103.8224619586622"}, {"value": "287.9246748120925", "name": "w", "title": "argument of perihelion", "sigma": "3.6744", "units": "deg", "label": "peri"}, {"value": "327.6173298690867", "sigma": "3.2204", "units": "deg", "label": "M", "name": "ma", "title": "mean anomaly"}, {"value": "2470050.556405608962", "title": "time of perihelion passage", "name": "tp", "label": "tp", "sigma": "988.78", "units": "TDB"}, {"title": "sidereal orbital period", "name": "per", "label": "period", "units": "d", "sigma": "124.38", "value": "109503.6416603"}, {"value": ".003287561897866236", "units": "deg/d", "sigma": "3.7343E-6", "label": "n", "name": "n", "title": "mean motion"}, {"title": "aphelion distance", "name": "ad", "label": "Q", "sigma": ".035492", "units": "au", "value": "46.86979232467635"}], "soln_date": "2023-11-29 10:42:03", "producer": "Otto Matic", "not_valid_after": null, "n_del_obs_used": null, "epoch": "2460200.5", "orbit_id": "1", "n_dop_obs_used": null, "n_obs_used": 12, "two_body": null, "covariance": {"data": [["6.871414730388432E-6", "-.0002350835621126078", "3.000150776067888", "-1.159513998694269E-5", ".01100269835874093", "-1.255160019541208E-7"], ["-.0002350835621126078", ".008245426026244626", "-104.9848107351633", ".0004034780809340527", "-.3849725287872616", "4.422875966487217E-6"], ["3.000150776067888", "-104.9848107351633", "1337163.899745181", "-5.141233811241327", "4903.328312275726", "-.05628266748140213"], ["-1.159513998694269E-5", ".0004034780809340527", "-5.141233811241327", ".004200914017250806", "-.02303247658177516", "4.942889551789443E-5"], [".01100269835874093", "-.3849725287872616", "4903.328312275726", "-.02303247658177516", "17.98450583875883", "-.0002555714578332137"], ["-1.255160019541208E-7", "4.422875966487217E-6", "-.05628266748140213", "4.942889551789443E-5", "-.0002555714578332137", "5.83393227300641E-7"]], "epoch": "2459118.5", "labels": ["e", "q", "tp", "node", "peri", "i"], "elements": [{"label": "e", "sigma": 0.00262133834717849, "units": null, "title": "eccentricity", "name": "e", "value": ".04242999746844095"}, {"label": "q", "sigma": 0.0908043282351928, "units": "au", "title": "perihelion distance", "name": "q", "value": "42.81446783287319"}, {"value": "2469066.094562442460", "label": "tp", "sigma": 1156.3580326807, "units": "TDB", "title": "time of perihelion passage", "name": "tp"}, {"title": "longitude of the ascending node", "name": "om", "label": "node", "sigma": 0.0648144583966479, "units": "deg", "value": "103.7791791558222"}, {"title": "argument of perihelion", "name": "w", "label": "peri", "units": "deg", "sigma": 4.24081428958624, "value": "284.3078613673283"}, {"label": "i", "sigma": 0.000763801824625106, "units": "deg", "title": "inclination", "name": "i", "value": "1.736192094166838"}]}, "comment": null, "sb_used": "SB441-N16", "pe_used": "DE441", "model_pars": [], "equinox": "J2000", "moid": "41.7238", "data_arc": "769", "first_obs": "2019-08-30", "condition_code": "6", "not_valid_before": null, "rms": ".12346", "t_jup": "5.975", "last_obs": "2021-10-07", "source": "JPL", "moid_jup": "37.7544"}, "signature": {"version": "1.3", "source": "NASA/JPL Small-Body Database (SBDB) API"}, "object": {"pha": false, "fullname": "(2019 QS110)", "neo": false, "orbit_class": {"name": "TransNeptunian Object", "code": "TNO"}, "orbit_id": "1", "prefix": null, "des": "2019 QS110", "kind": "au", "spkid": "54410335"}}