{"orbit": {"t_jup": "6.062", "rms": ".56704", "not_valid_before": null, "data_arc": "3668", "first_obs": "2013-09-29", "condition_code": "2", "moid_jup": "29.6307", "source": "JPL", "last_obs": "2023-10-15", "two_body": null, "n_obs_used": 145, "epoch": "2460200.5", "n_dop_obs_used": null, "orbit_id": "13", "n_del_obs_used": null, "not_valid_after": null, "elements": [{"value": ".5066477007438658", "title": "eccentricity", "name": "e", "label": "e", "sigma": "2.6583E-5", "units": null}, {"title": "semi-major axis", "name": "a", "label": "a", "sigma": ".0041576", "units": "au", "value": "70.14129236491088"}, {"label": "q", "sigma": ".00076578", "units": "au", "title": "perihelion distance", "name": "q", "value": "34.60436786102552"}, {"value": "18.94166820269413", "title": "inclination; angle with respect to x-y ecliptic plane", "name": "i", "label": "i", "units": "deg", "sigma": "7.6955E-5"}, {"value": "46.69746085516425", "units": "deg", "sigma": "9.5177E-5", "label": "node", "name": "om", "title": "longitude of the ascending node"}, {"sigma": ".002687", "units": "deg", "label": "peri", "name": "w", "title": "argument of perihelion", "value": "44.24682882679202"}, {"value": "342.4801506772502", "name": "ma", "title": "mean anomaly", "units": "deg", "sigma": ".0020306", "label": "M"}, {"label": "tp", "sigma": ".31613", "units": "TDB", "title": "time of perihelion passage", "name": "tp", "value": "2470642.578125924210"}, {"value": "214565.094486937", "units": "d", "sigma": "19.077", "label": "period", "name": "per", "title": "sidereal orbital period"}, {"name": "n", "title": "mean motion", "sigma": "1.4918E-7", "units": "deg/d", "label": "n", "value": ".001677812511214014"}, {"value": "105.6782168687962", "label": "Q", "units": "au", "sigma": ".0062641", "title": "aphelion distance", "name": "ad"}], "producer": "Otto Matic", "soln_date": "2023-10-20 08:48:13", "model_pars": [], "equinox": "J2000", "moid": "33.6458", "pe_used": "DE441", "comment": null, "covariance": {"elements": [{"value": ".4991873684853196", "label": "e", "units": null, "sigma": 2.63234424816829e-05, "title": "eccentricity", "name": "e"}, {"sigma": 0.000774308176764814, "units": "au", "label": "q", "name": "q", "title": "perihelion distance", "value": "34.4071939438732"}, {"value": "2470848.531452914460", "name": "tp", "title": "time of perihelion passage", "units": "TDB", "sigma": 0.318437234919642, "label": "tp"}, {"title": "longitude of the ascending node", "name": "om", "label": "node", "units": "deg", "sigma": 9.48771759156412e-05, "value": "46.62968895457048"}, {"value": "45.51455870397956", "label": "peri", "units": "deg", "sigma": 0.00272331815413718, "title": "argument of perihelion", "name": "w"}, {"label": "i", "units": "deg", "sigma": 7.73862512221401e-05, "title": "inclination", "name": "i", "value": "19.02600583333075"}], "labels": ["e", "q", "tp", "node", "peri", "i"], "data": [["6.929236240864679E-10", "7.763904395929517E-10", "-5.22913674738043E-6", "-1.048731601985035E-12", "-1.856921495220468E-8", "5.624962992819115E-11"], ["7.763904395929517E-10", "5.995531526048506E-7", "-.0001971812367027345", "3.497783018738988E-9", "-2.053166775716909E-6", "-1.282948874064743E-9"], ["-5.22913674738043E-6", "-.0001971812367027345", ".101402272583267", "-1.102452787688358E-6", ".0007926480898223927", "7.531566527431155E-9"], ["-1.048731601985035E-12", "3.497783018738988E-9", "-1.102452787688358E-6", "9.001678509727523E-9", "-2.031081837212709E-8", "-7.204974231997604E-9"], ["-1.856921495220468E-8", "-2.053166775716909E-6", ".0007926480898223927", "-2.031081837212709E-8", "7.416461768653161E-6", "9.872821759564217E-9"], ["5.624962992819115E-11", "-1.282948874064743E-9", "7.531566527431155E-9", "-7.204974231997604E-9", "9.872821759564217E-9", "5.988631878216185E-9"]], "epoch": "2457655.5"}, "sb_used": "SB441-N16"}, "signature": {"version": "1.3", "source": "NASA/JPL Small-Body Database (SBDB) API"}, "object": {"pha": false, "fullname": "(2014 QC442)", "neo": false, "orbit_id": "13", "orbit_class": {"code": "TNO", "name": "TransNeptunian Object"}, "prefix": null, "kind": "au", "des": "2014 QC442", "spkid": "3755762"}}