{"orbit": {"sb_used": "SB441-N16", "source": "JPL", "n_obs_used": 19, "moid": "40.6691", "covariance": {"labels": ["e", "q", "tp", "node", "peri", "i"], "data": [["5.742651531939504E-8", "-4.909510704684445E-7", ".02402003029035775", "-2.685425198392376E-8", "8.298409577100357E-5", "6.071948453922351E-10"], ["-4.909510704684445E-7", ".0003601369579923781", "2.129497157832391", "-7.626454770157723E-6", ".008573185214709267", "1.827950725894978E-7"], [".02402003029035775", "2.129497157832391", "25373.12605078065", "-.06267190064856491", "95.63603696780805", ".001484833382123185"], ["-2.685425198392376E-8", "-7.626454770157723E-6", "-.06267190064856491", ".0009290251357214408", "-.001171989636731698", "-1.61959087460827E-5"], ["8.298409577100357E-5", ".008573185214709267", "95.63603696780805", "-.001171989636731698", ".3630462170513065", "2.195995551493403E-5"], ["6.071948453922351E-10", "1.827950725894978E-7", ".001484833382123185", "-1.61959087460827E-5", "2.195995551493403E-5", "2.85014727340819E-7"]], "elements": [{"title": "eccentricity", "sigma": 0.000239638301027601, "name": "e", "units": null, "label": "e", "value": ".04355721121519242"}, {"title": "perihelion distance", "sigma": 0.0189772747778067, "name": "q", "units": "au", "label": "q", "value": "41.11687559366151"}, {"units": "TDB", "label": "tp", "value": "2422827.003286721243", "sigma": 159.289441115162, "name": "tp", "title": "time of perihelion passage"}, {"title": "longitude of the ascending node", "sigma": 0.0304799136436021, "name": "om", "label": "node", "units": "deg", "value": ".02496021174084281"}, {"label": "peri", "value": "196.2190980301695", "units": "deg", "title": "argument of perihelion", "name": "w", "sigma": 0.602533166764541}, {"label": "i", "value": "1.239468205150912", "units": "deg", "title": "inclination", "sigma": 0.00053386770584183, "name": "i"}], "epoch": "2453747.5"}, "not_valid_before": null, "comment": null, "elements": [{"title": "eccentricity", "name": "e", "sigma": ".00024905", "label": "e", "units": null, "value": ".03564690164908599"}, {"label": "a", "value": "43.21234945671867", "units": "au", "name": "a", "sigma": ".021586", "title": "semi-major axis"}, {"units": "au", "label": "q", "value": "41.67196308560909", "sigma": ".018794", "name": "q", "title": "perihelion distance"}, {"title": "inclination; angle with respect to x-y ecliptic plane", "sigma": ".00053063", "name": "i", "units": "deg", "label": "i", "value": "1.234942924476667"}, {"sigma": ".030633", "name": "om", "title": "longitude of the ascending node", "label": "node", "units": "deg", "value": ".2303661958230294"}, {"sigma": ".72942", "name": "w", "title": "argument of perihelion", "label": "peri", "units": "deg", "value": "197.9552006615445"}, {"label": "M", "value": "129.3756390749174", "units": "deg", "sigma": ".77876", "name": "ma", "title": "mean anomaly"}, {"label": "tp", "units": "TDB", "value": "2422913.258675011442", "title": "time of perihelion passage", "name": "tp", "sigma": "197.26"}, {"units": "d", "label": "period", "value": "103755.2894268047", "sigma": "77.745", "name": "per", "title": "sidereal orbital period"}, {"title": "mean motion", "sigma": "2.5999E-6", "name": "n", "value": ".003469702624211422", "label": "n", "units": "deg/d"}, {"value": "44.75273582782825", "label": "Q", "units": "au", "title": "aphelion distance", "name": "ad", "sigma": ".022356"}], "epoch": "2460200.5", "orbit_id": "6", "pe_used": "DE441", "two_body": null, "first_obs": "2004-08-15", "n_del_obs_used": null, "data_arc": "3339", "rms": ".20347", "n_dop_obs_used": null, "t_jup": "5.879", "last_obs": "2013-10-06", "producer": "Otto Matic", "moid_jup": "36.2107", "soln_date": "2021-04-14 22:16:19", "not_valid_after": null, "condition_code": "4", "equinox": "J2000", "model_pars": []}, "object": {"spkid": "3564163", "neo": false, "pha": false, "kind": "au", "orbit_id": "6", "orbit_class": {"name": "TransNeptunian Object", "code": "TNO"}, "fullname": "(2004 PT117)", "prefix": null, "des": "2004 PT117"}, "signature": {"version": "1.3", "source": "NASA/JPL Small-Body Database (SBDB) API"}}