{"signature": {"version": "1.3", "source": "NASA/JPL Small-Body Database (SBDB) API"}, "object": {"neo": false, "spkid": "3989573", "des": "2013 TY187", "prefix": null, "fullname": "(2013 TY187)", "orbit_class": {"name": "TransNeptunian Object", "code": "TNO"}, "orbit_id": "4", "kind": "au", "pha": false}, "orbit": {"moid_jup": "35.7274", "soln_date": "2021-09-08 23:30:15", "model_pars": [], "equinox": "J2000", "not_valid_after": null, "condition_code": "4", "t_jup": "5.803", "producer": "Otto Matic", "last_obs": "2020-09-14", "pe_used": "DE441", "two_body": null, "orbit_id": "4", "n_dop_obs_used": null, "rms": ".3064", "first_obs": "2013-10-03", "n_del_obs_used": null, "data_arc": "2538", "moid": "39.8565", "source": "JPL", "sb_used": "SB441-N16", "n_obs_used": 50, "covariance": {"epoch": "2457953.5", "elements": [{"units": null, "label": "e", "value": ".06231474905871463", "title": "eccentricity", "sigma": 0.000110209633992031, "name": "e"}, {"label": "q", "value": "40.59852754731429", "units": "au", "name": "q", "sigma": 0.00709825399286234, "title": "perihelion distance"}, {"title": "time of perihelion passage", "sigma": 26.1946823379877, "name": "tp", "units": "TDB", "label": "tp", "value": "2476792.097262599924"}, {"title": "longitude of the ascending node", "name": "om", "sigma": 0.0015989041168311, "label": "node", "value": "93.00278388589817", "units": "deg"}, {"units": "deg", "label": "peri", "value": "358.0028179374293", "sigma": 0.111659727177767, "name": "w", "title": "argument of perihelion"}, {"title": "inclination", "name": "i", "sigma": 9.07495927614702e-05, "units": "deg", "label": "i", "value": "11.13913665242129"}], "data": [["1.214616342465735E-8", "-4.685081164467284E-7", ".0007307869440574247", "-1.528814823431719E-8", "3.851657764668246E-6", "8.609392539558217E-10"], ["-4.685081164467284E-7", "5.038520974718611E-5", "-.1721838781012545", "1.258025876925913E-6", "-.0007511600735415298", "-2.416338199505819E-8"], [".0007307869440574247", "-.1721838781012545", "686.1613827880872", "-.00389482064255385", "2.918884540458885", "1.178732707299772E-5"], ["-1.528814823431719E-8", "1.258025876925913E-6", "-.00389482064255385", "2.556494374819445E-6", "-1.977543540295274E-5", "-1.416433297516681E-7"], ["3.851657764668246E-6", "-.0007511600735415298", "2.918884540458885", "-1.977543540295274E-5", ".01246789467341347", "2.434973208797704E-7"], ["8.609392539558217E-10", "-2.416338199505819E-8", "1.178732707299772E-5", "-1.416433297516681E-7", "2.434973208797704E-7", "8.235488586372692E-9"]], "labels": ["e", "q", "tp", "node", "peri", "i"]}, "epoch": "2460200.5", "comment": null, "elements": [{"title": "eccentricity", "sigma": ".00010504", "name": "e", "value": ".06917641389821629", "label": "e", "units": null}, {"label": "a", "value": "43.87630240625958", "units": "au", "name": "a", "sigma": ".0062664", "title": "semi-major axis"}, {"name": "q", "sigma": ".0063886", "title": "perihelion distance", "label": "q", "units": "au", "value": "40.84109715068087"}, {"label": "i", "units": "deg", "value": "11.12724877322556", "sigma": "8.9464E-5", "name": "i", "title": "inclination; angle with respect to x-y ecliptic plane"}, {"title": "longitude of the ascending node", "sigma": ".0015924", "name": "om", "units": "deg", "label": "node", "value": "93.13445142693823"}, {"name": "w", "sigma": ".10558", "title": "argument of perihelion", "units": "deg", "label": "peri", "value": "348.6823295320301"}, {"name": "ma", "sigma": ".094634", "title": "mean anomaly", "units": "deg", "label": "M", "value": "311.806144624962"}, {"name": "tp", "sigma": "25.198", "title": "time of perihelion passage", "label": "tp", "units": "TDB", "value": "2474411.761396885913"}, {"title": "sidereal orbital period", "sigma": "22.742", "name": "per", "units": "d", "label": "period", "value": "106155.7342334723"}, {"label": "n", "units": "deg/d", "value": ".003391244030287036", "name": "n", "sigma": "7.265E-7", "title": "mean motion"}, {"label": "Q", "units": "au", "value": "46.9115076618383", "name": "ad", "sigma": ".0066998", "title": "aphelion distance"}], "not_valid_before": null}}