{"object": {"spkid": "3757914", "neo": false, "fullname": "(2015 GQ50)", "prefix": null, "des": "2015 GQ50", "pha": false, "kind": "au", "orbit_id": "4", "orbit_class": {"code": "TNO", "name": "TransNeptunian Object"}}, "orbit": {"soln_date": "2021-04-15 13:30:53", "moid_jup": "33.1022", "model_pars": [], "equinox": "J2000", "not_valid_after": null, "condition_code": "6", "t_jup": "5.850", "producer": "Otto Matic", "last_obs": "2019-06-06", "two_body": null, "pe_used": "DE441", "orbit_id": "4", "rms": ".23923", "n_dop_obs_used": null, "data_arc": "1515", "n_del_obs_used": null, "first_obs": "2015-04-13", "covariance": {"data": [["5.366936006402713E-6", "-9.344356958591578E-5", "2.76786915868824", "2.173049745817425E-6", ".006928354458072032", "4.172915076463906E-6"], ["-9.344356958591578E-5", ".002269378314472991", "-44.58906308580504", "-3.307843074997657E-5", "-.1094194075716875", "-6.150202029974873E-5"], ["2.76786915868824", "-44.58906308580504", "1447812.153161158", "1.147272794184421", "3636.342297942662", "2.21417955178099"], ["2.173049745817425E-6", "-3.307843074997657E-5", "1.147272794184421", "4.80859280645398E-6", ".002884219392096974", "8.503146609065533E-6"], [".006928354458072032", "-.1094194075716875", "3636.342297942662", ".002884219392096974", "9.140471751650306", ".005573945760221622"], ["4.172915076463906E-6", "-6.150202029974873E-5", "2.21417955178099", "8.503146609065533E-6", ".005573945760221622", "1.546748659891407E-5"]], "labels": ["e", "q", "tp", "node", "peri", "i"], "epoch": "2457393.5", "elements": [{"name": "e", "sigma": 0.00231666484550586, "title": "eccentricity", "units": null, "label": "e", "value": ".1621301895744539"}, {"sigma": 0.0476379923430133, "name": "q", "title": "perihelion distance", "units": "au", "label": "q", "value": "38.92290123870352"}, {"title": "time of perihelion passage", "sigma": 1203.25066098513, "name": "tp", "units": "TDB", "label": "tp", "value": "2408314.894762106298"}, {"name": "om", "sigma": 0.00219285038396467, "title": "longitude of the ascending node", "label": "node", "value": "19.86294118894152", "units": "deg"}, {"title": "argument of perihelion", "name": "w", "sigma": 3.02332131134789, "units": "deg", "label": "peri", "value": "26.42669211865316"}, {"label": "i", "units": "deg", "value": "11.5136401348494", "title": "inclination", "sigma": 0.003932872563269, "name": "i"}]}, "moid": "37.0672", "source": "JPL", "sb_used": "SB441-N16", "n_obs_used": 15, "comment": null, "epoch": "2460200.5", "elements": [{"name": "e", "sigma": ".0020447", "title": "eccentricity", "label": "e", "units": null, "value": ".1723772934483561"}, {"units": "au", "label": "a", "value": "45.9816431452276", "name": "a", "sigma": ".082577", "title": "semi-major axis"}, {"title": "perihelion distance", "name": "q", "sigma": ".039822", "units": "au", "label": "q", "value": "38.05545195154511"}, {"units": "deg", "label": "i", "value": "11.59252922402375", "title": "inclination; angle with respect to x-y ecliptic plane", "sigma": ".0039689", "name": "i"}, {"label": "node", "units": "deg", "value": "19.93211501682081", "name": "om", "sigma": ".0021834", "title": "longitude of the ascending node"}, {"label": "peri", "value": "24.58901018529994", "units": "deg", "sigma": "2.8453", "name": "w", "title": "argument of perihelion"}, {"label": "M", "units": "deg", "value": "163.5862468685835", "title": "mean anomaly", "sigma": "4.0063", "name": "ma"}, {"label": "tp", "value": "2408449.416774306992", "units": "TDB", "title": "time of perihelion passage", "name": "tp", "sigma": "1131.8"}, {"sigma": "306.79", "name": "per", "title": "sidereal orbital period", "value": "113887.2632502912", "label": "period", "units": "d"}, {"title": "mean motion", "name": "n", "sigma": "8.5152E-6", "label": "n", "units": "deg/d", "value": ".003161020729849522"}, {"label": "Q", "units": "au", "value": "53.90783433891009", "title": "aphelion distance", "sigma": ".096812", "name": "ad"}], "not_valid_before": null}, "signature": {"version": "1.3", "source": "NASA/JPL Small-Body Database (SBDB) API"}}