{"object": {"spkid": "54197661", "kind": "au", "des": "2014 RM86", "pha": false, "orbit_id": "2", "orbit_class": {"name": "TransNeptunian Object", "code": "TNO"}, "prefix": null, "fullname": "(2014 RM86)", "neo": false}, "signature": {"version": "1.3", "source": "NASA/JPL Small-Body Database (SBDB) API"}, "orbit": {"sb_used": "SB441-N16", "covariance": {"elements": [{"label": "e", "sigma": 0.000158515128186076, "units": null, "title": "eccentricity", "name": "e", "value": ".1768614498698083"}, {"name": "q", "title": "perihelion distance", "sigma": 0.00237631479524866, "units": "au", "label": "q", "value": "35.27009928661375"}, {"label": "tp", "sigma": 7.36027395981895, "units": "TDB", "title": "time of perihelion passage", "name": "tp", "value": "2462810.332015102606"}, {"value": "117.2897979564427", "title": "longitude of the ascending node", "name": "om", "label": "node", "sigma": 0.00197271490723801, "units": "deg"}, {"units": "deg", "sigma": 0.0386869934051453, "label": "peri", "name": "w", "title": "argument of perihelion", "value": "308.7000290462601"}, {"sigma": 0.000147510270650309, "units": "deg", "label": "i", "name": "i", "title": "inclination", "value": "19.13445155057499"}], "labels": ["e", "q", "tp", "node", "peri", "i"], "epoch": "2457584.5", "data": [["2.512704586384811E-8", "1.969818696824514E-7", "-3.730974679759493E-5", "-1.906008283794934E-8", "-1.449486328060728E-7", "4.152267804670302E-9"], ["1.969818696824514E-7", "5.64687200611768E-6", "-.015017758186243", "-3.88150744631579E-8", "-7.856327348752921E-5", "3.362502677452687E-8"], ["-3.730974679759493E-5", "-.015017758186243", "54.17363276358888", "-.0003936800754430174", ".2843973864616788", "-5.400187908887702E-6"], ["-1.906008283794934E-8", "-3.88150744631579E-8", "-.0003936800754430174", "3.891604105239087E-6", "-5.761088902321698E-6", "-2.795628959923173E-7"], ["-1.449486328060728E-7", "-7.856327348752921E-5", ".2843973864616788", "-5.761088902321698E-6", ".001496683458729758", "2.397791843691608E-7"], ["4.152267804670302E-9", "3.362502677452687E-8", "-5.400187908887702E-6", "-2.795628959923173E-7", "2.397791843691608E-7", "2.175927994732731E-8"]]}, "comment": null, "pe_used": "DE441", "equinox": "J2000", "moid": "34.3693", "model_pars": [], "soln_date": "2023-01-06 22:26:11", "producer": "Otto Matic", "elements": [{"label": "e", "units": null, "sigma": ".00015945", "title": "eccentricity", "name": "e", "value": ".1864418041976717"}, {"value": "43.41608478221188", "name": "a", "title": "semi-major axis", "sigma": ".010353", "units": "au", "label": "a"}, {"title": "perihelion distance", "name": "q", "label": "q", "sigma": ".0022874", "units": "au", "value": "35.32151160421722"}, {"value": "19.13278115511371", "sigma": ".00014703", "units": "deg", "label": "i", "name": "i", "title": "inclination; angle with respect to x-y ecliptic plane"}, {"value": "117.2330424904787", "name": "om", "title": "longitude of the ascending node", "units": "deg", "sigma": ".0019637", "label": "node"}, {"sigma": ".036901", "units": "deg", "label": "peri", "name": "w", "title": "argument of perihelion", "value": "307.0690556318377"}, {"units": "deg", "sigma": ".025007", "label": "M", "name": "ma", "title": "mean anomaly", "value": "352.1750945793378"}, {"value": "2462471.677138876141", "sigma": "7.0219", "units": "TDB", "label": "tp", "name": "tp", "title": "time of perihelion passage"}, {"value": "104489.9236528054", "name": "per", "title": "sidereal orbital period", "units": "d", "sigma": "37.374", "label": "period"}, {"name": "n", "title": "mean motion", "sigma": "1.2323E-6", "units": "deg/d", "label": "n", "value": ".003445308288253635"}, {"name": "ad", "title": "aphelion distance", "units": "au", "sigma": ".012283", "label": "Q", "value": "51.51065796020654"}], "not_valid_after": null, "n_del_obs_used": null, "n_dop_obs_used": null, "orbit_id": "2", "epoch": "2460200.5", "n_obs_used": 16, "two_body": null, "last_obs": "2022-12-26", "source": "JPL", "moid_jup": "30.4435", "first_obs": "2013-12-21", "condition_code": "4", "data_arc": "3292", "not_valid_before": null, "rms": ".16447", "t_jup": "5.482"}}