{"signature": {"version": "1.3", "source": "NASA/JPL Small-Body Database (SBDB) API"}, "orbit": {"last_obs": "2023-10-02", "producer": "Otto Matic", "t_jup": "5.281", "model_pars": [], "equinox": "J2000", "not_valid_after": null, "condition_code": "2", "soln_date": "2023-10-20 08:39:26", "moid_jup": "33.4447", "comment": null, "elements": [{"title": "eccentricity", "name": "e", "sigma": "9.2945E-6", "units": null, "label": "e", "value": ".1243776334563811"}, {"units": "au", "label": "a", "value": "43.25739136021031", "title": "semi-major axis", "sigma": ".00085109", "name": "a"}, {"title": "perihelion distance", "sigma": ".00050311", "name": "q", "label": "q", "value": "37.87713939333084", "units": "au"}, {"name": "i", "sigma": "2.5907E-5", "title": "inclination; angle with respect to x-y ecliptic plane", "value": "25.5953401258913", "label": "i", "units": "deg"}, {"units": "deg", "label": "node", "value": "287.2351027374346", "sigma": "5.8287E-5", "name": "om", "title": "longitude of the ascending node"}, {"value": "105.6527343650409", "label": "peri", "units": "deg", "title": "argument of perihelion", "name": "w", "sigma": ".0060155"}, {"units": "deg", "label": "M", "value": "316.4748962427857", "title": "mean anomaly", "name": "ma", "sigma": ".0055492"}, {"units": "TDB", "label": "tp", "value": "2472764.450879337350", "sigma": "1.243", "name": "tp", "title": "time of perihelion passage"}, {"units": "d", "label": "period", "value": "103917.5539199435", "title": "sidereal orbital period", "sigma": "3.0669", "name": "per"}, {"label": "n", "value": ".003464284775961321", "units": "deg/d", "title": "mean motion", "sigma": "1.0224E-7", "name": "n"}, {"title": "aphelion distance", "name": "ad", "sigma": ".00095694", "units": "au", "label": "Q", "value": "48.63764332708977"}], "epoch": "2460200.5", "not_valid_before": null, "covariance": {"epoch": "2458480.5", "elements": [{"label": "e", "value": ".1176885535999797", "units": null, "title": "eccentricity", "sigma": 9.24009801309755e-06, "name": "e"}, {"title": "perihelion distance", "name": "q", "sigma": 0.000506202169182047, "units": "au", "label": "q", "value": "37.97173887220988"}, {"sigma": 1.3277211969298, "name": "tp", "title": "time of perihelion passage", "label": "tp", "value": "2472845.718035422222", "units": "TDB"}, {"title": "longitude of the ascending node", "sigma": 5.86189201569793e-05, "name": "om", "label": "node", "value": "287.1026968962361", "units": "deg"}, {"units": "deg", "label": "peri", "value": "105.826574963841", "title": "argument of perihelion", "sigma": 0.00635744485208355, "name": "w"}, {"label": "i", "units": "deg", "value": "25.54800703402587", "name": "i", "sigma": 2.59119088069446e-05, "title": "inclination"}], "labels": ["e", "q", "tp", "node", "peri", "i"], "data": [["8.537941129164931E-11", "1.603628128214492E-9", "-6.833918100027319E-6", "7.504099641615594E-12", "-3.013849729635288E-8", "1.301183475127673E-11"], ["1.603628128214492E-9", "2.562406360846094E-7", "-.0006522466568496328", "2.501752391093754E-9", "-3.159427084156722E-6", "1.853224004794481E-9"], ["-6.833918100027319E-6", "-.0006522466568496328", "1.76284357677669", "-6.061771443628436E-6", ".008428989822458885", "-4.760392184600659E-6"], ["7.504099641615594E-12", "2.501752391093754E-9", "-6.061771443628436E-6", "3.436177800370318E-9", "-3.276821154684721E-8", "1.485267997515267E-9"], ["-3.013849729635288E-8", "-3.159427084156722E-6", ".008428989822458885", "-3.276821154684721E-8", "4.041710504728358E-5", "-2.433454312043038E-8"], ["1.301183475127673E-11", "1.853224004794481E-9", "-4.760392184600659E-6", "1.485267997515267E-9", "-2.433454312043038E-8", "6.714270180194143E-10"]]}, "sb_used": "SB441-N16", "source": "JPL", "moid": "36.9753", "n_obs_used": 277, "n_dop_obs_used": null, "rms": ".4764", "data_arc": "6745", "n_del_obs_used": null, "first_obs": "2005-04-14", "two_body": null, "pe_used": "DE441", "orbit_id": "27"}, "object": {"des": "2014 LO28", "prefix": null, "fullname": "(2014 LO28)", "orbit_class": {"code": "TNO", "name": "TransNeptunian Object"}, "kind": "au", "orbit_id": "27", "pha": false, "neo": false, "spkid": "3755513"}}