{"object": {"orbit_class": {"code": "TNO", "name": "TransNeptunian Object"}, "orbit_id": "3", "prefix": null, "fullname": "(2014 XY47)", "neo": false, "pha": false, "spkid": "3989634", "kind": "au", "des": "2014 XY47"}, "signature": {"version": "1.3", "source": "NASA/JPL Small-Body Database (SBDB) API"}, "orbit": {"elements": [{"value": ".07084848346188237", "name": "e", "title": "eccentricity", "sigma": ".00035185", "units": null, "label": "e"}, {"name": "a", "title": "semi-major axis", "units": "au", "sigma": ".0040308", "label": "a", "value": "38.34908134326668"}, {"value": "35.63210708793987", "name": "q", "title": "perihelion distance", "units": "au", "sigma": ".013771", "label": "q"}, {"value": "26.17970296806392", "sigma": ".00017072", "units": "deg", "label": "i", "name": "i", "title": "inclination; angle with respect to x-y ecliptic plane"}, {"title": "longitude of the ascending node", "name": "om", "label": "node", "sigma": ".0015925", "units": "deg", "value": "82.99978959510358"}, {"value": "42.88653594224088", "name": "w", "title": "argument of perihelion", "sigma": ".14988", "units": "deg", "label": "peri"}, {"units": "deg", "sigma": ".19205", "label": "M", "name": "ma", "title": "mean anomaly", "value": "259.1528540660676"}, {"title": "time of perihelion passage", "name": "tp", "label": "tp", "units": "TDB", "sigma": "44.675", "value": "2484499.700534136216"}, {"value": "86742.28815577876", "title": "sidereal orbital period", "name": "per", "label": "period", "units": "d", "sigma": "13.676"}, {"value": ".004150224851729564", "label": "n", "sigma": "6.5433E-7", "units": "deg/d", "title": "mean motion", "name": "n"}, {"value": "41.06605559859349", "units": "au", "sigma": ".0043164", "label": "Q", "name": "ad", "title": "aphelion distance"}], "soln_date": "2021-09-08 23:47:47", "producer": "Otto Matic", "n_del_obs_used": null, "not_valid_after": null, "epoch": "2460200.5", "orbit_id": "3", "n_dop_obs_used": null, "n_obs_used": 48, "two_body": null, "covariance": {"epoch": "2457510.5", "data": [["1.047196164881749E-7", "-3.948022752211897E-6", "-.01540694758965142", "-5.525076912812527E-8", "-5.042118988270148E-5", "4.831534920495767E-9"], ["-3.948022752211897E-6", ".0001620106127307588", ".528444749277139", "2.543456853243737E-6", ".001634994764764649", "-2.149219814266997E-7"], ["-.01540694758965142", ".528444749277139", "2477.300703410194", ".006346540993063029", "8.484184693393875", "-.0005841713879253029"], ["-5.525076912812527E-8", "2.543456853243737E-6", ".006346540993063029", "2.553502278283635E-6", "1.524829165448803E-5", "-2.743582413296634E-7"], ["-5.042118988270148E-5", ".001634994764764649", "8.484184693393875", "1.524829165448803E-5", ".0296786173455685", "-1.43623770574022E-6"], ["4.831534920495767E-9", "-2.149219814266997E-7", "-.0005841713879253029", "-2.743582413296634E-7", "-1.43623770574022E-6", "2.996734491829462E-8"]], "elements": [{"label": "e", "units": null, "sigma": 0.000323604104560148, "title": "eccentricity", "name": "e", "value": ".07545545338494816"}, {"units": "au", "sigma": 0.0127283389619682, "label": "q", "name": "q", "title": "perihelion distance", "value": "35.05308048288875"}, {"title": "time of perihelion passage", "name": "tp", "label": "tp", "sigma": 49.7724894234776, "units": "TDB", "value": "2485991.457244903162"}, {"value": "82.89288278090322", "label": "node", "sigma": 0.00159796817186189, "units": "deg", "title": "longitude of the ascending node", "name": "om"}, {"sigma": 0.172274830853403, "units": "deg", "label": "peri", "name": "w", "title": "argument of perihelion", "value": "51.08866145303826"}, {"value": "26.20636770578024", "title": "inclination", "name": "i", "label": "i", "units": "deg", "sigma": 0.000173110787989353}], "labels": ["e", "q", "tp", "node", "peri", "i"]}, "comment": null, "sb_used": "SB441-N16", "pe_used": "DE441", "model_pars": [], "equinox": "J2000", "moid": "34.6912", "data_arc": "1449", "first_obs": "2014-12-12", "condition_code": "4", "rms": ".16745", "not_valid_before": null, "t_jup": "4.996", "last_obs": "2018-11-30", "source": "JPL", "moid_jup": "30.595"}}