{"signature": {"version": "1.3", "source": "NASA/JPL Small-Body Database (SBDB) API"}, "orbit": {"t_jup": "5.731", "producer": "Otto Matic", "last_obs": "2017-08-19", "moid_jup": "28.6263", "soln_date": "2021-04-15 13:49:27", "model_pars": [], "condition_code": "4", "not_valid_after": null, "equinox": "J2000", "sb_used": "SB441-N16", "source": "JPL", "n_obs_used": 32, "moid": "33.0223", "covariance": {"epoch": "2457204.5", "elements": [{"title": "eccentricity", "sigma": 0.000503746707800487, "name": "e", "label": "e", "units": null, "value": ".3004704905279014"}, {"label": "q", "units": "au", "value": "34.00698942781108", "name": "q", "sigma": 0.0123387217157368, "title": "perihelion distance"}, {"sigma": 8.32469087889089, "name": "tp", "title": "time of perihelion passage", "value": "2447321.458762585244", "label": "tp", "units": "TDB"}, {"name": "om", "sigma": 0.00150332868151043, "title": "longitude of the ascending node", "value": "213.910061073279", "label": "node", "units": "deg"}, {"units": "deg", "label": "peri", "value": "329.294109829271", "sigma": 0.0686871089053708, "name": "w", "title": "argument of perihelion"}, {"title": "inclination", "sigma": 0.000953978851178282, "name": "i", "value": "14.70225075256609", "label": "i", "units": "deg"}], "data": [["2.537607456198295E-7", "-5.909518989300946E-6", "-.003747231261285354", "4.25389674333419E-8", "-3.213615059867666E-5", "2.708439370680281E-8"], ["-5.909518989300946E-6", ".0001522440535783954", ".1014403207279732", "-1.474051629902636E-6", ".0008452233874885135", "-9.085699424738375E-7"], ["-.003747231261285354", ".1014403207279732", "69.30047822908917", "-.001080609711652781", ".5694608721797593", "-.0006601380362617189"], ["4.25389674333419E-8", "-1.474051629902636E-6", "-.001080609711652781", "2.259997124651889E-6", "-1.067628484786635E-5", "1.430777680233746E-6"], ["-3.213615059867666E-5", ".0008452233874885135", ".5694608721797593", "-1.067628484786635E-5", ".00471791892977827", "-6.597672363606831E-6"], ["2.708439370680281E-8", "-9.085699424738375E-7", "-.0006601380362617189", "1.430777680233746E-6", "-6.597672363606831E-6", "9.100756484954342E-7"]], "labels": ["e", "q", "tp", "node", "peri", "i"]}, "comment": null, "epoch": "2460200.5", "elements": [{"label": "e", "value": ".2929240420843212", "units": null, "title": "eccentricity", "name": "e", "sigma": ".00050485"}, {"name": "a", "sigma": ".018371", "title": "semi-major axis", "value": "48.10227107493117", "label": "a", "units": "au"}, {"label": "q", "value": "34.01195939822662", "units": "au", "sigma": ".01248", "name": "q", "title": "perihelion distance"}, {"label": "i", "units": "deg", "value": "14.75369153224368", "name": "i", "sigma": ".00095786", "title": "inclination; angle with respect to x-y ecliptic plane"}, {"title": "longitude of the ascending node", "sigma": ".0014981", "name": "om", "units": "deg", "label": "node", "value": "214.0439165166847"}, {"label": "peri", "units": "deg", "value": "328.6522631482486", "title": "argument of perihelion", "name": "w", "sigma": ".069513"}, {"name": "ma", "sigma": ".017787", "title": "mean anomaly", "label": "M", "value": "38.45332807719487", "units": "deg"}, {"sigma": "8.4155", "name": "tp", "title": "time of perihelion passage", "label": "tp", "units": "TDB", "value": "2447184.479273148510"}, {"units": "d", "label": "period", "value": "121855.966595658", "name": "per", "sigma": "69.81", "title": "sidereal orbital period"}, {"title": "mean motion", "sigma": "1.6925E-6", "name": "n", "label": "n", "units": "deg/d", "value": ".00295430753255235"}, {"sigma": ".023753", "name": "ad", "title": "aphelion distance", "label": "Q", "units": "au", "value": "62.19258275163573"}], "not_valid_before": null, "pe_used": "DE441", "two_body": null, "orbit_id": "2", "n_dop_obs_used": null, "rms": ".15716", "n_del_obs_used": null, "first_obs": "2014-05-29", "data_arc": "1178"}, "object": {"neo": false, "spkid": "3831154", "prefix": null, "des": "2015 KZ174", "fullname": "(2015 KZ174)", "orbit_class": {"code": "TNO", "name": "TransNeptunian Object"}, "kind": "au", "orbit_id": "2", "pha": false}}