{"signature": {"version": "1.3", "source": "NASA/JPL Small-Body Database (SBDB) API"}, "orbit": {"t_jup": "6.380", "data_arc": "7965", "first_obs": "2001-11-18", "condition_code": "1", "not_valid_before": null, "rms": ".40411", "moid_jup": "41.272", "last_obs": "2023-09-09", "source": "JPL", "epoch": "2460200.5", "orbit_id": "24", "n_dop_obs_used": null, "n_obs_used": 704, "two_body": null, "elements": [{"label": "e", "units": null, "sigma": "1.4497E-5", "title": "eccentricity", "name": "e", "value": ".3978898822571788"}, {"value": "76.764196475405", "name": "a", "title": "semi-major axis", "units": "au", "sigma": ".0021065", "label": "a"}, {"name": "q", "title": "perihelion distance", "units": "au", "sigma": ".00015619", "label": "q", "value": "46.22049937823917"}, {"title": "inclination; angle with respect to x-y ecliptic plane", "name": "i", "label": "i", "units": "deg", "sigma": "2.9069E-5", "value": "26.41091759181863"}, {"value": "180.451815345427", "name": "om", "title": "longitude of the ascending node", "units": "deg", "sigma": "1.1327E-5", "label": "node"}, {"label": "peri", "units": "deg", "sigma": ".00088785", "title": "argument of perihelion", "name": "w", "value": "171.8636892452427"}, {"value": "3.469377858426612", "label": "M", "sigma": ".0003676", "units": "deg", "title": "mean anomaly", "name": "ma"}, {"label": "tp", "sigma": ".23997", "units": "TDB", "title": "time of perihelion passage", "name": "tp", "value": "2457833.023967297819"}, {"value": "245661.1549827858", "sigma": "10.112", "units": "d", "label": "period", "name": "per", "title": "sidereal orbital period"}, {"value": ".001465433149271102", "name": "n", "title": "mean motion", "units": "deg/d", "sigma": "6.0321E-8", "label": "n"}, {"value": "107.3078935725708", "title": "aphelion distance", "name": "ad", "label": "Q", "sigma": ".0029447", "units": "au"}], "soln_date": "2023-10-10 20:35:43", "producer": "Otto Matic", "n_del_obs_used": null, "not_valid_after": null, "model_pars": [], "moid": "45.2169", "equinox": "J2000", "comment": null, "covariance": {"data": [["2.079492236086984E-10", "2.238273625015193E-9", "-2.460205468842731E-7", "1.266061017402154E-11", "-9.14825474153275E-10", "-5.461889895351809E-12"], ["2.238273625015193E-9", "2.433686562865172E-8", "-2.380312901817458E-6", "1.37425709514357E-10", "-8.855842278743153E-9", "-5.878266280560994E-11"], ["-2.460205468842731E-7", "-2.380312901817458E-6", ".06080567063063345", "-5.13487605971376E-8", ".0002241881323713621", "1.085567773849882E-7"], ["1.266061017402154E-11", "1.37425709514357E-10", "-5.13487605971376E-8", "1.273617691411799E-10", "-3.029937625486509E-10", "-2.726611642031589E-10"], ["-9.14825474153275E-10", "-8.855842278743153E-9", ".0002241881323713621", "-3.029937625486509E-10", "8.266821988532394E-7", "6.440065091610397E-10"], ["-5.461889895351809E-12", "-5.878266280560994E-11", "1.085567773849882E-7", "-2.726611642031589E-10", "6.440065091610397E-10", "8.521037380719601E-10"]], "epoch": "2457798.5", "elements": [{"sigma": 1.44204446397709e-05, "units": null, "label": "e", "name": "e", "title": "eccentricity", "value": ".3860910678886926"}, {"label": "q", "sigma": 0.000156002774426136, "units": "au", "title": "perihelion distance", "name": "q", "value": "46.19698484881029"}, {"title": "time of perihelion passage", "name": "tp", "label": "tp", "sigma": 0.24658805857266, "units": "TDB", "value": "2457651.151676473461"}, {"sigma": 1.12854671653937e-05, "units": "deg", "label": "node", "name": "om", "title": "longitude of the ascending node", "value": "180.4280261294392"}, {"value": "171.2226917472974", "label": "peri", "sigma": 0.000909220654656085, "units": "deg", "title": "argument of perihelion", "name": "w"}, {"value": "26.53726226764657", "label": "i", "units": "deg", "sigma": 2.91908159884571e-05, "title": "inclination", "name": "i"}], "labels": ["e", "q", "tp", "node", "peri", "i"]}, "sb_used": "SB441-N16", "pe_used": "DE441"}, "object": {"pha": false, "neo": false, "fullname": "145480 (2005 TB190)", "prefix": null, "orbit_id": "24", "orbit_class": {"code": "TNO", "name": "TransNeptunian Object"}, "des": "145480", "kind": "an", "spkid": "20145480"}}