{"orbit": {"first_obs": "2010-06-05", "n_del_obs_used": null, "data_arc": "4614", "rms": ".49374", "n_dop_obs_used": null, "orbit_id": "8", "pe_used": "DE441", "two_body": null, "not_valid_before": null, "comment": null, "epoch": "2460200.5", "elements": [{"label": "e", "value": ".7075479749247494", "units": null, "sigma": "2.5969E-5", "name": "e", "title": "eccentricity"}, {"title": "semi-major axis", "sigma": ".0091933", "name": "a", "units": "au", "label": "a", "value": "98.33909439698782"}, {"value": "28.75946730046531", "label": "q", "units": "au", "sigma": ".00013556", "name": "q", "title": "perihelion distance"}, {"value": "21.25796955624094", "label": "i", "units": "deg", "title": "inclination; angle with respect to x-y ecliptic plane", "name": "i", "sigma": "4.3047E-5"}, {"value": "343.6354893696524", "label": "node", "units": "deg", "title": "longitude of the ascending node", "name": "om", "sigma": "2.6969E-5"}, {"label": "peri", "value": "170.7239878073238", "units": "deg", "title": "argument of perihelion", "sigma": ".0004227", "name": "w"}, {"title": "mean anomaly", "name": "ma", "sigma": ".00040931", "value": "2.851458653413128", "label": "M", "units": "deg"}, {"label": "tp", "units": "TDB", "value": "2457379.180233594109", "name": "tp", "sigma": ".050866", "title": "time of perihelion passage"}, {"name": "per", "sigma": "49.949", "title": "sidereal orbital period", "units": "d", "label": "period", "value": "356194.9301598261"}, {"value": ".001010682549126869", "label": "n", "units": "deg/d", "name": "n", "sigma": "1.4173E-7", "title": "mean motion"}, {"title": "aphelion distance", "name": "ad", "sigma": ".015698", "label": "Q", "units": "au", "value": "167.9187214935103"}], "source": "JPL", "sb_used": "SB441-N16", "n_obs_used": 140, "moid": "27.77", "covariance": {"labels": ["e", "q", "tp", "node", "peri", "i"], "data": [["6.80290878580716E-10", "3.515367334641216E-9", "1.396087540119757E-7", "9.574747145907238E-11", "1.101944872572708E-9", "-9.443134145321418E-11"], ["3.515367334641216E-9", "1.836691966852233E-8", "6.574893763922777E-7", "5.001550562968344E-10", "5.140710266432066E-9", "-4.931338032076032E-10"], ["1.396087540119757E-7", "6.574893763922777E-7", ".002509763797278897", "5.357687218653627E-9", "2.085588386379274E-5", "8.02075927637073E-10"], ["9.574747145907238E-11", "5.001550562968344E-10", "5.357687218653627E-9", "7.304196435830071E-10", "-6.325414341106379E-10", "-9.616748522282545E-10"], ["1.101944872572708E-9", "5.140710266432066E-9", "2.085588386379274E-5", "-6.325414341106379E-10", "1.739687297936412E-7", "8.993802281955961E-10"], ["-9.443134145321418E-11", "-4.931338032076032E-10", "8.02075927637073E-10", "-9.616748522282545E-10", "8.993802281955961E-10", "1.840480403428923E-9"]], "elements": [{"label": "e", "units": null, "value": ".7184419548883596", "title": "eccentricity", "sigma": 2.60823863666789e-05, "name": "e"}, {"units": "au", "label": "q", "value": "28.78749535531878", "title": "perihelion distance", "sigma": 0.000135524609088248, "name": "q"}, {"value": "2457409.658305299770", "label": "tp", "units": "TDB", "sigma": 0.0500975428267584, "name": "tp", "title": "time of perihelion passage"}, {"title": "longitude of the ascending node", "sigma": 2.70262769093896e-05, "name": "om", "units": "deg", "label": "node", "value": "343.6435000839398"}, {"units": "deg", "label": "peri", "value": "170.9578154000356", "title": "argument of perihelion", "sigma": 0.000417095588317164, "name": "w"}, {"sigma": 4.29008205449374e-05, "name": "i", "title": "inclination", "value": "21.19218057996701", "label": "i", "units": "deg"}], "epoch": "2457205.5"}, "not_valid_after": null, "condition_code": "2", "equinox": "J2000", "model_pars": [], "moid_jup": "23.3591", "soln_date": "2023-04-27 07:52:39", "producer": "Otto Matic", "last_obs": "2023-01-22", "t_jup": "5.779"}, "object": {"fullname": "535017 (2014 WY508)", "des": "535017", "prefix": null, "pha": false, "orbit_id": "8", "kind": "an", "orbit_class": {"name": "TransNeptunian Object", "code": "TNO"}, "spkid": "20535017", "neo": false}, "signature": {"version": "1.3", "source": "NASA/JPL Small-Body Database (SBDB) API"}}