{"object": {"spkid": "54276384", "neo": false, "kind": "au", "orbit_id": "2", "pha": false, "orbit_class": {"code": "TNO", "name": "TransNeptunian Object"}, "prefix": null, "des": "2022 GV6", "fullname": "(2022 GV6)"}, "orbit": {"orbit_id": "2", "two_body": null, "pe_used": "DE441", "data_arc": "5413", "first_obs": "2007-06-10", "n_del_obs_used": null, "n_dop_obs_used": null, "rms": ".25568", "covariance": {"labels": ["e", "q", "tp", "node", "peri", "i"], "data": [["5.920782017629395E-7", "4.7697079205587E-6", ".001791045806393621", "1.008933742529831E-8", "9.646709697482125E-6", "-7.000680388056231E-8"], ["4.7697079205587E-6", "3.887917756951082E-5", ".01518881038324876", "8.479800587800522E-8", "8.192263740886998E-5", "-5.706932058658526E-7"], [".001791045806393621", ".01518881038324876", "6.730018534873085", "3.653568392763313E-5", ".0364274867960044", "-.0002230102910731417"], ["1.008933742529831E-8", "8.479800587800522E-8", "3.653568392763313E-5", "1.090887944810913E-7", "9.181424271193174E-8", "-6.154171606578591E-8"], ["9.646709697482125E-6", "8.192263740886998E-5", ".0364274867960044", "9.181424271193174E-8", ".0001973037966189229", "-1.144249376407549E-6"], ["-7.000680388056231E-8", "-5.706932058658526E-7", "-.0002230102910731417", "-6.154171606578591E-8", "-1.144249376407549E-6", "7.202742549055395E-8"]], "epoch": "2457644.5", "elements": [{"name": "e", "sigma": 0.000769466179739525, "title": "eccentricity", "units": null, "label": "e", "value": ".7276985545655685"}, {"label": "q", "units": "au", "value": "38.28787977775195", "sigma": 0.0062353169582236, "name": "q", "title": "perihelion distance"}, {"sigma": 2.59422792654637, "name": "tp", "title": "time of perihelion passage", "units": "TDB", "label": "tp", "value": "2453730.297306124069"}, {"sigma": 0.000330285928372814, "name": "om", "title": "longitude of the ascending node", "value": "200.7053653384883", "label": "node", "units": "deg"}, {"name": "w", "sigma": 0.0140464869849697, "title": "argument of perihelion", "label": "peri", "units": "deg", "value": "325.6639163706313"}, {"label": "i", "value": "13.64525643905043", "units": "deg", "title": "inclination", "sigma": 0.000268379256818693, "name": "i"}]}, "source": "JPL", "sb_used": "SB441-N16", "moid": "37.2447", "n_obs_used": 18, "not_valid_before": null, "comment": null, "elements": [{"value": ".7139061595034779", "label": "e", "units": null, "sigma": ".00076379", "name": "e", "title": "eccentricity"}, {"sigma": ".37854", "name": "a", "title": "semi-major axis", "value": "133.6253894861175", "label": "a", "units": "au"}, {"name": "q", "sigma": ".0062732", "title": "perihelion distance", "label": "q", "value": "38.22940086592695", "units": "au"}, {"label": "i", "units": "deg", "value": "13.70773975875149", "sigma": ".00027304", "name": "i", "title": "inclination; angle with respect to x-y ecliptic plane"}, {"title": "longitude of the ascending node", "name": "om", "sigma": ".00032914", "units": "deg", "label": "node", "value": "200.6780067193677"}, {"label": "peri", "units": "deg", "value": "325.2115260549452", "title": "argument of perihelion", "sigma": ".014641", "name": "w"}, {"title": "mean anomaly", "sigma": ".019403", "name": "ma", "value": "4.194598217338379", "label": "M", "units": "deg"}, {"title": "time of perihelion passage", "sigma": "2.7078", "name": "tp", "label": "tp", "units": "TDB", "value": "2453626.650304185862"}, {"label": "period", "value": "564198.4685710309", "units": "d", "title": "sidereal orbital period", "sigma": "2397.4", "name": "per"}, {"value": ".0006380733377596488", "label": "n", "units": "deg/d", "name": "n", "sigma": "2.7114E-6", "title": "mean motion"}, {"title": "aphelion distance", "sigma": ".64879", "name": "ad", "units": "au", "label": "Q", "value": "229.0213781063081"}], "epoch": "2460200.5", "soln_date": "2022-06-16 00:08:29", "moid_jup": "32.8705", "equinox": "J2000", "not_valid_after": null, "condition_code": "4", "model_pars": [], "t_jup": "6.934", "producer": "Otto Matic", "last_obs": "2022-04-05"}, "signature": {"version": "1.3", "source": "NASA/JPL Small-Body Database (SBDB) API"}}