{"signature": {"version": "1.3", "source": "NASA/JPL Small-Body Database (SBDB) API"}, "orbit": {"producer": "Otto Matic", "last_obs": "2016-09-23", "t_jup": "5.276", "model_pars": [], "not_valid_after": null, "condition_code": "5", "equinox": "J2000", "soln_date": "2021-09-20 15:12:06", "moid_jup": "39.8297", "comment": null, "elements": [{"units": null, "label": "e", "value": ".4069617865246839", "title": "eccentricity", "name": "e", "sigma": ".0014261"}, {"sigma": ".20893", "name": "a", "title": "semi-major axis", "value": "75.17838391960612", "label": "a", "units": "au"}, {"name": "q", "sigma": ".021174", "title": "perihelion distance", "value": "44.58365449164464", "label": "q", "units": "au"}, {"title": "inclination; angle with respect to x-y ecliptic plane", "name": "i", "sigma": ".0029207", "units": "deg", "label": "i", "value": "41.42872547104241"}, {"title": "longitude of the ascending node", "sigma": ".0032294", "name": "om", "label": "node", "units": "deg", "value": "336.0101114377451"}, {"label": "peri", "units": "deg", "value": "326.2772773567769", "title": "argument of perihelion", "name": "w", "sigma": ".73736"}, {"units": "deg", "label": "M", "value": "3.254011762923582", "title": "mean anomaly", "name": "ma", "sigma": ".28113"}, {"label": "tp", "units": "TDB", "value": "2458048.439268305747", "title": "time of perihelion passage", "name": "tp", "sigma": "187.67"}, {"value": "238088.2184377417", "label": "period", "units": "d", "name": "per", "sigma": "992.53", "title": "sidereal orbital period"}, {"title": "mean motion", "name": "n", "sigma": "6.3033E-6", "label": "n", "units": "deg/d", "value": ".001512044578947266"}, {"units": "au", "label": "Q", "value": "105.7731133475676", "title": "aphelion distance", "name": "ad", "sigma": ".29396"}], "epoch": "2460200.5", "not_valid_before": null, "covariance": {"data": [["2.046477071849619E-6", "2.319251390565741E-5", "-.03960525636765216", "2.492474349550141E-6", "-.0001577785036205862", "-2.53093000964732E-6"], ["2.319251390565741E-5", ".0003936696618387172", "-2.579484958866915", "1.718984283800134E-5", "-.01014609003084167", "-1.94750157228127E-5"], ["-.03960525636765216", "-2.579484958866915", "35991.74205442967", ".1387089294790479", "141.2265689689248", "-.1074012387131747"], ["2.492474349550141E-6", "1.718984283800134E-5", ".1387089294790479", "1.054719562920649E-5", ".0005362303403225859", "-9.574926721139919E-6"], ["-.0001577785036205862", "-.01014609003084167", "141.2265689689248", ".0005362303403225859", ".5541598752752107", "-.000414019713665625"], ["-2.53093000964732E-6", "-1.94750157228127E-5", "-.1074012387131747", "-9.574926721139919E-6", "-.000414019713665625", "8.748827592311443E-6"]], "labels": ["e", "q", "tp", "node", "peri", "i"], "elements": [{"title": "eccentricity", "sigma": 0.0014305513174471, "name": "e", "label": "e", "value": ".402217552814261", "units": null}, {"name": "q", "sigma": 0.01984111039833, "title": "perihelion distance", "label": "q", "value": "44.56126921818893", "units": "au"}, {"sigma": 189.714896764671, "name": "tp", "title": "time of perihelion passage", "label": "tp", "units": "TDB", "value": "2457883.110029170212"}, {"sigma": 0.00324764462791213, "name": "om", "title": "longitude of the ascending node", "units": "deg", "label": "node", "value": "335.8796672623599"}, {"units": "deg", "label": "peri", "value": "325.7086760247474", "sigma": 0.744419152947592, "name": "w", "title": "argument of perihelion"}, {"label": "i", "value": "41.55737735265717", "units": "deg", "title": "inclination", "sigma": 0.00295784171184184, "name": "i"}], "epoch": "2457096.5"}, "source": "JPL", "sb_used": "SB441-N16", "moid": "43.6393", "n_obs_used": 9, "n_dop_obs_used": null, "rms": ".1383", "data_arc": "727", "first_obs": "2014-09-27", "n_del_obs_used": null, "two_body": null, "pe_used": "DE441", "orbit_id": "1"}, "object": {"orbit_class": {"name": "TransNeptunian Object", "code": "TNO"}, "pha": false, "orbit_id": "1", "kind": "au", "fullname": "(2014 SE404)", "prefix": null, "des": "2014 SE404", "neo": false, "spkid": "54198862"}}