{"signature": {"version": "1.3", "source": "NASA/JPL Small-Body Database (SBDB) API"}, "orbit": {"moid_jup": "36.2158", "soln_date": "2021-09-14 12:12:08", "model_pars": [], "not_valid_after": null, "condition_code": "5", "equinox": "J2000", "t_jup": "5.950", "producer": "Otto Matic", "last_obs": "2018-09-14", "pe_used": "DE441", "two_body": null, "orbit_id": "1", "n_dop_obs_used": null, "rms": ".27539", "n_del_obs_used": null, "first_obs": "2013-09-29", "data_arc": "1811", "n_obs_used": 12, "source": "JPL", "sb_used": "SB441-N16", "moid": "40.6651", "covariance": {"labels": ["e", "q", "tp", "node", "peri", "i"], "data": [["6.463110445329754E-8", "-4.551842963707952E-6", "-.0281444937429487", "-1.25806884712877E-7", "-7.135440466249925E-5", "-2.704954557272699E-10"], ["-4.551842963707952E-6", ".0005024510950318409", "-.797208555367812", "-5.589102931900391E-6", "-.004021238790528493", "1.090395679090194E-7"], ["-.0281444937429487", "-.797208555367812", "54792.88274169592", ".2758481937041619", "169.5048798349819", "-.001254507048819547"], ["-1.25806884712877E-7", "-5.589102931900391E-6", ".2758481937041619", ".000537487540675942", ".0003228603222622947", "-1.440531092907907E-6"], ["-7.135440466249925E-5", "-.004021238790528493", "169.5048798349819", ".0003228603222622947", ".529835246666575", "-2.736737681683226E-6"], ["-2.704954557272699E-10", "1.090395679090194E-7", "-.001254507048819547", "-1.440531092907907E-6", "-2.736737681683226E-6", "5.437911301032861E-9"]], "epoch": "2457392.5", "elements": [{"sigma": 0.000254226482596321, "name": "e", "title": "eccentricity", "label": "e", "value": ".076152989545898", "units": null}, {"sigma": 0.0224154209202469, "name": "q", "title": "perihelion distance", "value": "40.68455483170401", "label": "q", "units": "au"}, {"value": "2505437.477002957596", "label": "tp", "units": "TDB", "title": "time of perihelion passage", "name": "tp", "sigma": 234.078796010437}, {"title": "longitude of the ascending node", "name": "om", "sigma": 0.023183777532489, "label": "node", "value": "97.60591748567505", "units": "deg"}, {"label": "peri", "value": "77.73755446003658", "units": "deg", "title": "argument of perihelion", "sigma": 0.727897827079168, "name": "w"}, {"title": "inclination", "name": "i", "sigma": 7.37421948482201e-05, "value": "2.715321485998204", "label": "i", "units": "deg"}]}, "epoch": "2460200.5", "comment": null, "elements": [{"title": "eccentricity", "sigma": ".00028527", "name": "e", "label": "e", "units": null, "value": ".06498859877195594"}, {"title": "semi-major axis", "name": "a", "sigma": ".016752", "units": "au", "label": "a", "value": "44.5549979909612"}, {"label": "q", "value": "41.65943110324132", "units": "au", "title": "perihelion distance", "name": "q", "sigma": ".022572"}, {"label": "i", "value": "2.714642139747876", "units": "deg", "sigma": "7.2623E-5", "name": "i", "title": "inclination; angle with respect to x-y ecliptic plane"}, {"title": "longitude of the ascending node", "sigma": ".023047", "name": "om", "label": "node", "value": "97.62789473191152", "units": "deg"}, {"label": "peri", "value": "74.10346310194923", "units": "deg", "sigma": ".85154", "name": "w", "title": "argument of perihelion"}, {"title": "mean anomaly", "sigma": ".96444", "name": "ma", "label": "M", "units": "deg", "value": "210.9407721403712"}, {"value": "2505178.427073209306", "label": "tp", "units": "TDB", "title": "time of perihelion passage", "name": "tp", "sigma": "275.06"}, {"units": "d", "label": "period", "value": "108628.3216333553", "title": "sidereal orbital period", "sigma": "61.262", "name": "per"}, {"title": "mean motion", "name": "n", "sigma": "1.869E-6", "label": "n", "value": ".003314052860128687", "units": "deg/d"}, {"label": "Q", "units": "au", "value": "47.45056487868107", "sigma": ".01784", "name": "ad", "title": "aphelion distance"}], "not_valid_before": null}, "object": {"orbit_class": {"name": "TransNeptunian Object", "code": "TNO"}, "pha": false, "orbit_id": "1", "kind": "au", "fullname": "(2013 SM112)", "prefix": null, "des": "2013 SM112", "neo": false, "spkid": "54196794"}}