{"orbit": {"sb_used": "SB441-N16", "comment": null, "covariance": {"elements": [{"title": "eccentricity", "name": "e", "label": "e", "sigma": 0.000358180535353682, "units": null, "value": ".07599641810942757"}, {"value": "39.80882947706643", "title": "perihelion distance", "name": "q", "label": "q", "sigma": 0.00456724815637929, "units": "au"}, {"units": "TDB", "sigma": 93.5411592885369, "label": "tp", "name": "tp", "title": "time of perihelion passage", "value": "2457805.698215571052"}, {"value": "8.776777982897311", "units": "deg", "sigma": 0.000243256588677116, "label": "node", "name": "om", "title": "longitude of the ascending node"}, {"value": ".7322848664832019", "label": "peri", "units": "deg", "sigma": 0.380695454121289, "title": "argument of perihelion", "name": "w"}, {"value": "11.77238561888061", "sigma": 0.000783958146301712, "units": "deg", "label": "i", "name": "i", "title": "inclination"}], "labels": ["e", "q", "tp", "node", "peri", "i"], "epoch": "2457300.5", "data": [["1.282932959062502E-7", "1.603557933574682E-6", ".002113593606708432", "-3.633438267372072E-8", "8.600850771335748E-6", "3.281464797002722E-8"], ["1.603557933574682E-6", "2.085975572194999E-5", "-.05053525236203796", "-4.72258325483422E-7", "-.0002056934195908618", "4.822548811426526E-7"], [".002113593606708432", "-.05053525236203796", "8749.948481043437", ".001101347137698629", "35.6106880999051", "-.007288309762843869"], ["-3.633438267372072E-8", "-4.72258325483422E-7", ".001101347137698629", "5.917376793482775E-8", "4.435367153468636E-6", "-7.910785580207114E-8"], ["8.600850771335748E-6", "-.0002056934195908618", "35.6106880999051", "4.435367153468636E-6", ".1449290287886145", "-2.959582199628784E-5"], ["3.281464797002722E-8", "4.822548811426526E-7", "-.007288309762843869", "-7.910785580207114E-8", "-2.959582199628784E-5", "6.145903751528172E-7"]]}, "pe_used": "DE441", "moid": "38.8283", "equinox": "J2000", "model_pars": [], "soln_date": "2021-09-14 12:12:06", "producer": "Otto Matic", "elements": [{"sigma": ".00036099", "units": null, "label": "e", "name": "e", "title": "eccentricity", "value": ".08731157541753964"}, {"value": "43.63948626813338", "title": "semi-major axis", "name": "a", "label": "a", "units": "au", "sigma": ".022177"}, {"title": "perihelion distance", "name": "q", "label": "q", "units": "au", "sigma": ".0045871", "value": "39.82925397165057"}, {"value": "11.71204210286513", "label": "i", "sigma": ".00078057", "units": "deg", "title": "inclination; angle with respect to x-y ecliptic plane", "name": "i"}, {"title": "longitude of the ascending node", "name": "om", "label": "node", "sigma": ".00024314", "units": "deg", "value": "8.752933505610901"}, {"value": "1.185990083600777", "title": "argument of perihelion", "name": "w", "label": "peri", "sigma": ".33309", "units": "deg"}, {"value": "7.808577983053033", "name": "ma", "title": "mean anomaly", "sigma": ".27873", "units": "deg", "label": "M"}, {"label": "tp", "units": "TDB", "sigma": "81.478", "title": "time of perihelion passage", "name": "tp", "value": "2457916.546161596804"}, {"value": "105297.4541087536", "label": "period", "units": "d", "sigma": "80.265", "title": "sidereal orbital period", "name": "per"}, {"value": ".00341888607893771", "sigma": "2.6061E-6", "units": "deg/d", "label": "n", "name": "n", "title": "mean motion"}, {"value": "47.44971856461619", "name": "ad", "title": "aphelion distance", "units": "au", "sigma": ".024113", "label": "Q"}], "n_del_obs_used": null, "not_valid_after": null, "orbit_id": "1", "n_dop_obs_used": null, "epoch": "2460200.5", "two_body": null, "n_obs_used": 11, "last_obs": "2018-11-26", "source": "JPL", "moid_jup": "34.8789", "condition_code": "4", "first_obs": "2013-09-28", "data_arc": "1885", "rms": ".099102", "not_valid_before": null, "t_jup": "5.769"}, "signature": {"version": "1.3", "source": "NASA/JPL Small-Body Database (SBDB) API"}, "object": {"des": "2013 SA112", "kind": "au", "spkid": "54196776", "pha": false, "fullname": "(2013 SA112)", "neo": false, "orbit_id": "1", "orbit_class": {"name": "TransNeptunian Object", "code": "TNO"}, "prefix": null}}