{"object": {"orbit_id": "3", "orbit_class": {"name": "TransNeptunian Object", "code": "TNO"}, "prefix": null, "fullname": "(2013 TE188)", "neo": false, "pha": false, "spkid": "3989568", "des": "2013 TE188", "kind": "au"}, "signature": {"version": "1.3", "source": "NASA/JPL Small-Body Database (SBDB) API"}, "orbit": {"equinox": "J2000", "moid": "29.3779", "model_pars": [], "sb_used": "SB441-N16", "covariance": {"labels": ["e", "q", "tp", "node", "peri", "i"], "elements": [{"value": ".2280334494184966", "name": "e", "title": "eccentricity", "sigma": 9.79557175635321e-05, "units": null, "label": "e"}, {"units": "au", "sigma": 0.000932479261560693, "label": "q", "name": "q", "title": "perihelion distance", "value": "30.34072760717691"}, {"value": "2459524.254891418985", "title": "time of perihelion passage", "name": "tp", "label": "tp", "sigma": 4.71825762177575, "units": "TDB"}, {"label": "node", "units": "deg", "sigma": 0.00238686375666908, "title": "longitude of the ascending node", "name": "om", "value": "109.7015051642856"}, {"value": "293.0904326711396", "name": "w", "title": "argument of perihelion", "sigma": 0.0314079147584781, "units": "deg", "label": "peri"}, {"title": "inclination", "name": "i", "label": "i", "units": "deg", "sigma": 7.398108619427e-05, "value": "9.370120523967902"}], "epoch": "2457549.5", "data": [["9.59532260338648E-9", "3.220792127465319E-8", ".0001874254753390339", "-1.115110080697838E-8", "1.251895635151659E-6", "8.958160019754893E-10"], ["3.220792127465319E-8", "8.695175732407755E-7", "-.003084743607524043", "8.664074319147387E-8", "-2.043221936334333E-5", "1.255786799126536E-9"], [".0001874254753390339", "-.003084743607524043", "22.26195498544497", "-.0008415339115852496", ".1477747939456059", "2.719353476725619E-5"], ["-1.115110080697838E-8", "8.664074319147387E-8", "-.0008415339115852496", "5.697118592900451E-6", "-1.117743066067945E-5", "-1.672283227581866E-7"], ["1.251895635151659E-6", "-2.043221936334333E-5", ".1477747939456059", "-1.117743066067945E-5", ".0009864571094758236", "3.446895811686598E-7"], ["8.958160019754893E-10", "1.255786799126536E-9", "2.719353476725619E-5", "-1.672283227581866E-7", "3.446895811686598E-7", "5.473201114484009E-9"]]}, "comment": null, "pe_used": "DE441", "orbit_id": "3", "n_dop_obs_used": null, "epoch": "2460200.5", "two_body": null, "n_obs_used": 39, "soln_date": "2021-09-08 23:30:18", "producer": "Otto Matic", "elements": [{"name": "e", "title": "eccentricity", "sigma": "9.801E-5", "units": null, "label": "e", "value": ".2386962053270025"}, {"value": "39.8768630037499", "units": "au", "sigma": ".0057018", "label": "a", "name": "a", "title": "semi-major axis"}, {"sigma": ".000914", "units": "au", "label": "q", "name": "q", "title": "perihelion distance", "value": "30.35840712441006"}, {"value": "9.367363434412672", "label": "i", "units": "deg", "sigma": "7.36E-5", "title": "inclination; angle with respect to x-y ecliptic plane", "name": "i"}, {"units": "deg", "sigma": ".0023777", "label": "node", "name": "om", "title": "longitude of the ascending node", "value": "109.6701935300123"}, {"value": "292.616342624188", "name": "w", "title": "argument of perihelion", "units": "deg", "sigma": ".03025", "label": "peri"}, {"title": "mean anomaly", "name": "ma", "label": "M", "sigma": ".017872", "units": "deg", "value": "2.948933884143006"}, {"value": "2459447.070811341241", "title": "time of perihelion passage", "name": "tp", "label": "tp", "sigma": "4.5283", "units": "TDB"}, {"title": "sidereal orbital period", "name": "per", "label": "period", "units": "d", "sigma": "19.727", "value": "91977.14108669388"}, {"title": "mean motion", "name": "n", "label": "n", "units": "deg/d", "sigma": "8.3947E-7", "value": ".003914015979912647"}, {"value": "49.39531888308974", "name": "ad", "title": "aphelion distance", "units": "au", "sigma": ".0070628", "label": "Q"}], "not_valid_after": null, "n_del_obs_used": null, "moid_jup": "25.4278", "last_obs": "2018-11-29", "source": "JPL", "t_jup": "5.435", "condition_code": "3", "first_obs": "2013-10-03", "data_arc": "1883", "not_valid_before": null, "rms": ".25961"}}