{"object": {"orbit_class": {"code": "TNO", "name": "TransNeptunian Object"}, "pha": false, "kind": "an", "orbit_id": "6", "fullname": "511552 (2014 UE225)", "des": "511552", "prefix": null, "neo": false, "spkid": "20511552"}, "orbit": {"moid_jup": "36.0563", "soln_date": "2021-04-14 18:42:59", "equinox": "J2000", "not_valid_after": null, "condition_code": "4", "model_pars": [], "t_jup": "5.910", "producer": "Otto Matic", "last_obs": "2017-08-25", "orbit_id": "6", "pe_used": "DE441", "two_body": null, "first_obs": "2008-10-28", "n_del_obs_used": null, "data_arc": "3223", "rms": ".096097", "n_dop_obs_used": null, "source": "JPL", "moid": "40.4878", "sb_used": "SB441-N16", "n_obs_used": 59, "covariance": {"elements": [{"name": "e", "sigma": 8.26534228666626e-05, "title": "eccentricity", "value": ".06589543617285314", "label": "e", "units": null}, {"title": "perihelion distance", "name": "q", "sigma": 0.00725792420928187, "label": "q", "units": "au", "value": "40.82576008809425"}, {"label": "tp", "value": "2406588.113749598560", "units": "TDB", "title": "time of perihelion passage", "name": "tp", "sigma": 73.9647391692955}, {"label": "node", "units": "deg", "value": "241.5124266925931", "name": "om", "sigma": 0.00750312753467213, "title": "longitude of the ascending node"}, {"title": "argument of perihelion", "name": "w", "sigma": 0.222329064772462, "label": "peri", "units": "deg", "value": "330.9343207045402"}, {"units": "deg", "label": "i", "value": "4.485372126344587", "sigma": 0.000792520334263352, "name": "i", "title": "inclination"}], "epoch": "2456873.5", "data": [["6.831588311575348E-9", "-5.811681181486948E-7", ".002812957654544865", "5.306876457304595E-9", "6.767259674443157E-6", "-7.162313244066762E-10"], ["-5.811681181486948E-7", "5.267746382767986E-5", "-.1248431284626995", "-3.105802043545684E-7", "-.0002145784676930511", "4.801082661188991E-8"], [".002812957654544865", "-.1248431284626995", "5470.782640381909", ".007672490249490276", "16.35083456500689", "-.0008171268738991661"], ["5.306876457304595E-9", "-3.105802043545684E-7", ".007672490249490276", "5.629692280155515E-5", "-3.362335288678477E-5", "-5.941913751557483E-6"], ["6.767259674443157E-6", "-.0002145784676930511", "16.35083456500689", "-3.362335288678477E-5", ".04943021304259744", "3.575688991104264E-6"], ["-7.162313244066762E-10", "4.801082661188991E-8", "-.0008171268738991661", "-5.941913751557483E-6", "3.575688991104264E-6", "6.28088480220895E-7"]], "labels": ["e", "q", "tp", "node", "peri", "i"]}, "not_valid_before": null, "comment": null, "epoch": "2460200.5", "elements": [{"label": "e", "value": ".05808507796391233", "units": null, "title": "eccentricity", "sigma": "8.7527E-5", "name": "e"}, {"title": "semi-major axis", "name": "a", "sigma": ".0042139", "label": "a", "units": "au", "value": "44.05339625555479"}, {"units": "au", "label": "q", "value": "41.49455129947576", "sigma": ".0074678", "name": "q", "title": "perihelion distance"}, {"sigma": ".00078869", "name": "i", "title": "inclination; angle with respect to x-y ecliptic plane", "units": "deg", "label": "i", "value": "4.478511099015985"}, {"title": "longitude of the ascending node", "name": "om", "sigma": ".0074914", "label": "node", "value": "241.5198913637223", "units": "deg"}, {"label": "peri", "value": "333.3659519938329", "units": "deg", "title": "argument of perihelion", "name": "w", "sigma": ".25189"}, {"name": "ma", "sigma": ".28301", "title": "mean anomaly", "label": "M", "units": "deg", "value": "180.0942703552801"}, {"units": "TDB", "label": "tp", "value": "2513572.074432984555", "name": "tp", "sigma": "85.207", "title": "time of perihelion passage"}, {"units": "d", "label": "period", "value": "106799.082129391", "title": "sidereal orbital period", "sigma": "15.324", "name": "per"}, {"title": "mean motion", "name": "n", "sigma": "4.8365E-7", "label": "n", "value": ".003370815486633555", "units": "deg/d"}, {"label": "Q", "units": "au", "value": "46.61224121163382", "sigma": ".0044586", "name": "ad", "title": "aphelion distance"}]}, "signature": {"version": "1.3", "source": "NASA/JPL Small-Body Database (SBDB) API"}}