{"signature": {"version": "1.3", "source": "NASA/JPL Small-Body Database (SBDB) API"}, "orbit": {"first_obs": "2007-09-06", "condition_code": "4", "data_arc": "3758", "rms": ".34748", "not_valid_before": null, "t_jup": "5.459", "last_obs": "2017-12-20", "source": "JPL", "moid_jup": "34.2077", "soln_date": "2021-04-15 00:48:29", "producer": "Otto Matic", "elements": [{"value": ".1625541812509904", "label": "e", "sigma": ".00033533", "units": null, "title": "eccentricity", "name": "e"}, {"value": "46.52838533746264", "name": "a", "title": "semi-major axis", "sigma": ".018682", "units": "au", "label": "a"}, {"value": "38.96500175400082", "name": "q", "title": "perihelion distance", "sigma": ".0033357", "units": "au", "label": "q"}, {"value": "25.01669954571764", "label": "i", "sigma": ".00016322", "units": "deg", "title": "inclination; angle with respect to x-y ecliptic plane", "name": "i"}, {"sigma": ".0017521", "units": "deg", "label": "node", "name": "om", "title": "longitude of the ascending node", "value": "264.5256532941976"}, {"name": "w", "title": "argument of perihelion", "sigma": ".063526", "units": "deg", "label": "peri", "value": "53.72712919050522"}, {"sigma": ".039996", "units": "deg", "label": "M", "name": "ma", "title": "mean anomaly", "value": "34.32858568675957"}, {"value": "2449146.262029060912", "units": "TDB", "sigma": "13.872", "label": "tp", "name": "tp", "title": "time of perihelion passage"}, {"value": "115924.54480503", "sigma": "69.82", "units": "d", "label": "period", "name": "per", "title": "sidereal orbital period"}, {"value": ".003105468307902119", "name": "n", "title": "mean motion", "units": "deg/d", "sigma": "1.8704E-6", "label": "n"}, {"title": "aphelion distance", "name": "ad", "label": "Q", "sigma": ".021719", "units": "au", "value": "54.09176892092447"}], "not_valid_after": null, "n_del_obs_used": null, "n_dop_obs_used": null, "orbit_id": "6", "epoch": "2460200.5", "two_body": null, "n_obs_used": 24, "sb_used": "SB441-N16", "comment": null, "covariance": {"labels": ["e", "q", "tp", "node", "peri", "i"], "elements": [{"name": "e", "title": "eccentricity", "sigma": 0.000338574134540539, "units": null, "label": "e", "value": ".1620971060325478"}, {"label": "q", "sigma": 0.00352913483194723, "units": "au", "title": "perihelion distance", "name": "q", "value": "38.83330823048398"}, {"value": "2448641.266167510250", "units": "TDB", "sigma": 13.1495543017789, "label": "tp", "name": "tp", "title": "time of perihelion passage"}, {"name": "om", "title": "longitude of the ascending node", "units": "deg", "sigma": 0.00175395425201351, "label": "node", "value": "264.3229618630613"}, {"sigma": 0.0610444155615814, "units": "deg", "label": "peri", "name": "w", "title": "argument of perihelion", "value": "51.67263276388215"}, {"sigma": 0.000160639498533187, "units": "deg", "label": "i", "name": "i", "title": "inclination", "value": "25.01721930194428"}], "epoch": "2454687.5", "data": [["1.146324445798747E-7", "-1.637023799476094E-7", "-.002358340129012331", "-9.214009686413643E-8", "-1.124298848307031E-5", "-5.040508896007577E-10"], ["-1.637023799476094E-7", "1.245479266206318E-5", ".04213224141421312", "-6.043409177864872E-7", ".000194156151960951", "-4.25619660358349E-9"], ["-.002358340129012331", ".04213224141421312", "172.9107783354312", "-.0004016655497688244", ".8023081677599149", "-5.217170695331949E-6"], ["-9.214009686413643E-8", "-6.043409177864872E-7", "-.0004016655497688244", "3.076355518156269E-6", "-4.210396972285282E-6", "2.680768106157739E-7"], ["-1.124298848307031E-5", ".000194156151960951", ".8023081677599149", "-4.210396972285282E-6", ".003726420671255045", "-2.645294337210666E-7"], ["-5.040508896007577E-10", "-4.25619660358349E-9", "-5.217170695331949E-6", "2.680768106157739E-7", "-2.645294337210666E-7", "2.580504848899365E-8"]]}, "pe_used": "DE441", "equinox": "J2000", "moid": "38.0122", "model_pars": []}, "object": {"spkid": "3715700", "kind": "au", "des": "2007 RX326", "prefix": null, "orbit_class": {"name": "TransNeptunian Object", "code": "TNO"}, "orbit_id": "6", "neo": false, "fullname": "(2007 RX326)", "pha": false}}