{"object": {"prefix": null, "orbit_class": {"name": "TransNeptunian Object", "code": "TNO"}, "orbit_id": "1", "neo": false, "fullname": "(2014 VP43)", "pha": false, "spkid": "54198952", "kind": "au", "des": "2014 VP43"}, "orbit": {"first_obs": "2014-11-15", "condition_code": "3", "data_arc": "1476", "rms": ".16298", "not_valid_before": null, "t_jup": "5.975", "last_obs": "2018-11-30", "source": "JPL", "moid_jup": "36.4397", "soln_date": "2021-09-21 14:12:06", "producer": "Otto Matic", "elements": [{"units": null, "sigma": ".00026849", "label": "e", "name": "e", "title": "eccentricity", "value": ".7025484998810266"}, {"value": "137.699807524669", "title": "semi-major axis", "name": "a", "label": "a", "sigma": ".11043", "units": "au"}, {"title": "perihelion distance", "name": "q", "label": "q", "units": "au", "sigma": ".0099405", "value": "40.95901431430669"}, {"value": "35.81812443471935", "name": "i", "title": "inclination; angle with respect to x-y ecliptic plane", "sigma": ".00023531", "units": "deg", "label": "i"}, {"value": "59.35243300632094", "label": "node", "units": "deg", "sigma": ".0011771", "title": "longitude of the ascending node", "name": "om"}, {"value": "314.3188767193454", "title": "argument of perihelion", "name": "w", "label": "peri", "sigma": ".060931", "units": "deg"}, {"title": "mean anomaly", "name": "ma", "label": "M", "sigma": ".0063667", "units": "deg", "value": "358.3326516903049"}, {"name": "tp", "title": "time of perihelion passage", "units": "TDB", "sigma": "11.317", "label": "tp", "value": "2462934.020023366377"}, {"title": "sidereal orbital period", "name": "per", "label": "period", "units": "d", "sigma": "710.", "value": "590198.9420505804"}, {"title": "mean motion", "name": "n", "label": "n", "sigma": "7.3377E-7", "units": "deg/d", "value": ".0006099638178767657"}, {"value": "234.4406007350313", "label": "Q", "sigma": ".18802", "units": "au", "title": "aphelion distance", "name": "ad"}], "n_del_obs_used": null, "not_valid_after": null, "orbit_id": "1", "n_dop_obs_used": null, "epoch": "2460200.5", "n_obs_used": 21, "two_body": null, "sb_used": "SB441-N16", "comment": null, "covariance": {"epoch": "2457551.5", "data": [["7.208598762224223E-8", "-1.430341244473384E-6", ".001946777770827029", "9.647277524889858E-10", "1.050635050231901E-5", "2.994396032250341E-10"], ["-1.430341244473384E-6", ".0001001282236215555", "-.114495849122483", "-4.638219948014456E-7", "-.0006137384376025056", "1.890890353635126E-7"], [".001946777770827029", "-.114495849122483", "132.9925537570324", ".0004940893734117284", ".7131479598740442", "-.0001970139309721537"], ["9.647277524889858E-10", "-4.638219948014456E-7", ".0004940893734117284", "1.390530940277318E-6", "1.518099223167808E-6", "-2.776301708943895E-7"], ["1.050635050231901E-5", "-.0006137384376025056", ".7131479598740442", "1.518099223167808E-6", ".003825277276638703", "-8.289402573754702E-7"], ["2.994396032250341E-10", "1.890890353635126E-7", "-.0001970139309721537", "-2.776301708943895E-7", "-8.289402573754702E-7", "5.659972707730192E-8"]], "elements": [{"sigma": 0.000268488337963201, "units": null, "label": "e", "name": "e", "title": "eccentricity", "value": ".6886277268889162"}, {"label": "q", "sigma": 0.0100064091272322, "units": "au", "title": "perihelion distance", "name": "q", "value": "40.94312236832313"}, {"value": "2462977.526700322427", "title": "time of perihelion passage", "name": "tp", "label": "tp", "units": "TDB", "sigma": 11.5322397545764}, {"value": "59.1878574693461", "label": "node", "sigma": 0.00117920775959002, "units": "deg", "title": "longitude of the ascending node", "name": "om"}, {"units": "deg", "sigma": 0.0618488259924043, "label": "peri", "name": "w", "title": "argument of perihelion", "value": "314.5839368002527"}, {"value": "35.87288894046211", "name": "i", "title": "inclination", "units": "deg", "sigma": 0.000237906971476882, "label": "i"}], "labels": ["e", "q", "tp", "node", "peri", "i"]}, "pe_used": "DE441", "moid": "40.0538", "equinox": "J2000", "model_pars": []}, "signature": {"version": "1.3", "source": "NASA/JPL Small-Body Database (SBDB) API"}}