{"signature": {"version": "1.3", "source": "NASA/JPL Small-Body Database (SBDB) API"}, "orbit": {"soln_date": "2021-11-09 11:42:05", "moid_jup": "30.7003", "equinox": "J2000", "not_valid_after": null, "condition_code": "2", "model_pars": [], "t_jup": "5.749", "last_obs": "2021-10-03", "producer": "Otto Matic", "orbit_id": "13", "two_body": null, "pe_used": "DE441", "data_arc": "4642", "first_obs": "2009-01-17", "n_del_obs_used": null, "n_dop_obs_used": null, "rms": ".77633", "covariance": {"data": [["3.382208853306417E-10", "3.073319497098459E-9", "9.976882639921126E-7", "-2.128734600840329E-11", "5.200513879865935E-9", "2.249624625277862E-11"], ["3.073319497098459E-9", "2.880262761744119E-8", "-9.179601116097138E-7", "-1.18119625142996E-10", "-4.610059815278412E-9", "2.30785441264761E-10"], ["9.976882639921126E-7", "-9.179601116097138E-7", ".1935079251263317", "-1.510682454776814E-6", ".001004680237064431", "-3.789925647026379E-7"], ["-2.128734600840329E-11", "-1.18119625142996E-10", "-1.510682454776814E-6", "1.418928043068607E-8", "-2.147662749202598E-8", "3.753356049729877E-9"], ["5.200513879865935E-9", "-4.610059815278412E-9", ".001004680237064431", "-2.147662749202598E-8", "5.229367384660738E-6", "-5.573812735882828E-9"], ["2.249624625277862E-11", "2.30785441264761E-10", "-3.789925647026379E-7", "3.753356049729877E-9", "-5.573812735882828E-9", "1.036720369158598E-9"]], "labels": ["e", "q", "tp", "node", "peri", "i"], "epoch": "2457953.5", "elements": [{"label": "e", "value": ".2465059163365846", "units": null, "name": "e", "sigma": 1.83907826187643e-05, "title": "eccentricity"}, {"label": "q", "value": "35.55089550378403", "units": "au", "title": "perihelion distance", "name": "q", "sigma": 0.000169713369000327}, {"units": "TDB", "label": "tp", "value": "2458421.693644122452", "sigma": 0.439895357018384, "name": "tp", "title": "time of perihelion passage"}, {"label": "node", "value": "4.083353504340302", "units": "deg", "title": "longitude of the ascending node", "name": "om", "sigma": 0.000119118766072714}, {"label": "peri", "value": "47.84661588368252", "units": "deg", "title": "argument of perihelion", "name": "w", "sigma": 0.00228678100933621}, {"name": "i", "sigma": 3.21981423246528e-05, "title": "inclination", "value": "15.93040466695357", "label": "i", "units": "deg"}]}, "sb_used": "SB441-N16", "source": "JPL", "n_obs_used": 157, "moid": "34.5885", "not_valid_before": null, "comment": null, "epoch": "2460200.5", "elements": [{"title": "eccentricity", "sigma": "1.8498E-5", "name": "e", "label": "e", "value": ".2580651815140351", "units": null}, {"title": "semi-major axis", "sigma": ".001421", "name": "a", "label": "a", "value": "47.92579652638443", "units": "au"}, {"name": "q", "sigma": ".0001697", "title": "perihelion distance", "label": "q", "units": "au", "value": "35.55781714659832"}, {"label": "i", "units": "deg", "value": "15.88603150789386", "title": "inclination; angle with respect to x-y ecliptic plane", "sigma": "3.1979E-5", "name": "i"}, {"value": "3.894255507405835", "label": "node", "units": "deg", "name": "om", "sigma": ".00011919", "title": "longitude of the ascending node"}, {"title": "argument of perihelion", "sigma": ".0021973", "name": "w", "label": "peri", "units": "deg", "value": "47.71406919221141"}, {"title": "mean anomaly", "sigma": ".0012991", "name": "ma", "units": "deg", "label": "M", "value": "5.449854038150725"}, {"units": "TDB", "label": "tp", "value": "2458365.927807854556", "sigma": ".42091", "name": "tp", "title": "time of perihelion passage"}, {"units": "d", "label": "period", "value": "121185.9959090696", "title": "sidereal orbital period", "sigma": "5.3896", "name": "per"}, {"sigma": "1.3212E-7", "name": "n", "title": "mean motion", "value": ".002970640273238515", "label": "n", "units": "deg/d"}, {"label": "Q", "units": "au", "value": "60.29377590617054", "name": "ad", "sigma": ".0017877", "title": "aphelion distance"}]}, "object": {"spkid": "3695677", "neo": false, "kind": "au", "orbit_id": "13", "pha": false, "orbit_class": {"name": "TransNeptunian Object", "code": "TNO"}, "prefix": null, "des": "2014 UH192", "fullname": "(2014 UH192)"}}