{"signature": {"version": "1.3", "source": "NASA/JPL Small-Body Database (SBDB) API"}, "orbit": {"producer": "Otto Matic", "last_obs": "2017-08-30", "t_jup": "5.475", "not_valid_after": null, "condition_code": "4", "equinox": "J2000", "model_pars": [], "moid_jup": "24.9372", "soln_date": "2021-04-15 08:53:26", "not_valid_before": null, "elements": [{"value": ".2320325225387481", "label": "e", "units": null, "title": "eccentricity", "name": "e", "sigma": ".00031651"}, {"value": "39.48709835333113", "label": "a", "units": "au", "sigma": ".0074679", "name": "a", "title": "semi-major axis"}, {"units": "au", "label": "q", "value": "30.32480731467207", "sigma": ".0090213", "name": "q", "title": "perihelion distance"}, {"name": "i", "sigma": ".00083773", "title": "inclination; angle with respect to x-y ecliptic plane", "value": "4.40013520303977", "label": "i", "units": "deg"}, {"title": "longitude of the ascending node", "sigma": ".0045519", "name": "om", "label": "node", "units": "deg", "value": "37.33717209360914"}, {"label": "peri", "value": "200.6619879524559", "units": "deg", "title": "argument of perihelion", "sigma": ".08882", "name": "w"}, {"label": "M", "units": "deg", "value": "129.1685287260689", "title": "mean anomaly", "name": "ma", "sigma": ".15238"}, {"name": "tp", "sigma": "30.274", "title": "time of perihelion passage", "label": "tp", "value": "2427681.628106462656", "units": "TDB"}, {"units": "d", "label": "period", "value": "90631.93640999311", "title": "sidereal orbital period", "name": "per", "sigma": "25.711"}, {"title": "mean motion", "name": "n", "sigma": "1.1268E-6", "label": "n", "value": ".003972109769027359", "units": "deg/d"}, {"name": "ad", "sigma": ".0092007", "title": "aphelion distance", "units": "au", "label": "Q", "value": "48.6493893919902"}], "comment": null, "epoch": "2460200.5", "source": "JPL", "sb_used": "SB441-N16", "n_obs_used": 44, "moid": "29.3125", "covariance": {"epoch": "2456888.5", "elements": [{"sigma": 0.000305260903308557, "name": "e", "title": "eccentricity", "label": "e", "value": ".2373487098922173", "units": null}, {"title": "perihelion distance", "sigma": 0.00866883173624178, "name": "q", "value": "29.87261524018653", "label": "q", "units": "au"}, {"value": "2427607.095225545378", "label": "tp", "units": "TDB", "name": "tp", "sigma": 29.8640010711518, "title": "time of perihelion passage"}, {"label": "node", "units": "deg", "value": "37.27281501394026", "title": "longitude of the ascending node", "sigma": 0.00453484282040059, "name": "om"}, {"label": "peri", "value": "199.0926726466881", "units": "deg", "sigma": 0.088314440817633, "name": "w", "title": "argument of perihelion"}, {"sigma": 0.000842533694368345, "name": "i", "title": "inclination", "units": "deg", "label": "i", "value": "4.419527259558553"}], "data": [["9.318421908875615E-8", "-2.388601836037698E-6", ".009005187108251237", "4.890945836584633E-8", "2.53322680238716E-5", "-9.348291901744793E-9"], ["-2.388601836037698E-6", "7.51486436712727E-5", "-.2137077389337232", "-8.7113959318191E-7", "-.0005381900986241375", "1.75677436064831E-7"], [".009005187108251237", "-.2137077389337232", "891.8585599777564", ".005185111726935566", "2.586434471556468", "-.0009802364816103892"], ["4.890945836584633E-8", "-8.7113959318191E-7", ".005185111726935566", "2.056479940573879E-5", "-4.152446872821809E-6", "-3.812966450786063E-6"], ["2.53322680238716E-5", "-.0005381900986241375", "2.586434471556468", "-4.152446872821809E-6", ".007799440456931198", "7.484587721381925E-7"], ["-9.348291901744793E-9", "1.75677436064831E-7", "-.0009802364816103892", "-3.812966450786063E-6", "7.484587721381925E-7", "7.098630261459713E-7"]], "labels": ["e", "q", "tp", "node", "peri", "i"]}, "n_del_obs_used": null, "first_obs": "2013-08-02", "data_arc": "1489", "rms": ".23135", "n_dop_obs_used": null, "orbit_id": "2", "pe_used": "DE441", "two_body": null}, "object": {"spkid": "3787129", "neo": false, "fullname": "(2013 UX16)", "prefix": null, "des": "2013 UX16", "pha": false, "kind": "au", "orbit_id": "2", "orbit_class": {"code": "TNO", "name": "TransNeptunian Object"}}}