{"signature": {"version": "1.3", "source": "NASA/JPL Small-Body Database (SBDB) API"}, "object": {"des": "612149", "prefix": null, "fullname": "612149 (2000 CJ105)", "orbit_class": {"code": "TNO", "name": "TransNeptunian Object"}, "orbit_id": "15", "kind": "an", "pha": false, "neo": false, "spkid": "20612149"}, "orbit": {"covariance": {"labels": ["e", "q", "tp", "node", "peri", "i"], "data": [["6.369407595589176E-10", "-5.681002257909852E-8", "4.734425508207514E-5", "2.228966563050579E-10", "-3.247495019920362E-8", "7.818565724415068E-11"], ["-5.681002257909852E-8", "5.399704263495519E-6", "-.002341102856048979", "-2.106119909692767E-8", "9.705093966057562E-6", "-7.225434429085184E-9"], ["4.734425508207514E-5", "-.002341102856048979", "14.3605639248891", "1.048150892683485E-5", ".03664948832841917", "4.596311603180437E-6"], ["2.228966563050579E-10", "-2.106119909692767E-8", "1.048150892683485E-5", "7.591952030062944E-8", "-1.081747667353548E-7", "3.478800588405241E-8"], ["-3.247495019920362E-8", "9.705093966057562E-6", ".03664948832841917", "-1.081747667353548E-7", ".0001426152505717828", "-4.261111762897706E-8"], ["7.818565724415068E-11", "-7.225434429085184E-9", "4.596311603180437E-6", "3.478800588405241E-8", "-4.261111762897706E-8", "1.61550621957236E-8"]], "elements": [{"name": "e", "sigma": 2.52376853050932e-05, "title": "eccentricity", "units": null, "label": "e", "value": ".1022923914161134"}, {"units": "au", "label": "q", "value": "39.86811279539339", "title": "perihelion distance", "sigma": 0.00232372637448894, "name": "q"}, {"label": "tp", "units": "TDB", "value": "2412630.947164219491", "title": "time of perihelion passage", "name": "tp", "sigma": 3.78953347061206}, {"label": "node", "units": "deg", "value": "154.1363137266917", "name": "om", "sigma": 0.000275534971102816, "title": "longitude of the ascending node"}, {"name": "w", "sigma": 0.0119421627258961, "title": "argument of perihelion", "label": "peri", "value": "229.6124672761913", "units": "deg"}, {"units": "deg", "label": "i", "value": "11.5647930265521", "sigma": 0.000127102565653584, "name": "i", "title": "inclination"}], "epoch": "2457150.5"}, "source": "JPL", "n_obs_used": 120, "sb_used": "SB441-N16", "moid": "38.0139", "elements": [{"title": "eccentricity", "sigma": "2.5124E-5", "name": "e", "label": "e", "units": null, "value": ".1125504761557245"}, {"label": "a", "units": "au", "value": "43.94679093333069", "name": "a", "sigma": ".0013806", "title": "semi-major axis"}, {"value": "39.00055868826824", "label": "q", "units": "au", "name": "q", "sigma": ".0022728", "title": "perihelion distance"}, {"title": "inclination; angle with respect to x-y ecliptic plane", "name": "i", "sigma": ".00012796", "label": "i", "units": "deg", "value": "11.61773048666512"}, {"value": "154.2658317286185", "label": "node", "units": "deg", "title": "longitude of the ascending node", "name": "om", "sigma": ".00027482"}, {"sigma": ".010732", "name": "w", "title": "argument of perihelion", "label": "peri", "units": "deg", "value": "227.2897140007221"}, {"title": "mean anomaly", "name": "ma", "sigma": ".013224", "value": "160.6768849296912", "label": "M", "units": "deg"}, {"name": "tp", "sigma": "3.5374", "title": "time of perihelion passage", "value": "2412706.354212946077", "label": "tp", "units": "TDB"}, {"sigma": "5.0143", "name": "per", "title": "sidereal orbital period", "units": "d", "label": "period", "value": "106411.6502558603"}, {"name": "n", "sigma": "1.5942E-7", "title": "mean motion", "label": "n", "units": "deg/d", "value": ".00338308821575835"}, {"title": "aphelion distance", "name": "ad", "sigma": ".001536", "units": "au", "label": "Q", "value": "48.89302317839314"}], "comment": null, "epoch": "2460200.5", "not_valid_before": null, "two_body": null, "pe_used": "DE441", "orbit_id": "15", "n_dop_obs_used": null, "rms": ".64989", "data_arc": "6639", "first_obs": "2000-02-05", "n_del_obs_used": null, "t_jup": "5.775", "producer": "Otto Matic", "last_obs": "2018-04-10", "soln_date": "2022-04-13 12:12:38", "moid_jup": "34.092", "model_pars": [], "equinox": "J2000", "not_valid_after": null, "condition_code": "3"}}