{"signature": {"version": "1.3", "source": "NASA/JPL Small-Body Database (SBDB) API"}, "orbit": {"t_jup": "5.901", "producer": "Otto Matic", "last_obs": "2016-05-29", "moid_jup": "35.6725", "soln_date": "2021-04-14 21:05:57", "model_pars": [], "not_valid_after": null, "condition_code": "5", "equinox": "J2000", "source": "JPL", "sb_used": "SB441-N16", "n_obs_used": 13, "moid": "39.8656", "covariance": {"data": [["4.114907387407198E-7", "-7.677556296733353E-5", "-.2180053582546744", "-1.096889859332328E-7", "-.0009622272239851406", "-8.993037760821143E-9"], ["-7.677556296733353E-5", ".01469518681861271", "42.51748314671602", "2.482638208284091E-5", ".1868340156511529", "1.748885340324402E-6"], ["-.2180053582546744", "42.51748314671602", "124664.7443982364", ".07981086072124656", "546.1143674713869", ".005117049749502906"], ["-1.096889859332328E-7", "2.482638208284091E-5", ".07981086072124656", ".001931953081663138", "-.001589074534543431", "9.639167883517596E-6"], ["-.0009622272239851406", ".1868340156511529", "546.1143674713869", "-.001589074534543431", "2.396000717570458", "1.279273877723465E-5"], ["-8.993037760821143E-9", "1.748885340324402E-6", ".005117049749502906", "9.639167883517596E-6", "1.279273877723465E-5", "5.713655209974207E-8"]], "labels": ["e", "q", "tp", "node", "peri", "i"], "elements": [{"label": "e", "units": null, "value": ".0590749714328755", "sigma": 0.000641475438922427, "name": "e", "title": "eccentricity"}, {"title": "perihelion distance", "name": "q", "sigma": 0.121223705679264, "label": "q", "value": "41.5398957787053", "units": "au"}, {"title": "time of perihelion passage", "name": "tp", "sigma": 353.078949242569, "units": "TDB", "label": "tp", "value": "2420731.233693092392"}, {"value": "149.2409959453276", "label": "node", "units": "deg", "sigma": 0.0439539882338695, "name": "om", "title": "longitude of the ascending node"}, {"value": "316.0998817645522", "label": "peri", "units": "deg", "name": "w", "sigma": 1.54790203745924, "title": "argument of perihelion"}, {"name": "i", "sigma": 0.000239032533559225, "title": "inclination", "units": "deg", "label": "i", "value": "1.012990896276052"}], "epoch": "2454041.5"}, "comment": null, "elements": [{"title": "eccentricity", "sigma": ".00087051", "name": "e", "label": "e", "value": ".06471340748312654", "units": null}, {"title": "semi-major axis", "sigma": ".096779", "name": "a", "value": "43.67644023886677", "label": "a", "units": "au"}, {"label": "q", "value": "40.84998896427656", "units": "au", "sigma": ".12828", "name": "q", "title": "perihelion distance"}, {"title": "inclination; angle with respect to x-y ecliptic plane", "sigma": ".00024243", "name": "i", "label": "i", "value": "1.013200216630237", "units": "deg"}, {"title": "longitude of the ascending node", "name": "om", "sigma": ".044162", "label": "node", "units": "deg", "value": "149.4856831052979"}, {"name": "w", "sigma": "1.2994", "title": "argument of perihelion", "units": "deg", "label": "peri", "value": "306.8868549082561"}, {"title": "mean anomaly", "name": "ma", "sigma": "1.3845", "label": "M", "units": "deg", "value": "141.9972957063542"}, {"value": "2418614.528479146211", "label": "tp", "units": "TDB", "name": "tp", "sigma": "267.71", "title": "time of perihelion passage"}, {"label": "period", "units": "d", "value": "105431.2314402579", "title": "sidereal orbital period", "sigma": "350.43", "name": "per"}, {"value": ".003414547995714081", "label": "n", "units": "deg/d", "title": "mean motion", "sigma": "1.1349E-5", "name": "n"}, {"title": "aphelion distance", "sigma": ".10304", "name": "ad", "value": "46.50289151345699", "label": "Q", "units": "au"}], "epoch": "2460200.5", "not_valid_before": null, "pe_used": "DE441", "two_body": null, "orbit_id": "5", "n_dop_obs_used": null, "rms": ".10187", "n_del_obs_used": null, "first_obs": "2001-04-26", "data_arc": "5512"}, "object": {"neo": false, "spkid": "3078287", "orbit_class": {"name": "TransNeptunian Object", "code": "TNO"}, "pha": false, "kind": "au", "orbit_id": "5", "fullname": "(2001 HA59)", "prefix": null, "des": "2001 HA59"}}