{"object": {"kind": "au", "des": "2015 KH173", "spkid": "3830922", "neo": false, "fullname": "(2015 KH173)", "prefix": null, "orbit_id": "2", "orbit_class": {"code": "TNO", "name": "TransNeptunian Object"}, "pha": false}, "signature": {"version": "1.3", "source": "NASA/JPL Small-Body Database (SBDB) API"}, "orbit": {"covariance": {"epoch": "2457246.5", "data": [["3.676724540432978E-8", "-5.597547201811333E-7", "-.0008976057132097541", "7.691284665201202E-9", "-7.556862930825669E-6", "1.596513462273709E-9"], ["-5.597547201811333E-7", "1.55992268050325E-5", ".02423153088026", "-8.133179364753105E-7", ".0002010447626619967", "-1.301085775540717E-7"], ["-.0008976057132097541", ".02423153088026", "37.8275067545559", "-.001207588950525874", ".3138209050255973", "-.0001940923946105849"], ["7.691284665201202E-9", "-8.133179364753105E-7", "-.001207588950525874", "1.072898487449724E-5", "-2.041159366283394E-5", "1.862080917434528E-6"], ["-7.556862930825669E-6", ".0002010447626619967", ".3138209050255973", "-2.041159366283394E-5", ".002614886831513373", "-3.418974143418779E-6"], ["1.596513462273709E-9", "-1.301085775540717E-7", "-.0001940923946105849", "1.862080917434528E-6", "-3.418974143418779E-6", "3.245167380291125E-7"]], "labels": ["e", "q", "tp", "node", "peri", "i"], "elements": [{"title": "eccentricity", "name": "e", "label": "e", "sigma": 0.0001917478693606, "units": null, "value": ".2905646620077634"}, {"title": "perihelion distance", "name": "q", "label": "q", "sigma": 0.00394958564979068, "units": "au", "value": "28.16608999422214"}, {"value": "2452549.485698893807", "label": "tp", "units": "TDB", "sigma": 6.1504070397459, "title": "time of perihelion passage", "name": "tp"}, {"title": "longitude of the ascending node", "name": "om", "label": "node", "units": "deg", "sigma": 0.00327551291777292, "value": "193.6514761029439"}, {"value": "9.835452792545681", "name": "w", "title": "argument of perihelion", "units": "deg", "sigma": 0.0511359641691967, "label": "peri"}, {"units": "deg", "sigma": 0.000569663706083785, "label": "i", "name": "i", "title": "inclination", "value": "9.69794834953203"}]}, "comment": null, "sb_used": "SB441-N16", "pe_used": "DE441", "model_pars": [], "moid": "27.1845", "equinox": "J2000", "elements": [{"name": "e", "title": "eccentricity", "sigma": ".00019112", "units": null, "label": "e", "value": ".2835257656930291"}, {"units": "au", "sigma": ".0073958", "label": "a", "name": "a", "title": "semi-major axis", "value": "39.34313624589898"}, {"value": "28.1883434170153", "sigma": ".0039773", "units": "au", "label": "q", "name": "q", "title": "perihelion distance"}, {"label": "i", "units": "deg", "sigma": ".00057251", "title": "inclination; angle with respect to x-y ecliptic plane", "name": "i", "value": "9.719098606262257"}, {"label": "node", "units": "deg", "sigma": ".0032695", "title": "longitude of the ascending node", "name": "om", "value": "193.8485089041654"}, {"value": "9.600732829936057", "title": "argument of perihelion", "name": "w", "label": "peri", "units": "deg", "sigma": ".052307"}, {"value": "30.67925682079677", "sigma": ".023837", "units": "deg", "label": "M", "name": "ma", "title": "mean anomaly"}, {"value": "2452519.031988310590", "label": "tp", "sigma": "6.326", "units": "TDB", "title": "time of perihelion passage", "name": "tp"}, {"value": "90136.74941218374", "title": "sidereal orbital period", "name": "per", "label": "period", "units": "d", "sigma": "25.416"}, {"value": ".003993931469103311", "title": "mean motion", "name": "n", "label": "n", "sigma": "1.1262E-6", "units": "deg/d"}, {"value": "50.49792907478265", "title": "aphelion distance", "name": "ad", "label": "Q", "sigma": ".0094926", "units": "au"}], "producer": "Otto Matic", "soln_date": "2021-04-15 13:49:20", "not_valid_after": null, "n_del_obs_used": null, "epoch": "2460200.5", "n_dop_obs_used": null, "orbit_id": "2", "two_body": null, "n_obs_used": 29, "last_obs": "2017-03-30", "source": "JPL", "moid_jup": "22.7272", "data_arc": "1035", "condition_code": "4", "first_obs": "2014-05-30", "not_valid_before": null, "rms": ".16189", "t_jup": "5.330"}}