{"signature": {"version": "1.3", "source": "NASA/JPL Small-Body Database (SBDB) API"}, "object": {"orbit_class": {"code": "TNO", "name": "TransNeptunian Object"}, "kind": "au", "orbit_id": "2", "pha": false, "prefix": null, "des": "2014 UP228", "fullname": "(2014 UP228)", "neo": false, "spkid": "3790081"}, "orbit": {"not_valid_before": null, "epoch": "2460200.5", "comment": null, "elements": [{"name": "e", "sigma": ".00041814", "title": "eccentricity", "label": "e", "units": null, "value": ".1234044726541376"}, {"title": "semi-major axis", "sigma": ".0050182", "name": "a", "units": "au", "label": "a", "value": "42.75997606740717"}, {"value": "37.48320377010525", "label": "q", "units": "au", "name": "q", "sigma": ".017266", "title": "perihelion distance"}, {"title": "inclination; angle with respect to x-y ecliptic plane", "sigma": ".00087712", "name": "i", "units": "deg", "label": "i", "value": "3.401500619149557"}, {"title": "longitude of the ascending node", "sigma": ".017081", "name": "om", "units": "deg", "label": "node", "value": "339.3998261196166"}, {"label": "peri", "units": "deg", "value": "188.7307746785353", "name": "w", "sigma": ".19149", "title": "argument of perihelion"}, {"label": "M", "units": "deg", "value": "241.9577925357765", "title": "mean anomaly", "name": "ma", "sigma": ".26041"}, {"sigma": "71.118", "name": "tp", "title": "time of perihelion passage", "label": "tp", "units": "TDB", "value": "2493688.516793666313"}, {"name": "per", "sigma": "17.979", "title": "sidereal orbital period", "value": "102130.2998706945", "label": "period", "units": "d"}, {"label": "n", "value": ".003524908870881513", "units": "deg/d", "title": "mean motion", "name": "n", "sigma": "6.2051E-7"}, {"sigma": ".0056375", "name": "ad", "title": "aphelion distance", "label": "Q", "value": "48.0367483647091", "units": "au"}], "source": "JPL", "sb_used": "SB441-N16", "n_obs_used": 35, "moid": "36.4888", "covariance": {"labels": ["e", "q", "tp", "node", "peri", "i"], "data": [["1.631557307432064E-7", "-6.449068397389448E-6", "-.02732726813136943", "-2.465514456841817E-8", "-7.141558322774943E-5", "-1.304594164187915E-9"], ["-6.449068397389448E-6", ".0002723642131153556", "1.026516746647742", "5.727475312446776E-7", ".002587994681799389", "3.494465075271662E-8"], ["-.02732726813136943", "1.026516746647742", "4746.403291870316", ".005297013920291157", "12.69650123016229", ".0002669351978437383"], ["-2.465514456841817E-8", "5.727475312446776E-7", ".005297013920291157", ".0002902408444487167", "-.0002737136599148846", "1.505833678521814E-5"], ["-7.141558322774943E-5", ".002587994681799389", "12.69650123016229", "-.0002737136599148846", ".03474783623222768", "-1.424419703307613E-5"], ["-1.304594164187915E-9", "3.494465075271662E-8", ".0002669351978437383", "1.505833678521814E-5", "-1.424419703307613E-5", "7.822063547168938E-7"]], "epoch": "2456875.5", "elements": [{"sigma": 0.000403925402448529, "name": "e", "title": "eccentricity", "label": "e", "value": ".1299962046536026", "units": null}, {"title": "perihelion distance", "name": "q", "sigma": 0.0165034606405855, "label": "q", "units": "au", "value": "36.94961264055234"}, {"label": "tp", "value": "2493732.209618239016", "units": "TDB", "sigma": 68.8941455558476, "name": "tp", "title": "time of perihelion passage"}, {"label": "node", "units": "deg", "value": "339.6516892489381", "title": "longitude of the ascending node", "sigma": 0.0170364563348343, "name": "om"}, {"sigma": 0.186407715055541, "name": "w", "title": "argument of perihelion", "value": "190.2233756815383", "label": "peri", "units": "deg"}, {"title": "inclination", "name": "i", "sigma": 0.000884424306945989, "label": "i", "units": "deg", "value": "3.413566598078099"}]}, "first_obs": "2013-08-09", "n_del_obs_used": null, "data_arc": "1482", "n_dop_obs_used": null, "rms": ".1761", "orbit_id": "2", "pe_used": "DE441", "two_body": null, "producer": "Otto Matic", "last_obs": "2017-08-30", "t_jup": "5.801", "not_valid_after": null, "equinox": "J2000", "condition_code": "4", "model_pars": [], "moid_jup": "32.0483", "soln_date": "2021-04-15 11:41:17"}}