{"orbit": {"t_jup": "6.264", "not_valid_before": null, "rms": ".23508", "first_obs": "2013-09-30", "condition_code": "4", "data_arc": "1865", "moid_jup": "33.7868", "source": "JPL", "last_obs": "2018-11-08", "two_body": null, "n_obs_used": 13, "orbit_id": "1", "n_dop_obs_used": null, "epoch": "2460200.5", "not_valid_after": null, "n_del_obs_used": null, "soln_date": "2021-09-14 12:42:06", "producer": "Otto Matic", "elements": [{"label": "e", "sigma": ".00029345", "units": null, "title": "eccentricity", "name": "e", "value": ".2765945746910813"}, {"title": "semi-major axis", "name": "a", "label": "a", "sigma": ".021869", "units": "au", "value": "53.64180783657669"}, {"title": "perihelion distance", "name": "q", "label": "q", "sigma": ".0084411", "units": "au", "value": "38.80477481235805"}, {"value": "1.992407738262943", "label": "i", "units": "deg", "sigma": ".00069947", "title": "inclination; angle with respect to x-y ecliptic plane", "name": "i"}, {"value": "198.8286382053589", "label": "node", "sigma": ".0049757", "units": "deg", "title": "longitude of the ascending node", "name": "om"}, {"sigma": ".076256", "units": "deg", "label": "peri", "name": "w", "title": "argument of perihelion", "value": "130.9827335356874"}, {"name": "ma", "title": "mean anomaly", "units": "deg", "sigma": ".043827", "label": "M", "value": "26.57554275949861"}, {"label": "tp", "units": "TDB", "sigma": "15.12", "title": "time of perihelion passage", "name": "tp", "value": "2449607.153495333045"}, {"value": "143500.540184341", "name": "per", "title": "sidereal orbital period", "sigma": "87.755", "units": "d", "label": "period"}, {"label": "n", "sigma": "1.5342E-6", "units": "deg/d", "title": "mean motion", "name": "n", "value": ".002508701357761744"}, {"label": "Q", "units": "au", "sigma": ".027918", "title": "aphelion distance", "name": "ad", "value": "68.47884086079533"}], "equinox": "J2000", "moid": "37.7937", "model_pars": [], "pe_used": "DE441", "sb_used": "SB441-N16", "comment": null, "covariance": {"data": [["8.757589511803386E-8", "-7.725141967037303E-7", "-.001648759612802795", "-4.537453852816016E-9", "-8.94936251865389E-6", "1.327549301018694E-10"], ["-7.725141967037303E-7", "7.729324335911603E-5", ".1339656442718446", "1.299926138118314E-7", ".0006790204700746462", "-3.383119513255633E-8"], ["-.001648759612802795", ".1339656442718446", "233.7961449160049", ".0002383903267908053", "1.186982657214023", "-5.774327397446807E-5"], ["-4.537453852816016E-9", "1.299926138118314E-7", ".0002383903267908053", "2.456123040683031E-5", "-2.331397465385569E-5", "-3.396116105462072E-6"], ["-8.94936251865389E-6", ".0006790204700746462", "1.186982657214023", "-2.331397465385569E-5", ".006055505061680221", "3.102756112671158E-6"], ["1.327549301018694E-10", "-3.383119513255633E-8", "-5.774327397446807E-5", "-3.396116105462072E-6", "3.102756112671158E-6", "4.945298296716193E-7"]], "epoch": "2457518.5", "elements": [{"units": null, "sigma": 0.000295932247512896, "label": "e", "name": "e", "title": "eccentricity", "value": ".2667822031391152"}, {"value": "38.66722270672686", "label": "q", "sigma": 0.00879165760019782, "units": "au", "title": "perihelion distance", "name": "q"}, {"label": "tp", "sigma": 15.2903938770721, "units": "TDB", "title": "time of perihelion passage", "name": "tp", "value": "2449191.519961779888"}, {"sigma": 0.00495592881373717, "units": "deg", "label": "node", "name": "om", "title": "longitude of the ascending node", "value": "198.8051281195636"}, {"name": "w", "title": "argument of perihelion", "units": "deg", "sigma": 0.0778171257608518, "label": "peri", "value": "129.1933284298464"}, {"sigma": 0.00070322814908934, "units": "deg", "label": "i", "name": "i", "title": "inclination", "value": "2.003241574171493"}], "labels": ["e", "q", "tp", "node", "peri", "i"]}}, "signature": {"version": "1.3", "source": "NASA/JPL Small-Body Database (SBDB) API"}, "object": {"spkid": "54196801", "kind": "au", "des": "2013 SX112", "pha": false, "prefix": null, "orbit_class": {"code": "TNO", "name": "TransNeptunian Object"}, "orbit_id": "1", "fullname": "(2013 SX112)", "neo": false}}