{"signature": {"version": "1.3", "source": "NASA/JPL Small-Body Database (SBDB) API"}, "orbit": {"soln_date": "2023-07-27 23:04:31", "moid_jup": "30.0606", "condition_code": "2", "not_valid_after": null, "equinox": "J2000", "model_pars": [], "t_jup": "5.637", "producer": "Otto Matic", "last_obs": "2023-05-15", "orbit_id": "11", "two_body": null, "pe_used": "DE441", "data_arc": "4826", "first_obs": "2010-02-26", "n_del_obs_used": null, "n_dop_obs_used": null, "rms": ".51127", "covariance": {"elements": [{"name": "e", "sigma": 1.49063430649913e-05, "title": "eccentricity", "label": "e", "value": ".160672492411466", "units": null}, {"value": "35.70509948381994", "label": "q", "units": "au", "sigma": 0.00115507060087254, "name": "q", "title": "perihelion distance"}, {"name": "tp", "sigma": 1.4049138788777, "title": "time of perihelion passage", "value": "2433751.537140530556", "label": "tp", "units": "TDB"}, {"name": "om", "sigma": 0.000327559005990456, "title": "longitude of the ascending node", "label": "node", "value": "153.3515935378292", "units": "deg"}, {"title": "argument of perihelion", "sigma": 0.007935062785219, "name": "w", "units": "deg", "label": "peri", "value": "338.4896033943563"}, {"title": "inclination", "sigma": 1.00933059838613e-05, "name": "i", "label": "i", "units": "deg", "value": "10.86157819700806"}], "epoch": "2457735.5", "data": [["2.221990635712145E-10", "-6.851814006351483E-9", "1.037674151878041E-5", "2.801154392333465E-10", "1.933920728150171E-8", "7.18669292408769E-12"], ["-6.851814006351483E-9", "1.33418809300005E-6", ".0009717267365716611", "-2.194376334607795E-9", "7.689451566979011E-6", "1.688712616142173E-9"], ["1.037674151878041E-5", ".0009717267365716611", "1.973783007063195", "2.049288462694554E-5", ".01044583876135441", "2.526213438817116E-6"], ["2.801154392333465E-10", "-2.194376334607795E-9", "2.049288462694554E-5", "1.072949024054556E-7", "-3.306651559918936E-8", "2.862166245968043E-9"], ["1.933920728150171E-8", "7.689451566979011E-6", ".01044583876135441", "-3.306651559918936E-8", "6.296522140536746E-5", "1.190672717647833E-8"], ["7.18669292408769E-12", "1.688712616142173E-9", "2.526213438817116E-6", "2.862166245968043E-9", "1.190672717647833E-8", "1.018748256838498E-10"]], "labels": ["e", "q", "tp", "node", "peri", "i"]}, "n_obs_used": 172, "source": "JPL", "sb_used": "SB441-N16", "moid": "34.3674", "not_valid_before": null, "epoch": "2460200.5", "comment": null, "elements": [{"title": "eccentricity", "sigma": "1.4628E-5", "name": "e", "label": "e", "units": null, "value": ".1599294910208816"}, {"title": "semi-major axis", "name": "a", "sigma": ".0012475", "label": "a", "value": "42.08031034577613", "units": "au"}, {"name": "q", "sigma": ".0011838", "title": "perihelion distance", "value": "35.35042773017542", "label": "q", "units": "au"}, {"sigma": "1.0317E-5", "name": "i", "title": "inclination; angle with respect to x-y ecliptic plane", "label": "i", "value": "10.86667254849022", "units": "deg"}, {"label": "node", "units": "deg", "value": "153.5903358098408", "title": "longitude of the ascending node", "sigma": ".00032896", "name": "om"}, {"label": "peri", "value": "334.4446803133109", "units": "deg", "title": "argument of perihelion", "name": "w", "sigma": ".0079607"}, {"label": "M", "units": "deg", "value": "98.21848785424073", "title": "mean anomaly", "name": "ma", "sigma": ".009177"}, {"label": "tp", "units": "TDB", "value": "2432998.078177908214", "title": "time of perihelion passage", "name": "tp", "sigma": "1.3933"}, {"units": "d", "label": "period", "value": "99704.97479543736", "sigma": "4.4337", "name": "per", "title": "sidereal orbital period"}, {"title": "mean motion", "name": "n", "sigma": "1.6056E-7", "label": "n", "units": "deg/d", "value": ".003610652334435715"}, {"value": "48.81019296137684", "label": "Q", "units": "au", "title": "aphelion distance", "sigma": ".001447", "name": "ad"}]}, "object": {"orbit_id": "11", "kind": "an", "pha": false, "orbit_class": {"name": "TransNeptunian Object", "code": "TNO"}, "prefix": null, "des": "523688", "fullname": "523688 (2014 DK143)", "spkid": "20523688", "neo": false}}