{"signature": {"version": "1.3", "source": "NASA/JPL Small-Body Database (SBDB) API"}, "orbit": {"moid_jup": "34.2405", "soln_date": "2022-09-22 18:02:02", "model_pars": [], "not_valid_after": null, "equinox": "J2000", "condition_code": "2", "t_jup": "5.535", "producer": "Otto Matic", "last_obs": "2022-09-01", "pe_used": "DE441", "two_body": null, "orbit_id": "10", "rms": ".58379", "n_dop_obs_used": null, "n_del_obs_used": null, "first_obs": "2010-08-01", "data_arc": "4414", "moid": "38.1955", "source": "JPL", "sb_used": "SB441-N16", "n_obs_used": 92, "covariance": {"elements": [{"title": "eccentricity", "name": "e", "sigma": 2.3273839073189e-05, "label": "e", "value": ".04409279631338542", "units": null}, {"label": "q", "units": "au", "value": "39.12337255789738", "sigma": 0.000359441001417717, "name": "q", "title": "perihelion distance"}, {"units": "TDB", "label": "tp", "value": "2453796.908204455303", "sigma": 5.39341152343199, "name": "tp", "title": "time of perihelion passage"}, {"label": "node", "units": "deg", "value": "177.4001381937877", "name": "om", "sigma": 0.000161709351606468, "title": "longitude of the ascending node"}, {"name": "w", "sigma": 0.0222672216098619, "title": "argument of perihelion", "value": "132.329337230853", "label": "peri", "units": "deg"}, {"name": "i", "sigma": 6.91684914046359e-05, "title": "inclination", "label": "i", "value": "16.11066475416553", "units": "deg"}], "epoch": "2457406.5", "labels": ["e", "q", "tp", "node", "peri", "i"], "data": [["5.416715852046968E-10", "6.236375790096738E-9", "1.766700288261214E-5", "1.666506371564104E-10", "7.225847341396208E-8", "-7.483210632982733E-12"], ["6.236375790096738E-9", "1.291978335001711E-7", ".001467578368750691", "4.514678223143878E-10", "6.052789855837898E-6", "7.319248101859475E-10"], ["1.766700288261214E-5", ".001467578368750691", "29.08888786108893", "-2.821966931746634E-5", ".1200932165967156", "1.814702824479249E-5"], ["1.666506371564104E-10", "4.514678223143878E-10", "-2.821966931746634E-5", "2.614991439698427E-8", "-1.417611207843308E-7", "-1.102359223381955E-8"], ["7.225847341396208E-8", "6.052789855837898E-6", ".1200932165967156", "-1.417611207843308E-7", ".0004958291582227019", "8.551265909269215E-8"], ["-7.483210632982733E-12", "7.319248101859475E-10", "1.814702824479249E-5", "-1.102359223381955E-8", "8.551265909269215E-8", "4.784280203193191E-9"]]}, "comment": null, "epoch": "2460200.5", "elements": [{"value": ".05124488961691759", "label": "e", "units": null, "sigma": "2.3598E-5", "name": "e", "title": "eccentricity"}, {"value": "41.30940451149777", "label": "a", "units": "au", "title": "semi-major axis", "sigma": ".0013267", "name": "a"}, {"title": "perihelion distance", "sigma": ".0003084", "name": "q", "value": "39.19250863716547", "label": "q", "units": "au"}, {"value": "16.0375916406094", "label": "i", "units": "deg", "name": "i", "sigma": "6.8826E-5", "title": "inclination; angle with respect to x-y ecliptic plane"}, {"name": "om", "sigma": ".00016241", "title": "longitude of the ascending node", "label": "node", "units": "deg", "value": "177.5378384047747"}, {"value": "139.4547431202914", "label": "peri", "units": "deg", "title": "argument of perihelion", "sigma": ".018926", "name": "w"}, {"title": "mean anomaly", "sigma": ".017194", "name": "ma", "value": "17.2071338550055", "label": "M", "units": "deg"}, {"label": "tp", "units": "TDB", "value": "2455565.199810453028", "title": "time of perihelion passage", "sigma": "4.5894", "name": "tp"}, {"title": "sidereal orbital period", "name": "per", "sigma": "4.672", "label": "period", "value": "96977.68857371258", "units": "d"}, {"title": "mean motion", "name": "n", "sigma": "1.7884E-7", "units": "deg/d", "label": "n", "value": ".003712194065404689"}, {"sigma": ".0013947", "name": "ad", "title": "aphelion distance", "value": "43.42630038583007", "label": "Q", "units": "au"}], "not_valid_before": null}, "object": {"neo": false, "spkid": "20579077", "fullname": "579077 (2014 LP28)", "prefix": null, "des": "579077", "orbit_class": {"name": "TransNeptunian Object", "code": "TNO"}, "pha": false, "orbit_id": "10", "kind": "an"}}