{"object": {"kind": "au", "des": "2015 RQ279", "spkid": "3835625", "pha": false, "fullname": "(2015 RQ279)", "neo": false, "prefix": null, "orbit_class": {"name": "TransNeptunian Object", "code": "TNO"}, "orbit_id": "2"}, "orbit": {"source": "JPL", "last_obs": "2017-12-23", "moid_jup": "33.898", "not_valid_before": null, "rms": ".16447", "condition_code": "4", "first_obs": "2015-07-14", "data_arc": "893", "t_jup": "6.034", "pe_used": "DE441", "sb_used": "SB441-N16", "comment": null, "covariance": {"elements": [{"value": ".1691329961045541", "units": null, "sigma": 0.00156358886987929, "label": "e", "name": "e", "title": "eccentricity"}, {"value": "38.66198429159812", "label": "q", "units": "au", "sigma": 0.0520001720906851, "title": "perihelion distance", "name": "q"}, {"units": "TDB", "sigma": 6.13393727517442, "label": "tp", "name": "tp", "title": "time of perihelion passage", "value": "2439081.372033314656"}, {"value": "348.4279425610517", "title": "longitude of the ascending node", "name": "om", "label": "node", "sigma": 0.00963927141018962, "units": "deg"}, {"name": "w", "title": "argument of perihelion", "units": "deg", "sigma": 0.139743192202939, "label": "peri", "value": "305.4983128367391"}, {"value": "2.935682092125608", "title": "inclination", "name": "i", "label": "i", "units": "deg", "sigma": 0.00129976283300868}], "labels": ["e", "q", "tp", "node", "peri", "i"], "data": [["2.444810154010409E-6", "-8.103351685226011E-5", "-.002833861224495244", "8.528727986869171E-8", "-.0002124586031725998", "1.159273220540689E-8"], ["-8.103351685226011E-5", ".002704017897460862", ".1182878581600364", "-2.541302966617355E-6", ".007173393798030047", "-3.415911606665176E-7"], ["-.002833861224495244", ".1182878581600364", "37.62518649577414", ".0002411168131923769", ".4285064170898915", "3.735475296049314E-5"], ["8.528727986869171E-8", "-2.541302966617355E-6", ".0002411168131923769", "9.291555331929908E-5", "-9.82827538690332E-5", "1.25129860947275E-5"], ["-.0002124586031725998", ".007173393798030047", ".4285064170898915", "-9.82827538690332E-5", ".01952815976706752", "-1.321684234103339E-5"], ["1.159273220540689E-8", "-3.415911606665176E-7", "3.735475296049314E-5", "1.25129860947275E-5", "-1.321684234103339E-5", "1.689383422070753E-6"]], "epoch": "2457507.5"}, "equinox": "J2000", "moid": "38.0247", "model_pars": [], "not_valid_after": null, "n_del_obs_used": null, "producer": "Otto Matic", "soln_date": "2021-04-15 14:37:03", "elements": [{"value": ".1723318414569334", "label": "e", "sigma": ".0015413", "units": null, "title": "eccentricity", "name": "e"}, {"label": "a", "units": "au", "sigma": ".026281", "title": "semi-major axis", "name": "a", "value": "47.16893716724277"}, {"sigma": ".051553", "units": "au", "label": "q", "name": "q", "title": "perihelion distance", "value": "39.04022736564544"}, {"title": "inclination; angle with respect to x-y ecliptic plane", "name": "i", "label": "i", "units": "deg", "sigma": ".0012916", "value": "2.921884844268273"}, {"name": "om", "title": "longitude of the ascending node", "sigma": ".0096648", "units": "deg", "label": "node", "value": "348.3194791193841"}, {"title": "argument of perihelion", "name": "w", "label": "peri", "units": "deg", "sigma": ".17372", "value": "309.6695041984135"}, {"value": "61.53235956295882", "title": "mean anomaly", "name": "ma", "label": "M", "units": "deg", "sigma": ".030969"}, {"label": "tp", "sigma": "13.9", "units": "TDB", "title": "time of perihelion passage", "name": "tp", "value": "2439975.728147405316"}, {"value": "118326.6482652007", "name": "per", "title": "sidereal orbital period", "units": "d", "sigma": "98.892", "label": "period"}, {"units": "deg/d", "sigma": "2.5427E-6", "label": "n", "name": "n", "title": "mean motion", "value": ".003042425398487978"}, {"value": "55.29764696884009", "title": "aphelion distance", "name": "ad", "label": "Q", "units": "au", "sigma": ".03081"}], "two_body": null, "n_obs_used": 35, "orbit_id": "2", "n_dop_obs_used": null, "epoch": "2460200.5"}, "signature": {"version": "1.3", "source": "NASA/JPL Small-Body Database (SBDB) API"}}