{"orbit": {"producer": "Otto Matic", "last_obs": "2021-10-07", "t_jup": "6.512", "condition_code": "5", "not_valid_after": null, "equinox": "J2000", "model_pars": [], "soln_date": "2023-11-29 14:42:03", "moid_jup": "32.0948", "not_valid_before": null, "elements": [{"sigma": ".0016468", "name": "e", "title": "eccentricity", "units": null, "label": "e", "value": ".5524797945456018"}, {"sigma": ".27864", "name": "a", "title": "semi-major axis", "value": "82.77167490496532", "label": "a", "units": "au"}, {"title": "perihelion distance", "name": "q", "sigma": ".015504", "units": "au", "label": "q", "value": "37.04199695927473"}, {"units": "deg", "label": "i", "value": "14.07047247040245", "title": "inclination; angle with respect to x-y ecliptic plane", "sigma": ".0017161", "name": "i"}, {"label": "node", "units": "deg", "value": "357.6933219493997", "title": "longitude of the ascending node", "sigma": ".00073813", "name": "om"}, {"sigma": ".3553", "name": "w", "title": "argument of perihelion", "label": "peri", "units": "deg", "value": "7.191678515856847"}, {"title": "mean anomaly", "sigma": ".07546", "name": "ma", "value": "358.156190128762", "label": "M", "units": "deg"}, {"label": "tp", "value": "2461609.252425688334", "units": "TDB", "sigma": "63.875", "name": "tp", "title": "time of perihelion passage"}, {"label": "period", "value": "275055.9486414333", "units": "d", "sigma": "1388.9", "name": "per", "title": "sidereal orbital period"}, {"value": ".001308824629236799", "label": "n", "units": "deg/d", "title": "mean motion", "sigma": "6.609E-6", "name": "n"}, {"title": "aphelion distance", "name": "ad", "sigma": ".43259", "value": "128.5013528506559", "label": "Q", "units": "au"}], "comment": null, "epoch": "2460200.5", "covariance": {"data": [["2.619017382642572E-6", "-1.829307041813335E-5", ".09589497921976749", "6.20250173931418E-8", ".0005319150511564676", "-2.962950037659073E-7"], ["-1.829307041813335E-5", ".0002206037374740196", "-.9144489084069708", "-4.505208693378345E-7", "-.005069956548650126", "1.818941343558815E-6"], [".09589497921976749", "-.9144489084069708", "4159.557672281676", ".002320450469432802", "23.06550067768713", "-.01021146189466401"], ["6.20250173931418E-8", "-4.505208693378345E-7", ".002320450469432802", "5.445496663646917E-7", "1.234319982877228E-5", "-1.218308839505706E-6"], [".0005319150511564676", "-.005069956548650126", "23.06550067768713", "1.234319982877228E-5", ".1279030902145561", "-5.546815236831185E-5"], ["-2.962950037659073E-7", "1.818941343558815E-6", "-.01021146189466401", "-1.218308839505706E-6", "-5.546815236831185E-5", "2.946260456319316E-6"]], "labels": ["e", "q", "tp", "node", "peri", "i"], "epoch": "2459211.5", "elements": [{"title": "eccentricity", "name": "e", "sigma": 0.00161833784564366, "label": "e", "value": ".5505361280164934", "units": null}, {"label": "q", "units": "au", "value": "37.06230026573704", "title": "perihelion distance", "name": "q", "sigma": 0.014852735016623}, {"name": "tp", "sigma": 64.4946328951617, "title": "time of perihelion passage", "units": "TDB", "label": "tp", "value": "2461520.018867432477"}, {"label": "node", "units": "deg", "value": "357.6904295302422", "title": "longitude of the ascending node", "name": "om", "sigma": 0.000737936085555309}, {"units": "deg", "label": "peri", "value": "6.697674237557263", "title": "argument of perihelion", "name": "w", "sigma": 0.357635415212974}, {"units": "deg", "label": "i", "value": "14.07399728907769", "title": "inclination", "sigma": 0.00171646743526328, "name": "i"}]}, "source": "JPL", "n_obs_used": 8, "sb_used": "SB441-N16", "moid": "36.0401", "data_arc": "741", "first_obs": "2019-09-27", "n_del_obs_used": null, "n_dop_obs_used": null, "rms": ".35756", "orbit_id": "1", "two_body": null, "pe_used": "DE441"}, "object": {"neo": false, "spkid": "54410363", "des": "2021 RL237", "prefix": null, "fullname": "(2021 RL237)", "orbit_class": {"code": "TNO", "name": "TransNeptunian Object"}, "orbit_id": "1", "kind": "au", "pha": false}, "signature": {"version": "1.3", "source": "NASA/JPL Small-Body Database (SBDB) API"}}