{"signature": {"version": "1.3", "source": "NASA/JPL Small-Body Database (SBDB) API"}, "object": {"spkid": "3989624", "neo": false, "kind": "au", "orbit_id": "3", "pha": false, "orbit_class": {"code": "TNO", "name": "TransNeptunian Object"}, "prefix": null, "des": "2014 SX373", "fullname": "(2014 SX373)"}, "orbit": {"moid_jup": "31.6533", "soln_date": "2021-09-08 23:44:34", "model_pars": [], "not_valid_after": null, "condition_code": "4", "equinox": "J2000", "t_jup": "4.894", "last_obs": "2018-11-18", "producer": "Otto Matic", "pe_used": "DE441", "two_body": null, "orbit_id": "3", "n_dop_obs_used": null, "rms": ".19732", "first_obs": "2014-09-20", "n_del_obs_used": null, "data_arc": "1520", "source": "JPL", "moid": "35.0443", "sb_used": "SB441-N16", "n_obs_used": 35, "covariance": {"epoch": "2457222.5", "elements": [{"value": ".1625779669630884", "label": "e", "units": null, "title": "eccentricity", "sigma": 0.000127051792599565, "name": "e"}, {"title": "perihelion distance", "name": "q", "sigma": 0.00289473395312645, "value": "35.89554014984665", "label": "q", "units": "au"}, {"units": "TDB", "label": "tp", "value": "2454689.977977395894", "title": "time of perihelion passage", "sigma": 25.2098888020838, "name": "tp"}, {"value": "140.9273667248439", "label": "node", "units": "deg", "title": "longitude of the ascending node", "sigma": 0.00149162962383417, "name": "om"}, {"label": "peri", "value": "251.7668288518321", "units": "deg", "title": "argument of perihelion", "name": "w", "sigma": 0.125917680073553}, {"name": "i", "sigma": 8.49801662960289e-05, "title": "inclination", "label": "i", "units": "deg", "value": "32.87305233258568"}], "data": [["1.614215800276298E-8", "-1.291359777189391E-7", "-.001969915819889123", "2.95355177626737E-8", "-9.845516284224854E-6", "2.879804521013498E-9"], ["-1.291359777189391E-7", "8.379484659383102E-6", ".06924841699323064", "-1.165884806344734E-6", ".000345865384704477", "-2.974343322932654E-8"], ["-.001969915819889123", ".06924841699323064", "635.5384934134307", "-.01042626184392943", "3.174222016886219", "-.0004131994237691386"], ["2.95355177626737E-8", "-1.165884806344734E-6", "-.01042626184392943", "2.224958934699672E-6", "-5.379999815987005E-5", "1.184504297905143E-7"], ["-9.845516284224854E-6", ".000345865384704477", "3.174222016886219", "-5.379999815987005E-5", ".01585526215510566", "-2.158134654117895E-6"], ["2.879804521013498E-9", "-2.974343322932654E-8", "-.0004131994237691386", "1.184504297905143E-7", "-2.158134654117895E-6", "7.221628663700722E-9"]], "labels": ["e", "q", "tp", "node", "peri", "i"]}, "comment": null, "epoch": "2460200.5", "elements": [{"label": "e", "value": ".1708466119470951", "units": null, "title": "eccentricity", "name": "e", "sigma": ".00012775"}, {"units": "au", "label": "a", "value": "43.29075759302709", "title": "semi-major axis", "sigma": ".0063524", "name": "a"}, {"units": "au", "label": "q", "value": "35.89467832963543", "title": "perihelion distance", "name": "q", "sigma": ".0028744"}, {"sigma": "8.3332E-5", "name": "i", "title": "inclination; angle with respect to x-y ecliptic plane", "label": "i", "value": "32.8653461671448", "units": "deg"}, {"sigma": ".0014868", "name": "om", "title": "longitude of the ascending node", "label": "node", "value": "140.7399694430848", "units": "deg"}, {"name": "w", "sigma": ".12025", "title": "argument of perihelion", "value": "251.9396519183564", "label": "peri", "units": "deg"}, {"label": "M", "units": "deg", "value": "18.99211639563293", "name": "ma", "sigma": ".08254", "title": "mean anomaly"}, {"name": "tp", "sigma": "23.979", "title": "time of perihelion passage", "label": "tp", "value": "2454711.893842841461", "units": "TDB"}, {"label": "period", "units": "d", "value": "104037.8110272858", "name": "per", "sigma": "22.9", "title": "sidereal orbital period"}, {"units": "deg/d", "label": "n", "value": ".00346028041579598", "sigma": "7.6164E-7", "name": "n", "title": "mean motion"}, {"sigma": ".0074377", "name": "ad", "title": "aphelion distance", "label": "Q", "value": "50.68683685641874", "units": "au"}], "not_valid_before": null}}