{"object": {"pha": false, "neo": false, "fullname": "(2013 GD138)", "orbit_id": "6", "orbit_class": {"name": "TransNeptunian Object", "code": "TNO"}, "prefix": null, "kind": "au", "des": "2013 GD138", "spkid": "3727248"}, "orbit": {"source": "JPL", "last_obs": "2023-06-18", "moid_jup": "33.481", "rms": ".22351", "not_valid_before": null, "data_arc": "3755", "first_obs": "2013-03-07", "condition_code": "4", "t_jup": "5.854", "pe_used": "DE441", "comment": null, "covariance": {"data": [["1.631211416699264E-8", "-2.692618946944064E-8", "-.001114177457923521", "-4.612243747055598E-9", "-4.857312940639596E-6", "1.603721693986162E-9"], ["-2.692618946944064E-8", "2.662078264290052E-6", ".01925932304854242", "-1.77279119882646E-9", "8.36781667368115E-5", "4.973331864832028E-9"], ["-.001114177457923521", ".01925932304854242", "194.8818134572441", ".0002621740334336077", ".8473859318733962", "-6.239362656990121E-5"], ["-4.612243747055598E-9", "-1.77279119882646E-9", ".0002621740334336077", "3.28757649276751E-6", "-2.128603413268836E-6", "-9.100240880491321E-7"], ["-4.857312940639596E-6", "8.36781667368115E-5", ".8473859318733962", "-2.128603413268836E-6", ".003687906785295589", "6.330289692471273E-7"], ["1.603721693986162E-9", "4.973331864832028E-9", "-6.239362656990121E-5", "-9.100240880491321E-7", "6.330289692471273E-7", "2.583980424757981E-7"]], "epoch": "2456703.5", "elements": [{"value": ".1145233650001738", "units": null, "sigma": 0.000127718887275894, "label": "e", "name": "e", "title": "eccentricity"}, {"value": "38.92130167478095", "name": "q", "title": "perihelion distance", "sigma": 0.0016315876514273, "units": "au", "label": "q"}, {"value": "2452960.504110924975", "sigma": 13.9600076453147, "units": "TDB", "label": "tp", "name": "tp", "title": "time of perihelion passage"}, {"value": "56.99881935703595", "label": "node", "sigma": 0.00181316753025403, "units": "deg", "title": "longitude of the ascending node", "name": "om"}, {"title": "argument of perihelion", "name": "w", "label": "peri", "units": "deg", "sigma": 0.0607281383322063, "value": "145.566957726735"}, {"label": "i", "units": "deg", "sigma": 0.000508328675637916, "title": "inclination", "name": "i", "value": "5.423369870192682"}], "labels": ["e", "q", "tp", "node", "peri", "i"]}, "sb_used": "SB441-N16", "model_pars": [], "moid": "37.9365", "equinox": "J2000", "n_del_obs_used": null, "not_valid_after": null, "elements": [{"label": "e", "units": null, "sigma": ".00012642", "title": "eccentricity", "name": "e", "value": ".1086893224762953"}, {"value": "43.68769623970843", "name": "a", "title": "semi-major axis", "sigma": ".0062582", "units": "au", "label": "a"}, {"value": "38.93931013486433", "title": "perihelion distance", "name": "q", "label": "q", "sigma": ".0016018", "units": "au"}, {"value": "5.433844377108608", "name": "i", "title": "inclination; angle with respect to x-y ecliptic plane", "units": "deg", "sigma": ".00050967", "label": "i"}, {"value": "57.00847055442891", "units": "deg", "sigma": ".00181", "label": "node", "name": "om", "title": "longitude of the ascending node"}, {"value": "146.1514438244859", "sigma": ".064256", "units": "deg", "label": "peri", "name": "w", "title": "argument of perihelion"}, {"value": "24.31678506833733", "title": "mean anomaly", "name": "ma", "label": "M", "units": "deg", "sigma": ".048927"}, {"value": "2453076.222981797127", "sigma": "14.844", "units": "TDB", "label": "tp", "name": "tp", "title": "time of perihelion passage"}, {"value": "105471.9906165787", "title": "sidereal orbital period", "name": "per", "label": "period", "sigma": "22.663", "units": "d"}, {"value": ".003413228459001069", "label": "n", "units": "deg/d", "sigma": "7.3342E-7", "title": "mean motion", "name": "n"}, {"units": "au", "sigma": ".0069384", "label": "Q", "name": "ad", "title": "aphelion distance", "value": "48.43608234455253"}], "soln_date": "2023-07-01 17:16:28", "producer": "Otto Matic", "n_obs_used": 32, "two_body": null, "epoch": "2460200.5", "orbit_id": "6", "n_dop_obs_used": null}, "signature": {"version": "1.3", "source": "NASA/JPL Small-Body Database (SBDB) API"}}