{"signature": {"version": "1.3", "source": "NASA/JPL Small-Body Database (SBDB) API"}, "object": {"orbit_class": {"name": "TransNeptunian Object", "code": "TNO"}, "pha": false, "kind": "au", "orbit_id": "2", "fullname": "(2015 VC169)", "des": "2015 VC169", "prefix": null, "neo": false, "spkid": "3835688"}, "orbit": {"producer": "Otto Matic", "last_obs": "2017-09-23", "t_jup": "5.826", "model_pars": [], "condition_code": "4", "not_valid_after": null, "equinox": "J2000", "soln_date": "2021-04-15 15:18:41", "moid_jup": "30.8355", "comment": null, "epoch": "2460200.5", "elements": [{"sigma": ".00058822", "name": "e", "title": "eccentricity", "label": "e", "units": null, "value": ".1767734262334751"}, {"name": "a", "sigma": ".011834", "title": "semi-major axis", "value": "43.814515197514", "label": "a", "units": "au"}, {"value": "36.06927322729079", "label": "q", "units": "au", "sigma": ".017894", "name": "q", "title": "perihelion distance"}, {"label": "i", "value": "2.499593913328241", "units": "deg", "title": "inclination; angle with respect to x-y ecliptic plane", "sigma": ".00091868", "name": "i"}, {"units": "deg", "label": "node", "value": "188.8908280133532", "sigma": ".017829", "name": "om", "title": "longitude of the ascending node"}, {"title": "argument of perihelion", "sigma": ".10293", "name": "w", "value": "283.146355335295", "label": "peri", "units": "deg"}, {"name": "ma", "sigma": ".041285", "title": "mean anomaly", "units": "deg", "label": "M", "value": "323.5135922911678"}, {"title": "time of perihelion passage", "sigma": "13.63", "name": "tp", "label": "tp", "units": "TDB", "value": "2470936.785426850853"}, {"title": "sidereal orbital period", "sigma": "42.915", "name": "per", "units": "d", "label": "period", "value": "105931.5782608738"}, {"name": "n", "sigma": "1.3768E-6", "title": "mean motion", "value": ".003398420054815394", "label": "n", "units": "deg/d"}, {"label": "Q", "value": "51.55975716773721", "units": "au", "title": "aphelion distance", "sigma": ".013925", "name": "ad"}], "not_valid_before": null, "covariance": {"epoch": "2457409.5", "elements": [{"name": "e", "sigma": 0.000599584625853627, "title": "eccentricity", "units": null, "label": "e", "value": ".1745670098691374"}, {"value": "35.84255637788787", "label": "q", "units": "au", "title": "perihelion distance", "name": "q", "sigma": 0.0181666347290388}, {"value": "2471489.198587522384", "label": "tp", "units": "TDB", "title": "time of perihelion passage", "name": "tp", "sigma": 11.4898227020957}, {"title": "longitude of the ascending node", "sigma": 0.0177738635152029, "name": "om", "value": "189.1170217492412", "label": "node", "units": "deg"}, {"units": "deg", "label": "peri", "value": "285.7851625434989", "title": "argument of perihelion", "name": "w", "sigma": 0.0949432041973361}, {"units": "deg", "label": "i", "value": "2.508169477555474", "title": "inclination", "sigma": 0.000924934562874987, "name": "i"}], "labels": ["e", "q", "tp", "node", "peri", "i"], "data": [["3.595017235600334E-7", "-1.051891160878111E-5", ".005443370516658253", "-1.434597715521831E-7", "5.038449888581497E-5", "-7.170221006601929E-9"], ["-1.051891160878111E-5", ".000330026617378317", "-.1922428486968562", "3.346930189353719E-6", "-.001664341613882961", "1.703721789973424E-7"], [".005443370516658253", "-.1922428486968562", "132.0160257255936", "-.0009701004384836569", "1.047729837523103", "-5.288033127862644E-5"], ["-1.434597715521831E-7", "3.346930189353719E-6", "-.0009701004384836569", ".0003159102242570599", "-.000328597924375533", "1.642658673452606E-5"], ["5.038449888581497E-5", "-.001664341613882961", "1.047729837523103", "-.000328597924375533", ".009014212023257065", "-1.708587084056668E-5"], ["-7.170221006601929E-9", "1.703721789973424E-7", "-5.288033127862644E-5", "1.642658673452606E-5", "-1.708587084056668E-5", "8.555039456007431E-7"]]}, "n_obs_used": 33, "source": "JPL", "sb_used": "SB441-N16", "moid": "35.0854", "rms": ".17269", "n_dop_obs_used": null, "data_arc": "1041", "first_obs": "2014-11-17", "n_del_obs_used": null, "two_body": null, "pe_used": "DE441", "orbit_id": "2"}}