{"signature": {"version": "1.3", "source": "NASA/JPL Small-Body Database (SBDB) API"}, "orbit": {"model_pars": [], "equinox": "J2000", "not_valid_after": null, "condition_code": "2", "soln_date": "2023-04-26 17:23:00", "moid_jup": "36.0795", "producer": "Otto Matic", "last_obs": "2023-03-25", "t_jup": "5.724", "rms": ".54139", "n_dop_obs_used": null, "data_arc": "8388", "first_obs": "2000-04-06", "n_del_obs_used": null, "two_body": null, "pe_used": "DE441", "orbit_id": "19", "epoch": "2460200.5", "comment": null, "elements": [{"value": ".2472531621187789", "label": "e", "units": null, "title": "eccentricity", "name": "e", "sigma": "1.455E-5"}, {"name": "a", "sigma": ".0014652", "title": "semi-major axis", "label": "a", "value": "55.09830557350632", "units": "au"}, {"value": "41.47507529307014", "label": "q", "units": "au", "title": "perihelion distance", "name": "q", "sigma": ".00046781"}, {"label": "i", "value": "26.77308987218879", "units": "deg", "name": "i", "sigma": "2.0767E-5", "title": "inclination; angle with respect to x-y ecliptic plane"}, {"title": "longitude of the ascending node", "name": "om", "sigma": "9.8663E-5", "label": "node", "units": "deg", "value": "21.9131448290841"}, {"sigma": ".0034154", "name": "w", "title": "argument of perihelion", "label": "peri", "units": "deg", "value": "157.2276961063411"}, {"title": "mean anomaly", "sigma": ".0025195", "name": "ma", "units": "deg", "label": "M", "value": "339.7666139800172"}, {"label": "tp", "units": "TDB", "value": "2468596.488948902037", "name": "tp", "sigma": ".76118", "title": "time of perihelion passage"}, {"sigma": "5.9587", "name": "per", "title": "sidereal orbital period", "label": "period", "units": "d", "value": "149384.5873656346"}, {"title": "mean motion", "sigma": "9.6126E-8", "name": "n", "label": "n", "value": ".002409887166732013", "units": "deg/d"}, {"title": "aphelion distance", "name": "ad", "sigma": ".0018275", "value": "68.7215358539425", "label": "Q", "units": "au"}], "not_valid_before": null, "covariance": {"epoch": "2457887.5", "elements": [{"title": "eccentricity", "sigma": 1.45765905441061e-05, "name": "e", "label": "e", "value": ".2544134849620516", "units": null}, {"title": "perihelion distance", "name": "q", "sigma": 0.000468790580032846, "label": "q", "units": "au", "value": "41.40717606763508"}, {"title": "time of perihelion passage", "sigma": 0.735108029775457, "name": "tp", "label": "tp", "units": "TDB", "value": "2468637.918121719686"}, {"label": "node", "value": "22.19363640571282", "units": "deg", "name": "om", "sigma": 9.88861203835505e-05, "title": "longitude of the ascending node"}, {"label": "peri", "units": "deg", "value": "157.3151555177859", "title": "argument of perihelion", "name": "w", "sigma": 0.00332708019013767}, {"value": "26.70411770843167", "label": "i", "units": "deg", "title": "inclination", "sigma": 2.05710513726387e-05, "name": "i"}], "labels": ["e", "q", "tp", "node", "peri", "i"], "data": [["2.124769918905229E-10", "3.214614131565E-9", "-5.389924250376217E-6", "4.914229680815163E-12", "-2.229464601447122E-8", "2.503227947671493E-11"], ["3.214614131565E-9", "2.197646079275318E-7", "-.0003437553793842247", "2.95373894219353E-9", "-1.557223165686061E-6", "2.461209740515619E-10"], ["-5.389924250376217E-6", "-.0003437553793842247", ".540383815440354", "-4.539292130461286E-6", ".002441760563304518", "-4.234710377248146E-7"], ["4.914229680815163E-12", "2.95373894219353E-9", "-4.539292130461286E-6", "9.778464804510036E-9", "-2.974404269342058E-8", "-1.981913701582997E-9"], ["-2.229464601447122E-8", "-1.557223165686061E-6", ".002441760563304518", "-2.974404269342058E-8", "1.106946259160649E-5", "1.186728901201353E-10"], ["2.503227947671493E-11", "2.461209740515619E-10", "-4.234710377248146E-7", "-1.981913701582997E-9", "1.186728901201353E-10", "4.231681545757418E-10"]]}, "source": "JPL", "n_obs_used": 253, "sb_used": "SB441-N16", "moid": "40.4923"}, "object": {"des": "495603", "prefix": null, "fullname": "495603 (2015 AM281)", "orbit_class": {"code": "TNO", "name": "TransNeptunian Object"}, "kind": "an", "orbit_id": "19", "pha": false, "neo": false, "spkid": "20495603"}}